source_type,source_id,attachment_id,term_id,product_id,variation_id,source_url,source_filename,mime_type,extension,file_size,width,height,hash,usage_type,target_filename,target_format,target_location,conversion_required,conversion_status,validation_status,migration_status,notes
product,365,933,,365,,https://wholesalebeautyhub.co.uk/wp-content/uploads/2024/04/Razor-Blade-1.webp,2024/04/Razor-Blade-1.webp,image/webp,webp,19084,600,600,5f85c415be026c67,product_featured,product-933-razor-blade.webp,webp,shopify_product_media,False,NOT_REQUIRED,FOUND,PENDING,
product,362,384,,362,,https://wholesalebeautyhub.co.uk/wp-content/uploads/2024/04/Luzta-Eye-Shadow-Bougie-Palette.jpg,2024/04/Luzta-Eye-Shadow-Bougie-Palette.jpg,image/jpeg,jpg,151268,1218,1196,4e5b3dc543175840,product_featured,product-384-luzta-eye-shadow-bougie-palette.jpg,jpg,shopify_product_media,False,NOT_REQUIRED,FOUND,PENDING,
product,359,386,,359,,https://wholesalebeautyhub.co.uk/wp-content/uploads/2024/04/Mabrook-Brow-Pencil.png,2024/04/Mabrook-Brow-Pencil.png,image/png,png,41265,630,630,4208b2b464a71721,product_featured,product-386-mabrook-brow-pencil.png,png,shopify_product_media,False,NOT_REQUIRED,FOUND,PENDING,
product,357,388,,357,,https://wholesalebeautyhub.co.uk/wp-content/uploads/2024/04/Becharm-Clown-White.jpg,2024/04/Becharm-Clown-White.jpg,image/jpeg,jpg,510841,1013,1013,df2a28dc2afa34b3,product_featured,product-388-becharm-clown-white.jpg,jpg,shopify_product_media,False,NOT_REQUIRED,FOUND,PENDING,
product,356,389,,356,,https://wholesalebeautyhub.co.uk/wp-content/uploads/2024/04/Beauty-Line-By-Didi-Mascare-Shield.webp,2024/04/Beauty-Line-By-Didi-Mascare-Shield.webp,image/webp,webp,18768,1500,1500,a6ce2ebc25269061,product_featured,product-389-beauty-line-by-didi-mascare-shield.webp,webp,shopify_product_media,False,NOT_REQUIRED,FOUND,PENDING,
product,355,390,,355,,https://wholesalebeautyhub.co.uk/wp-content/uploads/2024/04/Beauty-Line-By-Didi-Sharpner.jpg,2024/04/Beauty-Line-By-Didi-Sharpner.jpg,image/jpeg,jpg,212754,768,768,e0ab38dc89891ee9,product_featured,product-390-beauty-line-by-didi-sharpner.jpg,jpg,shopify_product_media,False,NOT_REQUIRED,FOUND,PENDING,
product,354,391,,354,,https://wholesalebeautyhub.co.uk/wp-content/uploads/2024/04/Beauty-Line-By-Didi-Ultra-Matte-Brow-Gel.jpg,2024/04/Beauty-Line-By-Didi-Ultra-Matte-Brow-Gel.jpg,image/jpeg,jpg,69572,1080,1080,eb435358e13f9331,product_featured,product-391-beauty-line-by-didi-ultra-matte-brow-gel.jpg,jpg,shopify_product_media,False,NOT_REQUIRED,FOUND,PENDING,
product,352,393,,352,,https://wholesalebeautyhub.co.uk/wp-content/uploads/2024/04/Beauty-Line-By-Didi-Liquid-Pen-Eyeliner.jpg,2024/04/Beauty-Line-By-Didi-Liquid-Pen-Eyeliner.jpg,image/jpeg,jpg,30721,1500,1500,7337ec85cab25c3b,product_featured,product-393-beauty-line-by-didi-liquid-pen-eyeliner.jpg,jpg,shopify_product_media,False,NOT_REQUIRED,FOUND,PENDING,
product,351,394,,351,,https://wholesalebeautyhub.co.uk/wp-content/uploads/2024/04/Beauty-Line-By-Didi-Inked-Liquid-Liner.webp,2024/04/Beauty-Line-By-Didi-Inked-Liquid-Liner.webp,image/webp,webp,33008,1800,1800,14d1dfb4d7bb5721,product_featured,product-394-beauty-line-by-didi-inked-liquid-liner.webp,webp,shopify_product_media,False,NOT_REQUIRED,FOUND,PENDING,
product,349,397,,349,,https://wholesalebeautyhub.co.uk/wp-content/uploads/2024/04/Beauty-Line-By-Didi-Brow-Gasm-Eye-Brow-Pencil.webp,2024/04/Beauty-Line-By-Didi-Brow-Gasm-Eye-Brow-Pencil.webp,image/webp,webp,8710,1080,1080,ce4af3a10d03e48f,product_featured,product-397-beauty-line-by-didi-brow-gasm-eye-brow-pencil.webp,webp,shopify_product_media,False,NOT_REQUIRED,FOUND,PENDING,
product,18,412,,18,,https://wholesalebeautyhub.co.uk/wp-content/uploads/2024/04/Vee-Beauty-Total-Coverage-Foundation.jpg,2024/04/Vee-Beauty-Total-Coverage-Foundation.jpg,image/jpeg,jpg,38446,1080,1080,1d411f54d596ab44,product_featured,product-412-vee-beauty-total-coverage-foundation.jpg,jpg,shopify_product_media,False,NOT_REQUIRED,FOUND,PENDING,
product,18,413,,18,,https://wholesalebeautyhub.co.uk/wp-content/uploads/2024/04/Vee-Beauty-Total-Coverage-Foundation-1.jpg,2024/04/Vee-Beauty-Total-Coverage-Foundation-1.jpg,image/jpeg,jpg,455283,828,828,21f32a6d2dbdbe36,product_gallery,product-413-vee-beauty-total-coverage-foundation-02.jpg,jpg,shopify_product_media,False,NOT_REQUIRED,FOUND,PENDING,
product,18,5960,,18,,https://wholesalebeautyhub.co.uk/wp-content/uploads/2024/04/BDF184CE-047A-4D06-95DA-0303A4550C46.jpeg,2024/04/BDF184CE-047A-4D06-95DA-0303A4550C46.jpeg,image/jpeg,jpeg,1138674,1290,1549,a50b3a4fc7ac096c,product_gallery,product-5960-vee-beauty-total-coverage-foundation-03.jpeg,jpeg,shopify_product_media,False,NOT_REQUIRED,FOUND,PENDING,
product,341,418,,341,,https://wholesalebeautyhub.co.uk/wp-content/uploads/2024/04/Viccabel-Deluxe-Pro-Brush-Set.jpg,2024/04/Viccabel-Deluxe-Pro-Brush-Set.jpg,image/jpeg,jpg,176051,655,655,deae192a64688c92,product_featured,product-418-viccabel-deluxe-pro-brush-set.jpg,jpg,shopify_product_media,False,NOT_REQUIRED,FOUND,PENDING,
product,338,426,,338,,https://wholesalebeautyhub.co.uk/wp-content/uploads/2024/04/Yglam-Eye-Essential-Brush.jpg,2024/04/Yglam-Eye-Essential-Brush.jpg,image/jpeg,jpg,168168,1600,1600,e768f25461158aa4,product_featured,product-426-yglam-eye-essential-brush.jpg,jpg,shopify_product_media,False,NOT_REQUIRED,FOUND,PENDING,
product,337,427,,337,,https://wholesalebeautyhub.co.uk/wp-content/uploads/2024/04/Yglam-Grey-Face-Expert-Brushes.jpg,2024/04/Yglam-Grey-Face-Expert-Brushes.jpg,image/jpeg,jpg,915180,1242,1242,e652b0884ff357c9,product_featured,product-427-yglam-grey-face-expert-brushes.jpg,jpg,shopify_product_media,False,NOT_REQUIRED,FOUND,PENDING,
product,336,428,,336,,https://wholesalebeautyhub.co.uk/wp-content/uploads/2024/04/Yglam-Beauty-Blender.jpg,2024/04/Yglam-Beauty-Blender.jpg,image/jpeg,jpg,826682,1284,1284,094f1cde9bcb9678,product_featured,product-428-yglam-beauty-blender.jpg,jpg,shopify_product_media,False,NOT_REQUIRED,FOUND,PENDING,
product,335,18508,,335,,https://wholesalebeautyhub.co.uk/wp-content/uploads/2024/04/neutrogena-oil-fragrance-free.jpg,2024/04/neutrogena-oil-fragrance-free.jpg,image/jpeg,jpg,81782,653,2170,083b80e729205cce,product_featured,product-18508-neutrogena-body-oil-fragrance-free.jpg,jpg,shopify_product_media,False,NOT_REQUIRED,FOUND,PENDING,
product,334,430,,334,,https://wholesalebeautyhub.co.uk/wp-content/uploads/2024/04/Dr-Jart-Vitamin-C-Face-Mask.avif,2024/04/Dr-Jart-Vitamin-C-Face-Mask.avif,image/avif,avif,13200,600,600,850590546d849b27,product_featured,product-430-dr-jart-vitamin-c-face-mask.webp,webp,shopify_product_media,True,NOT_STARTED,FOUND,PENDING,
product,333,431,,333,,https://wholesalebeautyhub.co.uk/wp-content/uploads/2024/04/Dr-Jart-Hyaluronic-Face-Mask.avif,2024/04/Dr-Jart-Hyaluronic-Face-Mask.avif,image/avif,avif,26117,1000,1000,781d532d55253082,product_featured,product-431-dr-jart-hyaluronic-face-mask.webp,webp,shopify_product_media,True,NOT_STARTED,FOUND,PENDING,
product,332,432,,332,,https://wholesalebeautyhub.co.uk/wp-content/uploads/2024/04/The-Ordinary-Retinol-Serum-30Ml.jpg,2024/04/The-Ordinary-Retinol-Serum-30Ml.jpg,image/jpeg,jpg,18351,1000,1000,c775c1274a604e0d,product_featured,product-432-the-ordinary-retinol-serum-30ml.jpg,jpg,shopify_product_media,False,NOT_REQUIRED,FOUND,PENDING,
product,331,3866,,331,,https://wholesalebeautyhub.co.uk/wp-content/uploads/2024/04/51fzAcW78WL._SL1500_.jpg,2024/04/51fzAcW78WL._SL1500_.jpg,image/jpeg,jpg,59823,1500,1500,a1525ea7b7f9a5f6,product_featured,product-3866-the-ordinary-lactic-acid.jpg,jpg,shopify_product_media,False,NOT_REQUIRED,FOUND,PENDING,
product,331,3866,,331,,https://wholesalebeautyhub.co.uk/wp-content/uploads/2024/04/51fzAcW78WL._SL1500_.jpg,2024/04/51fzAcW78WL._SL1500_.jpg,image/jpeg,jpg,59823,1500,1500,a1525ea7b7f9a5f6,product_featured,product-3866-the-ordinary-lactic-acid-02.jpg,jpg,shopify_product_media,False,NOT_REQUIRED,FOUND,PENDING,
product,65,438,,65,,https://wholesalebeautyhub.co.uk/wp-content/uploads/2024/04/Hegai-Esther-Matte-Liquid-Lipstick.jpg,2024/04/Hegai-Esther-Matte-Liquid-Lipstick.jpg,image/jpeg,jpg,1752048,2048,2048,7e99563686a8e2c3,product_featured,product-438-hegai-esther-matte-liquid-lipstick.jpg,jpg,shopify_product_media,False,NOT_REQUIRED,FOUND,PENDING,
product,62,459,,62,,https://wholesalebeautyhub.co.uk/wp-content/uploads/2024/04/Hegai-Esther-Eyebrow-Definer.jpeg,2024/04/Hegai-Esther-Eyebrow-Definer.jpeg,image/jpeg,jpeg,37966,531,531,e664a1a0fbc1f115,product_featured,product-459-hegai-esther-eyebrow-definer.jpeg,jpeg,shopify_product_media,False,NOT_REQUIRED,FOUND,PENDING,
product,61,467,,61,,https://wholesalebeautyhub.co.uk/wp-content/uploads/2024/04/Nuban-Beauty-In-My-Skin-Foundation.webp,2024/04/Nuban-Beauty-In-My-Skin-Foundation.webp,image/webp,webp,10500,530,530,fc59f548be48c1f0,product_featured,product-467-nuban-beauty-in-my-skin-foundation.webp,webp,shopify_product_media,False,NOT_REQUIRED,FOUND,PENDING,
product,19,436,,19,,https://wholesalebeautyhub.co.uk/wp-content/uploads/2024/04/Vee-Beauty-Thirsty-Lip-Gloss.jpeg,2024/04/Vee-Beauty-Thirsty-Lip-Gloss.jpeg,image/jpeg,jpeg,38012,500,500,def9feb92786b3a2,product_featured,product-436-vee-beauty-thirsty-lip-gloss.jpeg,jpeg,shopify_product_media,False,NOT_REQUIRED,FOUND,PENDING,
product,19,484,,19,,https://wholesalebeautyhub.co.uk/wp-content/uploads/2024/04/Vee-Beauty-Thirsty-Lip-Gloss-2.jpeg,2024/04/Vee-Beauty-Thirsty-Lip-Gloss-2.jpeg,image/jpeg,jpeg,60400,600,600,8e9706d5ea6fe71f,product_gallery,product-484-vee-beauty-thirsty-lip-gloss-02.jpeg,jpeg,shopify_product_media,False,NOT_REQUIRED,FOUND,PENDING,
product,17,485,,17,,https://wholesalebeautyhub.co.uk/wp-content/uploads/2024/04/Vee-Beauty-Second-Skin-Foundation.jpg,2024/04/Vee-Beauty-Second-Skin-Foundation.jpg,image/jpeg,jpg,37589,1080,1080,e19075db5a3b1f9e,product_featured,product-485-vee-beauty-second-skin-foundation.jpg,jpg,shopify_product_media,False,NOT_REQUIRED,FOUND,PENDING,
product,17,5961,,17,,https://wholesalebeautyhub.co.uk/wp-content/uploads/2024/04/4EC5ED2C-FE0E-4D71-B217-9BB7941FABFD.jpeg,2024/04/4EC5ED2C-FE0E-4D71-B217-9BB7941FABFD.jpeg,image/jpeg,jpeg,1583771,1290,1344,36795423cee3307e,product_gallery,product-5961-vee-beauty-second-skin-foundation-02.jpeg,jpeg,shopify_product_media,False,NOT_REQUIRED,FOUND,PENDING,
product,17,5962,,17,,https://wholesalebeautyhub.co.uk/wp-content/uploads/2024/04/9AE90AA7-17D9-4981-8291-B1121681AEA6.jpeg,2024/04/9AE90AA7-17D9-4981-8291-B1121681AEA6.jpeg,image/jpeg,jpeg,1199959,1290,1414,1d54577ffe497c86,product_gallery,product-5962-vee-beauty-second-skin-foundation-03.jpeg,jpeg,shopify_product_media,False,NOT_REQUIRED,FOUND,PENDING,
product,60,486,,60,,https://wholesalebeautyhub.co.uk/wp-content/uploads/2024/04/Nuban-Beauty-Concealer.webp,2024/04/Nuban-Beauty-Concealer.webp,image/webp,webp,41642,2000,2000,1ef74686a7ecdf47,product_featured,product-486-nuban-beauty-in-my-skin-concealer.webp,webp,shopify_product_media,False,NOT_REQUIRED,FOUND,PENDING,
product,20,517,,20,,https://wholesalebeautyhub.co.uk/wp-content/uploads/2024/04/Vee-Beauty-Magic-Cover-Concealer.jpg,2024/04/Vee-Beauty-Magic-Cover-Concealer.jpg,image/jpeg,jpg,46378,1080,1080,ae233c0d10c8ed4b,product_featured,product-517-vee-beauty-magic-cover-concealer.jpg,jpg,shopify_product_media,False,NOT_REQUIRED,FOUND,PENDING,
product,20,522,,20,,https://wholesalebeautyhub.co.uk/wp-content/uploads/2024/04/Vee-Beauty-Magic-Cover-Concealer-1.jpg,2024/04/Vee-Beauty-Magic-Cover-Concealer-1.jpg,image/jpeg,jpg,90700,1080,1080,3658ac550e8fd3ce,product_gallery,product-522-vee-beauty-magic-cover-concealer-02.jpg,jpg,shopify_product_media,False,NOT_REQUIRED,FOUND,PENDING,
product,55,555,,55,,https://wholesalebeautyhub.co.uk/wp-content/uploads/2024/04/Nuban-Beauty-D-Glow-Loose-Highlighter.webp,2024/04/Nuban-Beauty-D-Glow-Loose-Highlighter.webp,image/webp,webp,37474,1024,1024,773d8472e3bf671f,product_featured,product-555-nuban-beauty-d-glow-loose-highlighter.webp,webp,shopify_product_media,False,NOT_REQUIRED,FOUND,PENDING,
product,54,556,,54,,https://wholesalebeautyhub.co.uk/wp-content/uploads/2024/04/Nuban-Beauty-Finishing-Powder.webp,2024/04/Nuban-Beauty-Finishing-Powder.webp,image/webp,webp,18572,530,530,41d70fd0b4f67ee5,product_featured,product-556-nuban-beauty-finishing-powder.webp,webp,shopify_product_media,False,NOT_REQUIRED,FOUND,PENDING,
product,329,13894,,329,,https://wholesalebeautyhub.co.uk/wp-content/uploads/2024/04/FY25-D41247-ORD-Web-Alp-Arb-2pct-30ml-1x1-EN-1.webp,2024/04/FY25-D41247-ORD-Web-Alp-Arb-2pct-30ml-1x1-EN-1.webp,image/webp,webp,14566,800,800,b6b666a35750606c,product_featured,product-13894-the-ordinary-alpha-arbutin-30ml.webp,webp,shopify_product_media,False,NOT_REQUIRED,FOUND,PENDING,
product,327,582,,327,,https://wholesalebeautyhub.co.uk/wp-content/uploads/2024/04/The-Ordinary-Caffine-Solution-30Ml-1.jpg,2024/04/The-Ordinary-Caffine-Solution-30Ml-1.jpg,image/jpeg,jpg,24382,600,600,e15a1b942dc4efdc,product_featured,product-582-the-ordinary-caffine-solution-30ml.jpg,jpg,shopify_product_media,False,NOT_REQUIRED,FOUND,PENDING,
product,53,578,,53,,https://wholesalebeautyhub.co.uk/wp-content/uploads/2024/04/Nuban-Beauty-Oil-Control-Setting-Powder.webp,2024/04/Nuban-Beauty-Oil-Control-Setting-Powder.webp,image/webp,webp,51066,1024,1024,42e95e0e3a32ce4d,product_featured,product-578-nuban-beauty-oil-control-setting-powder.webp,webp,shopify_product_media,False,NOT_REQUIRED,FOUND,PENDING,
product,52,1953,,52,,https://wholesalebeautyhub.co.uk/wp-content/uploads/2024/05/Yanga-Beauty-Concealer-2.webp,2024/05/Yanga-Beauty-Concealer-2.webp,image/webp,webp,22710,836,836,27ed0fbf91fa80de,product_featured,product-1953-yanga-beauty-smooth-match-concealer.webp,webp,shopify_product_media,False,NOT_REQUIRED,FOUND,PENDING,
product,52,1953,,52,,https://wholesalebeautyhub.co.uk/wp-content/uploads/2024/05/Yanga-Beauty-Concealer-2.webp,2024/05/Yanga-Beauty-Concealer-2.webp,image/webp,webp,22710,836,836,27ed0fbf91fa80de,product_featured,product-1953-yanga-beauty-smooth-match-concealer-02.webp,webp,shopify_product_media,False,NOT_REQUIRED,FOUND,PENDING,
product,51,1831,,51,,https://wholesalebeautyhub.co.uk/wp-content/uploads/2024/05/Yanga-Beauty-Setting-Powder.jpg,2024/05/Yanga-Beauty-Setting-Powder.jpg,image/jpeg,jpg,68210,1080,1080,a88470390ecd3ebd,product_featured,product-1831-yanga-beauty-blurfect-loose-powder.jpg,jpg,shopify_product_media,False,NOT_REQUIRED,FOUND,PENDING,
product,51,1831,,51,,https://wholesalebeautyhub.co.uk/wp-content/uploads/2024/05/Yanga-Beauty-Setting-Powder.jpg,2024/05/Yanga-Beauty-Setting-Powder.jpg,image/jpeg,jpg,68210,1080,1080,a88470390ecd3ebd,product_featured,product-1831-yanga-beauty-blurfect-loose-powder-02.jpg,jpg,shopify_product_media,False,NOT_REQUIRED,FOUND,PENDING,
product,50,616,,50,,https://wholesalebeautyhub.co.uk/wp-content/uploads/2024/04/Merak-Cosmetics-Pencil-Liner.jpg,2024/04/Merak-Cosmetics-Pencil-Liner.jpg,image/jpeg,jpg,33148,1500,1500,82ce9fac4db3c3d5,product_featured,product-616-merak-cosmetics-pencil-liner.jpg,jpg,shopify_product_media,False,NOT_REQUIRED,FOUND,PENDING,
product,49,623,,49,,https://wholesalebeautyhub.co.uk/wp-content/uploads/2024/04/Merak-Cosmetics-Setting-Powder.jpg,2024/04/Merak-Cosmetics-Setting-Powder.jpg,image/jpeg,jpg,295411,1100,1100,fb2f10c572690424,product_featured,product-623-merak-cosmetics-setting-powder.jpg,jpg,shopify_product_media,False,NOT_REQUIRED,FOUND,PENDING,
product,35,760,,35,,https://wholesalebeautyhub.co.uk/wp-content/uploads/2024/04/belle.jpg,2024/04/belle.jpg,image/jpeg,jpg,14629,550,550,2bd6f89389a35277,product_featured,product-760-beauty-by-ad-lip-stain.jpg,jpg,shopify_product_media,False,NOT_REQUIRED,FOUND,PENDING,
product,34,762,,34,,https://wholesalebeautyhub.co.uk/wp-content/uploads/2024/04/khaki.jpg,2024/04/khaki.jpg,image/jpeg,jpg,14123,550,550,194e9e33ed74c3bb,product_featured,product-762-beauty-by-ad-lip-gloss.jpg,jpg,shopify_product_media,False,NOT_REQUIRED,FOUND,PENDING,
product,28,846,,28,,https://wholesalebeautyhub.co.uk/wp-content/uploads/2024/04/Tm-Essential-Bronzed-By-Tm.jpg,2024/04/Tm-Essential-Bronzed-By-Tm.jpg,image/jpeg,jpg,2150068,1912,1912,752fe5d8c3f5109f,product_featured,product-846-tm-essential-bronzed-by-tm.jpg,jpg,shopify_product_media,False,NOT_REQUIRED,FOUND,PENDING,
product,25,917,,25,,https://wholesalebeautyhub.co.uk/wp-content/uploads/2024/04/Sylvimak-Oil-Free-Foundation.jpg,2024/04/Sylvimak-Oil-Free-Foundation.jpg,image/jpeg,jpg,24976,600,600,63dbb1cded4d5227,product_featured,product-917-sylvimak-oil-free-foundation.jpg,jpg,shopify_product_media,False,NOT_REQUIRED,FOUND,PENDING,
product,25,5958,,25,,https://wholesalebeautyhub.co.uk/wp-content/uploads/2024/04/C270E189-B9F4-487F-A6EA-4AF2FADF59DC.jpeg,2024/04/C270E189-B9F4-487F-A6EA-4AF2FADF59DC.jpeg,image/jpeg,jpeg,803167,1290,1125,ca0c9357bdb5cc85,product_gallery,product-5958-sylvimak-oil-free-foundation-02.jpeg,jpeg,shopify_product_media,False,NOT_REQUIRED,FOUND,PENDING,
product,24,919,,24,,https://wholesalebeautyhub.co.uk/wp-content/uploads/2024/04/Tehila-Single-Compact-Blush.jpg,2024/04/Tehila-Single-Compact-Blush.jpg,image/jpeg,jpg,88884,1024,1024,fab80f6fbf131d59,product_featured,product-919-tehila-single-compact-blush.jpg,jpg,shopify_product_media,False,NOT_REQUIRED,FOUND,PENDING,
product,24,920,,24,,https://wholesalebeautyhub.co.uk/wp-content/uploads/2024/04/Tehila-Single-Compact-Blush1.jpg,2024/04/Tehila-Single-Compact-Blush1.jpg,image/jpeg,jpg,135521,1440,1440,25ace657ad60d192,product_gallery,product-920-tehila-single-compact-blush-02.jpg,jpg,shopify_product_media,False,NOT_REQUIRED,FOUND,PENDING,
product,23,921,,23,,https://wholesalebeautyhub.co.uk/wp-content/uploads/2024/04/Tehila-Blush-and-Highlighter-Palatte.jpg,2024/04/Tehila-Blush-and-Highlighter-Palatte.jpg,image/jpeg,jpg,47292,600,600,52837c9fa0edb537,product_featured,product-921-tehila-blush-highlighter-palatte.jpg,jpg,shopify_product_media,False,NOT_REQUIRED,FOUND,PENDING,
product,22,928,,22,,https://wholesalebeautyhub.co.uk/wp-content/uploads/2024/04/Tehila-Rosy-Cheek-Blush-Palette1.jpg,2024/04/Tehila-Rosy-Cheek-Blush-Palette1.jpg,image/jpeg,jpg,48220,1080,1080,b266774e23b436d1,product_featured,product-928-tehila-rosy-cheek-blush-palette.jpg,jpg,shopify_product_media,False,NOT_REQUIRED,FOUND,PENDING,
product,324,932,,324,,https://wholesalebeautyhub.co.uk/wp-content/uploads/2024/04/Some-By-Mi-Miracle-Serum-50Ml.webp,2024/04/Some-By-Mi-Miracle-Serum-50Ml.webp,image/webp,webp,37454,1000,1000,0a2e9e9148ce47f3,product_featured,product-932-some-by-mi-miracle-serum-50ml.webp,webp,shopify_product_media,False,NOT_REQUIRED,FOUND,PENDING,
product,323,957,,323,,https://wholesalebeautyhub.co.uk/wp-content/uploads/2024/04/Some-By-Mi-Miracle-Cream.webp,2024/04/Some-By-Mi-Miracle-Cream.webp,image/webp,webp,13184,540,540,c13d4c6b6c05b140,product_featured,product-957-some-by-mi-miracle-cream.webp,webp,shopify_product_media,False,NOT_REQUIRED,FOUND,PENDING,
product,322,960,,322,,https://wholesalebeautyhub.co.uk/wp-content/uploads/2024/04/Some-By-Mi-Miracle-Acne-Clear-Body-Cleanser.webp,2024/04/Some-By-Mi-Miracle-Acne-Clear-Body-Cleanser.webp,image/webp,webp,26342,800,800,7422484c15d9791e,product_featured,product-960-some-by-mi-miracle-acne-clear-body-cleanser.webp,webp,shopify_product_media,False,NOT_REQUIRED,FOUND,PENDING,
product,321,970,,321,,https://wholesalebeautyhub.co.uk/wp-content/uploads/2024/04/Helmish-All-Clean-Balm-1.jpg,2024/04/Helmish-All-Clean-Balm-1.jpg,image/jpeg,jpg,61288,1500,1500,d7e0343db33b019f,product_featured,product-970-heimish-all-clean-balm.jpg,jpg,shopify_product_media,False,NOT_REQUIRED,FOUND,PENDING,
product,320,992,,320,,https://wholesalebeautyhub.co.uk/wp-content/uploads/2024/04/Heimish-Marine-Care-Face-Oil.jpg,2024/04/Heimish-Marine-Care-Face-Oil.jpg,image/jpeg,jpg,18285,1200,1200,c5c0f1899a26ccd2,product_featured,product-992-heimish-marine-care-face-oil.jpg,jpg,shopify_product_media,False,NOT_REQUIRED,FOUND,PENDING,
product,319,1031,,319,,https://wholesalebeautyhub.co.uk/wp-content/uploads/2024/04/E45-Lotion.png,2024/04/E45-Lotion.png,image/png,png,98731,500,500,366c87be4c02a1f3,product_featured,product-1031-e45-lotion.png,png,shopify_product_media,False,NOT_REQUIRED,FOUND,PENDING,
product,318,1032,,318,,https://wholesalebeautyhub.co.uk/wp-content/uploads/2024/04/E45-Cream.jpeg,2024/04/E45-Cream.jpeg,image/jpeg,jpeg,67288,1500,1500,c77ae7fca4c54ec2,product_featured,product-1032-e45-cream.jpeg,jpeg,shopify_product_media,False,NOT_REQUIRED,FOUND,PENDING,
product,317,1042,,317,,https://wholesalebeautyhub.co.uk/wp-content/uploads/2024/04/Timeless-Vitamin-C-Serum-20.jpg,2024/04/Timeless-Vitamin-C-Serum-20.jpg,image/jpeg,jpg,24273,680,680,4a7fb8bbd2e52b03,product_featured,product-1042-timeless-vitamin-c-serum-20.jpg,jpg,shopify_product_media,False,NOT_REQUIRED,FOUND,PENDING,
product,316,1043,,316,,https://wholesalebeautyhub.co.uk/wp-content/uploads/2024/04/Hadalabo-Premium-Blue-170Ml.jpg,2024/04/Hadalabo-Premium-Blue-170Ml.jpg,image/jpeg,jpg,14730,500,500,5c6cc2ac77b80daa,product_featured,product-1043-hadalabo-premium-blue-170ml.jpg,jpg,shopify_product_media,False,NOT_REQUIRED,FOUND,PENDING,
product,315,1044,,315,,https://wholesalebeautyhub.co.uk/wp-content/uploads/2024/04/Hadalabo-Premium-Gold-170Ml.jpg,2024/04/Hadalabo-Premium-Gold-170Ml.jpg,image/jpeg,jpg,21670,500,500,cb18ec387bad14c6,product_featured,product-1044-hadalabo-premium-gold-170ml.jpg,jpg,shopify_product_media,False,NOT_REQUIRED,FOUND,PENDING,
product,307,1062,,307,,https://wholesalebeautyhub.co.uk/wp-content/uploads/2024/04/Koji-San-135G-2In1-Soap.jpg,2024/04/Koji-San-135G-2In1-Soap.jpg,image/jpeg,jpg,54445,800,800,5941b4b4722530d9,product_featured,product-1062-koji-san-135g-2in1-soap.jpg,jpg,shopify_product_media,False,NOT_REQUIRED,FOUND,PENDING,
product,120,1061,,120,,https://wholesalebeautyhub.co.uk/wp-content/uploads/2024/04/Dammel-Browmate-Brow-Tamer-brown1.jpg,2024/04/Dammel-Browmate-Brow-Tamer-brown1.jpg,image/jpeg,jpg,404007,1440,1704,b1879c035104aaa4,product_featured,product-1061-dammel-browmate-brow-tamer.jpg,jpg,shopify_product_media,False,NOT_REQUIRED,FOUND,PENDING,
product,120,1063,,120,,https://wholesalebeautyhub.co.uk/wp-content/uploads/2024/04/Dammel-Browmatic-Brow-Tamer-variants.jpg,2024/04/Dammel-Browmatic-Brow-Tamer-variants.jpg,image/jpeg,jpg,880234,1440,1440,76607c7d30a41a07,product_gallery,product-1063-dammel-browmate-brow-tamer-02.jpg,jpg,shopify_product_media,False,NOT_REQUIRED,FOUND,PENDING,
product,118,1070,,118,,https://wholesalebeautyhub.co.uk/wp-content/uploads/2024/04/Luzta-Eye-Shadow-mint1.jpg,2024/04/Luzta-Eye-Shadow-mint1.jpg,image/jpeg,jpg,75753,717,717,fd84fbb01178d90a,product_featured,product-1070-luzta-eye-shadow.jpg,jpg,shopify_product_media,False,NOT_REQUIRED,FOUND,PENDING,
product,306,1071,,306,,https://wholesalebeautyhub.co.uk/wp-content/uploads/2024/04/Koji-San-Soap-135G.jpg,2024/04/Koji-San-Soap-135G.jpg,image/jpeg,jpg,519458,1200,1200,5b92cc151c0b9ffb,product_featured,product-1071-koji-san-soap-135g.jpg,jpg,shopify_product_media,False,NOT_REQUIRED,FOUND,PENDING,
product,117,1075,,117,,https://wholesalebeautyhub.co.uk/wp-content/uploads/2024/04/Paula-Beauty-Water-Proof-Eye-Liner.webp,2024/04/Paula-Beauty-Water-Proof-Eye-Liner.webp,image/webp,webp,278308,2048,2048,ae5bb93cad025af1,product_featured,product-1075-paula-beauty-purple-eye-pencil.webp,webp,shopify_product_media,False,NOT_REQUIRED,FOUND,PENDING,
product,117,1074,,117,,https://wholesalebeautyhub.co.uk/wp-content/uploads/2024/04/Paula-Beauty-Water-Proof-Eye-Liner-colors.jpg,2024/04/Paula-Beauty-Water-Proof-Eye-Liner-colors.jpg,image/jpeg,jpg,41143,1080,1080,5d96124ba994cb43,product_gallery,product-1074-paula-beauty-purple-eye-pencil-02.jpg,jpg,shopify_product_media,False,NOT_REQUIRED,FOUND,PENDING,
product,303,1086,,303,,https://wholesalebeautyhub.co.uk/wp-content/uploads/2024/04/Koji-San-Soap-100G-3In1.webp,2024/04/Koji-San-Soap-100G-3In1.webp,image/webp,webp,10740,500,500,28ba43770bb2ca95,product_featured,product-1086-koji-san-soap-100g-3in1.webp,webp,shopify_product_media,False,NOT_REQUIRED,FOUND,PENDING,
product,298,1100,,298,,https://wholesalebeautyhub.co.uk/wp-content/uploads/2024/04/Blackgirl-Sunscreen-Kids-Spray.webp,2024/04/Blackgirl-Sunscreen-Kids-Spray.webp,image/webp,webp,24724,1000,1000,8d8368e4fa3cd312,product_featured,product-1100-blackgirl-sunscreen-kids-spray.webp,webp,shopify_product_media,False,NOT_REQUIRED,FOUND,PENDING,
product,297,1101,,297,,https://wholesalebeautyhub.co.uk/wp-content/uploads/2024/04/Blackgirl-Sunscreen-Kids.jpg,2024/04/Blackgirl-Sunscreen-Kids.jpg,image/jpeg,jpg,36919,500,500,42ee618e8e9313d0,product_featured,product-1101-blackgirl-sunscreen-kids.jpg,jpg,shopify_product_media,False,NOT_REQUIRED,FOUND,PENDING,
product,296,1102,,296,,https://wholesalebeautyhub.co.uk/wp-content/uploads/2024/04/Blackgirl-Sunscreen-Make-It-Glow-Spray.webp,2024/04/Blackgirl-Sunscreen-Make-It-Glow-Spray.webp,image/webp,webp,14072,512,512,c05851858a455a2e,product_featured,product-1102-blackgirl-sunscreen-make-it-glow-spray.webp,webp,shopify_product_media,False,NOT_REQUIRED,FOUND,PENDING,
product,295,1103,,295,,https://wholesalebeautyhub.co.uk/wp-content/uploads/2024/04/Blackgirl-Sunscreen-Spf-30.webp,2024/04/Blackgirl-Sunscreen-Spf-30.webp,image/webp,webp,17212,1000,1000,4c63fca4b4f4b510,product_featured,product-1103-blackgirl-sunscreen-spf-30.webp,webp,shopify_product_media,False,NOT_REQUIRED,FOUND,PENDING,
product,294,1104,,294,,https://wholesalebeautyhub.co.uk/wp-content/uploads/2024/04/Beauty-Of-Joseon-Glow-Deep-Serum-30Ml.jpg,2024/04/Beauty-Of-Joseon-Glow-Deep-Serum-30Ml.jpg,image/jpeg,jpg,19237,700,700,0e6985857ea63215,product_featured,product-1104-beauty-of-joseon-glow-deep-serum-30ml.jpg,jpg,shopify_product_media,False,NOT_REQUIRED,FOUND,PENDING,
product,293,1105,,293,,https://wholesalebeautyhub.co.uk/wp-content/uploads/2024/04/Beauty-Of-Joseon-Radiance-Cleansing-Balm-100Ml.jpg,2024/04/Beauty-Of-Joseon-Radiance-Cleansing-Balm-100Ml.jpg,image/jpeg,jpg,14135,600,600,b571984021a2ad70,product_featured,product-1105-beauty-of-joseon-radiance-cleansing-balm-100ml.jpg,jpg,shopify_product_media,False,NOT_REQUIRED,FOUND,PENDING,
product,292,1106,,292,,https://wholesalebeautyhub.co.uk/wp-content/uploads/2024/04/Beauty-Of-Joseon-Sunscreen-50Ml.jpg,2024/04/Beauty-Of-Joseon-Sunscreen-50Ml.jpg,image/jpeg,jpg,14029,700,700,e29ea403df788ed4,product_featured,product-1106-beauty-of-joseon-sunscreen-50ml.jpg,jpg,shopify_product_media,False,NOT_REQUIRED,FOUND,PENDING,
product,113,1107,,113,,https://wholesalebeautyhub.co.uk/wp-content/uploads/2024/04/Classic-Makeup-Lip-Gloss-clear.jpg,2024/04/Classic-Makeup-Lip-Gloss-clear.jpg,image/jpeg,jpg,13332,500,500,b4ff7b239daebf0c,product_featured,product-1107-classic-makeup-lip-gloss-clear.jpg,jpg,shopify_product_media,False,NOT_REQUIRED,FOUND,PENDING,
product,112,1111,,112,,https://wholesalebeautyhub.co.uk/wp-content/uploads/2024/04/Becharm-Ageless-Skin-Booster-Concealer-Palette.jpg,2024/04/Becharm-Ageless-Skin-Booster-Concealer-Palette.jpg,image/jpeg,jpg,268535,600,600,f5936b8a4c85f54a,product_featured,product-1111-becharm-ageless-skin-booster-concealer-palette.jpg,jpg,shopify_product_media,False,NOT_REQUIRED,FOUND,PENDING,
product,109,1129,,109,,https://wholesalebeautyhub.co.uk/wp-content/uploads/2024/04/Yglam-Beauty-Pigment1.jpg,2024/04/Yglam-Beauty-Pigment1.jpg,image/jpeg,jpg,322241,1440,1511,302dd9c2f69be775,product_featured,product-1129-yglam-beauty-pigment.jpg,jpg,shopify_product_media,False,NOT_REQUIRED,FOUND,PENDING,
product,108,1133,,108,,https://wholesalebeautyhub.co.uk/wp-content/uploads/2024/04/Wynkkk-Beauty-16-In-1-PURRRFECT-SET.jpg,2024/04/Wynkkk-Beauty-16-In-1-PURRRFECT-SET.jpg,image/jpeg,jpg,1021227,1440,1440,85819f0953e49464,product_featured,product-1133-wynkkk-beauty-16-in-1-lashes.jpg,jpg,shopify_product_media,False,NOT_REQUIRED,FOUND,PENDING,
product,107,1136,,107,,https://wholesalebeautyhub.co.uk/wp-content/uploads/2024/04/Wynkkk-Beauty-10In1-Bad-N-Boujee.jpg,2024/04/Wynkkk-Beauty-10In1-Bad-N-Boujee.jpg,image/jpeg,jpg,1303946,1280,1280,4e44f42ebac7e789,product_featured,product-1136-wynkkk-beauty-10-in-1-lashes.jpg,jpg,shopify_product_media,False,NOT_REQUIRED,FOUND,PENDING,
product,107,3996,,107,,https://wholesalebeautyhub.co.uk/wp-content/uploads/2024/09/60F77F0D-25ED-42C0-AD73-F657C52A487F.jpeg,2024/09/60F77F0D-25ED-42C0-AD73-F657C52A487F.jpeg,image/jpeg,jpeg,839919,903,1038,c0b68bec7fccbb94,product_gallery,product-3996-wynkkk-beauty-10-in-1-lashes-02.jpeg,jpeg,shopify_product_media,False,NOT_REQUIRED,FOUND,PENDING,
product,106,4008,,106,,https://wholesalebeautyhub.co.uk/wp-content/uploads/2024/09/2CE7CDF4-F606-4509-8E14-362EAA8A3C4C.jpeg,2024/09/2CE7CDF4-F606-4509-8E14-362EAA8A3C4C.jpeg,image/jpeg,jpeg,926507,893,1085,44a12e2afe2de4b5,product_featured,product-4008-wynkkk-beauty-20-in-1-lashes.jpeg,jpeg,shopify_product_media,False,NOT_REQUIRED,FOUND,PENDING,
product,106,4008,,106,,https://wholesalebeautyhub.co.uk/wp-content/uploads/2024/09/2CE7CDF4-F606-4509-8E14-362EAA8A3C4C.jpeg,2024/09/2CE7CDF4-F606-4509-8E14-362EAA8A3C4C.jpeg,image/jpeg,jpeg,926507,893,1085,44a12e2afe2de4b5,product_featured,product-4008-wynkkk-beauty-20-in-1-lashes-02.jpeg,jpeg,shopify_product_media,False,NOT_REQUIRED,FOUND,PENDING,
product,268,1160,,268,,https://wholesalebeautyhub.co.uk/wp-content/uploads/2024/04/Cosrx-Salicylic-Gentle-Cleanser-150Ml.jpg,2024/04/Cosrx-Salicylic-Gentle-Cleanser-150Ml.jpg,image/jpeg,jpg,16730,600,600,ca6970523993ce35,product_featured,product-1160-cosrx-salicylic-gentle-cleanser-150ml.jpg,jpg,shopify_product_media,False,NOT_REQUIRED,FOUND,PENDING,
product,269,1161,,269,,https://wholesalebeautyhub.co.uk/wp-content/uploads/2024/04/Cosrx-Low-Ph-Gel-Cleanser-150Ml.jpg,2024/04/Cosrx-Low-Ph-Gel-Cleanser-150Ml.jpg,image/jpeg,jpg,23355,600,600,a6518da08d3ae143,product_featured,product-1161-cosrx-low-ph-gel-cleanser-150ml.jpg,jpg,shopify_product_media,False,NOT_REQUIRED,FOUND,PENDING,
product,271,1163,,271,,https://wholesalebeautyhub.co.uk/wp-content/uploads/2024/04/Cosrx-Oil-Free-Moisturizer-100Ml.jpg,2024/04/Cosrx-Oil-Free-Moisturizer-100Ml.jpg,image/jpeg,jpg,117714,600,600,e504828cbe8ea29a,product_featured,product-1163-cosrx-oil-free-moisturizer-100ml.jpg,jpg,shopify_product_media,False,NOT_REQUIRED,FOUND,PENDING,
product,291,1171,,291,,https://wholesalebeautyhub.co.uk/wp-content/uploads/2024/04/Beauty-Of-Joseon-Cleansing-Oil-210Ml.jpg,2024/04/Beauty-Of-Joseon-Cleansing-Oil-210Ml.jpg,image/jpeg,jpg,16850,600,600,8130a8dbda298053,product_featured,product-1171-beauty-of-joseon-cleansing-oil-210ml.jpg,jpg,shopify_product_media,False,NOT_REQUIRED,FOUND,PENDING,
product,290,1175,,290,,https://wholesalebeautyhub.co.uk/wp-content/uploads/2024/04/Beauty-Of-Joseon-Glow-Serum-30Ml.webp,2024/04/Beauty-Of-Joseon-Glow-Serum-30Ml.webp,image/webp,webp,10884,500,500,8f85ebf6f3ebda75,product_featured,product-1175-beauty-of-joseon-glow-serum-30ml.webp,webp,shopify_product_media,False,NOT_REQUIRED,FOUND,PENDING,
product,289,1176,,289,,https://wholesalebeautyhub.co.uk/wp-content/uploads/2024/04/Missha-Essence-Sunscreen-50Ml.webp,2024/04/Missha-Essence-Sunscreen-50Ml.webp,image/webp,webp,5172,554,554,3864e46403c2b467,product_featured,product-1176-missha-essence-sunscreen-50ml.webp,webp,shopify_product_media,False,NOT_REQUIRED,FOUND,PENDING,
product,287,1177,,287,,https://wholesalebeautyhub.co.uk/wp-content/uploads/2024/04/Axis-Y-Dark-Spot-Correcting-Serum.jpg,2024/04/Axis-Y-Dark-Spot-Correcting-Serum.jpg,image/jpeg,jpg,23683,700,700,fd5e4c7109ee6762,product_featured,product-1177-axis-y-dark-spot-correcting-serum.jpg,jpg,shopify_product_media,False,NOT_REQUIRED,FOUND,PENDING,
product,285,1178,,285,,https://wholesalebeautyhub.co.uk/wp-content/uploads/2024/04/Isntree-Fresh-Emulsion.webp,2024/04/Isntree-Fresh-Emulsion.webp,image/webp,webp,11240,600,600,fad3dbc0a21a6528,product_featured,product-1178-isntree-fresh-emulsion.webp,webp,shopify_product_media,False,NOT_REQUIRED,FOUND,PENDING,
product,284,1179,,284,,https://wholesalebeautyhub.co.uk/wp-content/uploads/2024/04/Isntree-Hyaluronic-Sunstick.jpg,2024/04/Isntree-Hyaluronic-Sunstick.jpg,image/jpeg,jpg,13888,500,500,ee3e293a9c3bbf89,product_featured,product-1179-isntree-hyaluronic-sunstick.jpg,jpg,shopify_product_media,False,NOT_REQUIRED,FOUND,PENDING,
product,283,1180,,283,,https://wholesalebeautyhub.co.uk/wp-content/uploads/2024/04/Isntree-Green-Tea-Fresh-Toner.webp,2024/04/Isntree-Green-Tea-Fresh-Toner.webp,image/webp,webp,10040,500,500,7ab3668a238b68bf,product_featured,product-1180-isntree-green-tea-fresh-toner.webp,webp,shopify_product_media,False,NOT_REQUIRED,FOUND,PENDING,
product,281,1182,,281,,https://wholesalebeautyhub.co.uk/wp-content/uploads/2024/04/Isntree-Hyaluronic-Acid-Toner.webp,2024/04/Isntree-Hyaluronic-Acid-Toner.webp,image/webp,webp,7158,600,600,50b4c2dc9bb575eb,product_featured,product-1182-isntree-hyaluronic-acid-toner.webp,webp,shopify_product_media,False,NOT_REQUIRED,FOUND,PENDING,
product,282,1181,,282,,https://wholesalebeautyhub.co.uk/wp-content/uploads/2024/04/Isntree-Hyaluronic-Acid-Toner-Plus.jpg,2024/04/Isntree-Hyaluronic-Acid-Toner-Plus.jpg,image/jpeg,jpg,12205,600,600,6695a99e023dc976,product_featured,product-1181-isntree-hyaluronic-acid-toner-plus.jpg,jpg,shopify_product_media,False,NOT_REQUIRED,FOUND,PENDING,
product,280,1183,,280,,https://wholesalebeautyhub.co.uk/wp-content/uploads/2024/04/Isntree-Hyaluronic-Watery-Sun-Gel-50Ml.jpg,2024/04/Isntree-Hyaluronic-Watery-Sun-Gel-50Ml.jpg,image/jpeg,jpg,34098,700,700,4f4803cc51aa9ef7,product_featured,product-1183-isntree-hyaluronic-watery-sun-gel-50ml.jpg,jpg,shopify_product_media,False,NOT_REQUIRED,FOUND,PENDING,
product,265,1184,,265,,https://wholesalebeautyhub.co.uk/wp-content/uploads/2024/04/Cosrx-Bha-Black-Head-Power-Liquid-100Ml.webp,2024/04/Cosrx-Bha-Black-Head-Power-Liquid-100Ml.webp,image/webp,webp,17680,1000,1000,115bc21c8af9d8bf,product_featured,product-1184-cosrx-bha-black-head-power-liquid-100ml.webp,webp,shopify_product_media,False,NOT_REQUIRED,FOUND,PENDING,
product,263,1186,,263,,https://wholesalebeautyhub.co.uk/wp-content/uploads/2024/04/Cosrx-Snail-92-All-In-One-Cream-100G.jpg,2024/04/Cosrx-Snail-92-All-In-One-Cream-100G.jpg,image/jpeg,jpg,119473,1500,1500,2e9cf38ca3e46d20,product_featured,product-1186-cosrx-snail-92-all-in-one-cream-100g.jpg,jpg,shopify_product_media,False,NOT_REQUIRED,FOUND,PENDING,
product,262,1187,,262,,https://wholesalebeautyhub.co.uk/wp-content/uploads/2024/04/Cosrx-Snail-Mucin-Essence-100Ml.jpg,2024/04/Cosrx-Snail-Mucin-Essence-100Ml.jpg,image/jpeg,jpg,9024,500,500,273038d7052cbc75,product_featured,product-1187-cosrx-snail-mucin-essence-100ml.jpg,jpg,shopify_product_media,False,NOT_REQUIRED,FOUND,PENDING,
product,261,1188,,261,,https://wholesalebeautyhub.co.uk/wp-content/uploads/2024/04/Cosrx-Dual-Essence.jpg,2024/04/Cosrx-Dual-Essence.jpg,image/jpeg,jpg,72544,1500,1500,81a1978f5f4278b0,product_featured,product-1188-cosrx-dual-essence.jpg,jpg,shopify_product_media,False,NOT_REQUIRED,FOUND,PENDING,
product,260,1189,,260,,https://wholesalebeautyhub.co.uk/wp-content/uploads/2024/04/Cosrx-Propolis-Synergy-Toner-150Ml.jpg,2024/04/Cosrx-Propolis-Synergy-Toner-150Ml.jpg,image/jpeg,jpg,82043,2000,2000,32c7d2d35e0e876a,product_featured,product-1189-cosrx-propolis-synergy-toner-150ml.jpg,jpg,shopify_product_media,False,NOT_REQUIRED,FOUND,PENDING,
product,259,1190,,259,,https://wholesalebeautyhub.co.uk/wp-content/uploads/2024/04/Good-Molecules-Discoloration-Serum-30Ml.jpg,2024/04/Good-Molecules-Discoloration-Serum-30Ml.jpg,image/jpeg,jpg,64649,500,500,7c8f91fac7ea1143,product_featured,product-1190-good-molecules-discoloration-serum-30ml.jpg,jpg,shopify_product_media,False,NOT_REQUIRED,FOUND,PENDING,
product,258,1192,,258,,https://wholesalebeautyhub.co.uk/wp-content/uploads/2024/04/Good-Molecules-Niacinamide-Brightening-Toner-30Ml.webp,2024/04/Good-Molecules-Niacinamide-Brightening-Toner-30Ml.webp,image/webp,webp,21626,900,900,606ba9dac17e397e,product_featured,product-1192-good-molecules-niacinamide-brightening-toner-30ml.webp,webp,shopify_product_media,False,NOT_REQUIRED,FOUND,PENDING,
product,257,1193,,257,,https://wholesalebeautyhub.co.uk/wp-content/uploads/2024/04/Good-Molecules-Niacinamide-Brightening-Toner-120Ml.jpg,2024/04/Good-Molecules-Niacinamide-Brightening-Toner-120Ml.jpg,image/jpeg,jpg,61994,500,500,58a1ef0a20025c55,product_featured,product-1193-good-molecules-niacinamide-brightening-toner-120ml.jpg,jpg,shopify_product_media,False,NOT_REQUIRED,FOUND,PENDING,
product,256,1194,,256,,https://wholesalebeautyhub.co.uk/wp-content/uploads/2024/04/Good-Molecules-Gentle-Retinol-Cream-30G.webp,2024/04/Good-Molecules-Gentle-Retinol-Cream-30G.webp,image/webp,webp,9552,700,700,18dcff498c3abdbe,product_featured,product-1194-good-molecules-gentle-retinol-cream-30ml.webp,webp,shopify_product_media,False,NOT_REQUIRED,FOUND,PENDING,
product,255,1195,,255,,https://wholesalebeautyhub.co.uk/wp-content/uploads/2024/04/Good-Molecules-Overnight-Treatment-30Ml.jpg,2024/04/Good-Molecules-Overnight-Treatment-30Ml.jpg,image/jpeg,jpg,18413,600,600,40d7a28919338f92,product_featured,product-1195-good-molecules-overnight-treatment-30ml.jpg,jpg,shopify_product_media,False,NOT_REQUIRED,FOUND,PENDING,
product,254,1196,,254,,https://wholesalebeautyhub.co.uk/wp-content/uploads/2024/04/Good-Molecules-Niacinamide-Serum-30Ml.jpg,2024/04/Good-Molecules-Niacinamide-Serum-30Ml.jpg,image/jpeg,jpg,40928,500,500,d3fee172165c3268,product_featured,product-1196-good-molecules-niacinamide-serum-30ml.jpg,jpg,shopify_product_media,False,NOT_REQUIRED,FOUND,PENDING,
product,253,1197,,253,,https://wholesalebeautyhub.co.uk/wp-content/uploads/2024/04/Good-Molecules-Daily-Brightening-Serum-30Ml.jpg,2024/04/Good-Molecules-Daily-Brightening-Serum-30Ml.jpg,image/jpeg,jpg,24043,550,550,3a0a8d35bbedd4ef,product_featured,product-1197-good-molecules-daily-brightening-serum-30ml.jpg,jpg,shopify_product_media,False,NOT_REQUIRED,FOUND,PENDING,
product,252,1198,,252,,https://wholesalebeautyhub.co.uk/wp-content/uploads/2024/04/Nivea-Uv-Water-Gel-140G.webp,2024/04/Nivea-Uv-Water-Gel-140G.webp,image/webp,webp,6338,500,500,cec2f9a4b5d15f19,product_featured,product-1198-nivea-uv-water-gel-sunscreen-140g.webp,webp,shopify_product_media,False,NOT_REQUIRED,FOUND,PENDING,
product,250,1199,,250,,https://wholesalebeautyhub.co.uk/wp-content/uploads/2024/04/Medix-5.5-Retinol-Cream-15Floz-144Ml.webp,2024/04/Medix-5.5-Retinol-Cream-15Floz-144Ml.webp,image/webp,webp,17224,500,500,d209fc7483027166,product_featured,product-1199-medix-5-5-retinol-cream-15floz-144m.webp,webp,shopify_product_media,False,NOT_REQUIRED,FOUND,PENDING,
product,251,1200,,251,,https://wholesalebeautyhub.co.uk/wp-content/uploads/2024/04/Hatomugi-Sunscreen-250Ml.jpg,2024/04/Hatomugi-Sunscreen-250Ml.jpg,image/jpeg,jpg,19570,600,600,0169e4a78a4ce4c9,product_featured,product-1200-hatomugi-sunscreen-250ml.jpg,jpg,shopify_product_media,False,NOT_REQUIRED,FOUND,PENDING,
product,249,1201,,249,,https://wholesalebeautyhub.co.uk/wp-content/uploads/2024/04/Medix-5.5-Vitamin-C-Serum.jpg,2024/04/Medix-5.5-Vitamin-C-Serum.jpg,image/jpeg,jpg,32355,680,680,73f01e9b58a33a7b,product_featured,product-1201-medix-5-5-vitamin-c-serum.jpg,jpg,shopify_product_media,False,NOT_REQUIRED,FOUND,PENDING,
product,248,4726,,248,,https://wholesalebeautyhub.co.uk/wp-content/uploads/2024/04/94DC0B42-003B-4835-9444-F86E122F3C71.jpeg,2024/04/94DC0B42-003B-4835-9444-F86E122F3C71.jpeg,image/jpeg,jpeg,173325,900,932,440622a4342812a3,product_featured,product-4726-medix-5-5-vitamin-c-cream-15floz-144.jpeg,jpeg,shopify_product_media,False,NOT_REQUIRED,FOUND,PENDING,
product,247,8681,,247,,https://wholesalebeautyhub.co.uk/wp-content/uploads/2024/04/IMG_2707-1-1.jpg,2024/04/IMG_2707-1-1.jpg,image/jpeg,jpg,243112,828,886,3ffac49f9d4af50e,product_featured,product-8681-amlactin-daily-moisturizing-lotion-567g.jpg,jpg,shopify_product_media,False,NOT_REQUIRED,FOUND,PENDING,
product,246,7790,,246,,https://wholesalebeautyhub.co.uk/wp-content/uploads/2024/04/IMG_0411.jpg,2024/04/IMG_0411-scaled.jpg,image/jpeg,jpg,623740,2080,2560,428c38105450225f,product_featured,product-7790-amlactin-daily-moisturizing-improved-formula-scent-free.jpg,jpg,shopify_product_media,False,NOT_REQUIRED,FOUND,PENDING,
product,244,15179,,244,,https://wholesalebeautyhub.co.uk/wp-content/uploads/2024/04/amlactin.webp,2024/04/amlactin.webp,image/webp,webp,15620,342,450,adfd0fe1c5d911eb,product_featured,product-15179-amlactin-intensive-healing-lotion.webp,webp,shopify_product_media,False,NOT_REQUIRED,FOUND,PENDING,
product,243,1207,,243,,https://wholesalebeautyhub.co.uk/wp-content/uploads/2024/04/Medi-Peel-Vitamin-C-Lotion.jpg,2024/04/Medi-Peel-Vitamin-C-Lotion.jpg,image/jpeg,jpg,19638,500,500,cd5086fa1b2c1b8f,product_featured,product-1207-medi-peel-vitamin-c-lotion.jpg,jpg,shopify_product_media,False,NOT_REQUIRED,FOUND,PENDING,
product,239,1209,,239,,https://wholesalebeautyhub.co.uk/wp-content/uploads/2024/04/Dr-TealS-Citrus-Sugar-Scrub-19Oz-538Ml.jpg,2024/04/Dr-TealS-Citrus-Sugar-Scrub-19Oz-538Ml.jpg,image/jpeg,jpg,53523,500,500,86b1aad0ae12b186,product_featured,product-1209-dr-teals-citrus-sugar-scrub-19oz-538ml.jpg,jpg,shopify_product_media,False,NOT_REQUIRED,FOUND,PENDING,
product,240,1210,,240,,https://wholesalebeautyhub.co.uk/wp-content/uploads/2024/04/Dr-TealS-Elderberry-Scrub-19Oz-538Ml.jpg,2024/04/Dr-TealS-Elderberry-Scrub-19Oz-538Ml.jpg,image/jpeg,jpg,49858,600,600,8af741c8d03aece7,product_featured,product-1210-dr-teals-shea-butter-almond-oil-scrub-19oz-538ml.jpg,jpg,shopify_product_media,False,NOT_REQUIRED,FOUND,PENDING,
product,166,1211,,166,,https://wholesalebeautyhub.co.uk/wp-content/uploads/2024/04/Msmetics-Aqua-Grip-Primer-50Ml.jpg,2024/04/Msmetics-Aqua-Grip-Primer-50Ml.jpg,image/jpeg,jpg,41170,1500,1500,6569edd77d300ba1,product_featured,product-1211-msmetics-aqua-grip-primer-15ml.jpg,jpg,shopify_product_media,False,NOT_REQUIRED,FOUND,PENDING,
product,237,1215,,237,,https://wholesalebeautyhub.co.uk/wp-content/uploads/2024/04/Dr-TealS-Vitamin-C-Body-Wash-24Fl-710Ml.jpg,2024/04/Dr-TealS-Vitamin-C-Body-Wash-24Fl-710Ml.jpg,image/jpeg,jpg,29277,600,600,669b7ac89923e4a4,product_featured,product-1215-dr-teals-vitamin-c-body-wash-24fl-710ml.jpg,jpg,shopify_product_media,False,NOT_REQUIRED,FOUND,PENDING,
product,236,1216,,236,,https://wholesalebeautyhub.co.uk/wp-content/uploads/2024/04/Dr-TealS-Vitamin-C-Lotion-18Fl-Oz-532Ml.jpg,2024/04/Dr-TealS-Vitamin-C-Lotion-18Fl-Oz-532Ml.jpg,image/jpeg,jpg,16502,569,569,fc484e102dbf6081,product_featured,product-1216-dr-teals-vitamin-c-lotion-18fl-oz-532ml.jpg,jpg,shopify_product_media,False,NOT_REQUIRED,FOUND,PENDING,
product,235,1217,,235,,https://wholesalebeautyhub.co.uk/wp-content/uploads/2024/04/Touch-Ingrown-Hair-Roll-On.webp,2024/04/Touch-Ingrown-Hair-Roll-On.webp,image/webp,webp,10474,600,600,287cf6e09dedeeb6,product_featured,product-1217-touch-ingrown-hair-roll-on.webp,webp,shopify_product_media,False,NOT_REQUIRED,FOUND,PENDING,
product,234,1218,,234,,https://wholesalebeautyhub.co.uk/wp-content/uploads/2024/04/Touch-Bright-And-Clear-Cream-2-Oz-56.7.webp,2024/04/Touch-Bright-And-Clear-Cream-2-Oz-56.7.webp,image/webp,webp,21026,597,597,8f7dd741130e0983,product_featured,product-1218-touch-bright-and-clear-cream-2-oz-56-7.webp,webp,shopify_product_media,False,NOT_REQUIRED,FOUND,PENDING,
product,233,1219,,233,,https://wholesalebeautyhub.co.uk/wp-content/uploads/2024/04/Touch-Acne-Treatment-Gel.jpg,2024/04/Touch-Acne-Treatment-Gel.jpg,image/jpeg,jpg,29059,600,600,a5bd4ab172724a79,product_featured,product-1219-touch-acne-treatment-gel.jpg,jpg,shopify_product_media,False,NOT_REQUIRED,FOUND,PENDING,
product,232,1220,,232,,https://wholesalebeautyhub.co.uk/wp-content/uploads/2024/04/Touch-Kp-Exfoliating-Lotion.webp,2024/04/Touch-Kp-Exfoliating-Lotion.webp,image/webp,webp,15734,600,600,b78e55b26c22f04b,product_featured,product-1220-touch-kp-exfoliating-lotion.webp,webp,shopify_product_media,False,NOT_REQUIRED,FOUND,PENDING,
product,231,1221,,231,,https://wholesalebeautyhub.co.uk/wp-content/uploads/2024/04/Touch-Kp-Exfoliating-Wash-8Floz-237Ml.png,2024/04/Touch-Kp-Exfoliating-Wash-8Floz-237Ml.png,image/png,png,102245,500,500,e96a27a74ed3344e,product_featured,product-1221-touch-kp-exfoliating-wash-8floz-237ml.png,png,shopify_product_media,False,NOT_REQUIRED,FOUND,PENDING,
product,227,8667,,227,,https://wholesalebeautyhub.co.uk/wp-content/uploads/2024/04/IMG_0609.jpeg,2024/04/IMG_0609.jpeg,image/jpeg,jpeg,292279,2500,2500,613d3a4f2f826947,product_featured,product-8667-olay-vitamin-c-brightening-lotion-17floz-502ml.jpeg,jpeg,shopify_product_media,False,NOT_REQUIRED,FOUND,PENDING,
product,227,8666,,227,,https://wholesalebeautyhub.co.uk/wp-content/uploads/2024/04/IMG_0607.jpeg,2024/04/IMG_0607.jpeg,image/jpeg,jpeg,97592,2560,2560,154c35a220e94f49,product_gallery,product-8666-olay-vitamin-c-brightening-lotion-17floz-502ml-02.jpeg,jpeg,shopify_product_media,False,NOT_REQUIRED,FOUND,PENDING,
product,227,8668,,227,,https://wholesalebeautyhub.co.uk/wp-content/uploads/2024/04/IMG_0608.jpeg,2024/04/IMG_0608.jpeg,image/jpeg,jpeg,291991,2500,2500,2590c1b18aa90fc4,product_gallery,product-8668-olay-vitamin-c-brightening-lotion-17floz-502ml-03.jpeg,jpeg,shopify_product_media,False,NOT_REQUIRED,FOUND,PENDING,
product,226,19761,,226,,https://wholesalebeautyhub.co.uk/wp-content/uploads/2024/04/IMG_3895.webp,2024/04/IMG_3895.webp,image/webp,webp,20292,1200,1200,7433cc1430049f1a,product_featured,product-19761-olay-retinol-body-wash-20floz-591ml.webp,webp,shopify_product_media,False,NOT_REQUIRED,FOUND,PENDING,
product,224,1228,,224,,https://wholesalebeautyhub.co.uk/wp-content/uploads/2024/04/Olay-Vitamin-C-Hydrating-Body-Wash-20Fl-Oz-591Ml.jpg,2024/04/Olay-Vitamin-C-Hydrating-Body-Wash-20Fl-Oz-591Ml.jpg,image/jpeg,jpg,14084,600,600,eb864eea3430b104,product_featured,product-1228-olay-vitamin-c-hydrating-body-wash-20fl-oz-591ml.jpg,jpg,shopify_product_media,False,NOT_REQUIRED,FOUND,PENDING,
product,223,1229,,223,,https://wholesalebeautyhub.co.uk/wp-content/uploads/2024/04/Olay-Shea-Butter-Body-Wash-17Floz-502Ml.jpg,2024/04/Olay-Shea-Butter-Body-Wash-17Floz-502Ml.jpg,image/jpeg,jpg,30510,1000,1000,7405a5c327e5a762,product_featured,product-1229-olay-shea-butter-body-wash-17floz-502ml.jpg,jpg,shopify_product_media,False,NOT_REQUIRED,FOUND,PENDING,
product,220,1232,,220,,https://wholesalebeautyhub.co.uk/wp-content/uploads/2024/04/Olay-Itch-Dry-Skin-Body-Wash-20Fl-Oz-591Ml.jpg,2024/04/Olay-Itch-Dry-Skin-Body-Wash-20Fl-Oz-591Ml.jpg,image/jpeg,jpg,12186,500,500,4866652c101b4e11,product_featured,product-1232-olay-itch-dry-skin-body-wash-20fl-oz-591ml.jpg,jpg,shopify_product_media,False,NOT_REQUIRED,FOUND,PENDING,
product,180,1237,,180,,https://wholesalebeautyhub.co.uk/wp-content/uploads/2024/04/Soo-Pro-Hydrating-Sprays-150Ml.jpg,2024/04/Soo-Pro-Hydrating-Sprays-150Ml.jpg,image/jpeg,jpg,16964,600,600,a34620844e827c1e,product_featured,product-1237-sooo-pro-hydrating-mist-setting-spray-150ml.jpg,jpg,shopify_product_media,False,NOT_REQUIRED,FOUND,PENDING,
product,182,1239,,182,,https://wholesalebeautyhub.co.uk/wp-content/uploads/2024/04/Juba-Cosmetics-Setting-Spray-150Ml.jpg,2024/04/Juba-Cosmetics-Setting-Spray-150Ml.jpg,image/jpeg,jpg,35084,1500,1500,12429c0bce41ea42,product_featured,product-1239-juba-cosmetics-setting-spray-150ml.jpg,jpg,shopify_product_media,False,NOT_REQUIRED,FOUND,PENDING,
product,183,1240,,183,,https://wholesalebeautyhub.co.uk/wp-content/uploads/2024/04/Omaricode-Bedew-Hydrating-Serum-30Ml.jpeg,2024/04/Omaricode-Bedew-Hydrating-Serum-30Ml.jpeg,image/jpeg,jpeg,16558,600,600,89b1b9bfb2a536c9,product_featured,product-1240-omaricode-bedew-hydrating-serum-30ml.jpeg,jpeg,shopify_product_media,False,NOT_REQUIRED,FOUND,PENDING,
product,184,1241,,184,,https://wholesalebeautyhub.co.uk/wp-content/uploads/2024/04/Omaricode-Hydrating-Moisture-Maximize-50Ml.jpg,2024/04/Omaricode-Hydrating-Moisture-Maximize-50Ml.jpg,image/jpeg,jpg,57918,1600,1600,b1d48d7c36b22556,product_featured,product-1241-omaricode-hydrating-moisture-maximize-50ml.jpg,jpg,shopify_product_media,False,NOT_REQUIRED,FOUND,PENDING,
product,187,1243,,187,,https://wholesalebeautyhub.co.uk/wp-content/uploads/2024/04/Rummel-Stay-Matte-Spray.jpg,2024/04/Rummel-Stay-Matte-Spray.jpg,image/jpeg,jpg,9683,500,500,1fbeec260cabb3b6,product_featured,product-1243-rummel-stay-matte-spray.jpg,jpg,shopify_product_media,False,NOT_REQUIRED,FOUND,PENDING,
product,188,1244,,188,,https://wholesalebeautyhub.co.uk/wp-content/uploads/2024/04/Rummel-Stay-Matte-Primer.webp,2024/04/Rummel-Stay-Matte-Primer.webp,image/webp,webp,30586,576,576,84fc011897944542,product_featured,product-1244-rimmel-stay-matte-primer.webp,webp,shopify_product_media,False,NOT_REQUIRED,FOUND,PENDING,
product,189,1245,,189,,https://wholesalebeautyhub.co.uk/wp-content/uploads/2024/04/Skin-By-Zaron-Vitamin-C-Brightening-Body-Wash.jpg,2024/04/Skin-By-Zaron-Vitamin-C-Brightening-Body-Wash.jpg,image/jpeg,jpg,41725,680,680,9899a20a953abaf9,product_featured,product-1245-skin-by-zaron-vitamin-c-brightening-body-wash.jpg,jpg,shopify_product_media,False,NOT_REQUIRED,FOUND,PENDING,
product,190,1246,,190,,https://wholesalebeautyhub.co.uk/wp-content/uploads/2024/04/Skin-By-Zaron-Micellar-Cleansing-Water.jpg,2024/04/Skin-By-Zaron-Micellar-Cleansing-Water.jpg,image/jpeg,jpg,17398,500,500,b096772b9710f1fa,product_featured,product-1246-skin-by-zaron-micellar-cleansing-water.jpg,jpg,shopify_product_media,False,NOT_REQUIRED,FOUND,PENDING,
product,191,1247,,191,,https://wholesalebeautyhub.co.uk/wp-content/uploads/2024/04/Skin-By-Zaron-Papaya-Brightening-Body-Wash.jpg,2024/04/Skin-By-Zaron-Papaya-Brightening-Body-Wash.jpg,image/jpeg,jpg,30164,1500,1500,df8c27faf50540e6,product_featured,product-1247-skin-by-zaron-papaya-brightening-body-wash.jpg,jpg,shopify_product_media,False,NOT_REQUIRED,FOUND,PENDING,
product,192,13900,,192,,https://wholesalebeautyhub.co.uk/wp-content/uploads/2024/04/main-product-50-1725059610365.webp,2024/04/main-product-50-1725059610365.webp,image/webp,webp,21334,800,1000,c5ffa23bfc601a80,product_featured,product-13900-skin-by-zaron-brightening-toner.webp,webp,shopify_product_media,False,NOT_REQUIRED,FOUND,PENDING,
product,193,1249,,193,,https://wholesalebeautyhub.co.uk/wp-content/uploads/2024/04/Skin-By-Zaron-Vitamin-Brightening-Lotion.jpg,2024/04/Skin-By-Zaron-Vitamin-Brightening-Lotion.jpg,image/jpeg,jpg,14988,500,500,0be66e91d1f7c5c4,product_featured,product-1249-skin-by-zaron-vitamin-brightening-lotion.jpg,jpg,shopify_product_media,False,NOT_REQUIRED,FOUND,PENDING,
product,194,1250,,194,,https://wholesalebeautyhub.co.uk/wp-content/uploads/2024/04/Skin-By-Zaron-Retinol-Serum.jpg,2024/04/Skin-By-Zaron-Retinol-Serum.jpg,image/jpeg,jpg,43600,800,800,574ecb3d4bf24fa8,product_featured,product-1250-skin-by-zaron-retinol-serum.jpg,jpg,shopify_product_media,False,NOT_REQUIRED,FOUND,PENDING,
product,195,1251,,195,,https://wholesalebeautyhub.co.uk/wp-content/uploads/2024/04/Skin-By-Zaron-Vitamin-Serum.jpg,2024/04/Skin-By-Zaron-Vitamin-Serum.jpg,image/jpeg,jpg,43576,800,800,9bca855a79a59cc0,product_featured,product-1251-skin-by-zaron-vitamin-c-serum.jpg,jpg,shopify_product_media,False,NOT_REQUIRED,FOUND,PENDING,
product,196,7780,,196,,https://wholesalebeautyhub.co.uk/wp-content/uploads/2024/04/IMG-0020.webp,2024/04/IMG-0020.webp,image/webp,webp,46414,2560,2048,7a4879a264c22bcf,product_featured,product-7780-skin-by-zaron-exfoliating-amp-brightening-face-wash.webp,webp,shopify_product_media,False,NOT_REQUIRED,FOUND,PENDING,
product,197,1253,,197,,https://wholesalebeautyhub.co.uk/wp-content/uploads/2024/04/Skin-By-Zaron-Acne-Control-Glow-Wash.webp,2024/04/Skin-By-Zaron-Acne-Control-Glow-Wash.webp,image/webp,webp,4472,500,500,3bd00d422803f373,product_featured,product-1253-skin-by-zaron-acne-control-glow-wash.webp,webp,shopify_product_media,False,NOT_REQUIRED,FOUND,PENDING,
product,199,1254,,199,,https://wholesalebeautyhub.co.uk/wp-content/uploads/2024/04/Zaron-Long-Wear-Gel-Eyeliner.jpg,2024/04/Zaron-Long-Wear-Gel-Eyeliner.jpg,image/jpeg,jpg,60856,600,600,3a8924d94858aeaa,product_featured,product-1254-zaron-long-wear-gel-eyeliner.jpg,jpg,shopify_product_media,False,NOT_REQUIRED,FOUND,PENDING,
product,200,1255,,200,,https://wholesalebeautyhub.co.uk/wp-content/uploads/2024/04/Zaron-Slain-Regenerating-Hydrating-Serum.jpg,2024/04/Zaron-Slain-Regenerating-Hydrating-Serum.jpg,image/jpeg,jpg,31422,790,790,88e450e6fba1f45f,product_featured,product-1255-zaron-slain-regenerating-hydrating-serum.jpg,jpg,shopify_product_media,False,NOT_REQUIRED,FOUND,PENDING,
product,201,1256,,201,,https://wholesalebeautyhub.co.uk/wp-content/uploads/2024/04/Zaron-Lengthening-Mascara.jpg,2024/04/Zaron-Lengthening-Mascara.jpg,image/jpeg,jpg,55369,740,740,d45c35dae5abb6fe,product_featured,product-1256-zaron-lengthening-mascara.jpg,jpg,shopify_product_media,False,NOT_REQUIRED,FOUND,PENDING,
product,202,1257,,202,,https://wholesalebeautyhub.co.uk/wp-content/uploads/2024/04/Zaron-4In1Mascara.jpg,2024/04/Zaron-4In1Mascara.jpg,image/jpeg,jpg,52928,500,500,6184360e14d508e3,product_featured,product-1257-zaron-4in1mascara.jpg,jpg,shopify_product_media,False,NOT_REQUIRED,FOUND,PENDING,
product,208,1258,,208,,https://wholesalebeautyhub.co.uk/wp-content/uploads/2024/04/Wynkkk-Beauty-Lashes-At-First-Sight-16Ml.jpg,2024/04/Wynkkk-Beauty-Lashes-At-First-Sight-16Ml.jpg,image/jpeg,jpg,345462,1600,1600,dcaec19616551f74,product_featured,product-1258-wynkkk-beauty-lashes-at-first-sight-16ml.jpg,jpg,shopify_product_media,False,NOT_REQUIRED,FOUND,PENDING,
product,207,1259,,207,,https://wholesalebeautyhub.co.uk/wp-content/uploads/2024/04/Wynkkk-Beauty-Single-Lashes.jpg,2024/04/Wynkkk-Beauty-Single-Lashes.jpg,image/jpeg,jpg,22460,600,600,c46af63d0c6b46a9,product_featured,product-1259-wynkkk-beauty-single-lashes.jpg,jpg,shopify_product_media,False,NOT_REQUIRED,FOUND,PENDING,
product,214,1262,,214,,https://wholesalebeautyhub.co.uk/wp-content/uploads/2024/04/Led-600-Pro.webp,2024/04/Led-600-Pro.webp,image/webp,webp,61842,1200,1200,36ba643e8078cb32,product_featured,product-1262-led-600-pro-with-tripod-stand.webp,webp,shopify_product_media,False,NOT_REQUIRED,FOUND,PENDING,
product,213,1263,,213,,https://wholesalebeautyhub.co.uk/wp-content/uploads/2024/04/Yn216-Led-Light.jpg,2024/04/Yn216-Led-Light.jpg,image/jpeg,jpg,65980,580,580,7fad3236dfed46f4,product_featured,product-1263-yn216-led-light.jpg,jpg,shopify_product_media,False,NOT_REQUIRED,FOUND,PENDING,
product,204,1267,,204,,https://wholesalebeautyhub.co.uk/wp-content/uploads/2024/04/Zaron-Sheer-Powder-Brush.jpg,2024/04/Zaron-Sheer-Powder-Brush.jpg,image/jpeg,jpg,13347,1000,1000,3cc54e646f0d438a,product_featured,product-1267-zaron-sheer-powder-brush.jpg,jpg,shopify_product_media,False,NOT_REQUIRED,FOUND,PENDING,
product,218,1269,,218,,https://wholesalebeautyhub.co.uk/wp-content/uploads/2024/04/Pvc-Bag.jpg,2024/04/Pvc-Bag.jpg,image/jpeg,jpg,80539,750,750,41ab6b0e379b546d,product_featured,product-1269-pvc-bag.jpg,jpg,shopify_product_media,False,NOT_REQUIRED,FOUND,PENDING,
product,203,1273,,203,,https://wholesalebeautyhub.co.uk/wp-content/uploads/2024/04/Zaron-Liquid-Eyeliner.jpg,2024/04/Zaron-Liquid-Eyeliner.jpg,image/jpeg,jpg,11637,512,512,14e1fca84b98c718,product_featured,product-1273-zaron-liquid-eyeliner.jpg,jpg,shopify_product_media,False,NOT_REQUIRED,FOUND,PENDING,
product,92,1427,,92,,https://wholesalebeautyhub.co.uk/wp-content/uploads/2024/04/Omaricode-Lip-Moisturizing-Oil1.webp,2024/04/Omaricode-Lip-Moisturizing-Oil1.webp,image/webp,webp,693488,2048,2048,f631222cf686899d,product_featured,product-1427-omaricode-lip-moisturizing-oil.webp,webp,shopify_product_media,False,NOT_REQUIRED,FOUND,PENDING,
product,91,1423,,91,,https://wholesalebeautyhub.co.uk/wp-content/uploads/2024/04/Omaricode-Hydrating-Face-Primer-30Ml.webp,2024/04/Omaricode-Hydrating-Face-Primer-30Ml.webp,image/webp,webp,31304,2048,2048,93641b1823918050,product_featured,product-1423-omaricode-hydrating-face-primer-30ml.webp,webp,shopify_product_media,False,NOT_REQUIRED,FOUND,PENDING,
product,1424,1426,,1424,,https://wholesalebeautyhub.co.uk/wp-content/uploads/2024/04/Omaricode-Matte-O-Clock-Primer-30Ml1.webp,2024/04/Omaricode-Matte-O-Clock-Primer-30Ml1.webp,image/webp,webp,1175070,2048,2048,28a342215408afc8,product_featured,product-1426-omaricode-matte-o-clock-primer-30ml.webp,webp,shopify_product_media,False,NOT_REQUIRED,FOUND,PENDING,
product,90,1433,,90,,https://wholesalebeautyhub.co.uk/wp-content/uploads/2024/04/Omaricode-Skin-Mist-100Ml.jpg,2024/04/Omaricode-Skin-Mist-100Ml.jpg,image/jpeg,jpg,281744,2048,2048,2334c25951a6778c,product_featured,product-1433-omaricode-skin-mist-100ml.jpg,jpg,shopify_product_media,False,NOT_REQUIRED,FOUND,PENDING,
product,165,1512,,165,,https://wholesalebeautyhub.co.uk/wp-content/uploads/2024/04/Msmetics-Moisture-Potion-50Ml.webp,2024/04/Msmetics-Moisture-Potion-50Ml.webp,image/webp,webp,36328,1445,1445,1341aed931930c79,product_featured,product-1512-msmetics-moisture-potion-50ml.webp,webp,shopify_product_media,False,NOT_REQUIRED,FOUND,PENDING,
product,164,1513,,164,,https://wholesalebeautyhub.co.uk/wp-content/uploads/2024/04/Msmetics-Moisture-Bomb-50Ml.webp,2024/04/Msmetics-Moisture-Bomb-50Ml.webp,image/webp,webp,32856,1500,1500,186f8777f2e8e959,product_featured,product-1513-msmetics-moisture-bomb-50ml.webp,webp,shopify_product_media,False,NOT_REQUIRED,FOUND,PENDING,
product,162,1515,,162,,https://wholesalebeautyhub.co.uk/wp-content/uploads/2024/04/Hegai-Esther-Makeup-Seal-It.jpg,2024/04/Hegai-Esther-Makeup-Seal-It.jpg,image/jpeg,jpg,29241,1080,1080,0d2cdd8412414e55,product_featured,product-1515-hegai-esther-makeup-seal-it.jpg,jpg,shopify_product_media,False,NOT_REQUIRED,FOUND,PENDING,
product,161,1516,,161,,https://wholesalebeautyhub.co.uk/wp-content/uploads/2024/04/Hegai-Esther-Flash-Pan-Highlighter-Palette.jpeg,2024/04/Hegai-Esther-Flash-Pan-Highlighter-Palette.jpeg,image/jpeg,jpeg,55907,531,531,5ebd161438589bed,product_featured,product-1516-hegai-esther-flash-pan-highlighter-palette.jpeg,jpeg,shopify_product_media,False,NOT_REQUIRED,FOUND,PENDING,
product,160,1517,,160,,https://wholesalebeautyhub.co.uk/wp-content/uploads/2024/04/Nuban-Beauty-11Pcs-Makeup-Brush-Set.webp,2024/04/Nuban-Beauty-11Pcs-Makeup-Brush-Set.webp,image/webp,webp,68414,1024,1024,11b12121387a5af6,product_featured,product-1517-nuban-beauty-11pcs-makeup-brush-set.webp,webp,shopify_product_media,False,NOT_REQUIRED,FOUND,PENDING,
product,159,1518,,159,,https://wholesalebeautyhub.co.uk/wp-content/uploads/2024/04/Nuban-Beauty-Powder-Brush.webp,2024/04/Nuban-Beauty-Powder-Brush-scaled.webp,image/webp,webp,204304,2560,2560,7697c028e1944d46,product_featured,product-1518-nuban-beauty-powder-brush.webp,webp,shopify_product_media,False,NOT_REQUIRED,FOUND,PENDING,
product,156,1520,,156,,https://wholesalebeautyhub.co.uk/wp-content/uploads/2024/04/Yanga-Beauty-Foundation-Brush.webp,2024/04/Yanga-Beauty-Foundation-Brush.webp,image/webp,webp,14026,533,532,1362f54e8f6ce85c,product_featured,product-1520-yanga-beauty-foundation-brush.webp,webp,shopify_product_media,False,NOT_REQUIRED,FOUND,PENDING,
product,155,1521,,155,,https://wholesalebeautyhub.co.uk/wp-content/uploads/2024/04/Yanga-Beauty-Angled-Flat-Brush1.jpg,2024/04/Yanga-Beauty-Angled-Flat-Brush1.jpg,image/jpeg,jpg,14628,1053,1026,35d01bea966b0f42,product_featured,product-1521-yanga-beauty-angled-flat-brush.jpg,jpg,shopify_product_media,False,NOT_REQUIRED,FOUND,PENDING,
product,154,1522,,154,,https://wholesalebeautyhub.co.uk/wp-content/uploads/2024/04/Merak-Cosmetics-Flat-Brush.jpg,2024/04/Merak-Cosmetics-Flat-Brush.jpg,image/jpeg,jpg,31768,1500,1500,ee43da75887e8b05,product_featured,product-1522-merak-cosmetics-flat-brush.jpg,jpg,shopify_product_media,False,NOT_REQUIRED,FOUND,PENDING,
product,153,1523,,153,,https://wholesalebeautyhub.co.uk/wp-content/uploads/2024/04/Merak-Cosmetics-Angled-Brush.jpg,2024/04/Merak-Cosmetics-Angled-Brush.jpg,image/jpeg,jpg,30622,1500,1500,5d18088201ed278e,product_featured,product-1523-merak-cosmetics-angled-brush.jpg,jpg,shopify_product_media,False,NOT_REQUIRED,FOUND,PENDING,
product,146,1534,,146,,https://wholesalebeautyhub.co.uk/wp-content/uploads/2024/04/Beauty-By-Ad-Setting-Powder-Tawny.jpg,2024/04/Beauty-By-Ad-Setting-Powder-Tawny.jpg,image/jpeg,jpg,30381,550,550,75628ce15bdb9d5f,product_featured,product-1534-beauty-by-ad-setting-powder.jpg,jpg,shopify_product_media,False,NOT_REQUIRED,FOUND,PENDING,
product,136,1543,,136,,https://wholesalebeautyhub.co.uk/wp-content/uploads/2024/04/Tm-Essentials-Cheek-Glaze-Palette1.jpg,2024/04/Tm-Essentials-Cheek-Glaze-Palette1.jpg,image/jpeg,jpg,117295,1284,1284,2c42c165bb3e76c7,product_featured,product-1543-tm-essentials-cheek-glaze-palatte.jpg,jpg,shopify_product_media,False,NOT_REQUIRED,FOUND,PENDING,
product,132,1550,,132,,https://wholesalebeautyhub.co.uk/wp-content/uploads/2024/04/Sylvimak-Irresistible-Eyeshadow-Palette1.jpg,2024/04/Sylvimak-Irresistible-Eyeshadow-Palette1.jpg,image/jpeg,jpg,249467,1202,1269,aed2d7f304389e37,product_featured,product-1550-sylvimak-irresistable-eyeshadow-pallatte.jpg,jpg,shopify_product_media,False,NOT_REQUIRED,FOUND,PENDING,
product,131,1551,,131,,https://wholesalebeautyhub.co.uk/wp-content/uploads/2024/04/Tehila-Black-Magic-Gel-Liner-1.webp,2024/04/Tehila-Black-Magic-Gel-Liner-1.webp,image/webp,webp,165440,894,894,00afea002a770e6c,product_featured,product-1551-tehila-black-magic-gel-liner.webp,webp,shopify_product_media,False,NOT_REQUIRED,FOUND,PENDING,
product,129,1553,,129,,https://wholesalebeautyhub.co.uk/wp-content/uploads/2024/04/Blossom-Afro-Chic-Lip-Palette.jpg,2024/04/Blossom-Afro-Chic-Lip-Palette.jpg,image/jpeg,jpg,236568,976,976,d9b8fcc9836e880f,product_featured,product-1553-blossom-afro-chic-lip-palette.jpg,jpg,shopify_product_media,False,NOT_REQUIRED,FOUND,PENDING,
product,128,1554,,128,,https://wholesalebeautyhub.co.uk/wp-content/uploads/2024/04/Blossom-35-Color-Matte-And-Cream-Eyeshadow-Palette.jpg,2024/04/Blossom-35-Color-Matte-And-Cream-Eyeshadow-Palette.jpg,image/jpeg,jpg,205154,734,734,aef28ece5a9717ff,product_featured,product-1554-blossom-35-color-matte-and-cream-eyeshadow-palette.jpg,jpg,shopify_product_media,False,NOT_REQUIRED,FOUND,PENDING,
product,126,1555,,126,,https://wholesalebeautyhub.co.uk/wp-content/uploads/2024/04/Blossom-African-Queen-Palette.jpg,2024/04/Blossom-African-Queen-Palette.jpg,image/jpeg,jpg,399312,1412,1412,54a66b02a9035fd3,product_featured,product-1555-blossom-african-queen-palette.jpg,jpg,shopify_product_media,False,NOT_REQUIRED,FOUND,PENDING,
product,125,1556,,125,,https://wholesalebeautyhub.co.uk/wp-content/uploads/2024/04/Vee-Beauty-12-In-1-Powder-Palette.jpg,2024/04/Vee-Beauty-12-In-1-Powder-Palette.jpg,image/jpeg,jpg,54025,1080,1080,95421b42d2a56d7c,product_featured,product-1556-vee-beauty-12-in-1-powder-palette.jpg,jpg,shopify_product_media,False,NOT_REQUIRED,FOUND,PENDING,
product,124,1557,,124,,https://wholesalebeautyhub.co.uk/wp-content/uploads/2024/04/Vee-Beauty-9-In-1-Powder-Palette.jpg,2024/04/Vee-Beauty-9-In-1-Powder-Palette.jpg,image/jpeg,jpg,28728,600,600,2fa7ac40c7b16099,product_featured,product-1557-vee-beauty-9-in-1-powder-palette.jpg,jpg,shopify_product_media,False,NOT_REQUIRED,FOUND,PENDING,
product,123,1558,,123,,https://wholesalebeautyhub.co.uk/wp-content/uploads/2024/04/Vee-Beauty-Be-My-Val-Palette.webp,2024/04/Vee-Beauty-Be-My-Val-Palette.webp,image/webp,webp,50034,533,638,90d07c50836a49ac,product_featured,product-1558-vee-beauty-be-my-val-palette.webp,webp,shopify_product_media,False,NOT_REQUIRED,FOUND,PENDING,
product,87,1563,,87,,https://wholesalebeautyhub.co.uk/wp-content/uploads/2024/04/Soo-Pro-Lip-Gloss.jpg,2024/04/Soo-Pro-Lip-Gloss.jpg,image/jpeg,jpg,16924,500,500,573f6610a35b3ad8,product_featured,product-1563-sooo-pro-lip-gloss.jpg,jpg,shopify_product_media,False,NOT_REQUIRED,FOUND,PENDING,
product,86,1569,,86,,https://wholesalebeautyhub.co.uk/wp-content/uploads/2024/04/Soo-Pro-Lipstain.jpg,2024/04/Soo-Pro-Lipstain.jpg,image/jpeg,jpg,15581,600,600,8ce365f20894b3d9,product_featured,product-1569-sooo-pro-lipstain.jpg,jpg,shopify_product_media,False,NOT_REQUIRED,FOUND,PENDING,
product,85,1578,,85,,https://wholesalebeautyhub.co.uk/wp-content/uploads/2024/04/Soo-Pro-Highlighter-shades1.jpg,2024/04/Soo-Pro-Highlighter-shades1.jpg,image/jpeg,jpg,346662,1440,1681,ce53d1b7c06b4bcf,product_featured,product-1578-sooo-pro-highlighter.jpg,jpg,shopify_product_media,False,NOT_REQUIRED,FOUND,PENDING,
product,85,1578,,85,,https://wholesalebeautyhub.co.uk/wp-content/uploads/2024/04/Soo-Pro-Highlighter-shades1.jpg,2024/04/Soo-Pro-Highlighter-shades1.jpg,image/jpeg,jpg,346662,1440,1681,ce53d1b7c06b4bcf,product_featured,product-1578-sooo-pro-highlighter-02.jpg,jpg,shopify_product_media,False,NOT_REQUIRED,FOUND,PENDING,
product,84,1579,,84,,https://wholesalebeautyhub.co.uk/wp-content/uploads/2024/04/Soo-Pro-Seal-It-Spray.webp,2024/04/Soo-Pro-Seal-It-Spray.webp,image/webp,webp,18332,1000,1000,03f43fbfffbc9315,product_featured,product-1579-sooo-pro-seal-it-spray.webp,webp,shopify_product_media,False,NOT_REQUIRED,FOUND,PENDING,
product,82,1583,,82,,https://wholesalebeautyhub.co.uk/wp-content/uploads/2024/04/Milani-Powder.png,2024/04/Milani-Powder.png,image/png,png,618912,1080,1080,0a0c4db035dda066,product_featured,product-1583-milani-powder.png,png,shopify_product_media,False,NOT_REQUIRED,FOUND,PENDING,
product,82,1584,,82,,https://wholesalebeautyhub.co.uk/wp-content/uploads/2024/04/Milani-Powder-shades1.jpg,2024/04/Milani-Powder-shades1.jpg,image/jpeg,jpg,76581,1080,1080,babe1af96bda64b9,product_gallery,product-1584-milani-powder-02.jpg,jpg,shopify_product_media,False,NOT_REQUIRED,FOUND,PENDING,
product,76,1598,,76,,https://wholesalebeautyhub.co.uk/wp-content/uploads/2024/04/Sephora-Powder.jpg,2024/04/Sephora-Powder.jpg,image/jpeg,jpg,131109,1200,1200,d67fc7d3b05dc7e7,product_featured,product-1598-sephora-microsmooth-multi-tasking-baked-face-powder-foundati.jpg,jpg,shopify_product_media,False,NOT_REQUIRED,FOUND,PENDING,
product,76,1599,,76,,https://wholesalebeautyhub.co.uk/wp-content/uploads/2024/04/Sephora-Powder-shades1.jpg,2024/04/Sephora-Powder-shades1.jpg,image/jpeg,jpg,277737,1440,1557,8b30ddeab8412e4e,product_gallery,product-1599-sephora-microsmooth-multi-tasking-baked-face-powder-foundati-02.jpg,jpg,shopify_product_media,False,NOT_REQUIRED,FOUND,PENDING,
product,69,1608,,69,,https://wholesalebeautyhub.co.uk/wp-content/uploads/2024/04/Msmetics-14In1-Lash-Set-Betrothed.jpg,2024/04/Msmetics-14In1-Lash-Set-Betrothed.jpg,image/jpeg,jpg,483404,951,951,a3b4a726fd9f47c6,product_featured,product-1608-msmetics-14in1-lash-set.jpg,jpg,shopify_product_media,False,NOT_REQUIRED,FOUND,PENDING,
product,68,1613,,68,,https://wholesalebeautyhub.co.uk/wp-content/uploads/2024/04/Msmetics-Power-Seal-Sweat-And-Oil.webp,2024/04/Msmetics-Power-Seal-Sweat-And-Oil.webp,image/webp,webp,17196,1080,1080,3f619a07d212bc94,product_featured,product-1613-msmetics-power-seal-sweat-and-oil.webp,webp,shopify_product_media,False,NOT_REQUIRED,FOUND,PENDING,
product,67,1617,,67,,https://wholesalebeautyhub.co.uk/wp-content/uploads/2024/04/Msmetics-Sealowatt.jpg,2024/04/Msmetics-Sealowatt.jpg,image/jpeg,jpg,28417,600,600,91026b6dde2034cd,product_featured,product-1617-msmetics-sealowatt.jpg,jpg,shopify_product_media,False,NOT_REQUIRED,FOUND,PENDING,
product,66,3975,,66,,https://wholesalebeautyhub.co.uk/wp-content/uploads/2024/04/4B15A2D3-2014-4E61-B5FC-A66EE1E36A21.jpeg,2024/04/4B15A2D3-2014-4E61-B5FC-A66EE1E36A21.jpeg,image/jpeg,jpeg,423897,900,912,5a52e50aa0aa7ab2,product_featured,product-3975-msmetics-glazed-dewy-balm.jpeg,jpeg,shopify_product_media,False,NOT_REQUIRED,FOUND,PENDING,
product,66,3975,,66,,https://wholesalebeautyhub.co.uk/wp-content/uploads/2024/04/4B15A2D3-2014-4E61-B5FC-A66EE1E36A21.jpeg,2024/04/4B15A2D3-2014-4E61-B5FC-A66EE1E36A21.jpeg,image/jpeg,jpeg,423897,900,912,5a52e50aa0aa7ab2,product_featured,product-3975-msmetics-glazed-dewy-balm-02.jpeg,jpeg,shopify_product_media,False,NOT_REQUIRED,FOUND,PENDING,
product,278,2753,,278,,https://wholesalebeautyhub.co.uk/wp-content/uploads/2024/08/Skin-Aqua-Sunscreen-140G.jpg,2024/08/Skin-Aqua-Sunscreen-140G.jpg,image/jpeg,jpg,17712,700,700,7ef9dc17d9182dac,product_featured,product-2753-skin-aqua-sunscreen-140g.jpg,jpg,shopify_product_media,False,NOT_REQUIRED,FOUND,PENDING,
product,277,2754,,277,,https://wholesalebeautyhub.co.uk/wp-content/uploads/2024/08/Skin-Aqua-new-package-110g.jpg,2024/08/Skin-Aqua-new-package-110g.jpg,image/jpeg,jpg,117750,828,1001,9c5cd76162972ddc,product_featured,product-2754-skin-aqua-sunscreen-110g.jpg,jpg,shopify_product_media,False,NOT_REQUIRED,FOUND,PENDING,
product,209,1643,,209,,https://wholesalebeautyhub.co.uk/wp-content/uploads/2024/04/Wynkkk-Beauty-Alabaster-Box-16Ml1.jpg,2024/04/Wynkkk-Beauty-Alabaster-Box-16Ml1.jpg,image/jpeg,jpg,129155,720,720,8f0d23f87f2eb36f,product_featured,product-1643-wynkk-beauty-alabaster-box-16ml.jpg,jpg,shopify_product_media,False,NOT_REQUIRED,FOUND,PENDING,
product,186,1646,,186,,https://wholesalebeautyhub.co.uk/wp-content/uploads/2024/04/OCosmetics-Brush-Bath.jpg,2024/04/OCosmetics-Brush-Bath.jpg,image/jpeg,jpg,290975,563,563,7d81342e81f80725,product_featured,product-1646-o-cosmetics-brush-bath.jpg,jpg,shopify_product_media,False,NOT_REQUIRED,FOUND,PENDING,
product,178,1647,,178,,https://wholesalebeautyhub.co.uk/wp-content/uploads/2024/04/Ferrarucci-All-Nighter-Fixing-Spray-200Ml.jpg,2024/04/Ferrarucci-All-Nighter-Fixing-Spray-200Ml.jpg,image/jpeg,jpg,29387,800,800,44b03f6ce21340bf,product_featured,product-1647-ferrarucci-all-nighter-fixer-spray-200ml.jpg,jpg,shopify_product_media,False,NOT_REQUIRED,FOUND,PENDING,
product,1813,1417,,1813,,https://wholesalebeautyhub.co.uk/wp-content/uploads/2024/04/Zaron-Luxurious-Lip-Gloss.jpeg,2024/04/Zaron-Luxurious-Lip-Gloss.jpeg,image/jpeg,jpeg,31046,600,600,0c56eef532f06a98,product_featured,product-1417-zaron-luxurious-lip-gloss.jpeg,jpeg,shopify_product_media,False,NOT_REQUIRED,FOUND,PENDING,
product,1821,1824,,1821,,https://wholesalebeautyhub.co.uk/wp-content/uploads/2024/06/Dr-Teals-Bath-Body-Oil-Eucalyptus.webp,2024/06/Dr-Teals-Bath-Body-Oil-Eucalyptus.webp,image/webp,webp,97452,2400,2400,890c7c9e5074039f,product_featured,product-1824-dr-teals-bath-amp-body-eucalyptus-and-spearmint-oil-8-7fl.webp,webp,shopify_product_media,False,NOT_REQUIRED,FOUND,PENDING,
product,1820,1826,,1820,,https://wholesalebeautyhub.co.uk/wp-content/uploads/2024/06/Dr-Teals-Bath-Body-Shea-Butter-and-Almond-Oil.webp,2024/06/Dr-Teals-Bath-Body-Shea-Butter-and-Almond-Oil.webp,image/webp,webp,109362,2400,2400,2198877228e18700,product_featured,product-1826-dr-teals-bath-amp-body-shea-butter-and-almond-oil-8-7fl.webp,webp,shopify_product_media,False,NOT_REQUIRED,FOUND,PENDING,
product,1819,1827,,1819,,https://wholesalebeautyhub.co.uk/wp-content/uploads/2024/06/Dr-Teals-Bath-Body-lavender-Oil.jpg,2024/06/Dr-Teals-Bath-Body-lavender-Oil.jpg,image/jpeg,jpg,31209,700,700,c9f1c9d081062905,product_featured,product-1827-dr-teals-bath-amp-body-lavender-oil-8-7fl.jpg,jpg,shopify_product_media,False,NOT_REQUIRED,FOUND,PENDING,
product,242,1825,,242,,https://wholesalebeautyhub.co.uk/wp-content/uploads/2024/06/Dr-Teals-Bath-Body-coconut-Oil.jpg,2024/06/Dr-Teals-Bath-Body-coconut-Oil.jpg,image/jpeg,jpg,77622,800,800,eb40f66608b964d6,product_featured,product-1825-dr-teals-bath-amp-amp-body-coconut-oil-8-7fl.jpg,jpg,shopify_product_media,False,NOT_REQUIRED,FOUND,PENDING,
product,1814,1828,,1814,,https://wholesalebeautyhub.co.uk/wp-content/uploads/2024/06/Zaron-Powder-Brush.jpg,2024/06/Zaron-Powder-Brush.jpg,image/jpeg,jpg,8085,500,500,bee6c4aebd06d46b,product_featured,product-1828-zaron-powder-brush.jpg,jpg,shopify_product_media,False,NOT_REQUIRED,FOUND,PENDING,
product,1800,1829,,1800,,https://wholesalebeautyhub.co.uk/wp-content/uploads/2024/06/Vaseline-Gluta-Hya-Flawless-Glow-300Ml.jpg,2024/06/Vaseline-Gluta-Hya-Flawless-Glow-300Ml.jpg,image/jpeg,jpg,29998,700,700,c94cac64ffd1afbf,product_featured,product-1829-vaseline-glutha-hya-flawless-glow-200ml.jpg,jpg,shopify_product_media,False,NOT_REQUIRED,FOUND,PENDING,
product,1806,1833,,1806,,https://wholesalebeautyhub.co.uk/wp-content/uploads/2024/05/Viange-Eyeshadow-Base.webp,2024/05/Viange-Eyeshadow-Base.webp,image/webp,webp,22618,1024,1024,8071211b1f81a39c,product_featured,product-1833-viange-eyeshadow-base.webp,webp,shopify_product_media,False,NOT_REQUIRED,FOUND,PENDING,
product,1805,1835,,1805,,https://wholesalebeautyhub.co.uk/wp-content/uploads/2024/05/Vee-Beauty-Magic-Cover-Concealer.jpg,2024/05/Vee-Beauty-Magic-Cover-Concealer.jpg,image/jpeg,jpg,90700,1080,1080,561ee66bfead5469,product_featured,product-1835-vee-beauty-magic-cover-concealer.jpg,jpg,shopify_product_media,False,NOT_REQUIRED,FOUND,PENDING,
product,1804,24659,,1804,,https://wholesalebeautyhub.co.uk/wp-content/uploads/2024/05/IMG_7611.webp,2024/05/IMG_7611.webp,image/webp,webp,13278,600,600,5c1f6926a1371f3d,product_featured,product-24659-vee-beauty-paint-my-world-lip-palette-warm.webp,webp,shopify_product_media,False,NOT_REQUIRED,FOUND,PENDING,
product,1803,1837,,1803,,https://wholesalebeautyhub.co.uk/wp-content/uploads/2024/05/Vee-Beauty-Girls-Night-Out-2-Blush-Palette.jpg,2024/05/Vee-Beauty-Girls-Night-Out-2-Blush-Palette.jpg,image/jpeg,jpg,179470,1080,1080,4bebaf0b536b8e49,product_featured,product-1837-vee-beauty-girls-night-out-2-blush-palette.jpg,jpg,shopify_product_media,False,NOT_REQUIRED,FOUND,PENDING,
product,1802,1838,,1802,,https://wholesalebeautyhub.co.uk/wp-content/uploads/2024/05/Vee-Beauty-8In1-Powder-Palette.jpg,2024/05/Vee-Beauty-8In1-Powder-Palette.jpg,image/jpeg,jpg,25089,600,600,4a3f31a3f0689ffc,product_featured,product-1838-vee-beauty-8in1-powder-palette.jpg,jpg,shopify_product_media,False,NOT_REQUIRED,FOUND,PENDING,
product,1801,1839,,1801,,https://wholesalebeautyhub.co.uk/wp-content/uploads/2024/05/Vee-Beauty-6In1-Powder-Palette.jpg,2024/05/Vee-Beauty-6In1-Powder-Palette.jpg,image/jpeg,jpg,51501,1080,1080,4bc510dcf9064e10,product_featured,product-1839-vee-beauty-6in1-powder-palette.jpg,jpg,shopify_product_media,False,NOT_REQUIRED,FOUND,PENDING,
product,1799,11824,,1799,,https://wholesalebeautyhub.co.uk/wp-content/uploads/2024/05/71FXbkVhMkL._AC_SX679_-1.jpg,2024/05/71FXbkVhMkL._AC_SX679_-1.jpg,image/jpeg,jpg,82482,679,1553,d2f85c96af04563c,product_featured,product-11824-vaseline-glutha-hya-dewy-radiance-200ml.jpg,jpg,shopify_product_media,False,NOT_REQUIRED,FOUND,PENDING,
product,1798,1842,,1798,,https://wholesalebeautyhub.co.uk/wp-content/uploads/2024/05/Traingle-Powder-Puff.webp,2024/05/Traingle-Powder-Puff.webp,image/webp,webp,14562,1000,1000,189be32aa73b0c09,product_featured,product-1842-triangle-powder-puff.webp,webp,shopify_product_media,False,NOT_REQUIRED,FOUND,PENDING,
product,1797,1843,,1797,,https://wholesalebeautyhub.co.uk/wp-content/uploads/2024/05/tiam-vita-b3-new.jpg,2024/05/tiam-vita-b3-new.jpg,image/jpeg,jpg,21058,700,700,cce2f978e47c9043,product_featured,product-1843-tiam-vita-b3-source-40ml.jpg,jpg,shopify_product_media,False,NOT_REQUIRED,FOUND,PENDING,
product,1796,1844,,1796,,https://wholesalebeautyhub.co.uk/wp-content/uploads/2024/05/Tiam-Snail-Azulence-Water-Essence-180Ml.jpg,2024/05/Tiam-Snail-Azulence-Water-Essence-180Ml.jpg,image/jpeg,jpg,17849,700,700,04de9bb5951943c2,product_featured,product-1844-tiam-snail-azulence-water-essence-180ml.jpg,jpg,shopify_product_media,False,NOT_REQUIRED,FOUND,PENDING,
product,1795,1845,,1795,,https://wholesalebeautyhub.co.uk/wp-content/uploads/2024/05/The-Ordinary-Retinol-Serum-1-30Ml.avif,2024/05/The-Ordinary-Retinol-Serum-1-30Ml.avif,image/avif,avif,29680,1500,1500,7987158c124311aa,product_featured,product-1845-the-ordinary-retinol-serum-0-5-30ml.webp,webp,shopify_product_media,True,NOT_STARTED,FOUND,PENDING,
product,1794,1846,,1794,,https://wholesalebeautyhub.co.uk/wp-content/uploads/2024/05/The-Ordinary-Multi-Peptide-Eye-Serum-15Ml.jpg,2024/05/The-Ordinary-Multi-Peptide-Eye-Serum-15Ml.jpg,image/jpeg,jpg,509570,1750,1750,9967e685882d77a1,product_featured,product-1846-the-ordinary-multi-peptide-eye-serum-15ml.jpg,jpg,shopify_product_media,False,NOT_REQUIRED,FOUND,PENDING,
product,1793,1847,,1793,,https://wholesalebeautyhub.co.uk/wp-content/uploads/2024/05/The-Ordinary-Glycolic-Acid-100Ml.webp,2024/05/The-Ordinary-Glycolic-Acid-100Ml.webp,image/webp,webp,18936,800,800,a3924ec663c3c816,product_featured,product-1847-the-ordinary-glycolic-acid-toner-240ml.webp,webp,shopify_product_media,False,NOT_REQUIRED,FOUND,PENDING,
product,1780,1848,,1780,,https://wholesalebeautyhub.co.uk/wp-content/uploads/2024/05/Simple-Hydrating-Light-Moisturizer-125Ml.jpg,2024/05/Simple-Hydrating-Light-Moisturizer-125Ml.jpg,image/jpeg,jpg,24769,700,700,3a43ceae29c7e62e,product_featured,product-1848-simple-replenishing-rich-moisturizer-125ml.jpg,jpg,shopify_product_media,False,NOT_REQUIRED,FOUND,PENDING,
product,1778,1850,,1778,,https://wholesalebeautyhub.co.uk/wp-content/uploads/2024/05/Paula-Beauty-Green-Pencil.jpg,2024/05/Paula-Beauty-Green-Pencil.jpg,image/jpeg,jpg,44834,1600,1600,a7546d2900f69a4b,product_featured,product-1850-paula-beauty-green-pencil.jpg,jpg,shopify_product_media,False,NOT_REQUIRED,FOUND,PENDING,
product,1777,1851,,1777,,https://wholesalebeautyhub.co.uk/wp-content/uploads/2024/05/Paula-Beauty-Blue-Pencil.jpg,2024/05/Paula-Beauty-Blue-Pencil.jpg,image/jpeg,jpg,45220,1600,1600,ee84219c3af55ce2,product_featured,product-1851-paula-beauty-blue-pencil.jpg,jpg,shopify_product_media,False,NOT_REQUIRED,FOUND,PENDING,
product,1776,1852,,1776,,https://wholesalebeautyhub.co.uk/wp-content/uploads/2024/05/paulabeautyblack-600x600-1.jpg,2024/05/paulabeautyblack-600x600-1.jpg,image/jpeg,jpg,19778,600,600,f71fbb57fa6dd237,product_featured,product-1852-paula-beauty-black-pencil.jpg,jpg,shopify_product_media,False,NOT_REQUIRED,FOUND,PENDING,
product,1775,1853,,1775,,https://wholesalebeautyhub.co.uk/wp-content/uploads/2024/05/Panoxyl-Acne-Creamy-Wash-4-Benzoyl-Peroxide-170G.jpg,2024/05/Panoxyl-Acne-Creamy-Wash-4-Benzoyl-Peroxide-170G.jpg,image/jpeg,jpg,35424,700,700,91cfa1baabbc5ef6,product_featured,product-1853-panoxyl-acne-creamy-wash-4-benzoyl-peroxide.jpg,jpg,shopify_product_media,False,NOT_REQUIRED,FOUND,PENDING,
product,1774,1854,,1774,,https://wholesalebeautyhub.co.uk/wp-content/uploads/2024/05/Panoxyl-Acne-Creamy-Wash-10-Benzoyl-Peroxide-170G.jpg,2024/05/Panoxyl-Acne-Creamy-Wash-10-Benzoyl-Peroxide-170G.jpg,image/jpeg,jpg,2177734,2000,2000,1d8a824eab7a1f41,product_featured,product-1854-panoxyl-acne-foaming-wash-10-benzoyl-peroxide.jpg,jpg,shopify_product_media,False,NOT_REQUIRED,FOUND,PENDING,
product,1773,1855,,1773,,https://wholesalebeautyhub.co.uk/wp-content/uploads/2024/05/Omaricode-Skin-Mist-Matte-2.webp,2024/05/Omaricode-Skin-Mist-Matte-2.webp,image/webp,webp,14024,708,708,7ebbf09e9faf6b37,product_featured,product-1855-omaricode-skin-mist-matte.webp,webp,shopify_product_media,False,NOT_REQUIRED,FOUND,PENDING,
product,1772,2425,,1772,,https://wholesalebeautyhub.co.uk/wp-content/uploads/2024/08/Olay-Retinol-Body-Lotion.webp,2024/08/Olay-Retinol-Body-Lotion.webp,image/webp,webp,66030,2000,2000,e78e4febca4f9c35,product_featured,product-2425-olay-retinol-body-lotion-17floz-502ml.webp,webp,shopify_product_media,False,NOT_REQUIRED,FOUND,PENDING,
product,1772,8669,,1772,,https://wholesalebeautyhub.co.uk/wp-content/uploads/2024/04/IMG_0611.jpeg,2024/04/IMG_0611.jpeg,image/jpeg,jpeg,95232,2560,2560,bb2d7951f89f00b4,product_gallery,product-8669-olay-retinol-body-lotion-17floz-502ml-02.jpeg,jpeg,shopify_product_media,False,NOT_REQUIRED,FOUND,PENDING,
product,1772,8670,,1772,,https://wholesalebeautyhub.co.uk/wp-content/uploads/2024/04/IMG_0612.jpeg,2024/04/IMG_0612.jpeg,image/jpeg,jpeg,260430,2500,2500,b259e6ace6022221,product_gallery,product-8670-olay-retinol-body-lotion-17floz-502ml-03.jpeg,jpeg,shopify_product_media,False,NOT_REQUIRED,FOUND,PENDING,
product,1771,1858,,1771,,https://wholesalebeautyhub.co.uk/wp-content/uploads/2024/05/Olay-Niacinamide-Body-Wash.jpg,2024/05/Olay-Niacinamide-Body-Wash.jpg,image/jpeg,jpg,21688,600,600,15affb5ff3bd2830,product_featured,product-1858-olay-niacinamide-body-wash-20floz-591ml.jpg,jpg,shopify_product_media,False,NOT_REQUIRED,FOUND,PENDING,
product,1770,1859,,1770,,https://wholesalebeautyhub.co.uk/wp-content/uploads/2024/05/Olay-Niacinamide-Body-Lotion.jpg,2024/05/Olay-Niacinamide-Body-Lotion.jpg,image/jpeg,jpg,12032,500,500,8279eaae05ccac8b,product_featured,product-1859-olay-niacinamide-body-lotion-17floz-502ml.jpg,jpg,shopify_product_media,False,NOT_REQUIRED,FOUND,PENDING,
product,1763,1862,,1763,,https://wholesalebeautyhub.co.uk/wp-content/uploads/2024/05/Naturium-Vit-C-Complex-Serum-30Ml.webp,2024/05/Naturium-Vit-C-Complex-Serum-30Ml.webp,image/webp,webp,18032,600,600,3871c59e933333d3,product_featured,product-1862-naturium-vit-c-complex-face-serum.webp,webp,shopify_product_media,False,NOT_REQUIRED,FOUND,PENDING,
product,1762,1863,,1762,,https://wholesalebeautyhub.co.uk/wp-content/uploads/2024/05/Naturium-Vit-C-Complex-Cleanser-210.webp,2024/05/Naturium-Vit-C-Complex-Cleanser-210.webp,image/webp,webp,57966,2000,2000,caa6a6e54c7dcb9b,product_featured,product-1863-naturium-vit-c-complex-face-cleanser-210.webp,webp,shopify_product_media,False,NOT_REQUIRED,FOUND,PENDING,
product,1761,1864,,1761,,https://wholesalebeautyhub.co.uk/wp-content/uploads/2024/05/Naturium-The-Smoother-Glycolic-Acid-Body-Wash-500Ml.webp,2024/05/Naturium-The-Smoother-Glycolic-Acid-Body-Wash-500Ml.webp,image/webp,webp,26128,1500,1500,55a0e569857cf0ac,product_featured,product-1864-naturium-the-smoother-glycolic-acid-body-wash-500ml.webp,webp,shopify_product_media,False,NOT_REQUIRED,FOUND,PENDING,
product,1760,1865,,1760,,https://wholesalebeautyhub.co.uk/wp-content/uploads/2024/05/Naturium-The-Smoother-Glycolic-Acid-Body-Lotion-234Ml.webp,2024/05/Naturium-The-Smoother-Glycolic-Acid-Body-Lotion-234Ml.webp,image/webp,webp,54060,2000,2000,d56cf50f599bf405,product_featured,product-1865-naturium-the-smoother-glycolic-acid-body-lotion-234ml.webp,webp,shopify_product_media,False,NOT_REQUIRED,FOUND,PENDING,
product,1759,1867,,1759,,https://wholesalebeautyhub.co.uk/wp-content/uploads/2024/05/Naturium-The-Perfector-Salicylic-Acid-Body-Wash-500Ml.webp,2024/05/Naturium-The-Perfector-Salicylic-Acid-Body-Wash-500Ml.webp,image/webp,webp,39390,2000,2000,0994c0b2f564c768,product_featured,product-1867-naturium-the-perfector-salicylic-acid-body-wash-500ml.webp,webp,shopify_product_media,False,NOT_REQUIRED,FOUND,PENDING,
product,1758,1869,,1758,,https://wholesalebeautyhub.co.uk/wp-content/uploads/2024/05/Naturium-The-Brightener-Vitamin-C-Body-Wash-500Ml.webp,2024/05/Naturium-The-Brightener-Vitamin-C-Body-Wash-500Ml.webp,image/webp,webp,23058,1400,1400,6f945d380467cb80,product_featured,product-1869-naturium-the-brightener-vitamin-c-body-wash-500ml.webp,webp,shopify_product_media,False,NOT_REQUIRED,FOUND,PENDING,
product,1757,1870,,1757,,https://wholesalebeautyhub.co.uk/wp-content/uploads/2024/05/Naturium-Glow-Getter-Multi-Oil-Body-Wash-500Ml.jpg,2024/05/Naturium-Glow-Getter-Multi-Oil-Body-Wash-500Ml.jpg,image/jpeg,jpg,67002,2000,2000,dcaa5dc9a0063a7a,product_featured,product-1870-naturium-glow-getter-multi-oil-body-wash-500ml.jpg,jpg,shopify_product_media,False,NOT_REQUIRED,FOUND,PENDING,
product,1756,1871,,1756,,https://wholesalebeautyhub.co.uk/wp-content/uploads/2024/05/Naturium-Glow-Getter-Multi-Oil-Body-Butter-232Ml.jpg,2024/05/Naturium-Glow-Getter-Multi-Oil-Body-Butter-232Ml.jpg,image/jpeg,jpg,48570,512,512,1704dbc2799500c2,product_featured,product-1871-naturium-glow-getter-multi-oil-body-butter-232ml.jpg,jpg,shopify_product_media,False,NOT_REQUIRED,FOUND,PENDING,
product,1755,1872,,1755,,https://wholesalebeautyhub.co.uk/wp-content/uploads/2024/05/Naturium-Bio-Lipid-Restoring-Body-Lotion-414Ml.jpg,2024/05/Naturium-Bio-Lipid-Restoring-Body-Lotion-414Ml.jpg,image/jpeg,jpg,73678,1500,1500,b8359b191a62bc98,product_featured,product-1872-naturium-bio-lipid-restoring-body-lotion-414ml.jpg,jpg,shopify_product_media,False,NOT_REQUIRED,FOUND,PENDING,
product,1754,1873,,1754,,https://wholesalebeautyhub.co.uk/wp-content/uploads/2024/05/Msmetics-Sealowatte-Spray-Velvet.jpg,2024/05/Msmetics-Sealowatte-Spray-Velvet.jpg,image/jpeg,jpg,53412,1500,1500,c52b0b502b253e61,product_featured,product-1873-msmetics-sealowatte-spray-velvet.jpg,jpg,shopify_product_media,False,NOT_REQUIRED,FOUND,PENDING,
product,1753,1874,,1753,,https://wholesalebeautyhub.co.uk/wp-content/uploads/2024/05/Msmetics-Sealowatte-Spray-Matte.jpg,2024/05/Msmetics-Sealowatte-Spray-Matte.jpg,image/jpeg,jpg,60413,1500,1500,84152ef4899810b5,product_featured,product-1874-msmetics-sealowatte-spray-matte.jpg,jpg,shopify_product_media,False,NOT_REQUIRED,FOUND,PENDING,
product,1752,1875,,1752,,https://wholesalebeautyhub.co.uk/wp-content/uploads/2024/05/Msmetics-Power-Seal-150Ml.jpg,2024/05/Msmetics-Power-Seal-150Ml.jpg,image/jpeg,jpg,30786,600,600,290a72f5ecbcdb86,product_featured,product-1875-msmetics-power-seal-150ml.jpg,jpg,shopify_product_media,False,NOT_REQUIRED,FOUND,PENDING,
product,1750,1878,,1750,,https://wholesalebeautyhub.co.uk/wp-content/uploads/2024/05/Msmetics-Aqua-Grip-Primer-15Ml-Matte.jpg,2024/05/Msmetics-Aqua-Grip-Primer-15Ml-Matte.jpg,image/jpeg,jpg,41170,1500,1500,2dc250912cf86bd5,product_featured,product-1878-msmetics-aqua-grip-primer-50ml-matte.jpg,jpg,shopify_product_media,False,NOT_REQUIRED,FOUND,PENDING,
product,1746,1879,,1746,,https://wholesalebeautyhub.co.uk/wp-content/uploads/2024/05/Merak-Green-Pencil-1.jpg,2024/05/Merak-Green-Pencil-1.jpg,image/jpeg,jpg,262756,1021,1021,45d54a0512b2a7b2,product_featured,product-1879-merak-green-pencil.jpg,jpg,shopify_product_media,False,NOT_REQUIRED,FOUND,PENDING,
product,1745,1880,,1745,,https://wholesalebeautyhub.co.uk/wp-content/uploads/2024/05/Merak-Pencil-1.jpeg,2024/05/Merak-Pencil-1.jpeg,image/jpeg,jpeg,207371,1122,1122,bac0dc7cd2503d92,product_featured,product-1880-merak-blue-pencil.jpeg,jpeg,shopify_product_media,False,NOT_REQUIRED,FOUND,PENDING,
product,1809,1885,,1809,,https://wholesalebeautyhub.co.uk/wp-content/uploads/2024/05/Yglam-Brown-Brush-Set-1.webp,2024/05/Yglam-Brown-Brush-Set-1.webp,image/webp,webp,30606,748,748,d6ded6d664b8e0d6,product_featured,product-1885-yglam-brown-brush-set.webp,webp,shopify_product_media,False,NOT_REQUIRED,FOUND,PENDING,
product,1739,1889,,1739,,https://wholesalebeautyhub.co.uk/wp-content/uploads/2024/05/Mehron-Skin-Prep.jpeg,2024/05/Mehron-Skin-Prep.jpeg,image/jpeg,jpeg,24275,600,600,10a777cf752127d1,product_featured,product-1889-mehron-skin-prep.jpeg,jpeg,shopify_product_media,False,NOT_REQUIRED,FOUND,PENDING,
product,1738,1890,,1738,,https://wholesalebeautyhub.co.uk/wp-content/uploads/2024/05/Medix-15Oz.Glycolic-Lactic-Acid-Body-Wash.jpg,2024/05/Medix-15Oz.Glycolic-Lactic-Acid-Body-Wash.jpg,image/jpeg,jpg,25268,512,512,78df8f1fb221002e,product_featured,product-1890-medix-15oz-glycolic-amp-lactic-acid-body-wash.jpg,jpg,shopify_product_media,False,NOT_REQUIRED,FOUND,PENDING,
product,1737,1891,,1737,,https://wholesalebeautyhub.co.uk/wp-content/uploads/2024/05/Mario-Badescu-Facial-Spray-Rosewater-236Ml.webp,2024/05/Mario-Badescu-Facial-Spray-Rosewater-236Ml.webp,image/webp,webp,15970,1200,1200,9c3feb638b4f47e7,product_featured,product-1891-mario-badescu-facial-spray-rosewater-236ml.webp,webp,shopify_product_media,False,NOT_REQUIRED,FOUND,PENDING,
product,1736,1893,,1736,,https://wholesalebeautyhub.co.uk/wp-content/uploads/2024/05/Mabrook-Black-Pencil.jpg,2024/05/Mabrook-Black-Pencil.jpg,image/jpeg,jpg,6159,500,500,e8c7a4376bcd3ec8,product_featured,product-1893-mabrook-black-pencil.jpg,jpg,shopify_product_media,False,NOT_REQUIRED,FOUND,PENDING,
product,1735,1894,,1735,,https://wholesalebeautyhub.co.uk/wp-content/uploads/2024/05/La-Roche-Posay-Anthelios-Uvmune-400-Spf-50-50Ml.webp,2024/05/La-Roche-Posay-Anthelios-Uvmune-400-Spf-50-50Ml.webp,image/webp,webp,15534,1280,1280,74341768364eb8fc,product_featured,product-1894-la-roche-posay-anthelios-uvmune-400-invisible-fluid-spf-50-5.webp,webp,shopify_product_media,False,NOT_REQUIRED,FOUND,PENDING,
product,1734,1896,,1734,,https://wholesalebeautyhub.co.uk/wp-content/uploads/2024/05/kiss-beauty-spray.jpg,2024/05/kiss-beauty-spray.jpg,image/jpeg,jpg,27278,680,680,dd8c5aeea3c6d4e4,product_featured,product-1896-kiss-beauty-spray.jpg,jpg,shopify_product_media,False,NOT_REQUIRED,FOUND,PENDING,
product,1732,1897,,1732,,https://wholesalebeautyhub.co.uk/wp-content/uploads/2024/05/Haruharu-Wonder-Black-Rice-Hyaluronic-Anti-Wrinkle-Serum-50Ml.webp,2024/05/Haruharu-Wonder-Black-Rice-Hyaluronic-Anti-Wrinkle-Serum-50Ml.webp,image/webp,webp,210024,1601,1601,db623b0df5bb08b5,product_featured,product-1897-haruharu-wonder-black-rice-hyaluronic-anti-wrinkle-serum-50m.webp,webp,shopify_product_media,False,NOT_REQUIRED,FOUND,PENDING,
product,1733,1898,,1733,,https://wholesalebeautyhub.co.uk/wp-content/uploads/2024/05/Heimish-All-Clean-Balm.jpg,2024/05/Heimish-All-Clean-Balm.jpg,image/jpeg,jpg,61288,1500,1500,703d38b2238acb6d,product_featured,product-1898-heimish-all-clean-balm.jpg,jpg,shopify_product_media,False,NOT_REQUIRED,FOUND,PENDING,
product,1730,1899,,1730,,https://wholesalebeautyhub.co.uk/wp-content/uploads/2024/05/Good-Molecules-Light-Weight-Daily-Moisturizer-100Ml.webp,2024/05/Good-Molecules-Light-Weight-Daily-Moisturizer-100Ml.webp,image/webp,webp,69628,2000,2000,f864174c47df21a5,product_featured,product-1899-good-molecules-light-weight-daily-moisturizer-100ml.webp,webp,shopify_product_media,False,NOT_REQUIRED,FOUND,PENDING,
product,1731,1900,,1731,,https://wholesalebeautyhub.co.uk/wp-content/uploads/2024/05/Good-Molecules-Yerba-Mate-Wake-Up-Eye-Gel-15Ml.jpg,2024/05/Good-Molecules-Yerba-Mate-Wake-Up-Eye-Gel-15Ml.jpg,image/jpeg,jpg,74739,1500,1500,10cae46d3ec28000,product_featured,product-1900-good-molecules-yerba-mate-wake-up-eye-gel-15ml.jpg,jpg,shopify_product_media,False,NOT_REQUIRED,FOUND,PENDING,
product,1729,1901,,1729,,https://wholesalebeautyhub.co.uk/wp-content/uploads/2024/05/Good-Molecules-Hydrating-Facial-Cleansing-Gel-200Ml.webp,2024/05/Good-Molecules-Hydrating-Facial-Cleansing-Gel-200Ml.webp,image/webp,webp,58718,2000,2000,586549bfb38b42a8,product_featured,product-1901-good-molecules-hydrating-facial-cleansing-gel-200ml.webp,webp,shopify_product_media,False,NOT_REQUIRED,FOUND,PENDING,
product,1728,1902,,1728,,https://wholesalebeautyhub.co.uk/wp-content/uploads/2024/05/Good-Molecules-Discoloration-Serum-75Ml.webp,2024/05/Good-Molecules-Discoloration-Serum-75Ml.webp,image/webp,webp,50286,840,840,c7df2702d7066a51,product_featured,product-1902-good-molecules-discoloration-serum-75ml.webp,webp,shopify_product_media,False,NOT_REQUIRED,FOUND,PENDING,
product,1727,1903,,1727,,https://wholesalebeautyhub.co.uk/wp-content/uploads/2024/05/Good-Molecules-Discoloration-Correcting-Body-Treatment120Ml.jpg,2024/05/Good-Molecules-Discoloration-Correcting-Body-Treatment120Ml.jpg,image/jpeg,jpg,45438,800,800,4eb80efb778b0f48,product_featured,product-1903-good-molecules-discoloration-correcting-body-treatment120ml.jpg,jpg,shopify_product_media,False,NOT_REQUIRED,FOUND,PENDING,
product,1726,1904,,1726,,https://wholesalebeautyhub.co.uk/wp-content/uploads/2024/05/Gele-Pin-Office-Pin.jpg,2024/05/Gele-Pin-Office-Pin.jpg,image/jpeg,jpg,136785,1000,1000,22d55a10fe08a430,product_featured,product-1904-gele-pin-office-pin.jpg,jpg,shopify_product_media,False,NOT_REQUIRED,FOUND,PENDING,
product,1725,1905,,1725,,https://wholesalebeautyhub.co.uk/wp-content/uploads/2024/05/Frudia-Ultra-Uv-Shield-Essence-50.avif,2024/05/Frudia-Ultra-Uv-Shield-Essence-50.avif,image/avif,avif,10612,1280,1280,f69797a95d52d286,product_featured,product-1905-frudia-ultra-uv-shield-essence-50.webp,webp,shopify_product_media,True,NOT_STARTED,FOUND,PENDING,
product,1723,1906,,1723,,https://wholesalebeautyhub.co.uk/wp-content/uploads/2024/05/Faded-Topicals-Brightening-And-Clearing-Serum-50Ml.jpg,2024/05/Faded-Topicals-Brightening-And-Clearing-Serum-50Ml.jpg,image/jpeg,jpg,15042,600,600,b12c68b738b0cbd8,product_featured,product-1906-topicals-faded-brightening-and-clearing-serum.jpg,jpg,shopify_product_media,False,NOT_REQUIRED,FOUND,PENDING,
product,1722,4720,,1722,,https://wholesalebeautyhub.co.uk/wp-content/uploads/2024/05/C5C87A60-C0B5-49AE-AD69-37C1D44A9A3C.jpeg,2024/05/C5C87A60-C0B5-49AE-AD69-37C1D44A9A3C.jpeg,image/jpeg,jpeg,105810,1200,1500,64d778a762072fa6,product_featured,product-4720-topicals-faded-brightening-and-clearing-serum-30ml.jpeg,jpeg,shopify_product_media,False,NOT_REQUIRED,FOUND,PENDING,
product,1721,1908,,1721,,https://wholesalebeautyhub.co.uk/wp-content/uploads/2024/05/Ezanic-Azelaic-Acid-Gel.jpg,2024/05/Ezanic-Azelaic-Acid-Gel.jpg,image/jpeg,jpg,21895,700,700,1946011ddd55dc3e,product_featured,product-1908-ezanic-azelaic-acid-gel-w-w-15g.jpg,jpg,shopify_product_media,False,NOT_REQUIRED,FOUND,PENDING,
product,1720,1909,,1720,,https://wholesalebeautyhub.co.uk/wp-content/uploads/2024/05/Eos-Body-Lotion-Vanilla.jpg,2024/05/Eos-Body-Lotion-Vanilla.jpg,image/jpeg,jpg,25323,700,700,3ea141dd2b7bb389,product_featured,product-1909-eos-body-lotion-vanilla-cashmere.jpg,jpg,shopify_product_media,False,NOT_REQUIRED,FOUND,PENDING,
product,1719,1910,,1719,,https://wholesalebeautyhub.co.uk/wp-content/uploads/2024/05/Eos-Body-Lotion-Pomegranate-Raspberry-1.jpg,2024/05/Eos-Body-Lotion-Pomegranate-Raspberry-1.jpg,image/jpeg,jpg,27486,558,558,0d224e1614717e4d,product_featured,product-1910-eos-body-lotion-pomegranate-raspberry-16fl-473ml.jpg,jpg,shopify_product_media,False,NOT_REQUIRED,FOUND,PENDING,
product,1718,1911,,1718,,https://wholesalebeautyhub.co.uk/wp-content/uploads/2024/05/Eos-Body-Lotion-Jasmine-Peach.webp,2024/05/Eos-Body-Lotion-Jasmine-Peach.webp,image/webp,webp,36474,1000,1000,65d984a1d1db20fe,product_featured,product-1911-eos-body-lotion-jasmine-peach-16fl-473ml.webp,webp,shopify_product_media,False,NOT_REQUIRED,FOUND,PENDING,
product,1717,1912,,1717,,https://wholesalebeautyhub.co.uk/wp-content/uploads/2024/05/Elastalift-15Oz-Vitamin-C-Cream.jpg,2024/05/Elastalift-15Oz-Vitamin-C-Cream.jpg,image/jpeg,jpg,20144,680,680,4346f3e73b2dacf8,product_featured,product-1912-elastalift-15oz-vitamin-c-cream.jpg,jpg,shopify_product_media,False,NOT_REQUIRED,FOUND,PENDING,
product,1716,1913,,1716,,https://wholesalebeautyhub.co.uk/wp-content/uploads/2024/05/Elastalift-1.75Oz.-Brightening-Vitamin-C-Anti-Aging-Face-Serum.webp,2024/05/Elastalift-1.75Oz.-Brightening-Vitamin-C-Anti-Aging-Face-Serum.webp,image/webp,webp,19016,500,500,2ea44c3d08e08364,product_featured,product-1913-elastalift-1-75oz-brightening-vitamin-c-anti-aging-face-seru.webp,webp,shopify_product_media,False,NOT_REQUIRED,FOUND,PENDING,
product,1715,1914,,1715,,https://wholesalebeautyhub.co.uk/wp-content/uploads/2024/05/Elastalift-1.75Oz-Vitamin-C-Turmeric-Face-Cream.jpg,2024/05/Elastalift-1.75Oz-Vitamin-C-Turmeric-Face-Cream.jpg,image/jpeg,jpg,33955,500,500,aa6b9b9d42db0408,product_featured,product-1914-elastalift-1-75oz-vitamin-c-turmeric-face-cream.jpg,jpg,shopify_product_media,False,NOT_REQUIRED,FOUND,PENDING,
product,1714,1915,,1714,,https://wholesalebeautyhub.co.uk/wp-content/uploads/2024/05/Davies-Brow-Pencil-Colour-18-Pack-Of-12.jpg,2024/05/Davies-Brow-Pencil-Colour-18-Pack-Of-12.jpg,image/jpeg,jpg,35732,500,500,506d2f8f08dd2ece,product_featured,product-1915-davies-brow-pencil-colour-18-pack-of-12.jpg,jpg,shopify_product_media,False,NOT_REQUIRED,FOUND,PENDING,
product,1713,1916,,1713,,https://wholesalebeautyhub.co.uk/wp-content/uploads/2024/05/Davies-Brow-Pencil-03-Pack-Of-12.jpg,2024/05/Davies-Brow-Pencil-03-Pack-Of-12.jpg,image/jpeg,jpg,37563,500,500,0f64bc705e188580,product_featured,product-1916-davies-brow-pencil-03-pack-of-12.jpg,jpg,shopify_product_media,False,NOT_REQUIRED,FOUND,PENDING,
product,1712,1917,,1712,,https://wholesalebeautyhub.co.uk/wp-content/uploads/2024/05/DAlba-First-Spray-Serum-100Ml.webp,2024/05/DAlba-First-Spray-Serum-100Ml.webp,image/webp,webp,12756,1080,1080,173c7633d26388f3,product_featured,product-1917-d-alba-first-spray-serum-100ml.webp,webp,shopify_product_media,False,NOT_REQUIRED,FOUND,PENDING,
product,1711,1918,,1711,,https://wholesalebeautyhub.co.uk/wp-content/uploads/2024/05/Cpd-Cream-Blush-Palette.jpg,2024/05/Cpd-Cream-Blush-Palette.jpg,image/jpeg,jpg,159637,1080,1080,52fd8d8ac937fa64,product_featured,product-1918-cpd-cream-blush-palette.jpg,jpg,shopify_product_media,False,NOT_REQUIRED,FOUND,PENDING,
product,1709,1920,,1709,,https://wholesalebeautyhub.co.uk/wp-content/uploads/2024/05/Classic-Super-Hold-Lash-Glue.jpg,2024/05/Classic-Super-Hold-Lash-Glue.jpg,image/jpeg,jpg,13723,500,500,44875a0d3bf9a518,product_featured,product-1920-classic-super-hold-lash-glue.jpg,jpg,shopify_product_media,False,NOT_REQUIRED,FOUND,PENDING,
product,1708,1921,,1708,,https://wholesalebeautyhub.co.uk/wp-content/uploads/2024/05/Candybeauty-Line-Pigment-Glue-1.jpeg,2024/05/Candybeauty-Line-Pigment-Glue-1.jpeg,image/jpeg,jpeg,131076,1169,1169,a90e5c6e7cca147f,product_featured,product-1921-candybeauty-line-pigment-glue.jpeg,jpeg,shopify_product_media,False,NOT_REQUIRED,FOUND,PENDING,
product,1707,1922,,1707,,https://wholesalebeautyhub.co.uk/wp-content/uploads/2024/05/Candybeauty-Line-Pigment.jpeg,2024/05/Candybeauty-Line-Pigment.jpeg,image/jpeg,jpeg,129507,960,960,24d713f5c9bbbca8,product_featured,product-1922-candybeauty-line-pigment.jpeg,jpeg,shopify_product_media,False,NOT_REQUIRED,FOUND,PENDING,
product,1688,1926,,1688,,https://wholesalebeautyhub.co.uk/wp-content/uploads/2024/05/Advanced-Clinicals-2Oz-Vitamin-C-Face-Brightening-Gel-Cream.jpg,2024/05/Advanced-Clinicals-2Oz-Vitamin-C-Face-Brightening-Gel-Cream.jpg,image/jpeg,jpg,158941,2400,2400,953b998c2a1b7d6b,product_featured,product-1926-advanced-clinicals-2oz-vitamin-c-face-brightening-gel-cream.jpg,jpg,shopify_product_media,False,NOT_REQUIRED,FOUND,PENDING,
product,1687,5925,,1687,,https://wholesalebeautyhub.co.uk/wp-content/uploads/2024/05/7E3F263C-D076-42A7-B4D4-B9E67DF97E2A.jpeg,2024/05/7E3F263C-D076-42A7-B4D4-B9E67DF97E2A.jpeg,image/jpeg,jpeg,37805,600,600,8ba0ba9a31152c08,product_featured,product-5925-advanced-clinicals-16oz-vit-c-brightening-body-cream.jpeg,jpeg,shopify_product_media,False,NOT_REQUIRED,FOUND,PENDING,
product,1687,5925,,1687,,https://wholesalebeautyhub.co.uk/wp-content/uploads/2024/05/7E3F263C-D076-42A7-B4D4-B9E67DF97E2A.jpeg,2024/05/7E3F263C-D076-42A7-B4D4-B9E67DF97E2A.jpeg,image/jpeg,jpeg,37805,600,600,8ba0ba9a31152c08,product_featured,product-5925-advanced-clinicals-16oz-vit-c-brightening-body-cream-02.jpeg,jpeg,shopify_product_media,False,NOT_REQUIRED,FOUND,PENDING,
product,1687,5926,,1687,,https://wholesalebeautyhub.co.uk/wp-content/uploads/2024/05/E96BFEA1-B788-4294-9DAF-B576691EC3AB.jpeg,2024/05/E96BFEA1-B788-4294-9DAF-B576691EC3AB.jpeg,image/jpeg,jpeg,163058,1600,1600,c31758bf45733d65,product_gallery,product-5926-advanced-clinicals-16oz-vit-c-brightening-body-cream-03.jpeg,jpeg,shopify_product_media,False,NOT_REQUIRED,FOUND,PENDING,
product,1687,5927,,1687,,https://wholesalebeautyhub.co.uk/wp-content/uploads/2024/05/6DE6D398-E109-4AF3-BB75-3F8030F8C1A8.jpeg,2024/05/6DE6D398-E109-4AF3-BB75-3F8030F8C1A8.jpeg,image/jpeg,jpeg,61664,1600,1600,97de3ee759c4b666,product_gallery,product-5927-advanced-clinicals-16oz-vit-c-brightening-body-cream-04.jpeg,jpeg,shopify_product_media,False,NOT_REQUIRED,FOUND,PENDING,
product,1686,1927,,1686,,https://wholesalebeautyhub.co.uk/wp-content/uploads/2024/05/Advanced-Clinicals-16Oz-Retinol-Lotion.webp,2024/05/Advanced-Clinicals-16Oz-Retinol-Lotion.webp,image/webp,webp,25454,1000,1000,4a9b51c8be7efabf,product_featured,product-1927-advanced-clinicals-16oz-retinol-lotion.webp,webp,shopify_product_media,False,NOT_REQUIRED,FOUND,PENDING,
product,1685,1928,,1685,,https://wholesalebeautyhub.co.uk/wp-content/uploads/2024/05/Advanced-Clinicals-16Oz-Hyaluronic-Acid-Skin-Hydrating-Lotion.webp,2024/05/Advanced-Clinicals-16Oz-Hyaluronic-Acid-Skin-Hydrating-Lotion.webp,image/webp,webp,27858,768,768,fa3415a31b387409,product_featured,product-1928-advanced-clinicals-16oz-hyaluronic-acid-skin-hydrating-lotio.webp,webp,shopify_product_media,False,NOT_REQUIRED,FOUND,PENDING,
product,1684,1929,,1684,,https://wholesalebeautyhub.co.uk/wp-content/uploads/2024/05/Advanced-Clinicals-1.75Oz-Vitamin-C-Serum.webp,2024/05/Advanced-Clinicals-1.75Oz-Vitamin-C-Serum.webp,image/webp,webp,204316,2048,2048,19d9adf1bfd01ba4,product_featured,product-1929-advanced-clinicals-1-75oz-vitamin-c-face-serum.webp,webp,shopify_product_media,False,NOT_REQUIRED,FOUND,PENDING,
product,1683,4732,,1683,,https://wholesalebeautyhub.co.uk/wp-content/uploads/2024/05/FF211E21-8763-4C6A-8D2B-816F1323091F.jpeg,2024/05/FF211E21-8763-4C6A-8D2B-816F1323091F.jpeg,image/jpeg,jpeg,654712,1290,1514,6ed5f6b4bb13f36e,product_featured,product-4732-acwell-5-5-licorice-ph-balancing-cleansing-toner.jpeg,jpeg,shopify_product_media,False,NOT_REQUIRED,FOUND,PENDING,
product,1682,1932,,1682,,https://wholesalebeautyhub.co.uk/wp-content/uploads/2024/05/Acwell-5.5-Licorice-Ph-Balancing-Advance-Serum.webp,2024/05/Acwell-5.5-Licorice-Ph-Balancing-Advance-Serum.webp,image/webp,webp,56236,800,800,31d793e9867b7d09,product_featured,product-1932-acwell-5-5-licorice-ph-balancing-advance-serum.webp,webp,shopify_product_media,False,NOT_REQUIRED,FOUND,PENDING,
product,1698,1933,,1698,,https://wholesalebeautyhub.co.uk/wp-content/uploads/2024/05/Beautyby-Ad-Loose-Setting-Powder-1.webp,2024/05/Beautyby-Ad-Loose-Setting-Powder-1.webp,image/webp,webp,42526,826,826,bb246282a8df03b4,product_featured,product-1933-beautyby-ad-loose-setting-powder.webp,webp,shopify_product_media,False,NOT_REQUIRED,FOUND,PENDING,
product,1697,1935,,1697,,https://wholesalebeautyhub.co.uk/wp-content/uploads/2024/05/Beautyby-Ad-Lippie-1.webp,2024/05/Beautyby-Ad-Lippie-1.webp,image/webp,webp,45954,1243,1243,1c20e5d499c34ca6,product_featured,product-1935-beautyby-ad-lippie.webp,webp,shopify_product_media,False,NOT_REQUIRED,FOUND,PENDING,
product,1700,1938,,1700,,https://wholesalebeautyhub.co.uk/wp-content/uploads/2024/05/Becharm-Ageless-18In1-Matte-Lip-Paint-1.jpg,2024/05/Becharm-Ageless-18In1-Matte-Lip-Paint-1.jpg,image/jpeg,jpg,354841,1231,1231,ad79dcf0b6051eb7,product_featured,product-1938-becharm-ageless-18-in-1-matte-lip-paint-dream.jpg,jpg,shopify_product_media,False,NOT_REQUIRED,FOUND,PENDING,
product,1689,1941,,1689,,https://wholesalebeautyhub.co.uk/wp-content/uploads/2024/05/Advanced-Clinicals-3.8Oz.Vitamin-C-Body-Oil.webp,2024/05/Advanced-Clinicals-3.8Oz.Vitamin-C-Body-Oil.webp,image/webp,webp,153634,800,800,1c2e23b21ae0145b,product_featured,product-1941-advanced-clinicals-3-8oz-vitamin-c-body-oil.webp,webp,shopify_product_media,False,NOT_REQUIRED,FOUND,PENDING,
product,1690,1943,,1690,,https://wholesalebeautyhub.co.uk/wp-content/uploads/2024/05/Advanced-Clinicals-Colagen-Lotion.jpg,2024/05/Advanced-Clinicals-Colagen-Lotion.jpg,image/jpeg,jpg,25496,500,500,25ac36c7e00b1d27,product_featured,product-1943-advanced-clinicals-colagen-lotion-16oz-454g.jpg,jpg,shopify_product_media,False,NOT_REQUIRED,FOUND,PENDING,
product,1691,1944,,1691,,https://wholesalebeautyhub.co.uk/wp-content/uploads/2024/05/Amlactin-Daily-Moisturizing-225G-Vit-C-7-Lactic-Acid.webp,2024/05/Amlactin-Daily-Moisturizing-225G-Vit-C-7-Lactic-Acid.webp,image/webp,webp,6830,500,500,352931ac2078b4d3,product_featured,product-1944-amlactin-daily-moisturizing-225g-vit-c-amp-7-lactic-acid.webp,webp,shopify_product_media,False,NOT_REQUIRED,FOUND,PENDING,
product,1692,1945,,1692,,https://wholesalebeautyhub.co.uk/wp-content/uploads/2024/05/Aveeno-Baby-Daily-Moisture-Cream.avif,2024/05/Aveeno-Baby-Daily-Moisture-Cream.avif,image/avif,avif,17363,800,800,28c643935ad38ece,product_featured,product-1945-aveeno-baby-daily-moisture-body-lotion-for-delicate-skin-nat.webp,webp,shopify_product_media,True,NOT_STARTED,FOUND,PENDING,
product,1693,1946,,1693,,https://wholesalebeautyhub.co.uk/wp-content/uploads/2024/05/Balance-Active-Vitamin-C-Serum-30Ml.webp,2024/05/Balance-Active-Vitamin-C-Serum-30Ml.webp,image/webp,webp,28942,1000,1000,ca41e65f46d9c5ba,product_featured,product-1946-balance-active-vitamin-c-serum-30ml.webp,webp,shopify_product_media,False,NOT_REQUIRED,FOUND,PENDING,
product,1694,1947,,1694,,https://wholesalebeautyhub.co.uk/wp-content/uploads/2024/05/Beauty-Line-By-Didi-Lip-Gloss.jpg,2024/05/Beauty-Line-By-Didi-Lip-Gloss.jpg,image/jpeg,jpg,92431,750,750,a37b33c3b604254c,product_featured,product-1947-beauty-line-by-didi-lip-gloss.jpg,jpg,shopify_product_media,False,NOT_REQUIRED,FOUND,PENDING,
product,1695,1948,,1695,,https://wholesalebeautyhub.co.uk/wp-content/uploads/2024/05/Beauty-Line-By-Didi-Lip-Liner.webp,2024/05/Beauty-Line-By-Didi-Lip-Liner.webp,image/webp,webp,27110,1080,1080,0d545184e1357f3c,product_featured,product-1948-beauty-line-by-didi-lip-liner.webp,webp,shopify_product_media,False,NOT_REQUIRED,FOUND,PENDING,
product,1696,1949,,1696,,https://wholesalebeautyhub.co.uk/wp-content/uploads/2024/05/Beauty-Line-By-Didi-Velvet-Matte-Lip-Stain.webp,2024/05/Beauty-Line-By-Didi-Velvet-Matte-Lip-Stain.webp,image/webp,webp,149724,1800,1800,b8ce110f651743ac,product_featured,product-1949-beauty-line-by-didi-velvet-matte-lip-stain.webp,webp,shopify_product_media,False,NOT_REQUIRED,FOUND,PENDING,
product,360,1951,,360,,https://wholesalebeautyhub.co.uk/wp-content/uploads/2024/04/Paula-Beauty-Gel-Eye-Liner-1.webp,2024/04/Paula-Beauty-Gel-Eye-Liner-1.webp,image/webp,webp,33266,1000,1000,2b51a1a5fd7110b4,product_featured,product-1951-paula-beauty-gel-eye-liner.webp,webp,shopify_product_media,False,NOT_REQUIRED,FOUND,PENDING,
product,1724,2773,,1724,,https://wholesalebeautyhub.co.uk/wp-content/uploads/2024/05/3536362E-152D-4A8C-B271-31E288D7AAB4.jpeg,2024/05/3536362E-152D-4A8C-B271-31E288D7AAB4.jpeg,image/jpeg,jpeg,497943,828,1015,059063d4ddc40cad,product_featured,product-2773-flat-red-multipurpose-brush.jpeg,jpeg,shopify_product_media,False,NOT_REQUIRED,FOUND,PENDING,
product,1703,1956,,1703,,https://wholesalebeautyhub.co.uk/wp-content/uploads/2024/05/Boj-Cosmetics-Eye-Brush-Set.jpg,2024/05/Boj-Cosmetics-Eye-Brush-Set.jpg,image/jpeg,jpg,177836,1241,1241,f244aa559956d141,product_featured,product-1956-boj-cosmetics-eye-brush-set.jpg,jpg,shopify_product_media,False,NOT_REQUIRED,FOUND,PENDING,
product,1702,2774,,1702,,https://wholesalebeautyhub.co.uk/wp-content/uploads/2024/05/B64325DE-CD7F-490F-9C37-909E405C8117.jpeg,2024/05/B64325DE-CD7F-490F-9C37-909E405C8117.jpeg,image/jpeg,jpeg,579614,828,963,d29aac6f02b7c4ac,product_featured,product-2774-becharm-ageless-concealer-palette.jpeg,jpeg,shopify_product_media,False,NOT_REQUIRED,FOUND,PENDING,
product,286,1959,,286,,https://wholesalebeautyhub.co.uk/wp-content/uploads/2024/04/Axis-Y-Blemish-Treatment.webp,2024/04/Axis-Y-Blemish-Treatment.webp,image/webp,webp,31466,1063,1063,ecc6efb862188312,product_featured,product-1959-axis-y-spot-the-difference-blemish-treatment.webp,webp,shopify_product_media,False,NOT_REQUIRED,FOUND,PENDING,
product,288,1960,,288,,https://wholesalebeautyhub.co.uk/wp-content/uploads/2024/04/Missha-Aqua-Sunscreen-30Ml-1.jpeg,2024/04/Missha-Aqua-Sunscreen-30Ml-1.jpeg,image/jpeg,jpeg,76304,1200,1200,68023b197712bd69,product_featured,product-1960-missha-aqua-sunscreen-50ml.jpeg,jpeg,shopify_product_media,False,NOT_REQUIRED,FOUND,PENDING,
product,63,1961,,63,,https://wholesalebeautyhub.co.uk/wp-content/uploads/2024/04/Hegai-Esther-Lip-Gloss-2.webp,2024/04/Hegai-Esther-Lip-Gloss-2.webp,image/webp,webp,24978,531,533,4f33f30f987eb6c9,product_featured,product-1961-hegai-esther-lip-gloss.webp,webp,shopify_product_media,False,NOT_REQUIRED,FOUND,PENDING,
product,2376,2380,,2376,,https://wholesalebeautyhub.co.uk/wp-content/uploads/2024/08/Ben-Nye-Clown-White-cw2.jpg,2024/08/Ben-Nye-Clown-White-cw2.jpg,image/jpeg,jpg,70553,1000,1000,42fbdc97b10bf1a5,product_featured,product-2380-ben-nye-clown-white.jpg,jpg,shopify_product_media,False,NOT_REQUIRED,FOUND,PENDING,
product,2321,2386,,2321,,https://wholesalebeautyhub.co.uk/wp-content/uploads/2024/08/Anua-Niacinamide-10-x-TXA-4-30ml.webp,2024/08/Anua-Niacinamide-10-x-TXA-4-30ml.webp,image/webp,webp,25980,1000,1000,4170bb44ad4c21b8,product_featured,product-2386-anua-niacinamide-10-x-txa-4-30ml.webp,webp,shopify_product_media,False,NOT_REQUIRED,FOUND,PENDING,
product,2320,2387,,2320,,https://wholesalebeautyhub.co.uk/wp-content/uploads/2024/08/Anua-Heartleaf-70-intense-Calming-Cream-50ml.webp,2024/08/Anua-Heartleaf-70-intense-Calming-Cream-50ml.webp,image/webp,webp,5988,640,640,1d73836294eee8c3,product_featured,product-2387-anua-heartleaf-70-intense-calming-cream-50ml.webp,webp,shopify_product_media,False,NOT_REQUIRED,FOUND,PENDING,
product,2319,2388,,2319,,https://wholesalebeautyhub.co.uk/wp-content/uploads/2024/08/Anua-Heartleaf-77-Soothing-Toner-250ml.webp,2024/08/Anua-Heartleaf-77-Soothing-Toner-250ml.webp,image/webp,webp,6244,576,576,9fbcb4f0a5f9f828,product_featured,product-2388-anua-heartleaf-77-soothing-toner-250ml.webp,webp,shopify_product_media,False,NOT_REQUIRED,FOUND,PENDING,
product,2367,2389,,2367,,https://wholesalebeautyhub.co.uk/wp-content/uploads/2024/08/Absolute-lip-gloss-clear.png,2024/08/Absolute-lip-gloss-clear.png,image/png,png,145279,600,600,1057125d964d2681,product_featured,product-2389-absolute-lip-gloss-clear.png,png,shopify_product_media,False,NOT_REQUIRED,FOUND,PENDING,
product,2364,8644,,2364,,https://wholesalebeautyhub.co.uk/wp-content/uploads/2025/03/IMG_0978.jpeg,2025/03/IMG_0978.jpeg,image/jpeg,jpeg,127011,2000,2000,2880e52c8c69af8f,product_featured,product-8644-elf-holy-hydration-face-cream-moisturizer-with-broad-spectru.jpeg,jpeg,shopify_product_media,False,NOT_REQUIRED,FOUND,PENDING,
product,2364,8646,,2364,,https://wholesalebeautyhub.co.uk/wp-content/uploads/2025/03/IMG_0980.jpeg,2025/03/IMG_0980.jpeg,image/jpeg,jpeg,132690,2000,2000,c973fbb28bf4f11e,product_gallery,product-8646-elf-holy-hydration-face-cream-moisturizer-with-broad-spectru-02.jpeg,jpeg,shopify_product_media,False,NOT_REQUIRED,FOUND,PENDING,
product,2363,2396,,2363,,https://wholesalebeautyhub.co.uk/wp-content/uploads/2024/08/IM-FROM-Rice-Toner-150ml.webp,2024/08/IM-FROM-Rice-Toner-150ml.webp,image/webp,webp,4904,600,600,c4a132749ea4f423,product_featured,product-2396-i-m-from-rice-toner-150ml.webp,webp,shopify_product_media,False,NOT_REQUIRED,FOUND,PENDING,
product,2362,2395,,2362,,https://wholesalebeautyhub.co.uk/wp-content/uploads/2024/08/palmers-cocoa-butter-massage-lotion-for-stretch-marks-250ml.webp,2024/08/palmers-cocoa-butter-massage-lotion-for-stretch-marks-250ml.webp,image/webp,webp,36506,1200,1200,f147f962870256bd,product_featured,product-2395-palmers-cocoa-butter-massage-lotion-for-stretch-marks-250ml.webp,webp,shopify_product_media,False,NOT_REQUIRED,FOUND,PENDING,
product,2361,2394,,2361,,https://wholesalebeautyhub.co.uk/wp-content/uploads/2024/08/Panoxyl-Clarifying-exfoliant-2-salicylic-acid-118g.jpg,2024/08/Panoxyl-Clarifying-exfoliant-2-salicylic-acid-118g.jpg,image/jpeg,jpg,27104,700,700,bce48070bb1125e2,product_featured,product-2394-panoxyl-clarifying-exfoliant-2-salicylic-acid.jpg,jpg,shopify_product_media,False,NOT_REQUIRED,FOUND,PENDING,
product,2359,2393,,2359,,https://wholesalebeautyhub.co.uk/wp-content/uploads/2024/08/Panoxyl-acne-treatment-BAR-113g.webp,2024/08/Panoxyl-acne-treatment-BAR-113g.webp,image/webp,webp,8262,500,500,8e4366683ea61167,product_featured,product-2393-panoxyl-acne-treatment-bar-113g.webp,webp,shopify_product_media,False,NOT_REQUIRED,FOUND,PENDING,
product,2358,2391,,2358,,https://wholesalebeautyhub.co.uk/wp-content/uploads/2024/08/Panoxyl-balancing-repair-moisturizer-with-niacinamide-85g.webp,2024/08/Panoxyl-balancing-repair-moisturizer-with-niacinamide-85g.webp,image/webp,webp,74944,1200,1200,c1a765df4683ce09,product_featured,product-2391-panoxyl-balancing-repair-moisturizer-with-naicinamide-85g.webp,webp,shopify_product_media,False,NOT_REQUIRED,FOUND,PENDING,
product,2357,2390,,2357,,https://wholesalebeautyhub.co.uk/wp-content/uploads/2024/08/Nip-Fab-illuminate-Vitamin-C-Fix-Serum-1.webp,2024/08/Nip-Fab-illuminate-Vitamin-C-Fix-Serum-1.webp,image/webp,webp,19226,1500,1500,12598c9cf6bd1cc2,product_featured,product-2390-nip-fab-vitamin-c-fix-serum-5.webp,webp,shopify_product_media,False,NOT_REQUIRED,FOUND,PENDING,
product,2355,2398,,2355,,https://wholesalebeautyhub.co.uk/wp-content/uploads/2024/08/Naturium-Multi-Tranexamic-Acid-Treatment-5-30ml.webp,2024/08/Naturium-Multi-Tranexamic-Acid-Treatment-5-30ml.webp,image/webp,webp,10360,554,554,b41ac140bc0d073d,product_featured,product-2398-naturium-multi-bright-tranexamic-acid-treatment-5-30ml.webp,webp,shopify_product_media,False,NOT_REQUIRED,FOUND,PENDING,
product,2354,2399,,2354,,https://wholesalebeautyhub.co.uk/wp-content/uploads/2024/08/Naturium-BHA-Liquid-Exfoliant-2.jpg,2024/08/Naturium-BHA-Liquid-Exfoliant-2.jpg,image/jpeg,jpg,17112,582,582,79ea511661ca0a04,product_featured,product-2399-naturium-bha-liquid-exfoliant-2.jpg,jpg,shopify_product_media,False,NOT_REQUIRED,FOUND,PENDING,
product,2360,2402,,2360,,https://wholesalebeautyhub.co.uk/wp-content/uploads/2024/08/Panoxyl-Adapalene-gel-usp-0.1-acne-treatment.webp,2024/08/Panoxyl-Adapalene-gel-usp-0.1-acne-treatment.webp,image/webp,webp,70460,2000,2000,492cc55cb31388ea,product_featured,product-2402-panoxyl-adapalene-gel-usp-0-1-acne-treatment.webp,webp,shopify_product_media,False,NOT_REQUIRED,FOUND,PENDING,
product,2353,2401,,2353,,https://wholesalebeautyhub.co.uk/wp-content/uploads/2024/08/Naturium-UV-Reflect-Antioxidant-SPF-50.webp,2024/08/Naturium-UV-Reflect-Antioxidant-SPF-50.webp,image/webp,webp,16442,800,800,d5efb76d86661b98,product_featured,product-2401-naturium-uv-reflect-antioxidant-spf-50.webp,webp,shopify_product_media,False,NOT_REQUIRED,FOUND,PENDING,
product,2352,2400,,2352,,https://wholesalebeautyhub.co.uk/wp-content/uploads/2024/08/Naturium-Tranexamic-Topical-Acid-5-30ml.webp,2024/08/Naturium-Tranexamic-Topical-Acid-5-30ml.webp,image/webp,webp,18908,500,500,a2ab0f18437cdad9,product_featured,product-2400-naturium-tranexamic-topical-acid-5-30ml.webp,webp,shopify_product_media,False,NOT_REQUIRED,FOUND,PENDING,
product,2350,3018,,2350,,https://wholesalebeautyhub.co.uk/wp-content/uploads/2024/08/WhatsApp-Image-2024-08-23-at-01.25.19.jpeg,2024/08/WhatsApp-Image-2024-08-23-at-01.25.19.jpeg,image/jpeg,jpeg,29503,828,820,c30b3ed32cdf2537,product_featured,product-3018-naturium-the-glow-getter-body-oil-100ml.jpeg,jpeg,shopify_product_media,False,NOT_REQUIRED,FOUND,PENDING,
product,2349,2404,,2349,,https://wholesalebeautyhub.co.uk/wp-content/uploads/2024/08/Naturium-KP-Body-Scrub-Mask-226-g.png,2024/08/Naturium-KP-Body-Scrub-Mask-226-g.png,image/png,png,139152,600,600,fccfa73cf9e2eb02,product_featured,product-2404-naturium-kp-body-scrub-amp-mask-226-g.png,png,shopify_product_media,False,NOT_REQUIRED,FOUND,PENDING,
product,2348,2406,,2348,,https://wholesalebeautyhub.co.uk/wp-content/uploads/2024/08/merak.jpg,2024/08/merak.jpg,image/jpeg,jpg,45876,750,750,1e277ae2ae1a64ce,product_featured,product-2406-merak-face-sculpt-glow-6-in-1-pallete.jpg,jpg,shopify_product_media,False,NOT_REQUIRED,FOUND,PENDING,
product,2343,2416,,2343,,https://wholesalebeautyhub.co.uk/wp-content/uploads/2024/08/kojivit-Ultra-gel-30g.webp,2024/08/kojivit-Ultra-gel-30g.webp,image/webp,webp,26274,1080,1080,e94e6effee57b140,product_featured,product-2416-kojivit-ultra-gel-30g.webp,webp,shopify_product_media,False,NOT_REQUIRED,FOUND,PENDING,
product,2341,2413,,2341,,https://wholesalebeautyhub.co.uk/wp-content/uploads/2024/08/Good-Molecules-Vitamin-C-serum-with-oryzanol-30ml.webp,2024/08/Good-Molecules-Vitamin-C-serum-with-oryzanol-30ml.webp,image/webp,webp,92360,1946,1946,260eb073d1086d20,product_featured,product-2413-good-molecules-vitamin-c-serum-with-oryzanol-30ml.webp,webp,shopify_product_media,False,NOT_REQUIRED,FOUND,PENDING,
product,2340,2414,,2340,,https://wholesalebeautyhub.co.uk/wp-content/uploads/2024/08/Good-Molecules-Super-peptides-Serum-30ml.webp,2024/08/Good-Molecules-Super-peptides-Serum-30ml.webp,image/webp,webp,33120,1150,1150,f2f97885d771b4ed,product_featured,product-2414-good-moleculs-super-peptides-serum-30ml.webp,webp,shopify_product_media,False,NOT_REQUIRED,FOUND,PENDING,
product,2339,2412,,2339,,https://wholesalebeautyhub.co.uk/wp-content/uploads/2024/08/Good-Molecules-Glycolic-Exfoliating-Toner-120ml.webp,2024/08/Good-Molecules-Glycolic-Exfoliating-Toner-120ml.webp,image/webp,webp,17334,500,500,6ed9c92460e4baf3,product_featured,product-2412-good-molecules-glycolic-exfoliating-toner-120ml.webp,webp,shopify_product_media,False,NOT_REQUIRED,FOUND,PENDING,
product,2337,2418,,2337,,https://wholesalebeautyhub.co.uk/wp-content/uploads/2024/08/dr-teals-avocado-lotion-1.jpg,2024/08/dr-teals-avocado-lotion-1.jpg,image/jpeg,jpg,39925,650,650,93edbf5dcefdb158,product_featured,product-2418-dr-teals-body-lotion-ceramides-avocado-oil.jpg,jpg,shopify_product_media,False,NOT_REQUIRED,FOUND,PENDING,
product,2336,2411,,2336,,https://wholesalebeautyhub.co.uk/wp-content/uploads/2024/08/Dr-Teals-Body-Wash-Prebiotic-lemon-Balm-710ml.jpg,2024/08/Dr-Teals-Body-Wash-Prebiotic-lemon-Balm-710ml.jpg,image/jpeg,jpg,766345,500,500,af888aee90c5e8b5,product_featured,product-2411-dr-teals-body-wash-prebiotic-lemon-balm-710ml.jpg,jpg,shopify_product_media,False,NOT_REQUIRED,FOUND,PENDING,
product,2335,2419,,2335,,https://wholesalebeautyhub.co.uk/wp-content/uploads/2024/08/Dr-Teals-Body-Wash-Ceramides-Avocado-oil-710ml.jpg,2024/08/Dr-Teals-Body-Wash-Ceramides-Avocado-oil-710ml.jpg,image/jpeg,jpg,27087,680,680,23c93e0378ea49b9,product_featured,product-2419-dr-teals-body-wash-ceramides-avocado-oil-710ml.jpg,jpg,shopify_product_media,False,NOT_REQUIRED,FOUND,PENDING,
product,2334,2410,,2334,,https://wholesalebeautyhub.co.uk/wp-content/uploads/2024/08/Dr-Teals-Foaming-Bath-Vitamin-c-1000ml.jpg,2024/08/Dr-Teals-Foaming-Bath-Vitamin-c-1000ml.jpg,image/jpeg,jpg,678661,500,500,0e5dd0b2fea53b6c,product_featured,product-2410-dr-teals-foaming-bath-vit-c-glow-radiance-1000ml.jpg,jpg,shopify_product_media,False,NOT_REQUIRED,FOUND,PENDING,
product,2332,2408,,2332,,https://wholesalebeautyhub.co.uk/wp-content/uploads/2024/08/Cosrx-Salicylic-Gentle-Cleanser-50ML.jpg,2024/08/Cosrx-Salicylic-Gentle-Cleanser-50ML.jpg,image/jpeg,jpg,24289,800,800,1fa4da09efc30bc7,product_featured,product-2408-cosrx-salicylic-gentle-cleanser-50ml.jpg,jpg,shopify_product_media,False,NOT_REQUIRED,FOUND,PENDING,
product,2322,7787,,2322,,https://wholesalebeautyhub.co.uk/wp-content/uploads/2024/08/s-l1600.webp,2024/08/s-l1600.webp,image/webp,webp,45390,1284,1557,acaed108df754f2a,product_featured,product-7787-aveeno-moisturizing-body-oil-mist-us-version.webp,webp,shopify_product_media,False,NOT_REQUIRED,FOUND,PENDING,
product,2322,7787,,2322,,https://wholesalebeautyhub.co.uk/wp-content/uploads/2024/08/s-l1600.webp,2024/08/s-l1600.webp,image/webp,webp,45390,1284,1557,acaed108df754f2a,product_featured,product-7787-aveeno-moisturizing-body-oil-mist-us-version-02.webp,webp,shopify_product_media,False,NOT_REQUIRED,FOUND,PENDING,
product,2322,7786,,2322,,https://wholesalebeautyhub.co.uk/wp-content/uploads/2024/08/aveeno-oil.png,2024/08/aveeno-oil.png,image/png,png,303134,1200,1200,02245b14e9a86bf8,product_gallery,product-7786-aveeno-moisturizing-body-oil-mist-us-version-03.png,png,shopify_product_media,False,NOT_REQUIRED,FOUND,PENDING,
product,2322,7785,,2322,,https://wholesalebeautyhub.co.uk/wp-content/uploads/2024/08/ave_381371192731_transnc-min-en-us.png,2024/08/ave_381371192731_transnc-min-en-us.png,image/png,png,66697,1000,1000,3e390f40fa1adec0,product_gallery,product-7785-aveeno-moisturizing-body-oil-mist-us-version-04.png,png,shopify_product_media,False,NOT_REQUIRED,FOUND,PENDING,
product,2322,7784,,2322,,https://wholesalebeautyhub.co.uk/wp-content/uploads/2024/08/7oz_00180-min-en-us.png,2024/08/7oz_00180-min-en-us.png,image/png,png,54091,1000,1000,85cac7ca1955888d,product_gallery,product-7784-aveeno-moisturizing-body-oil-mist-us-version-05.png,png,shopify_product_media,False,NOT_REQUIRED,FOUND,PENDING,
product,2323,2422,,2323,,https://wholesalebeautyhub.co.uk/wp-content/uploads/2024/08/BEAUTY-OF-JOSEON-DYNASTY-FACE-CREAM-MOISTURIZER.jpg,2024/08/BEAUTY-OF-JOSEON-DYNASTY-FACE-CREAM-MOISTURIZER.jpg,image/jpeg,jpg,9802,500,500,25b6917dd9ef78c3,product_featured,product-2422-beauty-of-joseon-dynasty-face-cream-moisturizer.jpg,jpg,shopify_product_media,False,NOT_REQUIRED,FOUND,PENDING,
product,2324,2420,,2324,,https://wholesalebeautyhub.co.uk/wp-content/uploads/2024/08/Becharm-Ageless-18-in-1-Matte-Lip-Paint-GLAMOUR-Pink-.jpeg,2024/08/Becharm-Ageless-18-in-1-Matte-Lip-Paint-GLAMOUR-Pink-.jpeg,image/jpeg,jpeg,273590,1440,1595,ad79c39eb8353f3c,product_featured,product-2420-becharm-ageless-18-in-1-matte-lip-paint-glamour.jpeg,jpeg,shopify_product_media,False,NOT_REQUIRED,FOUND,PENDING,
product,2325,2421,,2325,,https://wholesalebeautyhub.co.uk/wp-content/uploads/2024/08/boj-vogue.jpg,2024/08/boj-vogue.jpg,image/jpeg,jpg,69972,750,750,c0253bbacc624cb3,product_featured,product-2421-boj-cosmetics-luxe-eye-lashes-5-in-1-vogue.jpg,jpg,shopify_product_media,False,NOT_REQUIRED,FOUND,PENDING,
product,2318,2424,,2318,,https://wholesalebeautyhub.co.uk/wp-content/uploads/2024/08/Alpha-Skin-care-Moisturizing-Body-Wash-Sea-Mist-340g.jpg,2024/08/Alpha-Skin-care-Moisturizing-Body-Wash-Sea-Mist-340g.jpg,image/jpeg,jpg,16540,679,679,26d1936e8e4aac92,product_featured,product-2424-alpha-skin-care-moisturizing-body-wash-sea-mist-340g.jpg,jpg,shopify_product_media,False,NOT_REQUIRED,FOUND,PENDING,
product,2317,8662,,2317,,https://wholesalebeautyhub.co.uk/wp-content/uploads/2024/08/IMG_0600.jpeg,2024/08/IMG_0600.jpeg,image/jpeg,jpeg,42333,1500,1500,ef66b020806ebc4e,product_featured,product-8662-alpha-skin-care-renewal-body-lotion-12-glycolic-aha-12fl-oz.jpeg,jpeg,shopify_product_media,False,NOT_REQUIRED,FOUND,PENDING,
product,2317,8663,,2317,,https://wholesalebeautyhub.co.uk/wp-content/uploads/2024/08/IMG_0602.jpeg,2024/08/IMG_0602.jpeg,image/jpeg,jpeg,61327,1500,1500,c58ac4e1421abf44,product_gallery,product-8663-alpha-skin-care-renewal-body-lotion-12-glycolic-aha-12fl-oz-02.jpeg,jpeg,shopify_product_media,False,NOT_REQUIRED,FOUND,PENDING,
product,2317,8664,,2317,,https://wholesalebeautyhub.co.uk/wp-content/uploads/2024/08/IMG_0601.jpeg,2024/08/IMG_0601.jpeg,image/jpeg,jpeg,103123,1200,1200,02c5e746d39ea009,product_gallery,product-8664-alpha-skin-care-renewal-body-lotion-12-glycolic-aha-12fl-oz-03.jpeg,jpeg,shopify_product_media,False,NOT_REQUIRED,FOUND,PENDING,
product,2317,8665,,2317,,https://wholesalebeautyhub.co.uk/wp-content/uploads/2024/08/IMG_0604.jpeg,2024/08/IMG_0604.jpeg,image/jpeg,jpeg,273015,1500,1500,0e6e89dd578acfc9,product_gallery,product-8665-alpha-skin-care-renewal-body-lotion-12-glycolic-aha-12fl-oz-04.jpeg,jpeg,shopify_product_media,False,NOT_REQUIRED,FOUND,PENDING,
product,2372,2431,,2372,,https://wholesalebeautyhub.co.uk/wp-content/uploads/2024/08/5.jpg,2024/08/5.jpg,image/jpeg,jpg,23920,750,750,905a2ac8a229f3f2,product_featured,product-2431-tripod-stand.jpg,jpg,shopify_product_media,False,NOT_REQUIRED,FOUND,PENDING,
product,2371,2430,,2371,,https://wholesalebeautyhub.co.uk/wp-content/uploads/2024/08/4.jpg,2024/08/4.jpg,image/jpeg,jpg,47212,750,750,a5ff418899bcbcfe,product_featured,product-2430-telescopic-makeup-chair-foldable.jpg,jpg,shopify_product_media,False,NOT_REQUIRED,FOUND,PENDING,
product,2370,2428,,2370,,https://wholesalebeautyhub.co.uk/wp-content/uploads/2024/08/2.jpg,2024/08/2.jpg,image/jpeg,jpg,58369,750,750,9b52c17c549577b4,product_featured,product-2428-panel-light-l-3560.jpg,jpg,shopify_product_media,False,NOT_REQUIRED,FOUND,PENDING,
product,2369,2427,,2369,,https://wholesalebeautyhub.co.uk/wp-content/uploads/2024/08/1.jpg,2024/08/1.jpg,image/jpeg,jpg,52313,750,750,d88fa6ace3c6c713,product_featured,product-2427-led-660-pro-sutefoto-light-with-tripod-stand.jpg,jpg,shopify_product_media,False,NOT_REQUIRED,FOUND,PENDING,
product,2368,2432,,2368,,https://wholesalebeautyhub.co.uk/wp-content/uploads/2024/08/IMG_26241.jpg,2024/08/IMG_26241.jpg,image/jpeg,jpg,168506,1600,1600,6ba18502e31f88fb,product_featured,product-2432-bs-mall-brush-set.jpg,jpg,shopify_product_media,False,NOT_REQUIRED,FOUND,PENDING,
product,2346,2721,,2346,,https://wholesalebeautyhub.co.uk/wp-content/uploads/2024/08/Merak-PRO-Ultimate-Brush-Set.webp,2024/08/Merak-PRO-Ultimate-Brush-Set.webp,image/webp,webp,300550,1946,1946,1c4c4761d8dd57cf,product_featured,product-2721-merak-pro-ultimate-brush-set.webp,webp,shopify_product_media,False,NOT_REQUIRED,FOUND,PENDING,
product,2366,2726,,2366,,https://wholesalebeautyhub.co.uk/wp-content/uploads/2024/08/zaron-cappuccino-lip-pencil.jpg,2024/08/zaron-cappuccino-lip-pencil.jpg,image/jpeg,jpg,152842,828,1033,0d4af9c51f04080c,product_featured,product-2726-zaron-lip-liner-cappuccino.jpg,jpg,shopify_product_media,False,NOT_REQUIRED,FOUND,PENDING,
product,2345,2735,,2345,,https://wholesalebeautyhub.co.uk/wp-content/uploads/2024/08/Merak-Beauty-Blender.jpg,2024/08/Merak-Beauty-Blender.jpg,image/jpeg,jpg,37141,1500,1500,37b6b0ff3ae9e8e5,product_featured,product-2735-merak-beauty-blender.jpg,jpg,shopify_product_media,False,NOT_REQUIRED,FOUND,PENDING,
product,2347,2736,,2347,,https://wholesalebeautyhub.co.uk/wp-content/uploads/2024/08/Msmetics-Blot-sticks-oil-Eraser.webp,2024/08/Msmetics-Blot-sticks-oil-Eraser.webp,image/webp,webp,15898,600,553,44873b546cea1da0,product_featured,product-2736-msmetics-blot-sticks-oil-eraser.webp,webp,shopify_product_media,False,NOT_REQUIRED,FOUND,PENDING,
product,2338,2730,,2338,,https://wholesalebeautyhub.co.uk/wp-content/uploads/2024/08/Embryolisse.jpg,2024/08/Embryolisse.jpg,image/jpeg,jpg,26351,750,750,8bbe243dcb1a46ab,product_featured,product-2730-embryolisse-lait-cream-moisturizer-75-ml.jpg,jpg,shopify_product_media,False,NOT_REQUIRED,FOUND,PENDING,
product,2329,2731,,2329,,https://wholesalebeautyhub.co.uk/wp-content/uploads/2024/08/lady.jpg,2024/08/lady.jpg,image/jpeg,jpg,91935,750,750,c769faceb9d1fc01,product_featured,product-2731-boj-cosmetics-lux-eye-lashes-14-in-1-lady.jpg,jpg,shopify_product_media,False,NOT_REQUIRED,FOUND,PENDING,
product,2328,2734,,2328,,https://wholesalebeautyhub.co.uk/wp-content/uploads/2024/08/queen.jpg,2024/08/queen.jpg,image/jpeg,jpg,88475,750,750,bb7d55e6d9bc5f7c,product_featured,product-2734-boj-cosmetics-lux-eye-lashes-14-in-1-queen.jpg,jpg,shopify_product_media,False,NOT_REQUIRED,FOUND,PENDING,
product,2327,2732,,2327,,https://wholesalebeautyhub.co.uk/wp-content/uploads/2024/08/posh-set-2.jpg,2024/08/posh-set-2.jpg,image/jpeg,jpg,76782,750,750,c7dcfec5107bf92f,product_featured,product-2732-boj-cosmeticslux-eye-lashes-5-in-1-posh-set-2.jpg,jpg,shopify_product_media,False,NOT_REQUIRED,FOUND,PENDING,
product,2326,2733,,2326,,https://wholesalebeautyhub.co.uk/wp-content/uploads/2024/08/Posh-set-3.jpg,2024/08/Posh-set-3.jpg,image/jpeg,jpg,76728,750,750,55a853ea6268ff12,product_featured,product-2733-boj-cosmeticslux-eye-lashes-5-in-1-posh-set-3.jpg,jpg,shopify_product_media,False,NOT_REQUIRED,FOUND,PENDING,
product,1699,2728,,1699,,https://wholesalebeautyhub.co.uk/wp-content/uploads/2024/08/Becharm-ageless-face-assurance.jpg,2024/08/Becharm-ageless-face-assurance.jpg,image/jpeg,jpg,69364,750,750,f7336ef376a3e2db,product_featured,product-2728-becharm-ageless-powder-palette.jpg,jpg,shopify_product_media,False,NOT_REQUIRED,FOUND,PENDING,
product,1699,13933,,1699,,https://wholesalebeautyhub.co.uk/wp-content/uploads/2024/05/WhatsApp-Image-2025-08-26-at-22.50.56.jpeg,2024/05/WhatsApp-Image-2025-08-26-at-22.50.56.jpeg,image/jpeg,jpeg,197339,1320,1414,19858685ec161902,product_gallery,product-13933-becharm-ageless-powder-palette-02.jpeg,jpeg,shopify_product_media,False,NOT_REQUIRED,FOUND,PENDING,
product,2740,2755,,2740,,https://wholesalebeautyhub.co.uk/wp-content/uploads/2024/08/laneige-lip-mask.jpg,2024/08/laneige-lip-mask.jpg,image/jpeg,jpg,169323,828,824,a824339444a22a36,product_featured,product-2755-laneige-lip-mask.jpg,jpg,shopify_product_media,False,NOT_REQUIRED,FOUND,PENDING,
product,2746,2747,,2746,,https://wholesalebeautyhub.co.uk/wp-content/uploads/2024/08/2-1.jpg,2024/08/2-1.jpg,image/jpeg,jpg,83432,750,750,895381739d30a8c9,product_featured,product-2747-yglam-blush-palette-bloom.jpg,jpg,shopify_product_media,False,NOT_REQUIRED,FOUND,PENDING,
product,2751,2749,,2751,,https://wholesalebeautyhub.co.uk/wp-content/uploads/2024/08/rouge.jpg,2024/08/rouge.jpg,image/jpeg,jpg,135857,750,750,7cabce6817a4a78e,product_featured,product-2749-yglam-blush-palette-rouge.jpg,jpg,shopify_product_media,False,NOT_REQUIRED,FOUND,PENDING,
product,127,2729,,127,,https://wholesalebeautyhub.co.uk/wp-content/uploads/2024/08/Blossommakeup-Her-nude-story.jpg,2024/08/Blossommakeup-Her-nude-story.jpg,image/jpeg,jpg,56904,750,750,15ae72a49122dd4a,product_featured,product-2729-blossom-her-nude-story-palette.jpg,jpg,shopify_product_media,False,NOT_REQUIRED,FOUND,PENDING,
product,3571,3573,,3571,,https://wholesalebeautyhub.co.uk/wp-content/uploads/2024/09/WONDER-CERAMIDEMOCHITONER.webp,2024/09/WONDER-CERAMIDEMOCHITONER.webp,image/webp,webp,19370,960,960,a09579cecdeea80e,product_featured,product-3573-tonymoly-wonder-ceramide-mochi-toner-500ml.webp,webp,shopify_product_media,False,NOT_REQUIRED,FOUND,PENDING,
product,3608,3609,,3608,,https://wholesalebeautyhub.co.uk/wp-content/uploads/2024/09/frudia-pomegranate-honey-3in1-lip-balm-10ml-743.jpg,2024/09/frudia-pomegranate-honey-3in1-lip-balm-10ml-743.jpg,image/jpeg,jpg,27787,600,600,2b3e096d94e945e4,product_featured,product-3609-frudia-pomegranate-honey-3in1-lip-balm-10ml.jpg,jpg,shopify_product_media,False,NOT_REQUIRED,FOUND,PENDING,
product,3608,3609,,3608,,https://wholesalebeautyhub.co.uk/wp-content/uploads/2024/09/frudia-pomegranate-honey-3in1-lip-balm-10ml-743.jpg,2024/09/frudia-pomegranate-honey-3in1-lip-balm-10ml-743.jpg,image/jpeg,jpg,27787,600,600,2b3e096d94e945e4,product_featured,product-3609-frudia-pomegranate-honey-3in1-lip-balm-10ml-02.jpg,jpg,shopify_product_media,False,NOT_REQUIRED,FOUND,PENDING,
product,3610,3611,,3610,,https://wholesalebeautyhub.co.uk/wp-content/uploads/2024/09/frudia-my-orchard-hand-cream-30g-pineapple-893.jpg,2024/09/frudia-my-orchard-hand-cream-30g-pineapple-893.jpg,image/jpeg,jpg,17623,600,600,f1ed50d575429e14,product_featured,product-3611-frudia-my-orchard-hand-cream-pineapple-30g.jpg,jpg,shopify_product_media,False,NOT_REQUIRED,FOUND,PENDING,
product,3610,3611,,3610,,https://wholesalebeautyhub.co.uk/wp-content/uploads/2024/09/frudia-my-orchard-hand-cream-30g-pineapple-893.jpg,2024/09/frudia-my-orchard-hand-cream-30g-pineapple-893.jpg,image/jpeg,jpg,17623,600,600,f1ed50d575429e14,product_featured,product-3611-frudia-my-orchard-hand-cream-pineapple-30g-02.jpg,jpg,shopify_product_media,False,NOT_REQUIRED,FOUND,PENDING,
product,3614,3615,,3614,,https://wholesalebeautyhub.co.uk/wp-content/uploads/2024/09/frudia-my-orchard-hand-cream-30g-dragon-fruit-503.jpg,2024/09/frudia-my-orchard-hand-cream-30g-dragon-fruit-503.jpg,image/jpeg,jpg,21117,600,600,97b22f24b0493041,product_featured,product-3615-frudia-my-orchard-hand-cream-dragon-fruit-30g.jpg,jpg,shopify_product_media,False,NOT_REQUIRED,FOUND,PENDING,
product,3614,3615,,3614,,https://wholesalebeautyhub.co.uk/wp-content/uploads/2024/09/frudia-my-orchard-hand-cream-30g-dragon-fruit-503.jpg,2024/09/frudia-my-orchard-hand-cream-30g-dragon-fruit-503.jpg,image/jpeg,jpg,21117,600,600,97b22f24b0493041,product_featured,product-3615-frudia-my-orchard-hand-cream-dragon-fruit-30g-02.jpg,jpg,shopify_product_media,False,NOT_REQUIRED,FOUND,PENDING,
product,3619,3621,,3619,,https://wholesalebeautyhub.co.uk/wp-content/uploads/2024/09/WhatsApp-Image-2024-09-12-at-20.05.26.jpeg,2024/09/WhatsApp-Image-2024-09-12-at-20.05.26.jpeg,image/jpeg,jpeg,60153,607,1080,592a82d928697d2c,product_featured,product-3621-illiyoon-hyaluronic-moisture-cream-100ml.jpeg,jpeg,shopify_product_media,False,NOT_REQUIRED,FOUND,PENDING,
product,3619,3621,,3619,,https://wholesalebeautyhub.co.uk/wp-content/uploads/2024/09/WhatsApp-Image-2024-09-12-at-20.05.26.jpeg,2024/09/WhatsApp-Image-2024-09-12-at-20.05.26.jpeg,image/jpeg,jpeg,60153,607,1080,592a82d928697d2c,product_featured,product-3621-illiyoon-hyaluronic-moisture-cream-100ml-02.jpeg,jpeg,shopify_product_media,False,NOT_REQUIRED,FOUND,PENDING,
product,3629,3628,,3629,,https://wholesalebeautyhub.co.uk/wp-content/uploads/2024/09/cosrx-acne-pimple-master-patch-52.jpg,2024/09/cosrx-acne-pimple-master-patch-52.jpg,image/jpeg,jpg,49346,1000,1000,d8384ae5ea66302f,product_featured,product-3628-cosrx-acne-pimple-master-patch.jpg,jpg,shopify_product_media,False,NOT_REQUIRED,FOUND,PENDING,
product,3629,3628,,3629,,https://wholesalebeautyhub.co.uk/wp-content/uploads/2024/09/cosrx-acne-pimple-master-patch-52.jpg,2024/09/cosrx-acne-pimple-master-patch-52.jpg,image/jpeg,jpg,49346,1000,1000,d8384ae5ea66302f,product_featured,product-3628-cosrx-acne-pimple-master-patch-02.jpg,jpg,shopify_product_media,False,NOT_REQUIRED,FOUND,PENDING,
product,3631,3633,,3631,,https://wholesalebeautyhub.co.uk/wp-content/uploads/2024/09/cosrx-aha-bha-clarifying-treatment-toner-150ml-644.jpg,2024/09/cosrx-aha-bha-clarifying-treatment-toner-150ml-644.jpg,image/jpeg,jpg,34410,600,600,cea5872a227a87b2,product_featured,product-3633-cosrx-aha-bha-clarifying-treatment-toner-150ml.jpg,jpg,shopify_product_media,False,NOT_REQUIRED,FOUND,PENDING,
product,3635,3636,,3635,,https://wholesalebeautyhub.co.uk/wp-content/uploads/2024/09/Vaseline-Cocoa-Radiant-Oil-Gel-200ml-309900.avif,2024/09/Vaseline-Cocoa-Radiant-Oil-Gel-200ml-309900.avif,image/avif,avif,3500,300,300,5e44c198b6c8674e,product_featured,product-3636-vaseline-cocoa-radiant-oil-gel-200ml.webp,webp,shopify_product_media,True,NOT_STARTED,FOUND,PENDING,
product,3639,3645,,3639,,https://wholesalebeautyhub.co.uk/wp-content/uploads/2024/09/olay-H.webp,2024/09/olay-H.webp,image/webp,webp,20662,768,768,2de5a4b092ae283c,product_featured,product-3645-olay-cleansing-amp-nourishing-body-wash-with-hyaluronic-acid.webp,webp,shopify_product_media,False,NOT_REQUIRED,FOUND,PENDING,
product,3639,3646,,3639,,https://wholesalebeautyhub.co.uk/wp-content/uploads/2024/09/s-l960.webp,2024/09/s-l960.webp,image/webp,webp,22102,960,960,d400867b365305f2,product_gallery,product-3646-olay-cleansing-amp-nourishing-body-wash-with-hyaluronic-acid-02.webp,webp,shopify_product_media,False,NOT_REQUIRED,FOUND,PENDING,
product,3648,19762,,3648,,https://wholesalebeautyhub.co.uk/wp-content/uploads/2024/09/IMG_3896.jpeg,2024/09/IMG_3896.jpeg,image/jpeg,jpeg,48968,1500,1500,a259652d3a395144,product_featured,product-19762-olay-collagen-peptide-b3-firming-hydrating-body-lotion-502ml.jpeg,jpeg,shopify_product_media,False,NOT_REQUIRED,FOUND,PENDING,
product,3652,19765,,3652,,https://wholesalebeautyhub.co.uk/wp-content/uploads/2024/09/IMG_3898.webp,2024/09/IMG_3898.webp,image/webp,webp,10730,1080,1080,6817ccdf1c970562,product_featured,product-19765-olay-elasticity-boosting-collagen-peptide-body-wash.webp,webp,shopify_product_media,False,NOT_REQUIRED,FOUND,PENDING,
product,3656,3658,,3656,,https://wholesalebeautyhub.co.uk/wp-content/uploads/2024/09/OLY-TONE-EVENING.webp,2024/09/OLY-TONE-EVENING.webp,image/webp,webp,10656,450,441,b183355b7d0451c5,product_featured,product-3658-olay-tone-evening-and-hydrating-body-lotion-deep-moisture-17.webp,webp,shopify_product_media,False,NOT_REQUIRED,FOUND,PENDING,
product,3659,3660,,3659,,https://wholesalebeautyhub.co.uk/wp-content/uploads/2024/09/OLAY-SHEA-BUTTER.jpg,2024/09/OLAY-SHEA-BUTTER.jpg,image/jpeg,jpg,227530,1920,1920,d94b5cac058b2cca,product_featured,product-3660-olay-daily-recovery-hydration-body-lotion-with-shea-butter-1.jpg,jpg,shopify_product_media,False,NOT_REQUIRED,FOUND,PENDING,
product,3661,3662,,3661,,https://wholesalebeautyhub.co.uk/wp-content/uploads/2024/09/glove-sponge.jpg,2024/09/glove-sponge.jpg,image/jpeg,jpg,67638,894,640,33193bf8bcaf3763,product_featured,product-3662-exfoliating-bath-glove-sponge.jpg,jpg,shopify_product_media,False,NOT_REQUIRED,FOUND,PENDING,
product,3663,3665,,3663,,https://wholesalebeautyhub.co.uk/wp-content/uploads/2024/09/biore-sunscreen.webp,2024/09/biore-sunscreen.webp,image/webp,webp,34184,600,600,890146cc7b23f827,product_featured,product-3665-biore-uv-aqua-rich-watery-essence-spf-50-pa-70g-sunscreen.webp,webp,shopify_product_media,False,NOT_REQUIRED,FOUND,PENDING,
product,3666,3667,,3666,,https://wholesalebeautyhub.co.uk/wp-content/uploads/2024/09/kose-sunscreen.jpg,2024/09/kose-sunscreen.jpg,image/jpeg,jpg,22914,500,500,f44bba66ec667eeb,product_featured,product-3667-kose-suncut-uv-perfect-gel-spf-50-pa-80g-sunscreen.jpg,jpg,shopify_product_media,False,NOT_REQUIRED,FOUND,PENDING,
product,3689,3691,,3689,,https://wholesalebeautyhub.co.uk/wp-content/uploads/2024/09/240723_TOPICALS_Faded_Cleansing_Bar_ECOM_750x.webp,2024/09/240723_TOPICALS_Faded_Cleansing_Bar_ECOM_750x.webp,image/webp,webp,13818,750,938,4446ee9ee179dbd4,product_featured,product-3691-topicals-faded-brightening-cleansing-bar-for-dark-spots-disc.webp,webp,shopify_product_media,False,NOT_REQUIRED,FOUND,PENDING,
product,3693,3694,,3693,,https://wholesalebeautyhub.co.uk/wp-content/uploads/2024/09/240623_TOPICALS_Faded_Eye_Ppage_Image_6_6_11zon_750x.webp,2024/09/240623_TOPICALS_Faded_Eye_Ppage_Image_6_6_11zon_750x.webp,image/webp,webp,50508,750,900,1687114c5f7a2d37,product_featured,product-3694-topicals-faded-under-eye-masks-brightening-eye-masks.webp,webp,shopify_product_media,False,NOT_REQUIRED,FOUND,PENDING,
product,3698,4716,,3698,,https://wholesalebeautyhub.co.uk/wp-content/uploads/2024/09/BC466A2C-4E80-4369-BAA1-670726EE9709.jpeg,2024/09/BC466A2C-4E80-4369-BAA1-670726EE9709.jpeg,image/jpeg,jpeg,113216,1000,1000,e64b9ad1a141627c,product_featured,product-4716-eos-lip-balm.jpeg,jpeg,shopify_product_media,False,NOT_REQUIRED,FOUND,PENDING,
product,3840,3841,,3840,,https://wholesalebeautyhub.co.uk/wp-content/uploads/2024/09/NATR_TheEnergizer_bonebkgd_front_700x.webp,2024/09/NATR_TheEnergizer_bonebkgd_front_700x.webp,image/webp,webp,11654,700,700,30810ceabca55e92,product_featured,product-3841-naturium-the-energizer-mandelic-acid-body-wash-500ml.webp,webp,shopify_product_media,False,NOT_REQUIRED,FOUND,PENDING,
product,3840,3841,,3840,,https://wholesalebeautyhub.co.uk/wp-content/uploads/2024/09/NATR_TheEnergizer_bonebkgd_front_700x.webp,2024/09/NATR_TheEnergizer_bonebkgd_front_700x.webp,image/webp,webp,11654,700,700,30810ceabca55e92,product_featured,product-3841-naturium-the-energizer-mandelic-acid-body-wash-500ml-02.webp,webp,shopify_product_media,False,NOT_REQUIRED,FOUND,PENDING,
product,3843,3844,,3843,,https://wholesalebeautyhub.co.uk/wp-content/uploads/2024/09/Naturium_Mandelic_Acid_Front_CapOn_Bone_1_700x.webp,2024/09/Naturium_Mandelic_Acid_Front_CapOn_Bone_1_700x.webp,image/webp,webp,8380,700,700,f3e54b38e47b6ad6,product_featured,product-3844-naturium-mandelic-topical-acid-12-face-serum-30ml.webp,webp,shopify_product_media,False,NOT_REQUIRED,FOUND,PENDING,
product,3843,3844,,3843,,https://wholesalebeautyhub.co.uk/wp-content/uploads/2024/09/Naturium_Mandelic_Acid_Front_CapOn_Bone_1_700x.webp,2024/09/Naturium_Mandelic_Acid_Front_CapOn_Bone_1_700x.webp,image/webp,webp,8380,700,700,f3e54b38e47b6ad6,product_featured,product-3844-naturium-mandelic-topical-acid-12-face-serum-30ml-02.webp,webp,shopify_product_media,False,NOT_REQUIRED,FOUND,PENDING,
product,3845,3846,,3845,,https://wholesalebeautyhub.co.uk/wp-content/uploads/2024/09/Naturium_Azaleic_Acid_Front_CapOn_Bone_1_700x.webp,2024/09/Naturium_Azaleic_Acid_Front_CapOn_Bone_1_700x.webp,image/webp,webp,8138,700,700,752f1065dbed8f73,product_featured,product-3846-naturium-azelaic-topical-acid-10-face-serum-30ml.webp,webp,shopify_product_media,False,NOT_REQUIRED,FOUND,PENDING,
product,3845,3846,,3845,,https://wholesalebeautyhub.co.uk/wp-content/uploads/2024/09/Naturium_Azaleic_Acid_Front_CapOn_Bone_1_700x.webp,2024/09/Naturium_Azaleic_Acid_Front_CapOn_Bone_1_700x.webp,image/webp,webp,8138,700,700,752f1065dbed8f73,product_featured,product-3846-naturium-azelaic-topical-acid-10-face-serum-30ml-02.webp,webp,shopify_product_media,False,NOT_REQUIRED,FOUND,PENDING,
product,3848,3849,,3848,,https://wholesalebeautyhub.co.uk/wp-content/uploads/2024/09/anua-cleansing-oil.jpg,2024/09/anua-cleansing-oil.jpg,image/jpeg,jpg,26481,1000,1000,2c866df5aeae3445,product_featured,product-3849-anua-heartleaf-pore-control-cleansing-oil-200ml.jpg,jpg,shopify_product_media,False,NOT_REQUIRED,FOUND,PENDING,
product,3848,3849,,3848,,https://wholesalebeautyhub.co.uk/wp-content/uploads/2024/09/anua-cleansing-oil.jpg,2024/09/anua-cleansing-oil.jpg,image/jpeg,jpg,26481,1000,1000,2c866df5aeae3445,product_featured,product-3849-anua-heartleaf-pore-control-cleansing-oil-200ml-02.jpg,jpg,shopify_product_media,False,NOT_REQUIRED,FOUND,PENDING,
product,3848,3850,,3848,,https://wholesalebeautyhub.co.uk/wp-content/uploads/2024/09/51JS2lgk5FL._SL1080_.jpg,2024/09/51JS2lgk5FL._SL1080_.jpg,image/jpeg,jpg,53285,1080,1080,50ad7d9117d16bfb,product_gallery,product-3850-anua-heartleaf-pore-control-cleansing-oil-200ml-03.jpg,jpg,shopify_product_media,False,NOT_REQUIRED,FOUND,PENDING,
product,3851,3852,,3851,,https://wholesalebeautyhub.co.uk/wp-content/uploads/2024/09/41zTfqwVqJL._SL1000_.jpg,2024/09/41zTfqwVqJL._SL1000_.jpg,image/jpeg,jpg,28492,1000,1000,dbab77f79753ddf0,product_featured,product-3852-anua-heartleaf-lha-moisture-peeling-gel-gentle-face-cleanser.jpg,jpg,shopify_product_media,False,NOT_REQUIRED,FOUND,PENDING,
product,3851,3852,,3851,,https://wholesalebeautyhub.co.uk/wp-content/uploads/2024/09/41zTfqwVqJL._SL1000_.jpg,2024/09/41zTfqwVqJL._SL1000_.jpg,image/jpeg,jpg,28492,1000,1000,dbab77f79753ddf0,product_featured,product-3852-anua-heartleaf-lha-moisture-peeling-gel-gentle-face-cleanser-02.jpg,jpg,shopify_product_media,False,NOT_REQUIRED,FOUND,PENDING,
product,3853,3855,,3853,,https://wholesalebeautyhub.co.uk/wp-content/uploads/2024/09/41-YpT9x1zL._AC_SL1000_.jpg,2024/09/41-YpT9x1zL._AC_SL1000_.jpg,image/jpeg,jpg,19008,606,796,bb7f22a05afb23b8,product_featured,product-3855-anua-bha-2-gentle-exfoliating-toner-150ml.jpg,jpg,shopify_product_media,False,NOT_REQUIRED,FOUND,PENDING,
product,3853,3855,,3853,,https://wholesalebeautyhub.co.uk/wp-content/uploads/2024/09/41-YpT9x1zL._AC_SL1000_.jpg,2024/09/41-YpT9x1zL._AC_SL1000_.jpg,image/jpeg,jpg,19008,606,796,bb7f22a05afb23b8,product_featured,product-3855-anua-bha-2-gentle-exfoliating-toner-150ml-02.jpg,jpg,shopify_product_media,False,NOT_REQUIRED,FOUND,PENDING,
product,3856,3861,,3856,,https://wholesalebeautyhub.co.uk/wp-content/uploads/2024/09/41UsAM1r9bL._SL1000_.jpg,2024/09/41UsAM1r9bL._SL1000_.jpg,image/jpeg,jpg,30236,1000,1000,84bc2b8d84e913ce,product_featured,product-3861-anua-peach-70-niacinamide-serum-30ml-brightening-hydrating-f.jpg,jpg,shopify_product_media,False,NOT_REQUIRED,FOUND,PENDING,
product,3856,3861,,3856,,https://wholesalebeautyhub.co.uk/wp-content/uploads/2024/09/41UsAM1r9bL._SL1000_.jpg,2024/09/41UsAM1r9bL._SL1000_.jpg,image/jpeg,jpg,30236,1000,1000,84bc2b8d84e913ce,product_featured,product-3861-anua-peach-70-niacinamide-serum-30ml-brightening-hydrating-f-02.jpg,jpg,shopify_product_media,False,NOT_REQUIRED,FOUND,PENDING,
product,3867,3868,,3867,,https://wholesalebeautyhub.co.uk/wp-content/uploads/2024/09/61cqYjrfmgL._SL1500_.jpg,2024/09/61cqYjrfmgL._SL1500_.jpg,image/jpeg,jpg,52411,1500,1500,9912b563c0174c36,product_featured,product-3868-eos-body-lotion-pink-champagne-16fl-473ml.jpg,jpg,shopify_product_media,False,NOT_REQUIRED,FOUND,PENDING,
product,3867,3868,,3867,,https://wholesalebeautyhub.co.uk/wp-content/uploads/2024/09/61cqYjrfmgL._SL1500_.jpg,2024/09/61cqYjrfmgL._SL1500_.jpg,image/jpeg,jpg,52411,1500,1500,9912b563c0174c36,product_featured,product-3868-eos-body-lotion-pink-champagne-16fl-473ml-02.jpg,jpg,shopify_product_media,False,NOT_REQUIRED,FOUND,PENDING,
product,3869,3870,,3869,,https://wholesalebeautyhub.co.uk/wp-content/uploads/2024/09/61pZYk39BL._SL1500_.jpg,2024/09/61pZYk39BL._SL1500_.jpg,image/jpeg,jpg,48648,1500,1476,c17ef8296146df0b,product_featured,product-3870-eos-body-lotion-fresh-cozy-16fl-473ml.jpg,jpg,shopify_product_media,False,NOT_REQUIRED,FOUND,PENDING,
product,3869,3870,,3869,,https://wholesalebeautyhub.co.uk/wp-content/uploads/2024/09/61pZYk39BL._SL1500_.jpg,2024/09/61pZYk39BL._SL1500_.jpg,image/jpeg,jpg,48648,1500,1476,c17ef8296146df0b,product_featured,product-3870-eos-body-lotion-fresh-cozy-16fl-473ml-02.jpg,jpg,shopify_product_media,False,NOT_REQUIRED,FOUND,PENDING,
product,3871,3874,,3871,,https://wholesalebeautyhub.co.uk/wp-content/uploads/2024/09/716eYR4n-qL._SL1500_.jpg,2024/09/716eYR4n-qL._SL1500_.jpg,image/jpeg,jpg,67952,1200,1500,4dbfb260af4dcbe9,product_featured,product-3874-topicals-high-roller-ingrown-hair-serum-roll-on-tonic-50ml.jpg,jpg,shopify_product_media,False,NOT_REQUIRED,FOUND,PENDING,
product,3871,3874,,3871,,https://wholesalebeautyhub.co.uk/wp-content/uploads/2024/09/716eYR4n-qL._SL1500_.jpg,2024/09/716eYR4n-qL._SL1500_.jpg,image/jpeg,jpg,67952,1200,1500,4dbfb260af4dcbe9,product_featured,product-3874-topicals-high-roller-ingrown-hair-serum-roll-on-tonic-50ml-02.jpg,jpg,shopify_product_media,False,NOT_REQUIRED,FOUND,PENDING,
product,3876,3877,,3876,,https://wholesalebeautyhub.co.uk/wp-content/uploads/2024/09/710HqR5DfSL._SL1500_.jpg,2024/09/710HqR5DfSL._SL1500_.jpg,image/jpeg,jpg,106828,898,1500,03b319723f75e13b,product_featured,product-3877-advanced-clinicals-5-in-1-multi-correction-anti-aging-eye-se.jpg,jpg,shopify_product_media,False,NOT_REQUIRED,FOUND,PENDING,
product,3876,3877,,3876,,https://wholesalebeautyhub.co.uk/wp-content/uploads/2024/09/710HqR5DfSL._SL1500_.jpg,2024/09/710HqR5DfSL._SL1500_.jpg,image/jpeg,jpg,106828,898,1500,03b319723f75e13b,product_featured,product-3877-advanced-clinicals-5-in-1-multi-correction-anti-aging-eye-se-02.jpg,jpg,shopify_product_media,False,NOT_REQUIRED,FOUND,PENDING,
product,3878,3881,,3878,,https://wholesalebeautyhub.co.uk/wp-content/uploads/2024/09/81ZCXGWw-VL._SL1500_.jpg,2024/09/81ZCXGWw-VL._SL1500_.jpg,image/jpeg,jpg,164105,1500,1500,35233171aeff9391,product_featured,product-3881-advanced-clinicals-dark-spot-brightening-face-moisturizer-lo.jpg,jpg,shopify_product_media,False,NOT_REQUIRED,FOUND,PENDING,
product,3878,3881,,3878,,https://wholesalebeautyhub.co.uk/wp-content/uploads/2024/09/81ZCXGWw-VL._SL1500_.jpg,2024/09/81ZCXGWw-VL._SL1500_.jpg,image/jpeg,jpg,164105,1500,1500,35233171aeff9391,product_featured,product-3881-advanced-clinicals-dark-spot-brightening-face-moisturizer-lo-02.jpg,jpg,shopify_product_media,False,NOT_REQUIRED,FOUND,PENDING,
product,3885,3886,,3885,,https://wholesalebeautyhub.co.uk/wp-content/uploads/2024/09/61hWvsTXqBL._AC_SL1500_.jpg,2024/09/61hWvsTXqBL._AC_SL1500_.jpg,image/jpeg,jpg,57608,603,1500,2ed86782f03c7713,product_featured,product-3886-advanced-clinicals-vitamin-c-glow-facial-mist-toner.jpg,jpg,shopify_product_media,False,NOT_REQUIRED,FOUND,PENDING,
product,3885,3886,,3885,,https://wholesalebeautyhub.co.uk/wp-content/uploads/2024/09/61hWvsTXqBL._AC_SL1500_.jpg,2024/09/61hWvsTXqBL._AC_SL1500_.jpg,image/jpeg,jpg,57608,603,1500,2ed86782f03c7713,product_featured,product-3886-advanced-clinicals-vitamin-c-glow-facial-mist-toner-02.jpg,jpg,shopify_product_media,False,NOT_REQUIRED,FOUND,PENDING,
product,3887,3888,,3887,,https://wholesalebeautyhub.co.uk/wp-content/uploads/2024/09/81-eXZo212L._AC_SL1500_.jpg,2024/09/81-eXZo212L._AC_SL1500_.jpg,image/jpeg,jpg,135236,1369,1500,fcba8827a9bc4af5,product_featured,product-3888-advanced-clinicals-vitamin-c-face-toner-w-ferulic-acid-rosew.jpg,jpg,shopify_product_media,False,NOT_REQUIRED,FOUND,PENDING,
product,3887,3888,,3887,,https://wholesalebeautyhub.co.uk/wp-content/uploads/2024/09/81-eXZo212L._AC_SL1500_.jpg,2024/09/81-eXZo212L._AC_SL1500_.jpg,image/jpeg,jpg,135236,1369,1500,fcba8827a9bc4af5,product_featured,product-3888-advanced-clinicals-vitamin-c-face-toner-w-ferulic-acid-rosew-02.jpg,jpg,shopify_product_media,False,NOT_REQUIRED,FOUND,PENDING,
product,4013,4014,,4013,,https://wholesalebeautyhub.co.uk/wp-content/uploads/2024/09/CBE1C014-7128-4FB4-B2BB-9E00DB6E2394.jpeg,2024/09/CBE1C014-7128-4FB4-B2BB-9E00DB6E2394.jpeg,image/jpeg,jpeg,626245,1339,1613,5ef13c6408dab264,product_featured,product-4014-facefacts-ceramide-repairing-serum-cream-30ml.jpeg,jpeg,shopify_product_media,False,NOT_REQUIRED,FOUND,PENDING,
product,4013,4014,,4013,,https://wholesalebeautyhub.co.uk/wp-content/uploads/2024/09/CBE1C014-7128-4FB4-B2BB-9E00DB6E2394.jpeg,2024/09/CBE1C014-7128-4FB4-B2BB-9E00DB6E2394.jpeg,image/jpeg,jpeg,626245,1339,1613,5ef13c6408dab264,product_featured,product-4014-facefacts-ceramide-repairing-serum-cream-30ml-02.jpeg,jpeg,shopify_product_media,False,NOT_REQUIRED,FOUND,PENDING,
product,4015,4016,,4015,,https://wholesalebeautyhub.co.uk/wp-content/uploads/2024/09/6BB39F7A-67BB-41E1-8437-5E2FD677182D.jpeg,2024/09/6BB39F7A-67BB-41E1-8437-5E2FD677182D.jpeg,image/jpeg,jpeg,669740,1234,1525,0b2559e2ff80e07d,product_featured,product-4016-facefacts-vitamin-c-brightening-facial-serum-30ml.jpeg,jpeg,shopify_product_media,False,NOT_REQUIRED,FOUND,PENDING,
product,4015,4016,,4015,,https://wholesalebeautyhub.co.uk/wp-content/uploads/2024/09/6BB39F7A-67BB-41E1-8437-5E2FD677182D.jpeg,2024/09/6BB39F7A-67BB-41E1-8437-5E2FD677182D.jpeg,image/jpeg,jpeg,669740,1234,1525,0b2559e2ff80e07d,product_featured,product-4016-facefacts-vitamin-c-brightening-facial-serum-30ml-02.jpeg,jpeg,shopify_product_media,False,NOT_REQUIRED,FOUND,PENDING,
product,4020,4021,,4020,,https://wholesalebeautyhub.co.uk/wp-content/uploads/2024/09/D42F2130-0FE0-422C-BC15-9401AE6DCD95.jpeg,2024/09/D42F2130-0FE0-422C-BC15-9401AE6DCD95.jpeg,image/jpeg,jpeg,291802,1226,1597,0bff5e5b5dbe17eb,product_featured,product-4021-facefacts-ceramide-hydrating-gentle-cleanser-140ml.jpeg,jpeg,shopify_product_media,False,NOT_REQUIRED,FOUND,PENDING,
product,4020,4021,,4020,,https://wholesalebeautyhub.co.uk/wp-content/uploads/2024/09/D42F2130-0FE0-422C-BC15-9401AE6DCD95.jpeg,2024/09/D42F2130-0FE0-422C-BC15-9401AE6DCD95.jpeg,image/jpeg,jpeg,291802,1226,1597,0bff5e5b5dbe17eb,product_featured,product-4021-facefacts-ceramide-hydrating-gentle-cleanser-140ml-02.jpeg,jpeg,shopify_product_media,False,NOT_REQUIRED,FOUND,PENDING,
product,4022,4023,,4022,,https://wholesalebeautyhub.co.uk/wp-content/uploads/2024/09/5F83FC9D-2CA3-45A2-B2D6-3745B55734A7.jpeg,2024/09/5F83FC9D-2CA3-45A2-B2D6-3745B55734A7.jpeg,image/jpeg,jpeg,909299,1706,1589,2ae86328c40a7c37,product_featured,product-4023-facefacts-collagen-amp-q10-replenishing-facial-serum.jpeg,jpeg,shopify_product_media,False,NOT_REQUIRED,FOUND,PENDING,
product,4022,4023,,4022,,https://wholesalebeautyhub.co.uk/wp-content/uploads/2024/09/5F83FC9D-2CA3-45A2-B2D6-3745B55734A7.jpeg,2024/09/5F83FC9D-2CA3-45A2-B2D6-3745B55734A7.jpeg,image/jpeg,jpeg,909299,1706,1589,2ae86328c40a7c37,product_featured,product-4023-facefacts-collagen-amp-q10-replenishing-facial-serum-02.jpeg,jpeg,shopify_product_media,False,NOT_REQUIRED,FOUND,PENDING,
product,4022,4024,,4022,,https://wholesalebeautyhub.co.uk/wp-content/uploads/2024/09/565A2EAB-4CD1-4999-B4E5-55B3498D0B19.jpeg,2024/09/565A2EAB-4CD1-4999-B4E5-55B3498D0B19.jpeg,image/jpeg,jpeg,537021,1811,1555,a05c8500fdb69ba7,product_gallery,product-4024-facefacts-collagen-amp-q10-replenishing-facial-serum-03.jpeg,jpeg,shopify_product_media,False,NOT_REQUIRED,FOUND,PENDING,
product,4025,4026,,4025,,https://wholesalebeautyhub.co.uk/wp-content/uploads/2024/09/34772B1A-B2AC-4A63-93A8-86CE894247AD.jpeg,2024/09/34772B1A-B2AC-4A63-93A8-86CE894247AD.jpeg,image/jpeg,jpeg,336102,1352,1196,5280308d5caaf306,product_featured,product-4026-baby-dove-lotion-fragrance-free-moisture-200ml.jpeg,jpeg,shopify_product_media,False,NOT_REQUIRED,FOUND,PENDING,
product,4025,4026,,4025,,https://wholesalebeautyhub.co.uk/wp-content/uploads/2024/09/34772B1A-B2AC-4A63-93A8-86CE894247AD.jpeg,2024/09/34772B1A-B2AC-4A63-93A8-86CE894247AD.jpeg,image/jpeg,jpeg,336102,1352,1196,5280308d5caaf306,product_featured,product-4026-baby-dove-lotion-fragrance-free-moisture-200ml-02.jpeg,jpeg,shopify_product_media,False,NOT_REQUIRED,FOUND,PENDING,
product,4027,4028,,4027,,https://wholesalebeautyhub.co.uk/wp-content/uploads/2024/09/E337812A-9E1E-44FC-8A4B-31CE3ABB36EA.png,2024/09/E337812A-9E1E-44FC-8A4B-31CE3ABB36EA.png,image/png,png,34920,240,290,bf772ea23b84271e,product_featured,product-4028-dove-shower-gel-nurturing-cocoa-butter-hibiscus-body-wash-22.png,png,shopify_product_media,False,NOT_REQUIRED,FOUND,PENDING,
product,4027,4028,,4027,,https://wholesalebeautyhub.co.uk/wp-content/uploads/2024/09/E337812A-9E1E-44FC-8A4B-31CE3ABB36EA.png,2024/09/E337812A-9E1E-44FC-8A4B-31CE3ABB36EA.png,image/png,png,34920,240,290,bf772ea23b84271e,product_featured,product-4028-dove-shower-gel-nurturing-cocoa-butter-hibiscus-body-wash-22-02.png,png,shopify_product_media,False,NOT_REQUIRED,FOUND,PENDING,
product,4030,4031,,4030,,https://wholesalebeautyhub.co.uk/wp-content/uploads/2024/09/D38EDC7B-AE28-4A1E-B132-6E593956F825.jpeg,2024/09/D38EDC7B-AE28-4A1E-B132-6E593956F825.jpeg,image/jpeg,jpeg,28155,314,800,6d6714b17b5b4b6a,product_featured,product-4031-dove-revitalising-body-wash-225ml.jpeg,jpeg,shopify_product_media,False,NOT_REQUIRED,FOUND,PENDING,
product,4030,4031,,4030,,https://wholesalebeautyhub.co.uk/wp-content/uploads/2024/09/D38EDC7B-AE28-4A1E-B132-6E593956F825.jpeg,2024/09/D38EDC7B-AE28-4A1E-B132-6E593956F825.jpeg,image/jpeg,jpeg,28155,314,800,6d6714b17b5b4b6a,product_featured,product-4031-dove-revitalising-body-wash-225ml-02.jpeg,jpeg,shopify_product_media,False,NOT_REQUIRED,FOUND,PENDING,
product,4032,4033,,4032,,https://wholesalebeautyhub.co.uk/wp-content/uploads/2024/09/AD6633E9-D0FC-42CE-8005-2C73E4AC80B1.jpeg,2024/09/AD6633E9-D0FC-42CE-8005-2C73E4AC80B1.jpeg,image/jpeg,jpeg,20206,600,600,2b8cf837f1cfc356,product_featured,product-4033-dove-pampering-body-wash-shea-butter-vanilla-225ml.jpeg,jpeg,shopify_product_media,False,NOT_REQUIRED,FOUND,PENDING,
product,4032,4033,,4032,,https://wholesalebeautyhub.co.uk/wp-content/uploads/2024/09/AD6633E9-D0FC-42CE-8005-2C73E4AC80B1.jpeg,2024/09/AD6633E9-D0FC-42CE-8005-2C73E4AC80B1.jpeg,image/jpeg,jpeg,20206,600,600,2b8cf837f1cfc356,product_featured,product-4033-dove-pampering-body-wash-shea-butter-vanilla-225ml-02.jpeg,jpeg,shopify_product_media,False,NOT_REQUIRED,FOUND,PENDING,
product,4034,4035,,4034,,https://wholesalebeautyhub.co.uk/wp-content/uploads/2024/09/78EDE118-6A8F-4FCC-A1A1-A5D0716B2084.jpeg,2024/09/78EDE118-6A8F-4FCC-A1A1-A5D0716B2084.jpeg,image/jpeg,jpeg,477911,1478,1739,9de5b1f15b0780e8,product_featured,product-4035-dove-almond-cream-hibiscus-body-wash-500ml.jpeg,jpeg,shopify_product_media,False,NOT_REQUIRED,FOUND,PENDING,
product,4034,4035,,4034,,https://wholesalebeautyhub.co.uk/wp-content/uploads/2024/09/78EDE118-6A8F-4FCC-A1A1-A5D0716B2084.jpeg,2024/09/78EDE118-6A8F-4FCC-A1A1-A5D0716B2084.jpeg,image/jpeg,jpeg,477911,1478,1739,9de5b1f15b0780e8,product_featured,product-4035-dove-almond-cream-hibiscus-body-wash-500ml-02.jpeg,jpeg,shopify_product_media,False,NOT_REQUIRED,FOUND,PENDING,
product,4036,4037,,4036,,https://wholesalebeautyhub.co.uk/wp-content/uploads/2024/09/FEEA483A-F959-4B87-A9A7-66FC73216414.png,2024/09/FEEA483A-F959-4B87-A9A7-66FC73216414.png,image/png,png,100618,700,700,022ae637e772be09,product_featured,product-4037-dove-indulging-bath-wash-500ml.png,png,shopify_product_media,False,NOT_REQUIRED,FOUND,PENDING,
product,4036,4037,,4036,,https://wholesalebeautyhub.co.uk/wp-content/uploads/2024/09/FEEA483A-F959-4B87-A9A7-66FC73216414.png,2024/09/FEEA483A-F959-4B87-A9A7-66FC73216414.png,image/png,png,100618,700,700,022ae637e772be09,product_featured,product-4037-dove-indulging-bath-wash-500ml-02.png,png,shopify_product_media,False,NOT_REQUIRED,FOUND,PENDING,
product,4038,4039,,4038,,https://wholesalebeautyhub.co.uk/wp-content/uploads/2024/09/9A4EB1F8-1A2E-494F-B485-320B9E38D77C.png,2024/09/9A4EB1F8-1A2E-494F-B485-320B9E38D77C.png,image/png,png,98433,500,500,2fcdebfe7c0db1fb,product_featured,product-4039-sooo-pro-extra-dimensions-highlighter-compact.png,png,shopify_product_media,False,NOT_REQUIRED,FOUND,PENDING,
product,4038,4039,,4038,,https://wholesalebeautyhub.co.uk/wp-content/uploads/2024/09/9A4EB1F8-1A2E-494F-B485-320B9E38D77C.png,2024/09/9A4EB1F8-1A2E-494F-B485-320B9E38D77C.png,image/png,png,98433,500,500,2fcdebfe7c0db1fb,product_featured,product-4039-sooo-pro-extra-dimensions-highlighter-compact-02.png,png,shopify_product_media,False,NOT_REQUIRED,FOUND,PENDING,
product,4673,4674,,4673,,https://wholesalebeautyhub.co.uk/wp-content/uploads/2024/10/3EBBB768-2EDB-407E-90EB-06B60A0377BE.jpeg,2024/10/3EBBB768-2EDB-407E-90EB-06B60A0377BE.jpeg,image/jpeg,jpeg,798963,908,1114,439192845afe844b,product_featured,product-4674-annies-beauty-meet-the-brown-eyeshadow-palette.jpeg,jpeg,shopify_product_media,False,NOT_REQUIRED,FOUND,PENDING,
product,4680,4677,,4680,,https://wholesalebeautyhub.co.uk/wp-content/uploads/2024/10/B0958B1A-3098-4594-9FBB-C557FCEEAF86.jpeg,2024/10/B0958B1A-3098-4594-9FBB-C557FCEEAF86.jpeg,image/jpeg,jpeg,975391,907,1143,884a4d4a46245efc,product_featured,product-4677-annies-beauty-party-girl-eyeshadow-palette.jpeg,jpeg,shopify_product_media,False,NOT_REQUIRED,FOUND,PENDING,
product,4681,4675,,4681,,https://wholesalebeautyhub.co.uk/wp-content/uploads/2024/10/C4ADFB30-43FA-4868-B94B-8D866E4A6C11.jpeg,2024/10/C4ADFB30-43FA-4868-B94B-8D866E4A6C11.jpeg,image/jpeg,jpeg,650014,917,1076,174c9044f9721e71,product_featured,product-4675-annies-beauty-cheek-orgasm-blush-palette-vol-1.jpeg,jpeg,shopify_product_media,False,NOT_REQUIRED,FOUND,PENDING,
product,4682,4684,,4682,,https://wholesalebeautyhub.co.uk/wp-content/uploads/2024/10/BB8D2533-BEF9-4C40-A7A7-6D208015B6EB.jpeg,2024/10/BB8D2533-BEF9-4C40-A7A7-6D208015B6EB.jpeg,image/jpeg,jpeg,687336,903,903,591feda9a29b1af8,product_featured,product-4684-tree-hut-foaming-gel-wash.jpeg,jpeg,shopify_product_media,False,NOT_REQUIRED,FOUND,PENDING,
product,4697,4689,,4697,,https://wholesalebeautyhub.co.uk/wp-content/uploads/2024/10/A3EE647A-74C1-4BF2-BE15-FA2845E445AB.jpeg,2024/10/A3EE647A-74C1-4BF2-BE15-FA2845E445AB.jpeg,image/jpeg,jpeg,836148,896,1134,59e861b57c892bbd,product_featured,product-4689-tree-hut-whipped-body-butter.jpeg,jpeg,shopify_product_media,False,NOT_REQUIRED,FOUND,PENDING,
product,4702,4703,,4702,,https://wholesalebeautyhub.co.uk/wp-content/uploads/2024/10/1F4AB2EC-AB02-4032-A781-20AD361C5B73.jpeg,2024/10/1F4AB2EC-AB02-4032-A781-20AD361C5B73.jpeg,image/jpeg,jpeg,67887,679,1552,cac65d16fb497663,product_featured,product-4703-aveeno-baby-daily-moisturizing-cream-with-prebiotic-oat-with.jpeg,jpeg,shopify_product_media,False,NOT_REQUIRED,FOUND,PENDING,
product,4706,4707,,4706,,https://wholesalebeautyhub.co.uk/wp-content/uploads/2024/10/647A6ED3-6F25-4133-9257-06B935F16994.jpeg,2024/10/647A6ED3-6F25-4133-9257-06B935F16994.jpeg,image/jpeg,jpeg,193867,1445,1500,d72f3aa5780e391f,product_featured,product-4707-aveeno-baby-daily-care-gift-set-with-oat-extract-prebiotic-o.jpeg,jpeg,shopify_product_media,False,NOT_REQUIRED,FOUND,PENDING,
product,4711,4712,,4711,,https://wholesalebeautyhub.co.uk/wp-content/uploads/2024/10/A6A1C497-1A23-4A1A-8CC2-57008E98939C.jpeg,2024/10/A6A1C497-1A23-4A1A-8CC2-57008E98939C.jpeg,image/jpeg,jpeg,41455,1500,1500,3528dc9d2a7d8d40,product_featured,product-4712-timeless-skin-care-vitamin-c-serum-with-vitamin-e-amp-feruli.jpeg,jpeg,shopify_product_media,False,NOT_REQUIRED,FOUND,PENDING,
product,4711,4712,,4711,,https://wholesalebeautyhub.co.uk/wp-content/uploads/2024/10/A6A1C497-1A23-4A1A-8CC2-57008E98939C.jpeg,2024/10/A6A1C497-1A23-4A1A-8CC2-57008E98939C.jpeg,image/jpeg,jpeg,41455,1500,1500,3528dc9d2a7d8d40,product_featured,product-4712-timeless-skin-care-vitamin-c-serum-with-vitamin-e-amp-feruli-02.jpeg,jpeg,shopify_product_media,False,NOT_REQUIRED,FOUND,PENDING,
product,5103,14962,,5103,,https://wholesalebeautyhub.co.uk/wp-content/uploads/2024/10/WhatsApp-Image-2025-10-10-at-16.55.21.jpeg,2024/10/WhatsApp-Image-2025-10-10-at-16.55.21-scaled.jpeg,image/jpeg,jpeg,709670,1920,2560,c0596b4d23e205c8,product_featured,product-14962-vaseline-vitamin-b3-body-oil-200ml.jpeg,jpeg,shopify_product_media,False,NOT_REQUIRED,FOUND,PENDING,
product,5110,5106,,5110,,https://wholesalebeautyhub.co.uk/wp-content/uploads/2024/10/AB5AA5D3-A661-4B35-BB05-CC576E0FFE99.jpeg,2024/10/AB5AA5D3-A661-4B35-BB05-CC576E0FFE99.jpeg,image/jpeg,jpeg,278298,900,900,426a200deb6044bd,product_featured,product-5106-vaseline-healthy-plus-bar-soap-vit-b3-healthy-bright-3x75g.jpeg,jpeg,shopify_product_media,False,NOT_REQUIRED,FOUND,PENDING,
product,5111,5109,,5111,,https://wholesalebeautyhub.co.uk/wp-content/uploads/2024/10/5B0251FB-BD36-461D-AA0C-F8E6ADC16ACA.webp,2024/10/5B0251FB-BD36-461D-AA0C-F8E6ADC16ACA.webp,image/webp,webp,18574,480,480,f1e0f99176459ee6,product_featured,product-5109-cosrx-advanced-snail-92-all-in-one-cream-tube-100g.webp,webp,shopify_product_media,False,NOT_REQUIRED,FOUND,PENDING,
product,5112,5114,,5112,,https://wholesalebeautyhub.co.uk/wp-content/uploads/2024/10/275F130E-5DC0-478A-BACA-CDB1306ABF76.jpeg,2024/10/275F130E-5DC0-478A-BACA-CDB1306ABF76.jpeg,image/jpeg,jpeg,1163600,1290,1294,b69882fcda8262bc,product_featured,product-5114-zapzyt-acne-treatment-gel.jpeg,jpeg,shopify_product_media,False,NOT_REQUIRED,FOUND,PENDING,
product,5115,5116,,5115,,https://wholesalebeautyhub.co.uk/wp-content/uploads/2024/10/15C891E3-D1AB-4B20-AD80-1EAFEFEBBE71.webp,2024/10/15C891E3-D1AB-4B20-AD80-1EAFEFEBBE71.webp,image/webp,webp,51934,750,750,c7fefa9c3a819cb2,product_featured,product-5116-missha-vita-c-plus-brightening-toner-200ml.webp,webp,shopify_product_media,False,NOT_REQUIRED,FOUND,PENDING,
product,5119,5123,,5119,,https://wholesalebeautyhub.co.uk/wp-content/uploads/2024/10/9CE7CA83-CCE4-40C6-AC6B-43C5B75BBA28.png,2024/10/9CE7CA83-CCE4-40C6-AC6B-43C5B75BBA28.png,image/png,png,47395,225,225,b74b4603b7f7e343,product_featured,product-5123-mary-amp-may-tranexamic-eye-cream-special-set-pack-of-2.png,png,shopify_product_media,False,NOT_REQUIRED,FOUND,PENDING,
product,5355,5356,,5355,,https://wholesalebeautyhub.co.uk/wp-content/uploads/2024/11/843D0E85-E8E6-4719-BD22-86D307A4E2B8.jpeg,2024/11/843D0E85-E8E6-4719-BD22-86D307A4E2B8.jpeg,image/jpeg,jpeg,91272,720,720,6f301616368ac2b5,product_featured,product-5356-tola-banks-easy-blend-beauty-sponge-pack-of-4.jpeg,jpeg,shopify_product_media,False,NOT_REQUIRED,FOUND,PENDING,
product,5362,5363,,5362,,https://wholesalebeautyhub.co.uk/wp-content/uploads/2024/11/A3F8DC8C-36CA-4F8C-821F-D2612ED89DCD.jpeg,2024/11/A3F8DC8C-36CA-4F8C-821F-D2612ED89DCD.jpeg,image/jpeg,jpeg,42505,1080,1080,c19a80c1b5b6938b,product_featured,product-5363-flawless-stay-on-spray-150ml.jpeg,jpeg,shopify_product_media,False,NOT_REQUIRED,FOUND,PENDING,
product,5911,5913,,5911,,https://wholesalebeautyhub.co.uk/wp-content/uploads/2024/11/690EB7EF-E4DF-4812-ADE0-E2A085B22A6C.jpeg,2024/11/690EB7EF-E4DF-4812-ADE0-E2A085B22A6C.jpeg,image/jpeg,jpeg,308749,2000,2000,668c76c08726c0cc,product_featured,product-5913-good-molecules-brightening-amp-dark-spots-bar-85g.jpeg,jpeg,shopify_product_media,False,NOT_REQUIRED,FOUND,PENDING,
product,5911,5912,,5911,,https://wholesalebeautyhub.co.uk/wp-content/uploads/2024/11/7530AB32-3357-4082-980C-644B8EFCEBB5.jpeg,2024/11/7530AB32-3357-4082-980C-644B8EFCEBB5.jpeg,image/jpeg,jpeg,155884,2000,2000,2c5fe849a7190b49,product_gallery,product-5912-good-molecules-brightening-amp-dark-spots-bar-85g-02.jpeg,jpeg,shopify_product_media,False,NOT_REQUIRED,FOUND,PENDING,
product,5911,5913,,5911,,https://wholesalebeautyhub.co.uk/wp-content/uploads/2024/11/690EB7EF-E4DF-4812-ADE0-E2A085B22A6C.jpeg,2024/11/690EB7EF-E4DF-4812-ADE0-E2A085B22A6C.jpeg,image/jpeg,jpeg,308749,2000,2000,668c76c08726c0cc,product_featured,product-5913-good-molecules-brightening-amp-dark-spots-bar-85g-03.jpeg,jpeg,shopify_product_media,False,NOT_REQUIRED,FOUND,PENDING,
product,5911,5914,,5911,,https://wholesalebeautyhub.co.uk/wp-content/uploads/2024/11/A4D29429-6B40-4EED-AC80-F95C5DE077AD.jpeg,2024/11/A4D29429-6B40-4EED-AC80-F95C5DE077AD.jpeg,image/jpeg,jpeg,484826,2000,2000,fe45fe1ff567725f,product_gallery,product-5914-good-molecules-brightening-amp-dark-spots-bar-85g-04.jpeg,jpeg,shopify_product_media,False,NOT_REQUIRED,FOUND,PENDING,
product,5915,5916,,5915,,https://wholesalebeautyhub.co.uk/wp-content/uploads/2024/11/63C47D94-E559-4BC8-8AD3-E4E3B949C7FC.png,2024/11/63C47D94-E559-4BC8-8AD3-E4E3B949C7FC.png,image/png,png,184281,500,500,c061b1b1be8b2666,product_featured,product-5916-nip-fab-retinol-fix-overnight-cream-50ml.png,png,shopify_product_media,False,NOT_REQUIRED,FOUND,PENDING,
product,5915,5916,,5915,,https://wholesalebeautyhub.co.uk/wp-content/uploads/2024/11/63C47D94-E559-4BC8-8AD3-E4E3B949C7FC.png,2024/11/63C47D94-E559-4BC8-8AD3-E4E3B949C7FC.png,image/png,png,184281,500,500,c061b1b1be8b2666,product_featured,product-5916-nip-fab-retinol-fix-overnight-cream-50ml-02.png,png,shopify_product_media,False,NOT_REQUIRED,FOUND,PENDING,
product,5915,5917,,5915,,https://wholesalebeautyhub.co.uk/wp-content/uploads/2024/11/8E9DD605-8C85-4C89-AA5D-F0585A537000.png,2024/11/8E9DD605-8C85-4C89-AA5D-F0585A537000.png,image/png,png,92173,500,500,ffd2ff00978478db,product_gallery,product-5917-nip-fab-retinol-fix-overnight-cream-50ml-03.png,png,shopify_product_media,False,NOT_REQUIRED,FOUND,PENDING,
product,5918,5919,,5918,,https://wholesalebeautyhub.co.uk/wp-content/uploads/2024/11/D1E45FD9-6C99-4CBB-9AB4-3D28717C8E3B.jpeg,2024/11/D1E45FD9-6C99-4CBB-9AB4-3D28717C8E3B.jpeg,image/jpeg,jpeg,56133,1500,1500,915713262a1f0f8d,product_featured,product-5919-nip-fab-vitamin-c-fix-cleanser.jpeg,jpeg,shopify_product_media,False,NOT_REQUIRED,FOUND,PENDING,
product,5918,5919,,5918,,https://wholesalebeautyhub.co.uk/wp-content/uploads/2024/11/D1E45FD9-6C99-4CBB-9AB4-3D28717C8E3B.jpeg,2024/11/D1E45FD9-6C99-4CBB-9AB4-3D28717C8E3B.jpeg,image/jpeg,jpeg,56133,1500,1500,915713262a1f0f8d,product_featured,product-5919-nip-fab-vitamin-c-fix-cleanser-02.jpeg,jpeg,shopify_product_media,False,NOT_REQUIRED,FOUND,PENDING,
product,5921,5922,,5921,,https://wholesalebeautyhub.co.uk/wp-content/uploads/2024/11/1EB1BC9C-B7E7-48BB-8C93-D0841FC9CB0D.jpeg,2024/11/1EB1BC9C-B7E7-48BB-8C93-D0841FC9CB0D.jpeg,image/jpeg,jpeg,80654,1080,1080,587aa17ca3a6ac38,product_featured,product-5922-tiam-ac-fighting-aha-bha-pha-toner.jpeg,jpeg,shopify_product_media,False,NOT_REQUIRED,FOUND,PENDING,
product,5921,5922,,5921,,https://wholesalebeautyhub.co.uk/wp-content/uploads/2024/11/1EB1BC9C-B7E7-48BB-8C93-D0841FC9CB0D.jpeg,2024/11/1EB1BC9C-B7E7-48BB-8C93-D0841FC9CB0D.jpeg,image/jpeg,jpeg,80654,1080,1080,587aa17ca3a6ac38,product_featured,product-5922-tiam-ac-fighting-aha-bha-pha-toner-02.jpeg,jpeg,shopify_product_media,False,NOT_REQUIRED,FOUND,PENDING,
product,5921,5923,,5921,,https://wholesalebeautyhub.co.uk/wp-content/uploads/2024/11/B0C50021-1E5E-45F1-BCD1-061844112869.jpeg,2024/11/B0C50021-1E5E-45F1-BCD1-061844112869.jpeg,image/jpeg,jpeg,41117,500,500,d9f7f9e1f5fd39f6,product_gallery,product-5923-tiam-ac-fighting-aha-bha-pha-toner-03.jpeg,jpeg,shopify_product_media,False,NOT_REQUIRED,FOUND,PENDING,
product,5921,5924,,5921,,https://wholesalebeautyhub.co.uk/wp-content/uploads/2024/11/E86162BF-6324-48DA-BB58-6C76B826BBEA.jpeg,2024/11/E86162BF-6324-48DA-BB58-6C76B826BBEA.jpeg,image/jpeg,jpeg,19030,590,590,61fa9f7043dd129d,product_gallery,product-5924-tiam-ac-fighting-aha-bha-pha-toner-04.jpeg,jpeg,shopify_product_media,False,NOT_REQUIRED,FOUND,PENDING,
product,5935,5936,,5935,,https://wholesalebeautyhub.co.uk/wp-content/uploads/2024/11/96DAFD88-6100-436D-BC41-E1323EE27A28.jpeg,2024/11/96DAFD88-6100-436D-BC41-E1323EE27A28.jpeg,image/jpeg,jpeg,63658,1400,1400,c09be683cf80ef02,product_featured,product-5936-naturium-barrier-bounce-50ml.jpeg,jpeg,shopify_product_media,False,NOT_REQUIRED,FOUND,PENDING,
product,5935,5936,,5935,,https://wholesalebeautyhub.co.uk/wp-content/uploads/2024/11/96DAFD88-6100-436D-BC41-E1323EE27A28.jpeg,2024/11/96DAFD88-6100-436D-BC41-E1323EE27A28.jpeg,image/jpeg,jpeg,63658,1400,1400,c09be683cf80ef02,product_featured,product-5936-naturium-barrier-bounce-50ml-02.jpeg,jpeg,shopify_product_media,False,NOT_REQUIRED,FOUND,PENDING,
product,5935,5937,,5935,,https://wholesalebeautyhub.co.uk/wp-content/uploads/2024/11/CC40ED31-5D2D-4935-8E0B-13CA11692055.jpeg,2024/11/CC40ED31-5D2D-4935-8E0B-13CA11692055.jpeg,image/jpeg,jpeg,62645,1400,1400,5cb734d348b52322,product_gallery,product-5937-naturium-barrier-bounce-50ml-03.jpeg,jpeg,shopify_product_media,False,NOT_REQUIRED,FOUND,PENDING,
product,5935,5938,,5935,,https://wholesalebeautyhub.co.uk/wp-content/uploads/2024/11/F2EABDE2-2057-42BB-983A-5DB1E30538D4.jpeg,2024/11/F2EABDE2-2057-42BB-983A-5DB1E30538D4.jpeg,image/jpeg,jpeg,84679,1400,1400,cc51852207eed924,product_gallery,product-5938-naturium-barrier-bounce-50ml-04.jpeg,jpeg,shopify_product_media,False,NOT_REQUIRED,FOUND,PENDING,
product,5935,5939,,5935,,https://wholesalebeautyhub.co.uk/wp-content/uploads/2024/11/33994C6F-578E-4555-8BE1-20A3AD45F096.jpeg,2024/11/33994C6F-578E-4555-8BE1-20A3AD45F096.jpeg,image/jpeg,jpeg,145026,1400,1400,67e1db067f00e902,product_gallery,product-5939-naturium-barrier-bounce-50ml-05.jpeg,jpeg,shopify_product_media,False,NOT_REQUIRED,FOUND,PENDING,
product,5940,5942,,5940,,https://wholesalebeautyhub.co.uk/wp-content/uploads/2024/11/141CD9ED-ED6D-4B80-AB70-4C49A3AEE129.jpeg,2024/11/141CD9ED-ED6D-4B80-AB70-4C49A3AEE129.jpeg,image/jpeg,jpeg,64075,1400,1400,218556670f7ff57f,product_featured,product-5942-naturium-aha-exfoliating-mask-10.jpeg,jpeg,shopify_product_media,False,NOT_REQUIRED,FOUND,PENDING,
product,5940,5941,,5940,,https://wholesalebeautyhub.co.uk/wp-content/uploads/2024/11/660120DA-D752-4114-9B52-D3A9286E169C.jpeg,2024/11/660120DA-D752-4114-9B52-D3A9286E169C.jpeg,image/jpeg,jpeg,55616,1400,1400,6c274dc1b933da04,product_gallery,product-5941-naturium-aha-exfoliating-mask-10-02.jpeg,jpeg,shopify_product_media,False,NOT_REQUIRED,FOUND,PENDING,
product,5940,5942,,5940,,https://wholesalebeautyhub.co.uk/wp-content/uploads/2024/11/141CD9ED-ED6D-4B80-AB70-4C49A3AEE129.jpeg,2024/11/141CD9ED-ED6D-4B80-AB70-4C49A3AEE129.jpeg,image/jpeg,jpeg,64075,1400,1400,218556670f7ff57f,product_featured,product-5942-naturium-aha-exfoliating-mask-10-03.jpeg,jpeg,shopify_product_media,False,NOT_REQUIRED,FOUND,PENDING,
product,5940,5943,,5940,,https://wholesalebeautyhub.co.uk/wp-content/uploads/2024/11/F009BD92-089F-4741-82F3-886B7C7D2BDD.jpeg,2024/11/F009BD92-089F-4741-82F3-886B7C7D2BDD.jpeg,image/jpeg,jpeg,124112,1400,1400,93e6b9a96d5ce4cc,product_gallery,product-5943-naturium-aha-exfoliating-mask-10-04.jpeg,jpeg,shopify_product_media,False,NOT_REQUIRED,FOUND,PENDING,
product,5940,5944,,5940,,https://wholesalebeautyhub.co.uk/wp-content/uploads/2024/11/AAD64469-AC08-4866-84E2-E8A88C468D5E.jpeg,2024/11/AAD64469-AC08-4866-84E2-E8A88C468D5E.jpeg,image/jpeg,jpeg,82159,1400,1400,f5c1583e6a630530,product_gallery,product-5944-naturium-aha-exfoliating-mask-10-05.jpeg,jpeg,shopify_product_media,False,NOT_REQUIRED,FOUND,PENDING,
product,5945,5956,,5945,,https://wholesalebeautyhub.co.uk/wp-content/uploads/2024/11/6C65D7F6-7C7A-453D-84F7-C8A484A57EC7.jpeg,2024/11/6C65D7F6-7C7A-453D-84F7-C8A484A57EC7.jpeg,image/jpeg,jpeg,945502,1290,1286,e72d05301b299843,product_featured,product-5956-sylvimak-concealer.jpeg,jpeg,shopify_product_media,False,NOT_REQUIRED,FOUND,PENDING,
product,5945,5956,,5945,,https://wholesalebeautyhub.co.uk/wp-content/uploads/2024/11/6C65D7F6-7C7A-453D-84F7-C8A484A57EC7.jpeg,2024/11/6C65D7F6-7C7A-453D-84F7-C8A484A57EC7.jpeg,image/jpeg,jpeg,945502,1290,1286,e72d05301b299843,product_featured,product-5956-sylvimak-concealer-02.jpeg,jpeg,shopify_product_media,False,NOT_REQUIRED,FOUND,PENDING,
product,5945,5957,,5945,,https://wholesalebeautyhub.co.uk/wp-content/uploads/2024/11/2613B357-0985-42F9-B5A6-B8105D3268D7.jpeg,2024/11/2613B357-0985-42F9-B5A6-B8105D3268D7.jpeg,image/jpeg,jpeg,719934,1290,1576,c5c41620d6b8f51c,product_gallery,product-5957-sylvimak-concealer-03.jpeg,jpeg,shopify_product_media,False,NOT_REQUIRED,FOUND,PENDING,
product,5989,5991,,5989,,https://wholesalebeautyhub.co.uk/wp-content/uploads/2024/11/7D6511DE-A5C2-463A-9007-A138AABDD188.png,2024/11/7D6511DE-A5C2-463A-9007-A138AABDD188.png,image/png,png,42465,225,225,58cff85b7e405ae1,product_featured,product-5991-tree-hut-vitamin-c-shea-sugar-scrub.png,png,shopify_product_media,False,NOT_REQUIRED,FOUND,PENDING,
product,5989,5990,,5989,,https://wholesalebeautyhub.co.uk/wp-content/uploads/2024/11/026E181D-A2AE-4DB7-9B8F-A028A135251B.png,2024/11/026E181D-A2AE-4DB7-9B8F-A028A135251B.png,image/png,png,65007,212,238,effe8e71972f6671,product_gallery,product-5990-tree-hut-vitamin-c-shea-sugar-scrub-02.png,png,shopify_product_media,False,NOT_REQUIRED,FOUND,PENDING,
product,5989,5991,,5989,,https://wholesalebeautyhub.co.uk/wp-content/uploads/2024/11/7D6511DE-A5C2-463A-9007-A138AABDD188.png,2024/11/7D6511DE-A5C2-463A-9007-A138AABDD188.png,image/png,png,42465,225,225,58cff85b7e405ae1,product_featured,product-5991-tree-hut-vitamin-c-shea-sugar-scrub-03.png,png,shopify_product_media,False,NOT_REQUIRED,FOUND,PENDING,
product,6565,6566,,6565,,https://wholesalebeautyhub.co.uk/wp-content/uploads/2024/12/D833060B-06D1-45A7-9E90-9E00AB085BDA.jpeg,2024/12/D833060B-06D1-45A7-9E90-9E00AB085BDA.jpeg,image/jpeg,jpeg,29593,487,616,092e6ea52d714e26,product_featured,product-6566-olay-hyaluronic-acid-body-lotion.jpeg,jpeg,shopify_product_media,False,NOT_REQUIRED,FOUND,PENDING,
product,7309,7314,,7309,,https://wholesalebeautyhub.co.uk/wp-content/uploads/2025/01/EOS-COCONUT.jpg,2025/01/EOS-COCONUT.jpg,image/jpeg,jpg,77958,1000,1000,bcd75b2b39d73b80,product_featured,product-7314-eos-body-lotion-coconut-waters-16-fl-oz-473ml.jpg,jpg,shopify_product_media,False,NOT_REQUIRED,FOUND,PENDING,
product,7309,7314,,7309,,https://wholesalebeautyhub.co.uk/wp-content/uploads/2025/01/EOS-COCONUT.jpg,2025/01/EOS-COCONUT.jpg,image/jpeg,jpg,77958,1000,1000,bcd75b2b39d73b80,product_featured,product-7314-eos-body-lotion-coconut-waters-16-fl-oz-473ml-02.jpg,jpg,shopify_product_media,False,NOT_REQUIRED,FOUND,PENDING,
product,7309,7313,,7309,,https://wholesalebeautyhub.co.uk/wp-content/uploads/2025/01/EOS-COCONUT-4.jpg,2025/01/EOS-COCONUT-4.jpg,image/jpeg,jpg,168664,1500,1500,e33c12eb9f6efeb4,product_gallery,product-7313-eos-body-lotion-coconut-waters-16-fl-oz-473ml-03.jpg,jpg,shopify_product_media,False,NOT_REQUIRED,FOUND,PENDING,
product,7309,7312,,7309,,https://wholesalebeautyhub.co.uk/wp-content/uploads/2025/01/EOS-COCONUT-3.jpg,2025/01/EOS-COCONUT-3.jpg,image/jpeg,jpg,87250,677,1500,70c08def6c722141,product_gallery,product-7312-eos-body-lotion-coconut-waters-16-fl-oz-473ml-04.jpg,jpg,shopify_product_media,False,NOT_REQUIRED,FOUND,PENDING,
product,7309,7311,,7309,,https://wholesalebeautyhub.co.uk/wp-content/uploads/2025/01/EOS-COCONUT-2.jpg,2025/01/EOS-COCONUT-2.jpg,image/jpeg,jpg,56472,678,1500,0fe2816ae17c3151,product_gallery,product-7311-eos-body-lotion-coconut-waters-16-fl-oz-473ml-05.jpg,jpg,shopify_product_media,False,NOT_REQUIRED,FOUND,PENDING,
product,7323,7326,,7323,,https://wholesalebeautyhub.co.uk/wp-content/uploads/2025/01/dr-teals-scrub.webp,2025/01/dr-teals-scrub.webp,image/webp,webp,23664,450,450,863aaa98dbe9f7aa,product_featured,product-7326-dr-teals-shea-sugar-prebiotic-lemon-balm-scrub.webp,webp,shopify_product_media,False,NOT_REQUIRED,FOUND,PENDING,
product,7323,7327,,7323,,https://wholesalebeautyhub.co.uk/wp-content/uploads/2025/01/dr-teals.webp,2025/01/dr-teals.webp,image/webp,webp,33902,450,450,eb22c95c696b25e5,product_gallery,product-7327-dr-teals-shea-sugar-prebiotic-lemon-balm-scrub-02.webp,webp,shopify_product_media,False,NOT_REQUIRED,FOUND,PENDING,
product,7323,7326,,7323,,https://wholesalebeautyhub.co.uk/wp-content/uploads/2025/01/dr-teals-scrub.webp,2025/01/dr-teals-scrub.webp,image/webp,webp,23664,450,450,863aaa98dbe9f7aa,product_featured,product-7326-dr-teals-shea-sugar-prebiotic-lemon-balm-scrub-03.webp,webp,shopify_product_media,False,NOT_REQUIRED,FOUND,PENDING,
product,7323,7325,,7323,,https://wholesalebeautyhub.co.uk/wp-content/uploads/2025/01/dr-teals-3.webp,2025/01/dr-teals-3.webp,image/webp,webp,32088,423,450,fbcaa12e45861a3e,product_gallery,product-7325-dr-teals-shea-sugar-prebiotic-lemon-balm-scrub-04.webp,webp,shopify_product_media,False,NOT_REQUIRED,FOUND,PENDING,
product,7323,7324,,7323,,https://wholesalebeautyhub.co.uk/wp-content/uploads/2025/01/dr-teal-2.webp,2025/01/dr-teal-2.webp,image/webp,webp,29162,420,450,139143b52bf01a32,product_gallery,product-7324-dr-teals-shea-sugar-prebiotic-lemon-balm-scrub-05.webp,webp,shopify_product_media,False,NOT_REQUIRED,FOUND,PENDING,
product,7328,7333,,7328,,https://wholesalebeautyhub.co.uk/wp-content/uploads/2025/01/469946345_585473460801661_2312417212183625562_n-1.jpg,2025/01/469946345_585473460801661_2312417212183625562_n-1.jpg,image/jpeg,jpg,55450,1080,1080,90f2559cc94f261b,product_featured,product-7333-yglam-beauty-bronzer-pallete-bronzey.jpg,jpg,shopify_product_media,False,NOT_REQUIRED,FOUND,PENDING,
product,7328,7334,,7328,,https://wholesalebeautyhub.co.uk/wp-content/uploads/2025/01/469719328_1301901797827444_2981701555243887840_n.jpg,2025/01/469719328_1301901797827444_2981701555243887840_n.jpg,image/jpeg,jpg,155904,1024,1024,7d10b680a60d4a8b,product_gallery,product-7334-yglam-beauty-bronzer-pallete-bronzey-02.jpg,jpg,shopify_product_media,False,NOT_REQUIRED,FOUND,PENDING,
product,7328,7335,,7328,,https://wholesalebeautyhub.co.uk/wp-content/uploads/2025/01/469956939_1075191140756590_9029233993407018320_n.jpg,2025/01/469956939_1075191140756590_9029233993407018320_n.jpg,image/jpeg,jpg,140453,1080,1080,7d854172db07643a,product_gallery,product-7335-yglam-beauty-bronzer-pallete-bronzey-03.jpg,jpg,shopify_product_media,False,NOT_REQUIRED,FOUND,PENDING,
product,7515,7498,,7515,,https://wholesalebeautyhub.co.uk/wp-content/uploads/2025/01/IMG_0224.png,2025/01/IMG_0224.png,image/png,png,3309009,3264,3264,172b2305bae4fa52,product_featured,product-7498-skincare-essentials-combo-deal-valentine-combo-deals.png,png,shopify_product_media,False,NOT_REQUIRED,FOUND,PENDING,
product,7515,7517,,7515,,https://wholesalebeautyhub.co.uk/wp-content/uploads/2025/01/60762943-59d4-47ff-ad09-3a50278321c3-1.jpg,2025/01/60762943-59d4-47ff-ad09-3a50278321c3-1.jpg,image/jpeg,jpg,1118295,2225,2029,4f88a61cdf832f0c,product_gallery,product-7517-skincare-essentials-combo-deal-valentine-combo-deals-02.jpg,jpg,shopify_product_media,False,NOT_REQUIRED,FOUND,PENDING,
product,7534,7500,,7534,,https://wholesalebeautyhub.co.uk/wp-content/uploads/2025/01/IMG_0222.png,2025/01/IMG_0222.png,image/png,png,3021690,3264,3264,8a88a45a061fee0f,product_featured,product-7500-hydartion-barrier-repair-combo-valentine-combo-deals.png,png,shopify_product_media,False,NOT_REQUIRED,FOUND,PENDING,
product,7534,7532,,7534,,https://wholesalebeautyhub.co.uk/wp-content/uploads/2025/01/Untitled-design.jpg,2025/01/Untitled-design-scaled.jpg,image/jpeg,jpg,761496,2312,2560,ae64d315eb62a0b4,product_gallery,product-7532-hydartion-barrier-repair-combo-valentine-combo-deals-02.jpg,jpg,shopify_product_media,False,NOT_REQUIRED,FOUND,PENDING,
product,7535,7497,,7535,,https://wholesalebeautyhub.co.uk/wp-content/uploads/2025/01/IMG_0215.png,2025/01/IMG_0215.png,image/png,png,3237612,3264,3264,2f618b8e07548893,product_featured,product-7497-acne-blemish-fighter-set-valentine-combo-deals.png,png,shopify_product_media,False,NOT_REQUIRED,FOUND,PENDING,
product,7535,7526,,7535,,https://wholesalebeautyhub.co.uk/wp-content/uploads/2025/01/c9b06bc5-b34e-43eb-90fb-a87d9d60b47f.jpg,2025/01/c9b06bc5-b34e-43eb-90fb-a87d9d60b47f.jpg,image/jpeg,jpg,1529043,2425,2383,e04ff17fd3ac10df,product_gallery,product-7526-acne-blemish-fighter-set-valentine-combo-deals-02.jpg,jpg,shopify_product_media,False,NOT_REQUIRED,FOUND,PENDING,
product,7537,7494,,7537,,https://wholesalebeautyhub.co.uk/wp-content/uploads/2025/01/IMG_0231.png,2025/01/IMG_0231.png,image/png,png,3221100,3264,3264,ff783e18efdb537c,product_featured,product-7494-exfoliating-and-moisturizing-body-combo-valentine-combo-deal.png,png,shopify_product_media,False,NOT_REQUIRED,FOUND,PENDING,
product,7537,7522,,7537,,https://wholesalebeautyhub.co.uk/wp-content/uploads/2025/01/185c3354-7316-4d39-b3ed-cc30f37b28a1.jpg,2025/01/185c3354-7316-4d39-b3ed-cc30f37b28a1-scaled.jpg,image/jpeg,jpg,896042,1976,2560,581dd02f6f881ff5,product_gallery,product-7522-exfoliating-and-moisturizing-body-combo-valentine-combo-deal-02.jpg,jpg,shopify_product_media,False,NOT_REQUIRED,FOUND,PENDING,
product,7539,7605,,7539,,https://wholesalebeautyhub.co.uk/wp-content/uploads/2025/01/WhatsApp-Image-2025-02-01-at-18.16.38.jpeg,2025/01/WhatsApp-Image-2025-02-01-at-18.16.38.jpeg,image/jpeg,jpeg,153005,1280,1280,6552ed1eb3f30052,product_featured,product-7605-body-glow-brightening-combo-3-valentine-combo-deals.jpeg,jpeg,shopify_product_media,False,NOT_REQUIRED,FOUND,PENDING,
product,7539,7523,,7539,,https://wholesalebeautyhub.co.uk/wp-content/uploads/2025/01/a24b8460-0b1a-47a3-926c-a4df08a9e03b.jpg,2025/01/a24b8460-0b1a-47a3-926c-a4df08a9e03b.jpg,image/jpeg,jpg,1423777,2359,2441,4acca3dd8044c8df,product_gallery,product-7523-body-glow-brightening-combo-3-valentine-combo-deals-02.jpg,jpg,shopify_product_media,False,NOT_REQUIRED,FOUND,PENDING,
product,7542,7492,,7542,,https://wholesalebeautyhub.co.uk/wp-content/uploads/2025/01/IMG_0230.png,2025/01/IMG_0230.png,image/png,png,3591314,3264,3264,4f5a0c8d3eba96a3,product_featured,product-7492-body-glow-brightening-combo-2-valentine-combo-deals.png,png,shopify_product_media,False,NOT_REQUIRED,FOUND,PENDING,
product,7542,7525,,7542,,https://wholesalebeautyhub.co.uk/wp-content/uploads/2025/01/b103e54e-654c-4aac-9a79-5ccb1eaf1230.jpg,2025/01/b103e54e-654c-4aac-9a79-5ccb1eaf1230-scaled.jpg,image/jpeg,jpg,993003,2079,2560,c500996e2fcfe18d,product_gallery,product-7525-body-glow-brightening-combo-2-valentine-combo-deals-02.jpg,jpg,shopify_product_media,False,NOT_REQUIRED,FOUND,PENDING,
product,7543,7499,,7543,,https://wholesalebeautyhub.co.uk/wp-content/uploads/2025/01/IMG_0214.png,2025/01/IMG_0214.png,image/png,png,3121845,3264,3264,cc85d8240d693855,product_featured,product-7499-body-glow-brightening-combo-1-bundle-deal.png,png,shopify_product_media,False,NOT_REQUIRED,FOUND,PENDING,
product,7543,7524,,7543,,https://wholesalebeautyhub.co.uk/wp-content/uploads/2025/01/dcab134f-34a6-4b1b-bb55-7e587fbcc2f7.jpg,2025/01/dcab134f-34a6-4b1b-bb55-7e587fbcc2f7-scaled.jpg,image/jpeg,jpg,782993,1940,2560,eff7606d92838b65,product_gallery,product-7524-body-glow-brightening-combo-1-bundle-deal-02.jpg,jpg,shopify_product_media,False,NOT_REQUIRED,FOUND,PENDING,
product,7544,7496,,7544,,https://wholesalebeautyhub.co.uk/wp-content/uploads/2025/01/IMG_0223-1.png,2025/01/IMG_0223-1.png,image/png,png,3370887,3264,3264,a3c1b1cb12936169,product_featured,product-7496-glow-radiance-bundle-for-hyperpigmentation-brightening-valen.png,png,shopify_product_media,False,NOT_REQUIRED,FOUND,PENDING,
product,7544,7529,,7544,,https://wholesalebeautyhub.co.uk/wp-content/uploads/2025/01/30ccee14-8a41-4d5d-a134-bed8cb6f53e7-1.jpg,2025/01/30ccee14-8a41-4d5d-a134-bed8cb6f53e7-1-scaled.jpg,image/jpeg,jpg,793186,1980,2560,6d808d27ddc0ffdd,product_gallery,product-7529-glow-radiance-bundle-for-hyperpigmentation-brightening-valen-02.jpg,jpg,shopify_product_media,False,NOT_REQUIRED,FOUND,PENDING,
product,7880,7883,,7880,,https://wholesalebeautyhub.co.uk/wp-content/uploads/2025/02/IMG_0530.jpg,2025/02/IMG_0530.jpg,image/jpeg,jpg,839910,1166,1380,bdbfa3861c821a79,product_featured,product-7883-eos-pink-champagne-body-wash.jpg,jpg,shopify_product_media,False,NOT_REQUIRED,FOUND,PENDING,
product,7885,7886,,7885,,https://wholesalebeautyhub.co.uk/wp-content/uploads/2025/02/UK200036497_NATURIUM_3.jpg,2025/02/UK200036497_NATURIUM_3.jpg,image/jpeg,jpg,20641,582,582,d065d262a78ddfcb,product_featured,product-7886-naturium-alpha-arbutin-serum-2-30ml.jpg,jpg,shopify_product_media,False,NOT_REQUIRED,FOUND,PENDING,
product,7885,7887,,7885,,https://wholesalebeautyhub.co.uk/wp-content/uploads/2025/02/UK200036497_NATURIUM.jpg,2025/02/UK200036497_NATURIUM.jpg,image/jpeg,jpg,11246,582,582,2d7c39b492163c53,product_gallery,product-7887-naturium-alpha-arbutin-serum-2-30ml-02.jpg,jpg,shopify_product_media,False,NOT_REQUIRED,FOUND,PENDING,
product,7885,7888,,7885,,https://wholesalebeautyhub.co.uk/wp-content/uploads/2025/02/UK200036497_NATURIUM_1.jpg,2025/02/UK200036497_NATURIUM_1.jpg,image/jpeg,jpg,14942,582,582,0a70a2dd1cb09360,product_gallery,product-7888-naturium-alpha-arbutin-serum-2-30ml-03.jpg,jpg,shopify_product_media,False,NOT_REQUIRED,FOUND,PENDING,
product,7885,7889,,7885,,https://wholesalebeautyhub.co.uk/wp-content/uploads/2025/02/UK200036497_NATURIUM_3-1.jpg,2025/02/UK200036497_NATURIUM_3-1.jpg,image/jpeg,jpg,20641,582,582,418c3504bbe18847,product_gallery,product-7889-naturium-alpha-arbutin-serum-2-30ml-04.jpg,jpg,shopify_product_media,False,NOT_REQUIRED,FOUND,PENDING,
product,7890,7928,,7890,,https://wholesalebeautyhub.co.uk/wp-content/uploads/2025/02/6654.webp,2025/02/6654.webp,image/webp,webp,20704,674,898,9c85023639ffa2b1,product_featured,product-7928-tiam-vita-b3-mist-toner-6-76-fl-oz-200-ml.webp,webp,shopify_product_media,False,NOT_REQUIRED,FOUND,PENDING,
product,7895,7897,,7895,,https://wholesalebeautyhub.co.uk/wp-content/uploads/2025/02/IMG_0541.jpg,2025/02/IMG_0541.jpg,image/jpeg,jpg,848557,1290,1305,29bb00f5cf14dd66,product_featured,product-7897-vee-beauty-eyeshadow-palette-naked.jpg,jpg,shopify_product_media,False,NOT_REQUIRED,FOUND,PENDING,
product,7895,7898,,7895,,https://wholesalebeautyhub.co.uk/wp-content/uploads/2025/02/IMG_0541-1.jpg,2025/02/IMG_0541-1.jpg,image/jpeg,jpg,848557,1290,1305,078dff3a6dfdc048,product_gallery,product-7898-vee-beauty-eyeshadow-palette-naked-02.jpg,jpg,shopify_product_media,False,NOT_REQUIRED,FOUND,PENDING,
product,7899,7901,,7899,,https://wholesalebeautyhub.co.uk/wp-content/uploads/2025/02/IMG_0538.jpg,2025/02/IMG_0538.jpg,image/jpeg,jpg,1382005,1290,1289,9e417d56765133f3,product_featured,product-7901-vee-beauty-eyeshadow-palette-nudes.jpg,jpg,shopify_product_media,False,NOT_REQUIRED,FOUND,PENDING,
product,7902,7909,,7902,,https://wholesalebeautyhub.co.uk/wp-content/uploads/2025/02/IMG_0533.jpg,2025/02/IMG_0533.jpg,image/jpeg,jpg,697904,1163,1380,e13153e37648cb17,product_featured,product-7909-eos-fresh-cozy-body-wash.jpg,jpg,shopify_product_media,False,NOT_REQUIRED,FOUND,PENDING,
product,7911,7906,,7911,,https://wholesalebeautyhub.co.uk/wp-content/uploads/2025/02/IMG_0536-1.jpg,2025/02/IMG_0536-1.jpg,image/jpeg,jpg,721231,1140,1353,d3a884a9153c7c04,product_featured,product-7906-eos-coconut-waters-body-wash.jpg,jpg,shopify_product_media,False,NOT_REQUIRED,FOUND,PENDING,
product,7912,7919,,7912,,https://wholesalebeautyhub.co.uk/wp-content/uploads/2025/02/eos-hand-cream-Vanilla-Cashmere_c947d859-7062-49f8-832f-682693751f55-1.webp,2025/02/eos-hand-cream-Vanilla-Cashmere_c947d859-7062-49f8-832f-682693751f55-1.webp,image/webp,webp,25680,1000,1161,3f27526b65019d9f,product_featured,product-7919-eos-shea-better-hand-cream.webp,webp,shopify_product_media,False,NOT_REQUIRED,FOUND,PENDING,
product,7920,7922,,7920,,https://wholesalebeautyhub.co.uk/wp-content/uploads/2025/02/eos-body-lotion-Strawberry-Dream_56a5056d-aff5-4396-8e87-556d79a003a4.webp,2025/02/eos-body-lotion-Strawberry-Dream_56a5056d-aff5-4396-8e87-556d79a003a4.webp,image/webp,webp,32344,1001,1162,f0443ef999b97e45,product_featured,product-7922-eos-strawberry-dream-body-lotion.webp,webp,shopify_product_media,False,NOT_REQUIRED,FOUND,PENDING,
product,7924,7926,,7924,,https://wholesalebeautyhub.co.uk/wp-content/uploads/2025/02/d251276e-9a56-4310-b11f-9f5cb9cb7481.6c6f222e01d32920676c011a460d069a.webp,2025/02/d251276e-9a56-4310-b11f-9f5cb9cb7481.6c6f222e01d32920676c011a460d069a.webp,image/webp,webp,71040,1500,1500,cb70065ecf801d21,product_featured,product-7926-tree-hut-shea-sugar-scrub-vanilla-510g.webp,webp,shopify_product_media,False,NOT_REQUIRED,FOUND,PENDING,
product,7924,7927,,7924,,https://wholesalebeautyhub.co.uk/wp-content/uploads/2025/02/tree.webp,2025/02/tree.webp,image/webp,webp,34184,900,900,b5191426eaf2b2c4,product_gallery,product-7927-tree-hut-shea-sugar-scrub-vanilla-510g-02.webp,webp,shopify_product_media,False,NOT_REQUIRED,FOUND,PENDING,
product,7924,7925,,7924,,https://wholesalebeautyhub.co.uk/wp-content/uploads/2025/02/IMG_20240509_163027.jpg,2025/02/IMG_20240509_163027.jpg,image/jpeg,jpg,25563,500,594,da7e2e5d23ca4974,product_gallery,product-7925-tree-hut-shea-sugar-scrub-vanilla-510g-03.jpg,jpg,shopify_product_media,False,NOT_REQUIRED,FOUND,PENDING,
product,8533,8534,,8533,,https://wholesalebeautyhub.co.uk/wp-content/uploads/2025/03/IMG_0924.jpeg,2025/03/IMG_0924.jpeg,image/jpeg,jpeg,117607,1500,1121,844443fe1387e928,product_featured,product-8534-elastalift-dark-circle-eye-cream-collagen-peptide.jpeg,jpeg,shopify_product_media,False,NOT_REQUIRED,FOUND,PENDING,
product,8618,8621,,8618,,https://wholesalebeautyhub.co.uk/wp-content/uploads/2025/03/IMG_0909.jpeg,2025/03/IMG_0909.jpeg,image/jpeg,jpeg,1022235,1290,1284,a72921296167f02d,product_featured,product-8621-vee-beauty-concealer-palette.jpeg,jpeg,shopify_product_media,False,NOT_REQUIRED,FOUND,PENDING,
product,8618,8622,,8618,,https://wholesalebeautyhub.co.uk/wp-content/uploads/2025/03/IMG_0908.jpeg,2025/03/IMG_0908.jpeg,image/jpeg,jpeg,1053778,1290,1292,6f1a6b9197934d11,product_gallery,product-8622-vee-beauty-concealer-palette-02.jpeg,jpeg,shopify_product_media,False,NOT_REQUIRED,FOUND,PENDING,
product,8628,8630,,8628,,https://wholesalebeautyhub.co.uk/wp-content/uploads/2025/03/IMG_0981.jpeg,2025/03/IMG_0981.jpeg,image/jpeg,jpeg,163276,2560,2560,2b77c988fbc5ca70,product_featured,product-8630-eucerin-baby-eczema-relief-cream-body-wash-fragrance-free.jpeg,jpeg,shopify_product_media,False,NOT_REQUIRED,FOUND,PENDING,
product,8628,8633,,8628,,https://wholesalebeautyhub.co.uk/wp-content/uploads/2025/03/IMG_0984.jpeg,2025/03/IMG_0984.jpeg,image/jpeg,jpeg,105739,1000,1000,3b79c460371dc4f6,product_gallery,product-8633-eucerin-baby-eczema-relief-cream-body-wash-fragrance-free-02.jpeg,jpeg,shopify_product_media,False,NOT_REQUIRED,FOUND,PENDING,
product,8628,8632,,8628,,https://wholesalebeautyhub.co.uk/wp-content/uploads/2025/03/IMG_0983.jpeg,2025/03/IMG_0983.jpeg,image/jpeg,jpeg,55489,1000,1000,e07166e07a31fc27,product_gallery,product-8632-eucerin-baby-eczema-relief-cream-body-wash-fragrance-free-03.jpeg,jpeg,shopify_product_media,False,NOT_REQUIRED,FOUND,PENDING,
product,8628,8631,,8628,,https://wholesalebeautyhub.co.uk/wp-content/uploads/2025/03/IMG_0982.jpeg,2025/03/IMG_0982.jpeg,image/jpeg,jpeg,168138,2400,2400,26a87bccdb8e5206,product_gallery,product-8631-eucerin-baby-eczema-relief-cream-body-wash-fragrance-free-04.jpeg,jpeg,shopify_product_media,False,NOT_REQUIRED,FOUND,PENDING,
product,8634,11234,,8634,,https://wholesalebeautyhub.co.uk/wp-content/uploads/2025/03/WhatsApp-Image-2025-06-13-at-00.05.11.jpeg,2025/03/WhatsApp-Image-2025-06-13-at-00.05.11.jpeg,image/jpeg,jpeg,124981,1080,1080,f1653e322949095f,product_featured,product-11234-olay-super-serum-body-wash.jpeg,jpeg,shopify_product_media,False,NOT_REQUIRED,FOUND,PENDING,
product,8634,8636,,8634,,https://wholesalebeautyhub.co.uk/wp-content/uploads/2025/03/IMG_0975.jpeg,2025/03/IMG_0975.jpeg,image/jpeg,jpeg,463968,2500,2500,a312e3424bdfe069,product_gallery,product-8636-olay-super-serum-body-wash-02.jpeg,jpeg,shopify_product_media,False,NOT_REQUIRED,FOUND,PENDING,
product,8634,8637,,8634,,https://wholesalebeautyhub.co.uk/wp-content/uploads/2025/03/IMG_0976.jpeg,2025/03/IMG_0976.jpeg,image/jpeg,jpeg,160565,2500,2500,ecbd75a8b5099080,product_gallery,product-8637-olay-super-serum-body-wash-03.jpeg,jpeg,shopify_product_media,False,NOT_REQUIRED,FOUND,PENDING,
product,8634,8638,,8634,,https://wholesalebeautyhub.co.uk/wp-content/uploads/2025/03/IMG_0977.jpeg,2025/03/IMG_0977.jpeg,image/jpeg,jpeg,566259,2500,2500,2fe191bbffbc52e4,product_gallery,product-8638-olay-super-serum-body-wash-04.jpeg,jpeg,shopify_product_media,False,NOT_REQUIRED,FOUND,PENDING,
product,8647,8643,,8647,,https://wholesalebeautyhub.co.uk/wp-content/uploads/2025/03/IMG_0972.jpeg,2025/03/IMG_0972.jpeg,image/jpeg,jpeg,512467,1290,1217,66abbc46a09128a2,product_featured,product-8643-la-roche-posay-lipikar-ap-triple-repair-moisturizing-cream.jpeg,jpeg,shopify_product_media,False,NOT_REQUIRED,FOUND,PENDING,
product,8647,8641,,8647,,https://wholesalebeautyhub.co.uk/wp-content/uploads/2025/03/IMG_0970.jpeg,2025/03/IMG_0970.jpeg,image/jpeg,jpeg,1672239,1290,1221,2c16e26040060998,product_gallery,product-8641-la-roche-posay-lipikar-ap-triple-repair-moisturizing-cream-02.jpeg,jpeg,shopify_product_media,False,NOT_REQUIRED,FOUND,PENDING,
product,8647,8640,,8647,,https://wholesalebeautyhub.co.uk/wp-content/uploads/2025/03/IMG_0969.jpeg,2025/03/IMG_0969.jpeg,image/jpeg,jpeg,879748,1290,1260,3ae3a484f92fc188,product_gallery,product-8640-la-roche-posay-lipikar-ap-triple-repair-moisturizing-cream-03.jpeg,jpeg,shopify_product_media,False,NOT_REQUIRED,FOUND,PENDING,
product,8647,8642,,8647,,https://wholesalebeautyhub.co.uk/wp-content/uploads/2025/03/IMG_0971.jpeg,2025/03/IMG_0971.jpeg,image/jpeg,jpeg,1150628,1290,1181,ef711b0bdb3d992f,product_gallery,product-8642-la-roche-posay-lipikar-ap-triple-repair-moisturizing-cream-04.jpeg,jpeg,shopify_product_media,False,NOT_REQUIRED,FOUND,PENDING,
product,8648,8650,,8648,,https://wholesalebeautyhub.co.uk/wp-content/uploads/2025/03/IMG_1003.jpeg,2025/03/IMG_1003.jpeg,image/jpeg,jpeg,732402,1131,1367,c7cff96bc0419604,product_featured,product-8650-eos-vanilla-cashmere-body-wash.jpeg,jpeg,shopify_product_media,False,NOT_REQUIRED,FOUND,PENDING,
product,8648,8651,,8648,,https://wholesalebeautyhub.co.uk/wp-content/uploads/2025/03/IMG_1004.jpeg,2025/03/IMG_1004.jpeg,image/jpeg,jpeg,1117299,1152,1384,86559443170073d4,product_gallery,product-8651-eos-vanilla-cashmere-body-wash-02.jpeg,jpeg,shopify_product_media,False,NOT_REQUIRED,FOUND,PENDING,
product,8653,8655,,8653,,https://wholesalebeautyhub.co.uk/wp-content/uploads/2025/03/IMG_0992.jpeg,2025/03/IMG_0992.jpeg,image/jpeg,jpeg,771033,1164,1374,dc6561c5b1a68df0,product_featured,product-8655-eos-vanilla-cashmere-body-oil.jpeg,jpeg,shopify_product_media,False,NOT_REQUIRED,FOUND,PENDING,
product,8659,8656,,8659,,https://wholesalebeautyhub.co.uk/wp-content/uploads/2025/03/IMG_0993.jpeg,2025/03/IMG_0993.jpeg,image/jpeg,jpeg,684103,1163,1358,e00698994ca4d717,product_featured,product-8656-eos-vanilla-cashmere-whipped-oil-body-butter.jpeg,jpeg,shopify_product_media,False,NOT_REQUIRED,FOUND,PENDING,
product,8659,8657,,8659,,https://wholesalebeautyhub.co.uk/wp-content/uploads/2025/03/IMG_0994.jpeg,2025/03/IMG_0994.jpeg,image/jpeg,jpeg,1050618,1167,1373,dc147679896314ab,product_gallery,product-8657-eos-vanilla-cashmere-whipped-oil-body-butter-02.jpeg,jpeg,shopify_product_media,False,NOT_REQUIRED,FOUND,PENDING,
product,8981,8982,,8981,,https://wholesalebeautyhub.co.uk/wp-content/uploads/2025/03/11-8.jpg,2025/03/11-8.jpg,image/jpeg,jpg,96523,1200,1200,d436532f9b2b45f4,product_featured,product-8982-kiss-beauty-makeup-fix-spray-green-tea.jpg,jpg,shopify_product_media,False,NOT_REQUIRED,FOUND,PENDING,
product,9187,19759,,9187,,https://wholesalebeautyhub.co.uk/wp-content/uploads/2025/04/IMG_3892.png,2025/04/IMG_3892.png,image/png,png,303892,1170,2532,e5e2f463f1c57dc9,product_featured,product-19759-olay-tone-brightening-vitamin-c-serum-complex-body-wash.png,png,shopify_product_media,False,NOT_REQUIRED,FOUND,PENDING,
product,9678,10191,,9678,,https://wholesalebeautyhub.co.uk/wp-content/uploads/2025/04/IMG_1459.jpeg,2025/04/IMG_1459.jpeg,image/jpeg,jpeg,955324,1320,1315,7da166fa145b3b34,product_featured,product-10191-bm-pro-full-filter-foundation.jpeg,jpeg,shopify_product_media,False,NOT_REQUIRED,FOUND,PENDING,
product,10216,10217,,10216,,https://wholesalebeautyhub.co.uk/wp-content/uploads/2025/05/IMG_1476.jpeg,2025/05/IMG_1476.jpeg,image/jpeg,jpeg,1408492,1320,1403,93aed520501a729a,product_featured,product-10217-bm-pro-full-filter-pressed-powder.jpeg,jpeg,shopify_product_media,False,NOT_REQUIRED,FOUND,PENDING,
product,10415,10416,,10415,,https://wholesalebeautyhub.co.uk/wp-content/uploads/2025/05/IMG_1657.jpeg,2025/05/IMG_1657.jpeg,image/jpeg,jpeg,60503,1200,1200,2b69f910a77e3554,product_featured,product-10416-anua-azelaic-acid-10-hyaluron.jpeg,jpeg,shopify_product_media,False,NOT_REQUIRED,FOUND,PENDING,
product,10415,10418,,10415,,https://wholesalebeautyhub.co.uk/wp-content/uploads/2025/05/IMG_1660.jpeg,2025/05/IMG_1660.jpeg,image/jpeg,jpeg,295247,2000,2000,dece8c3e7fe6e57d,product_gallery,product-10418-anua-azelaic-acid-10-hyaluron-02.jpeg,jpeg,shopify_product_media,False,NOT_REQUIRED,FOUND,PENDING,
product,10419,10421,,10419,,https://wholesalebeautyhub.co.uk/wp-content/uploads/2025/05/IMG_1666.webp,2025/05/IMG_1666.webp,image/webp,webp,29640,1000,1000,05d782670cec44d3,product_featured,product-10421-jumiso-brightening-balancing-facial-serum.webp,webp,shopify_product_media,False,NOT_REQUIRED,FOUND,PENDING,
product,10419,10423,,10419,,https://wholesalebeautyhub.co.uk/wp-content/uploads/2025/05/IMG_1664.webp,2025/05/IMG_1664.webp,image/webp,webp,18830,500,500,b805c8fe96f65bc8,product_gallery,product-10423-jumiso-brightening-balancing-facial-serum-02.webp,webp,shopify_product_media,False,NOT_REQUIRED,FOUND,PENDING,
product,10419,10422,,10419,,https://wholesalebeautyhub.co.uk/wp-content/uploads/2025/05/IMG_1665.webp,2025/05/IMG_1665.webp,image/webp,webp,61138,1080,1349,5b652c60661adf8c,product_gallery,product-10422-jumiso-brightening-balancing-facial-serum-03.webp,webp,shopify_product_media,False,NOT_REQUIRED,FOUND,PENDING,
product,10476,10483,,10476,,https://wholesalebeautyhub.co.uk/wp-content/uploads/2025/05/olay-aha-bha-wash.jpg,2025/05/olay-aha-bha-wash.jpg,image/jpeg,jpg,463893,2560,2560,f99637798ff98c8f,product_featured,product-10483-olay-aha-bha-body-wash.jpg,jpg,shopify_product_media,False,NOT_REQUIRED,FOUND,PENDING,
product,10476,10482,,10476,,https://wholesalebeautyhub.co.uk/wp-content/uploads/2025/05/SS_AHA_BHA_-_Front__50122.jpg,2025/05/SS_AHA_BHA_-_Front__50122.jpg,image/jpeg,jpg,30461,640,640,66469728c8fb9c08,product_gallery,product-10482-olay-aha-bha-body-wash-02.jpg,jpg,shopify_product_media,False,NOT_REQUIRED,FOUND,PENDING,
product,10476,10480,,10476,,https://wholesalebeautyhub.co.uk/wp-content/uploads/2025/05/SS_AHA_BHA_-_Claims__47844.jpg,2025/05/SS_AHA_BHA_-_Claims__47844.jpg,image/jpeg,jpg,67760,640,640,873a39cabfd5116f,product_gallery,product-10480-olay-aha-bha-body-wash-03.jpg,jpg,shopify_product_media,False,NOT_REQUIRED,FOUND,PENDING,
product,10476,10479,,10476,,https://wholesalebeautyhub.co.uk/wp-content/uploads/2025/05/SS_AHA_BHA_-_VitB3__80742.jpg,2025/05/SS_AHA_BHA_-_VitB3__80742.jpg,image/jpeg,jpg,91131,640,640,f780b7c9ece6ad3e,product_gallery,product-10479-olay-aha-bha-body-wash-04.jpg,jpg,shopify_product_media,False,NOT_REQUIRED,FOUND,PENDING,
product,10476,10478,,10476,,https://wholesalebeautyhub.co.uk/wp-content/uploads/2025/05/SS_AHA_BHA_-_Exfoliates__74898.jpg,2025/05/SS_AHA_BHA_-_Exfoliates__74898.jpg,image/jpeg,jpg,85632,640,640,6f85665953e224ea,product_gallery,product-10478-olay-aha-bha-body-wash-05.jpg,jpg,shopify_product_media,False,NOT_REQUIRED,FOUND,PENDING,
product,10476,10477,,10476,,https://wholesalebeautyhub.co.uk/wp-content/uploads/2025/05/51947_OLAY_IM_SS_SS_03_011824__44538.jpg,2025/05/51947_OLAY_IM_SS_SS_03_011824__44538.jpg,image/jpeg,jpg,166802,640,640,f40e64cdbb32616b,product_gallery,product-10477-olay-aha-bha-body-wash-06.jpg,jpg,shopify_product_media,False,NOT_REQUIRED,FOUND,PENDING,
product,10500,10503,,10500,,https://wholesalebeautyhub.co.uk/wp-content/uploads/2025/05/BASE_MATTIFIANT.avif,2025/05/BASE_MATTIFIANT.avif,image/avif,avif,2563,178,178,23b4dd3c7725a229,product_featured,product-10503-bm-pro-24hrs-mattifying-makeup-primer.webp,webp,shopify_product_media,True,NOT_STARTED,FOUND,PENDING,
product,10504,10510,,10504,,https://wholesalebeautyhub.co.uk/wp-content/uploads/2025/05/WhatsApp-Image-2025-05-10-at-14.58.19.jpeg,2025/05/WhatsApp-Image-2025-05-10-at-14.58.19.jpeg,image/jpeg,jpeg,53988,1280,853,cc4e5d579be70287,product_featured,product-10510-bm-pro-gel-eyeliner-black-blue-green-wine.jpeg,jpeg,shopify_product_media,False,NOT_REQUIRED,FOUND,PENDING,
product,10504,10514,,10504,,https://wholesalebeautyhub.co.uk/wp-content/uploads/2025/05/WhatsApp-Image-2025-05-10-at-14.57.17.jpeg,2025/05/WhatsApp-Image-2025-05-10-at-14.57.17.jpeg,image/jpeg,jpeg,53090,1280,853,c0071963799c1e29,product_gallery,product-10514-bm-pro-gel-eyeliner-black-blue-green-wine-02.jpeg,jpeg,shopify_product_media,False,NOT_REQUIRED,FOUND,PENDING,
product,10504,10513,,10504,,https://wholesalebeautyhub.co.uk/wp-content/uploads/2025/05/WhatsApp-Image-2025-05-10-at-14.57.54.jpeg,2025/05/WhatsApp-Image-2025-05-10-at-14.57.54.jpeg,image/jpeg,jpeg,49433,1280,853,3d3415ca3dcdabb8,product_gallery,product-10513-bm-pro-gel-eyeliner-black-blue-green-wine-03.jpeg,jpeg,shopify_product_media,False,NOT_REQUIRED,FOUND,PENDING,
product,10504,10512,,10504,,https://wholesalebeautyhub.co.uk/wp-content/uploads/2025/05/WhatsApp-Image-2025-05-10-at-14.56.11.jpeg,2025/05/WhatsApp-Image-2025-05-10-at-14.56.11.jpeg,image/jpeg,jpeg,51401,1280,853,24eb465ee3cada90,product_gallery,product-10512-bm-pro-gel-eyeliner-black-blue-green-wine-04.jpeg,jpeg,shopify_product_media,False,NOT_REQUIRED,FOUND,PENDING,
product,10504,10511,,10504,,https://wholesalebeautyhub.co.uk/wp-content/uploads/2025/05/WhatsApp-Image-2025-05-10-at-14.55.20.jpeg,2025/05/WhatsApp-Image-2025-05-10-at-14.55.20.jpeg,image/jpeg,jpeg,41962,1280,853,d8518698c4d38f68,product_gallery,product-10511-bm-pro-gel-eyeliner-black-blue-green-wine-05.jpeg,jpeg,shopify_product_media,False,NOT_REQUIRED,FOUND,PENDING,
product,10515,10517,,10515,,https://wholesalebeautyhub.co.uk/wp-content/uploads/2025/05/WhatsApp-Image-2025-05-10-at-15.00.56.jpeg,2025/05/WhatsApp-Image-2025-05-10-at-15.00.56.jpeg,image/jpeg,jpeg,49739,768,1024,ccec709b5b02aaff,product_featured,product-10517-bm-pro-volumizing-mascara.jpeg,jpeg,shopify_product_media,False,NOT_REQUIRED,FOUND,PENDING,
product,10518,10519,,10518,,https://wholesalebeautyhub.co.uk/wp-content/uploads/2025/05/WhatsApp-Image-2025-05-10-at-15.00.39.jpeg,2025/05/WhatsApp-Image-2025-05-10-at-15.00.39.jpeg,image/jpeg,jpeg,28301,800,800,173cd56d1356a705,product_featured,product-10519-bm-pro-vavavoom-mascara.jpeg,jpeg,shopify_product_media,False,NOT_REQUIRED,FOUND,PENDING,
product,10522,10523,,10522,,https://wholesalebeautyhub.co.uk/wp-content/uploads/2025/05/image_e2ade602-ab57-4201-be86-1eac44d35662.webp,2025/05/image_e2ade602-ab57-4201-be86-1eac44d35662.webp,image/webp,webp,101532,1581,1748,7c0356a60a468aa9,product_featured,product-10523-bm-pro-brow-shader-pencil.webp,webp,shopify_product_media,False,NOT_REQUIRED,FOUND,PENDING,
product,10524,10525,,10524,,https://wholesalebeautyhub.co.uk/wp-content/uploads/2025/05/WhatsApp-Image-2025-05-10-at-14.59.26.jpeg,2025/05/WhatsApp-Image-2025-05-10-at-14.59.26.jpeg,image/jpeg,jpeg,19296,800,800,67c9e6024783e570,product_featured,product-10525-bm-pro-coal-black-eye-pencil.jpeg,jpeg,shopify_product_media,False,NOT_REQUIRED,FOUND,PENDING,
product,10532,10540,,10532,,https://wholesalebeautyhub.co.uk/wp-content/uploads/2025/05/IMG_1781.jpeg,2025/05/IMG_1781.jpeg,image/jpeg,jpeg,952484,1320,1333,ec2456f439089713,product_featured,product-10540-bm-pro-matte-lipstick.jpeg,jpeg,shopify_product_media,False,NOT_REQUIRED,FOUND,PENDING,
product,10532,10542,,10532,,https://wholesalebeautyhub.co.uk/wp-content/uploads/2025/05/IMG_1784.jpeg,2025/05/IMG_1784.jpeg,image/jpeg,jpeg,1408033,1320,1322,1857b7e1763c0418,product_gallery,product-10542-bm-pro-matte-lipstick-02.jpeg,jpeg,shopify_product_media,False,NOT_REQUIRED,FOUND,PENDING,
product,10532,10541,,10532,,https://wholesalebeautyhub.co.uk/wp-content/uploads/2025/05/IMG_1783.jpeg,2025/05/IMG_1783.jpeg,image/jpeg,jpeg,755916,1320,1635,9160fbcccabb5d12,product_gallery,product-10541-bm-pro-matte-lipstick-03.jpeg,jpeg,shopify_product_media,False,NOT_REQUIRED,FOUND,PENDING,
product,10559,10560,,10559,,https://wholesalebeautyhub.co.uk/wp-content/uploads/2025/05/IMG_1778.jpeg,2025/05/IMG_1778.jpeg,image/jpeg,jpeg,679990,1320,1627,439c780aec0fd350,product_featured,product-10560-bm-pro-creme-lipgloss.jpeg,jpeg,shopify_product_media,False,NOT_REQUIRED,FOUND,PENDING,
product,10581,10582,,10581,,https://wholesalebeautyhub.co.uk/wp-content/uploads/2025/05/IMG_1780.jpeg,2025/05/IMG_1780.jpeg,image/jpeg,jpeg,606904,1320,1315,963bed56fc9a2175,product_featured,product-10582-bm-pro-longlasting-lipgloss.jpeg,jpeg,shopify_product_media,False,NOT_REQUIRED,FOUND,PENDING,
product,10888,10893,,10888,,https://wholesalebeautyhub.co.uk/wp-content/uploads/2025/05/WhatsApp-Image-2025-05-31-at-17.10.26.jpeg,2025/05/WhatsApp-Image-2025-05-31-at-17.10.26.jpeg,image/jpeg,jpeg,127815,1320,1658,38040d024daa4464,product_featured,product-10893-medix-vitamin-c-niacinamide-body-wash.jpeg,jpeg,shopify_product_media,False,NOT_REQUIRED,FOUND,PENDING,
product,10888,10891,,10888,,https://wholesalebeautyhub.co.uk/wp-content/uploads/2025/05/MDX31_Vit_C-Body_Wash_Slide_2_Key_Ingredients_NO_LOGO_040125.webp,2025/05/MDX31_Vit_C-Body_Wash_Slide_2_Key_Ingredients_NO_LOGO_040125.webp,image/webp,webp,214978,1200,1200,9b32cb763392301f,product_gallery,product-10891-medix-vitamin-c-niacinamide-body-wash-02.webp,webp,shopify_product_media,False,NOT_REQUIRED,FOUND,PENDING,
product,10888,10894,,10888,,https://wholesalebeautyhub.co.uk/wp-content/uploads/2025/05/WhatsApp-Image-2025-05-31-at-17.10.26-1.jpeg,2025/05/WhatsApp-Image-2025-05-31-at-17.10.26-1.jpeg,image/jpeg,jpeg,83302,1320,1649,3dab23ee70e54768,product_gallery,product-10894-medix-vitamin-c-niacinamide-body-wash-03.jpeg,jpeg,shopify_product_media,False,NOT_REQUIRED,FOUND,PENDING,
product,10888,10896,,10888,,https://wholesalebeautyhub.co.uk/wp-content/uploads/2025/05/WhatsApp-Image-2025-05-31-at-17.10.27.jpeg,2025/05/WhatsApp-Image-2025-05-31-at-17.10.27.jpeg,image/jpeg,jpeg,218031,1320,1649,0382508871a53393,product_gallery,product-10896-medix-vitamin-c-niacinamide-body-wash-04.jpeg,jpeg,shopify_product_media,False,NOT_REQUIRED,FOUND,PENDING,
product,10888,10895,,10888,,https://wholesalebeautyhub.co.uk/wp-content/uploads/2025/05/WhatsApp-Image-2025-05-31-at-17.10.26-2.jpeg,2025/05/WhatsApp-Image-2025-05-31-at-17.10.26-2.jpeg,image/jpeg,jpeg,127815,1320,1658,274dac23c320d14f,product_gallery,product-10895-medix-vitamin-c-niacinamide-body-wash-05.jpeg,jpeg,shopify_product_media,False,NOT_REQUIRED,FOUND,PENDING,
product,11227,8635,,11227,,https://wholesalebeautyhub.co.uk/wp-content/uploads/2025/03/IMG_0628.jpeg,2025/03/IMG_0628.jpeg,image/jpeg,jpeg,126086,2560,2560,db09cf56bf7b155d,product_featured,product-8635-olay-super-serum-body-wash-for.jpeg,jpeg,shopify_product_media,False,NOT_REQUIRED,FOUND,PENDING,
product,11227,8636,,11227,,https://wholesalebeautyhub.co.uk/wp-content/uploads/2025/03/IMG_0975.jpeg,2025/03/IMG_0975.jpeg,image/jpeg,jpeg,463968,2500,2500,a312e3424bdfe069,product_gallery,product-8636-olay-super-serum-body-wash-for-02.jpeg,jpeg,shopify_product_media,False,NOT_REQUIRED,FOUND,PENDING,
product,11227,8637,,11227,,https://wholesalebeautyhub.co.uk/wp-content/uploads/2025/03/IMG_0976.jpeg,2025/03/IMG_0976.jpeg,image/jpeg,jpeg,160565,2500,2500,ecbd75a8b5099080,product_gallery,product-8637-olay-super-serum-body-wash-for-03.jpeg,jpeg,shopify_product_media,False,NOT_REQUIRED,FOUND,PENDING,
product,11227,8638,,11227,,https://wholesalebeautyhub.co.uk/wp-content/uploads/2025/03/IMG_0977.jpeg,2025/03/IMG_0977.jpeg,image/jpeg,jpeg,566259,2500,2500,2fe191bbffbc52e4,product_gallery,product-8638-olay-super-serum-body-wash-for-04.jpeg,jpeg,shopify_product_media,False,NOT_REQUIRED,FOUND,PENDING,
product,11341,11342,,11341,,https://wholesalebeautyhub.co.uk/wp-content/uploads/2025/06/IMG_2662.jpeg,2025/06/IMG_2662.jpeg,image/jpeg,jpeg,18292,600,600,78656e714171ede9,product_featured,product-11342-nineless-b-boost-1-kojic-acid-serum-30ml.jpeg,jpeg,shopify_product_media,False,NOT_REQUIRED,FOUND,PENDING,
product,11341,11343,,11341,,https://wholesalebeautyhub.co.uk/wp-content/uploads/2025/06/IMG_2659.jpeg,2025/06/IMG_2659.jpeg,image/jpeg,jpeg,108965,600,600,5b25a0353ec16042,product_gallery,product-11343-nineless-b-boost-1-kojic-acid-serum-30ml-02.jpeg,jpeg,shopify_product_media,False,NOT_REQUIRED,FOUND,PENDING,
product,11341,11344,,11341,,https://wholesalebeautyhub.co.uk/wp-content/uploads/2025/06/IMG_2661.jpeg,2025/06/IMG_2661.jpeg,image/jpeg,jpeg,91578,600,600,a25940b062915741,product_gallery,product-11344-nineless-b-boost-1-kojic-acid-serum-30ml-03.jpeg,jpeg,shopify_product_media,False,NOT_REQUIRED,FOUND,PENDING,
product,11341,11345,,11341,,https://wholesalebeautyhub.co.uk/wp-content/uploads/2025/06/IMG_2660.jpeg,2025/06/IMG_2660.jpeg,image/jpeg,jpeg,101442,600,600,f5587750f7f15923,product_gallery,product-11345-nineless-b-boost-1-kojic-acid-serum-30ml-04.jpeg,jpeg,shopify_product_media,False,NOT_REQUIRED,FOUND,PENDING,
product,11341,11346,,11341,,https://wholesalebeautyhub.co.uk/wp-content/uploads/2025/06/IMG_2653.jpeg,2025/06/IMG_2653.jpeg,image/jpeg,jpeg,1626758,1320,1649,b0ef147a654e3e65,product_gallery,product-11346-nineless-b-boost-1-kojic-acid-serum-30ml-05.jpeg,jpeg,shopify_product_media,False,NOT_REQUIRED,FOUND,PENDING,
product,11348,11349,,11348,,https://wholesalebeautyhub.co.uk/wp-content/uploads/2025/06/IMG_2665.jpeg,2025/06/IMG_2665.jpeg,image/jpeg,jpeg,23423,600,600,6a84c66245f02c76,product_featured,product-11349-nineless-a-control-10-azelaic-acid-serum-30ml.jpeg,jpeg,shopify_product_media,False,NOT_REQUIRED,FOUND,PENDING,
product,11348,11350,,11348,,https://wholesalebeautyhub.co.uk/wp-content/uploads/2025/06/IMG_2654.jpeg,2025/06/IMG_2654.jpeg,image/jpeg,jpeg,1577059,1320,1665,3d6e3075231cb532,product_gallery,product-11350-nineless-a-control-10-azelaic-acid-serum-30ml-02.jpeg,jpeg,shopify_product_media,False,NOT_REQUIRED,FOUND,PENDING,
product,11348,11351,,11348,,https://wholesalebeautyhub.co.uk/wp-content/uploads/2025/06/IMG_2667.jpeg,2025/06/IMG_2667.jpeg,image/jpeg,jpeg,43705,600,600,3ebde9606506961d,product_gallery,product-11351-nineless-a-control-10-azelaic-acid-serum-30ml-03.jpeg,jpeg,shopify_product_media,False,NOT_REQUIRED,FOUND,PENDING,
product,11348,11352,,11348,,https://wholesalebeautyhub.co.uk/wp-content/uploads/2025/06/IMG_2668.jpeg,2025/06/IMG_2668.jpeg,image/jpeg,jpeg,64529,600,600,3dba293b86d187a7,product_gallery,product-11352-nineless-a-control-10-azelaic-acid-serum-30ml-04.jpeg,jpeg,shopify_product_media,False,NOT_REQUIRED,FOUND,PENDING,
product,11348,11353,,11348,,https://wholesalebeautyhub.co.uk/wp-content/uploads/2025/06/IMG_2666.jpeg,2025/06/IMG_2666.jpeg,image/jpeg,jpeg,62568,600,600,c63a906611d86ae0,product_gallery,product-11353-nineless-a-control-10-azelaic-acid-serum-30ml-05.jpeg,jpeg,shopify_product_media,False,NOT_REQUIRED,FOUND,PENDING,
product,11698,19760,,11698,,https://wholesalebeautyhub.co.uk/wp-content/uploads/2025/07/IMG_3893.jpeg,2025/07/IMG_3893.jpeg,image/jpeg,jpeg,36815,1280,1280,5a4625938e0f63c9,product_featured,product-19760-olay-vitamin-c-brightening-body-lotion.jpeg,jpeg,shopify_product_media,False,NOT_REQUIRED,FOUND,PENDING,
product,11698,8668,,11698,,https://wholesalebeautyhub.co.uk/wp-content/uploads/2024/04/IMG_0608.jpeg,2024/04/IMG_0608.jpeg,image/jpeg,jpeg,291991,2500,2500,2590c1b18aa90fc4,product_gallery,product-8668-olay-vitamin-c-brightening-body-lotion-02.jpeg,jpeg,shopify_product_media,False,NOT_REQUIRED,FOUND,PENDING,
product,11698,8667,,11698,,https://wholesalebeautyhub.co.uk/wp-content/uploads/2024/04/IMG_0609.jpeg,2024/04/IMG_0609.jpeg,image/jpeg,jpeg,292279,2500,2500,613d3a4f2f826947,product_gallery,product-8667-olay-vitamin-c-brightening-body-lotion-03.jpeg,jpeg,shopify_product_media,False,NOT_REQUIRED,FOUND,PENDING,
product,11698,8666,,11698,,https://wholesalebeautyhub.co.uk/wp-content/uploads/2024/04/IMG_0607.jpeg,2024/04/IMG_0607.jpeg,image/jpeg,jpeg,97592,2560,2560,154c35a220e94f49,product_gallery,product-8666-olay-vitamin-c-brightening-body-lotion-04.jpeg,jpeg,shopify_product_media,False,NOT_REQUIRED,FOUND,PENDING,
product,11897,11899,,11897,,https://wholesalebeautyhub.co.uk/wp-content/uploads/2025/07/WhatsApp-Image-2025-07-11-at-23.42.19.jpeg,2025/07/WhatsApp-Image-2025-07-11-at-23.42.19.jpeg,image/jpeg,jpeg,85987,1254,871,ad0f8ec41fccd52d,product_featured,product-11899-viccabel-deluxe-pro-21-piece-makeup-brush-set.jpeg,jpeg,shopify_product_media,False,NOT_REQUIRED,FOUND,PENDING,
product,11897,11898,,11897,,https://wholesalebeautyhub.co.uk/wp-content/uploads/2025/07/WhatsApp-Image-2025-07-11-at-23.42.19-1.jpeg,2025/07/WhatsApp-Image-2025-07-11-at-23.42.19-1.jpeg,image/jpeg,jpeg,192552,1208,1430,0ecf74c08432e393,product_gallery,product-11898-viccabel-deluxe-pro-21-piece-makeup-brush-set-02.jpeg,jpeg,shopify_product_media,False,NOT_REQUIRED,FOUND,PENDING,
product,11901,11902,,11901,,https://wholesalebeautyhub.co.uk/wp-content/uploads/2025/07/1_52632941-c63d-4549-a7fd-e405968ec15e_1024x1024@2x.webp,2025/07/1_52632941-c63d-4549-a7fd-e405968ec15e_1024x1024@2x.webp,image/webp,webp,30642,1000,1000,b50a2a49054c62b6,product_featured,product-11902-nineless-mela-pro-5-tranexamic-acid-serum-30ml.webp,webp,shopify_product_media,False,NOT_REQUIRED,FOUND,PENDING,
product,11901,11903,,11901,,https://wholesalebeautyhub.co.uk/wp-content/uploads/2025/07/4_931847f2-40e6-405a-9cd8-07fa1fd9cf98_1024x1024@2x.webp,2025/07/4_931847f2-40e6-405a-9cd8-07fa1fd9cf98_1024x1024@2x.webp,image/webp,webp,111200,1000,1000,5d60eec3ede05560,product_gallery,product-11903-nineless-mela-pro-5-tranexamic-acid-serum-30ml-02.webp,webp,shopify_product_media,False,NOT_REQUIRED,FOUND,PENDING,
product,11901,11904,,11901,,https://wholesalebeautyhub.co.uk/wp-content/uploads/2025/07/3_da29ebfe-d4e2-425e-b139-61cc48ed0e2c_1024x1024@2x.webp,2025/07/3_da29ebfe-d4e2-425e-b139-61cc48ed0e2c_1024x1024@2x.webp,image/webp,webp,32754,1000,1000,8561ccf0584b7795,product_gallery,product-11904-nineless-mela-pro-5-tranexamic-acid-serum-30ml-03.webp,webp,shopify_product_media,False,NOT_REQUIRED,FOUND,PENDING,
product,11901,11905,,11901,,https://wholesalebeautyhub.co.uk/wp-content/uploads/2025/07/2_6dbc60e1-71ce-46ca-bfc6-bc22537fd0f3_1024x1024@2x.webp,2025/07/2_6dbc60e1-71ce-46ca-bfc6-bc22537fd0f3_1024x1024@2x.webp,image/webp,webp,36974,1000,1000,33bbf3ec38c9a07a,product_gallery,product-11905-nineless-mela-pro-5-tranexamic-acid-serum-30ml-04.webp,webp,shopify_product_media,False,NOT_REQUIRED,FOUND,PENDING,
product,12980,12981,,12980,,https://wholesalebeautyhub.co.uk/wp-content/uploads/2025/07/AdobeExpress-file-2025-07-17T082340.539.webp,2025/07/AdobeExpress-file-2025-07-17T082340.539.webp,image/webp,webp,34218,900,1045,630d926bac630609,product_featured,product-12981-eos-body-lotion-cr-me-de-pistachio.webp,webp,shopify_product_media,False,NOT_REQUIRED,FOUND,PENDING,
product,13301,14506,,13301,,https://wholesalebeautyhub.co.uk/wp-content/uploads/2025/08/WhatsApp-Image-2025-09-15-at-13.26.53.jpeg,2025/08/WhatsApp-Image-2025-09-15-at-13.26.53.jpeg,image/jpeg,jpeg,100588,1024,1280,57a842425bdb07f3,product_featured,product-14506-skin-by-zaron-combo-deal.jpeg,jpeg,shopify_product_media,False,NOT_REQUIRED,FOUND,PENDING,
product,13314,14515,,13314,,https://wholesalebeautyhub.co.uk/wp-content/uploads/2025/08/WhatsApp-Image-2025-09-22-at-12.09.44.jpeg,2025/08/WhatsApp-Image-2025-09-22-at-12.09.44.jpeg,image/jpeg,jpeg,73304,864,1080,74828c34b7d8bfec,product_featured,product-14515-dark-spots-hyperpigmentation-face-combo-deal-bundle.jpeg,jpeg,shopify_product_media,False,NOT_REQUIRED,FOUND,PENDING,
product,13317,14511,,13317,,https://wholesalebeautyhub.co.uk/wp-content/uploads/2025/08/WhatsApp-Image-2025-09-15-at-13.23.14.jpeg,2025/08/WhatsApp-Image-2025-09-15-at-13.23.14.jpeg,image/jpeg,jpeg,60881,864,1080,6ce7adbe31bf336d,product_featured,product-14511-medix-5-5-glow-bright-combo-deal.jpeg,jpeg,shopify_product_media,False,NOT_REQUIRED,FOUND,PENDING,
product,13318,14509,,13318,,https://wholesalebeautyhub.co.uk/wp-content/uploads/2025/08/WhatsApp-Image-2025-09-15-at-13.23.15-1.jpeg,2025/08/WhatsApp-Image-2025-09-15-at-13.23.15-1.jpeg,image/jpeg,jpeg,62756,864,1080,72d133d2597c49af,product_featured,product-14509-acne-amp-blemish-fighter-combo-deal.jpeg,jpeg,shopify_product_media,False,NOT_REQUIRED,FOUND,PENDING,
product,13319,14510,,13319,,https://wholesalebeautyhub.co.uk/wp-content/uploads/2025/08/WhatsApp-Image-2025-09-15-at-13.23.15.jpeg,2025/08/WhatsApp-Image-2025-09-15-at-13.23.15.jpeg,image/jpeg,jpeg,62574,864,1080,10d4fe428d775763,product_featured,product-14510-acne-amp-blemish-fighter-combo-deal-2.jpeg,jpeg,shopify_product_media,False,NOT_REQUIRED,FOUND,PENDING,
product,13321,13322,,13321,,https://wholesalebeautyhub.co.uk/wp-content/uploads/2025/08/WhatsApp-Image-2025-08-04-at-22.48.58.jpeg,2025/08/WhatsApp-Image-2025-08-04-at-22.48.58.jpeg,image/jpeg,jpeg,131361,1320,1615,48e8e08bd4f9c21e,product_featured,product-13322-eos-body-lotion-combo-deal.jpeg,jpeg,shopify_product_media,False,NOT_REQUIRED,FOUND,PENDING,
product,13321,13322,,13321,,https://wholesalebeautyhub.co.uk/wp-content/uploads/2025/08/WhatsApp-Image-2025-08-04-at-22.48.58.jpeg,2025/08/WhatsApp-Image-2025-08-04-at-22.48.58.jpeg,image/jpeg,jpeg,131361,1320,1615,48e8e08bd4f9c21e,product_featured,product-13322-eos-body-lotion-combo-deal-02.jpeg,jpeg,shopify_product_media,False,NOT_REQUIRED,FOUND,PENDING,
product,13323,14508,,13323,,https://wholesalebeautyhub.co.uk/wp-content/uploads/2025/08/WhatsApp-Image-2025-09-15-at-13.23.15-2.jpeg,2025/08/WhatsApp-Image-2025-09-15-at-13.23.15-2.jpeg,image/jpeg,jpeg,72948,864,1080,35d7637f4ef6cdf5,product_featured,product-14508-good-molecules-blemish-discolouration-combo-deal-bundle.jpeg,jpeg,shopify_product_media,False,NOT_REQUIRED,FOUND,PENDING,
product,13324,14507,,13324,,https://wholesalebeautyhub.co.uk/wp-content/uploads/2025/08/WhatsApp-Image-2025-09-15-at-13.23.16.jpeg,2025/08/WhatsApp-Image-2025-09-15-at-13.23.16.jpeg,image/jpeg,jpeg,70006,864,1080,5bb8b968ce10a26d,product_featured,product-14507-hyperpigmentation-brightening-combo-deal-bundle.jpeg,jpeg,shopify_product_media,False,NOT_REQUIRED,FOUND,PENDING,
product,13326,14514,,13326,,https://wholesalebeautyhub.co.uk/wp-content/uploads/2025/08/WhatsApp-Image-2025-09-22-at-12.09.44-1.jpeg,2025/08/WhatsApp-Image-2025-09-22-at-12.09.44-1.jpeg,image/jpeg,jpeg,69937,864,1080,b4097824f2762fa2,product_featured,product-14514-hyperpigmentation-brightening-combo-deal-bundle.jpeg,jpeg,shopify_product_media,False,NOT_REQUIRED,FOUND,PENDING,
product,13327,15777,,13327,,https://wholesalebeautyhub.co.uk/wp-content/uploads/2025/08/WhatsApp-Image-2025-11-14-at-10.51.15.jpeg,2025/08/WhatsApp-Image-2025-11-14-at-10.51.15.jpeg,image/jpeg,jpeg,122434,1152,2048,fdc9f26e5b41e1c0,product_featured,product-15777-olay-body-glow-combo-deal.jpeg,jpeg,shopify_product_media,False,NOT_REQUIRED,FOUND,PENDING,
product,13327,13308,,13327,,https://wholesalebeautyhub.co.uk/wp-content/uploads/2025/08/WhatsApp-Image-2025-08-04-at-19.53.26-3.jpeg,2025/08/WhatsApp-Image-2025-08-04-at-19.53.26-3.jpeg,image/jpeg,jpeg,105287,1080,1080,37a91f05b372cc67,product_gallery,product-13308-olay-body-glow-combo-deal-02.jpeg,jpeg,shopify_product_media,False,NOT_REQUIRED,FOUND,PENDING,
product,13887,13889,,13887,,https://wholesalebeautyhub.co.uk/wp-content/uploads/2025/08/Olay_BrighteningExfoliatingCleanser_MOI_WMT__38454.jpg,2025/08/Olay_BrighteningExfoliatingCleanser_MOI_WMT__38454.jpg,image/jpeg,jpg,57113,640,640,ae89ae333723bf20,product_featured,product-13889-olay-brightening-exfoliating-face-cleanser-with-vitamin-c.jpg,jpg,shopify_product_media,False,NOT_REQUIRED,FOUND,PENDING,
product,13887,13891,,13887,,https://wholesalebeautyhub.co.uk/wp-content/uploads/2025/08/Olay_SI01_BrighteningExfoliatingCleanser_Product__47915-1.jpg,2025/08/Olay_SI01_BrighteningExfoliatingCleanser_Product__47915-1.jpg,image/jpeg,jpg,65607,640,640,21e4a0d36ee30748,product_gallery,product-13891-olay-brightening-exfoliating-face-cleanser-with-vitamin-c-02.jpg,jpg,shopify_product_media,False,NOT_REQUIRED,FOUND,PENDING,
product,13887,13890,,13887,,https://wholesalebeautyhub.co.uk/wp-content/uploads/2025/08/Olay_SI03_BrighteningExfoliatingCleanser_Ingredients__35164.jpg,2025/08/Olay_SI03_BrighteningExfoliatingCleanser_Ingredients__35164.jpg,image/jpeg,jpg,66714,640,640,27ac9e482aca7501,product_gallery,product-13890-olay-brightening-exfoliating-face-cleanser-with-vitamin-c-03.jpg,jpg,shopify_product_media,False,NOT_REQUIRED,FOUND,PENDING,
product,13887,13892,,13887,,https://wholesalebeautyhub.co.uk/wp-content/uploads/2025/08/Olay_BrighteningExfoliatingCleanser_MOI_WMT__38454-1.jpg,2025/08/Olay_BrighteningExfoliatingCleanser_MOI_WMT__38454-1.jpg,image/jpeg,jpg,57113,640,640,802034c1c6a6d338,product_gallery,product-13892-olay-brightening-exfoliating-face-cleanser-with-vitamin-c-04.jpg,jpg,shopify_product_media,False,NOT_REQUIRED,FOUND,PENDING,
product,13887,13893,,13887,,https://wholesalebeautyhub.co.uk/wp-content/uploads/2025/08/Olay_BrighteningExfoliatingCleanser_MOI__00373.jpg,2025/08/Olay_BrighteningExfoliatingCleanser_MOI__00373.jpg,image/jpeg,jpg,29662,640,640,646e9f549ea48c0e,product_gallery,product-13893-olay-brightening-exfoliating-face-cleanser-with-vitamin-c-05.jpg,jpg,shopify_product_media,False,NOT_REQUIRED,FOUND,PENDING,
product,13895,13897,,13895,,https://wholesalebeautyhub.co.uk/wp-content/uploads/2025/08/1733748427.webp,2025/08/1733748427.webp,image/webp,webp,23714,800,1006,f76856d84c57bd59,product_featured,product-13897-skin-by-zaron-vitamin-c-face-cream.webp,webp,shopify_product_media,False,NOT_REQUIRED,FOUND,PENDING,
product,13895,13896,,13895,,https://wholesalebeautyhub.co.uk/wp-content/uploads/2025/08/1733746622.webp,2025/08/1733746622.webp,image/webp,webp,7006,800,1000,32dec6c5da79030e,product_gallery,product-13896-skin-by-zaron-vitamin-c-face-cream-02.webp,webp,shopify_product_media,False,NOT_REQUIRED,FOUND,PENDING,
product,13895,13897,,13895,,https://wholesalebeautyhub.co.uk/wp-content/uploads/2025/08/1733748427.webp,2025/08/1733748427.webp,image/webp,webp,23714,800,1006,f76856d84c57bd59,product_featured,product-13897-skin-by-zaron-vitamin-c-face-cream-03.webp,webp,shopify_product_media,False,NOT_REQUIRED,FOUND,PENDING,
product,13901,13902,,13901,,https://wholesalebeautyhub.co.uk/wp-content/uploads/2025/08/main-product-55-1725059731924.webp,2025/08/main-product-55-1725059731924.webp,image/webp,webp,16180,800,1000,d6ceb3d2bc906f48,product_featured,product-13902-skin-by-zaron-2-alpha-arbutin-serum.webp,webp,shopify_product_media,False,NOT_REQUIRED,FOUND,PENDING,
product,13903,13905,,13903,,https://wholesalebeautyhub.co.uk/wp-content/uploads/2025/08/main-product-266-1725059746055.webp,2025/08/main-product-266-1725059746055.webp,image/webp,webp,11246,800,1000,e6f91fb9f3370ebf,product_featured,product-13905-skin-by-zaron-7-glycolic-acid.webp,webp,shopify_product_media,False,NOT_REQUIRED,FOUND,PENDING,
product,13903,13905,,13903,,https://wholesalebeautyhub.co.uk/wp-content/uploads/2025/08/main-product-266-1725059746055.webp,2025/08/main-product-266-1725059746055.webp,image/webp,webp,11246,800,1000,e6f91fb9f3370ebf,product_featured,product-13905-skin-by-zaron-7-glycolic-acid-02.webp,webp,shopify_product_media,False,NOT_REQUIRED,FOUND,PENDING,
product,13903,13906,,13903,,https://wholesalebeautyhub.co.uk/wp-content/uploads/2025/08/alt-product-266-1725059748261.webp,2025/08/alt-product-266-1725059748261.webp,image/webp,webp,14110,800,1000,0f3e411dd4a1ba92,product_gallery,product-13906-skin-by-zaron-7-glycolic-acid-03.webp,webp,shopify_product_media,False,NOT_REQUIRED,FOUND,PENDING,
product,13908,13909,,13908,,https://wholesalebeautyhub.co.uk/wp-content/uploads/2025/08/main-product-267-1725059804509.webp,2025/08/main-product-267-1725059804509.webp,image/webp,webp,13108,800,1000,e1feeb1a15271045,product_featured,product-13909-skin-by-zaron-2-salicylic-acid-toner.webp,webp,shopify_product_media,False,NOT_REQUIRED,FOUND,PENDING,
product,13917,13922,,13917,,https://wholesalebeautyhub.co.uk/wp-content/uploads/2025/08/WhatsApp-Image-2025-08-26-at-22.28.04.jpeg,2025/08/WhatsApp-Image-2025-08-26-at-22.28.04.jpeg,image/jpeg,jpeg,161601,1320,1400,8c38ed45722a6e1e,product_featured,product-13922-annies-beauty-eyeshadow-palettes.jpeg,jpeg,shopify_product_media,False,NOT_REQUIRED,FOUND,PENDING,
product,13917,13923,,13917,,https://wholesalebeautyhub.co.uk/wp-content/uploads/2025/08/WhatsApp-Image-2025-08-26-at-22.23.22-1.jpeg,2025/08/WhatsApp-Image-2025-08-26-at-22.23.22-1.jpeg,image/jpeg,jpeg,275693,1320,1873,f668bd41dc6dd2d3,product_gallery,product-13923-annies-beauty-eyeshadow-palettes-02.jpeg,jpeg,shopify_product_media,False,NOT_REQUIRED,FOUND,PENDING,
product,13917,13922,,13917,,https://wholesalebeautyhub.co.uk/wp-content/uploads/2025/08/WhatsApp-Image-2025-08-26-at-22.28.04.jpeg,2025/08/WhatsApp-Image-2025-08-26-at-22.28.04.jpeg,image/jpeg,jpeg,161601,1320,1400,8c38ed45722a6e1e,product_featured,product-13922-annies-beauty-eyeshadow-palettes-03.jpeg,jpeg,shopify_product_media,False,NOT_REQUIRED,FOUND,PENDING,
product,13917,13921,,13917,,https://wholesalebeautyhub.co.uk/wp-content/uploads/2025/08/WhatsApp-Image-2025-08-26-at-22.28.04-1.jpeg,2025/08/WhatsApp-Image-2025-08-26-at-22.28.04-1.jpeg,image/jpeg,jpeg,181411,1320,1878,fd757d5e444fc669,product_gallery,product-13921-annies-beauty-eyeshadow-palettes-04.jpeg,jpeg,shopify_product_media,False,NOT_REQUIRED,FOUND,PENDING,
product,13917,13926,,13917,,https://wholesalebeautyhub.co.uk/wp-content/uploads/2025/08/WhatsApp-Image-2025-08-26-at-22.20.00-3.jpeg,2025/08/WhatsApp-Image-2025-08-26-at-22.20.00-3.jpeg,image/jpeg,jpeg,172033,1320,1309,1769a20cc30dd1c4,product_gallery,product-13926-annies-beauty-eyeshadow-palettes-05.jpeg,jpeg,shopify_product_media,False,NOT_REQUIRED,FOUND,PENDING,
product,13917,13925,,13917,,https://wholesalebeautyhub.co.uk/wp-content/uploads/2025/08/WhatsApp-Image-2025-08-26-at-22.20.01.jpeg,2025/08/WhatsApp-Image-2025-08-26-at-22.20.01.jpeg,image/jpeg,jpeg,309905,1320,1655,7c1de85840e01d50,product_gallery,product-13925-annies-beauty-eyeshadow-palettes-06.jpeg,jpeg,shopify_product_media,False,NOT_REQUIRED,FOUND,PENDING,
product,13917,13924,,13917,,https://wholesalebeautyhub.co.uk/wp-content/uploads/2025/08/WhatsApp-Image-2025-08-26-at-22.23.22.jpeg,2025/08/WhatsApp-Image-2025-08-26-at-22.23.22.jpeg,image/jpeg,jpeg,275693,1320,1873,440c4539d5b05978,product_gallery,product-13924-annies-beauty-eyeshadow-palettes-07.jpeg,jpeg,shopify_product_media,False,NOT_REQUIRED,FOUND,PENDING,
product,13917,13927,,13917,,https://wholesalebeautyhub.co.uk/wp-content/uploads/2025/08/WhatsApp-Image-2025-08-26-at-22.20.00-2.jpeg,2025/08/WhatsApp-Image-2025-08-26-at-22.20.00-2.jpeg,image/jpeg,jpeg,289568,1320,1652,e898abe606785800,product_gallery,product-13927-annies-beauty-eyeshadow-palettes-08.jpeg,jpeg,shopify_product_media,False,NOT_REQUIRED,FOUND,PENDING,
product,13917,13928,,13917,,https://wholesalebeautyhub.co.uk/wp-content/uploads/2025/08/WhatsApp-Image-2025-08-26-at-22.20.00-1.jpeg,2025/08/WhatsApp-Image-2025-08-26-at-22.20.00-1.jpeg,image/jpeg,jpeg,355446,1320,1658,c4ec57bff5943542,product_gallery,product-13928-annies-beauty-eyeshadow-palettes-09.jpeg,jpeg,shopify_product_media,False,NOT_REQUIRED,FOUND,PENDING,
product,14352,14354,,14352,,https://wholesalebeautyhub.co.uk/wp-content/uploads/2025/09/skin1004-toner-210ml-tone-brightening-boosting-toner-38642937135350_1440x.webp,2025/09/skin1004-toner-210ml-tone-brightening-boosting-toner-38642937135350_1440x.webp,image/webp,webp,21980,1440,1440,84492578f55a8ba9,product_featured,product-14354-skin1004-madagascar-centella-tone-brightening-boosting-toner.webp,webp,shopify_product_media,False,NOT_REQUIRED,FOUND,PENDING,
product,14352,14353,,14352,,https://wholesalebeautyhub.co.uk/wp-content/uploads/2025/09/skin1004-toner-210ml-madagascar-centella-tone-brightening-boosting-toner-36440310350070_1440x.webp,2025/09/skin1004-toner-210ml-madagascar-centella-tone-brightening-boosting-toner-36440310350070_1440x.webp,image/webp,webp,26550,900,900,9afd7cdf4ef2059d,product_gallery,product-14353-skin1004-madagascar-centella-tone-brightening-boosting-toner-02.webp,webp,shopify_product_media,False,NOT_REQUIRED,FOUND,PENDING,
product,15129,15132,,15129,,https://wholesalebeautyhub.co.uk/wp-content/uploads/2025/10/WhatsApp-Image-2025-10-18-at-17.52.23.jpeg,2025/10/WhatsApp-Image-2025-10-18-at-17.52.23.jpeg,image/jpeg,jpeg,56779,1280,1280,fe8d4feda45fd94d,product_featured,product-15132-olay-dark-spot-correcting-body-lotion-aha-vitamin-c.jpeg,jpeg,shopify_product_media,False,NOT_REQUIRED,FOUND,PENDING,
product,15129,15131,,15129,,https://wholesalebeautyhub.co.uk/wp-content/uploads/2025/10/WhatsApp-Image-2025-10-18-at-17.52.24.jpeg,2025/10/WhatsApp-Image-2025-10-18-at-17.52.24.jpeg,image/jpeg,jpeg,137147,1280,1280,dbbee4b1de2d768e,product_gallery,product-15131-olay-dark-spot-correcting-body-lotion-aha-vitamin-c-02.jpeg,jpeg,shopify_product_media,False,NOT_REQUIRED,FOUND,PENDING,
product,15129,15130,,15129,,https://wholesalebeautyhub.co.uk/wp-content/uploads/2025/10/WhatsApp-Image-2025-10-18-at-17.52.24-1.jpeg,2025/10/WhatsApp-Image-2025-10-18-at-17.52.24-1.jpeg,image/jpeg,jpeg,159145,1280,1280,97095b4cb0d0165e,product_gallery,product-15130-olay-dark-spot-correcting-body-lotion-aha-vitamin-c-03.jpeg,jpeg,shopify_product_media,False,NOT_REQUIRED,FOUND,PENDING,
product,15249,15252,,15249,,https://wholesalebeautyhub.co.uk/wp-content/uploads/2025/10/WhatsApp-Image-2025-10-22-at-14.22.40.jpeg,2025/10/WhatsApp-Image-2025-10-22-at-14.22.40.jpeg,image/jpeg,jpeg,33848,600,450,ad4026c18d7e1888,product_featured,product-15252-la-roche-posay-effaclar-dual-acne-face-wash-with-4-benzoyl-p.jpeg,jpeg,shopify_product_media,False,NOT_REQUIRED,FOUND,PENDING,
product,15249,15250,,15249,,https://wholesalebeautyhub.co.uk/wp-content/uploads/2025/10/WhatsApp-Image-2025-10-22-at-14.22.40-2.jpeg,2025/10/WhatsApp-Image-2025-10-22-at-14.22.40-2.jpeg,image/jpeg,jpeg,75745,998,1280,a2256608acf86839,product_gallery,product-15250-la-roche-posay-effaclar-dual-acne-face-wash-with-4-benzoyl-p-02.jpeg,jpeg,shopify_product_media,False,NOT_REQUIRED,FOUND,PENDING,
product,15249,15251,,15249,,https://wholesalebeautyhub.co.uk/wp-content/uploads/2025/10/WhatsApp-Image-2025-10-22-at-14.22.40-1.jpeg,2025/10/WhatsApp-Image-2025-10-22-at-14.22.40-1.jpeg,image/jpeg,jpeg,32186,600,450,ed63dd664dc62ba2,product_gallery,product-15251-la-roche-posay-effaclar-dual-acne-face-wash-with-4-benzoyl-p-03.jpeg,jpeg,shopify_product_media,False,NOT_REQUIRED,FOUND,PENDING,
product,15249,15252,,15249,,https://wholesalebeautyhub.co.uk/wp-content/uploads/2025/10/WhatsApp-Image-2025-10-22-at-14.22.40.jpeg,2025/10/WhatsApp-Image-2025-10-22-at-14.22.40.jpeg,image/jpeg,jpeg,33848,600,450,ad4026c18d7e1888,product_featured,product-15252-la-roche-posay-effaclar-dual-acne-face-wash-with-4-benzoyl-p-04.jpeg,jpeg,shopify_product_media,False,NOT_REQUIRED,FOUND,PENDING,
product,15253,15254,,15253,,https://wholesalebeautyhub.co.uk/wp-content/uploads/2025/10/WhatsApp-Image-2025-10-22-at-14.31.16-3.jpeg,2025/10/WhatsApp-Image-2025-10-22-at-14.31.16-3.jpeg,image/jpeg,jpeg,102005,1280,1232,9f6554500377fe1b,product_featured,product-15254-la-roche-posay-lipikar-ap-gentle-foaming-moisturizing-wash.jpeg,jpeg,shopify_product_media,False,NOT_REQUIRED,FOUND,PENDING,
product,15253,15254,,15253,,https://wholesalebeautyhub.co.uk/wp-content/uploads/2025/10/WhatsApp-Image-2025-10-22-at-14.31.16-3.jpeg,2025/10/WhatsApp-Image-2025-10-22-at-14.31.16-3.jpeg,image/jpeg,jpeg,102005,1280,1232,9f6554500377fe1b,product_featured,product-15254-la-roche-posay-lipikar-ap-gentle-foaming-moisturizing-wash-02.jpeg,jpeg,shopify_product_media,False,NOT_REQUIRED,FOUND,PENDING,
product,15253,15255,,15253,,https://wholesalebeautyhub.co.uk/wp-content/uploads/2025/10/WhatsApp-Image-2025-10-22-at-14.31.16-2.jpeg,2025/10/WhatsApp-Image-2025-10-22-at-14.31.16-2.jpeg,image/jpeg,jpeg,83413,1280,1262,a3e88d30786a06ba,product_gallery,product-15255-la-roche-posay-lipikar-ap-gentle-foaming-moisturizing-wash-03.jpeg,jpeg,shopify_product_media,False,NOT_REQUIRED,FOUND,PENDING,
product,15253,15256,,15253,,https://wholesalebeautyhub.co.uk/wp-content/uploads/2025/10/WhatsApp-Image-2025-10-22-at-14.31.16-1.jpeg,2025/10/WhatsApp-Image-2025-10-22-at-14.31.16-1.jpeg,image/jpeg,jpeg,158239,1280,1236,c1a4b6f891058e8d,product_gallery,product-15256-la-roche-posay-lipikar-ap-gentle-foaming-moisturizing-wash-04.jpeg,jpeg,shopify_product_media,False,NOT_REQUIRED,FOUND,PENDING,
product,15253,15257,,15253,,https://wholesalebeautyhub.co.uk/wp-content/uploads/2025/10/WhatsApp-Image-2025-10-22-at-14.31.16.jpeg,2025/10/WhatsApp-Image-2025-10-22-at-14.31.16.jpeg,image/jpeg,jpeg,91979,1280,1208,352e028c0189bcdf,product_gallery,product-15257-la-roche-posay-lipikar-ap-gentle-foaming-moisturizing-wash-05.jpeg,jpeg,shopify_product_media,False,NOT_REQUIRED,FOUND,PENDING,
product,15253,15258,,15253,,https://wholesalebeautyhub.co.uk/wp-content/uploads/2025/10/WhatsApp-Image-2025-10-22-at-14.31.15-1.jpeg,2025/10/WhatsApp-Image-2025-10-22-at-14.31.15-1.jpeg,image/jpeg,jpeg,110459,1268,1280,1286698c1a9ea4e0,product_gallery,product-15258-la-roche-posay-lipikar-ap-gentle-foaming-moisturizing-wash-06.jpeg,jpeg,shopify_product_media,False,NOT_REQUIRED,FOUND,PENDING,
product,15253,15259,,15253,,https://wholesalebeautyhub.co.uk/wp-content/uploads/2025/10/WhatsApp-Image-2025-10-22-at-14.31.15.jpeg,2025/10/WhatsApp-Image-2025-10-22-at-14.31.15.jpeg,image/jpeg,jpeg,90459,1056,1280,c85a782dbd25a113,product_gallery,product-15259-la-roche-posay-lipikar-ap-gentle-foaming-moisturizing-wash-07.jpeg,jpeg,shopify_product_media,False,NOT_REQUIRED,FOUND,PENDING,
product,15467,15474,,15467,,https://wholesalebeautyhub.co.uk/wp-content/uploads/2025/10/AdobeExpress-file-2025-09-22T145945.146.webp,2025/10/AdobeExpress-file-2025-09-22T145945.146.webp,image/webp,webp,48614,900,1045,fadd98621d384499,product_featured,product-15474-eos-cashmere-body-mist.webp,webp,shopify_product_media,False,NOT_REQUIRED,FOUND,PENDING,
product,15467,15478,,15467,,https://wholesalebeautyhub.co.uk/wp-content/uploads/2025/10/eos-Holiday-2025-COcoa-Cashmere-Body-Mist.webp,2025/10/eos-Holiday-2025-COcoa-Cashmere-Body-Mist.webp,image/webp,webp,18960,900,1045,8007da99496209f4,product_gallery,product-15478-eos-cashmere-body-mist-02.webp,webp,shopify_product_media,False,NOT_REQUIRED,FOUND,PENDING,
product,15467,15477,,15467,,https://wholesalebeautyhub.co.uk/wp-content/uploads/2025/10/AdobeExpress-file-2025-09-22T153948.869.webp,2025/10/AdobeExpress-file-2025-09-22T153948.869.webp,image/webp,webp,84038,900,1045,dce2de257406e603,product_gallery,product-15477-eos-cashmere-body-mist-03.webp,webp,shopify_product_media,False,NOT_REQUIRED,FOUND,PENDING,
product,15467,15476,,15467,,https://wholesalebeautyhub.co.uk/wp-content/uploads/2025/10/AdobeExpress-file-2025-09-22T154010.389.webp,2025/10/AdobeExpress-file-2025-09-22T154010.389.webp,image/webp,webp,78830,900,1045,3f348260ca816408,product_gallery,product-15476-eos-cashmere-body-mist-04.webp,webp,shopify_product_media,False,NOT_REQUIRED,FOUND,PENDING,
product,15467,15475,,15467,,https://wholesalebeautyhub.co.uk/wp-content/uploads/2025/10/eos-Holiday-2025-Vanilla-Cashmere-Body-Mist.webp,2025/10/eos-Holiday-2025-Vanilla-Cashmere-Body-Mist.webp,image/webp,webp,15746,900,1045,2506c6496be7035e,product_gallery,product-15475-eos-cashmere-body-mist-05.webp,webp,shopify_product_media,False,NOT_REQUIRED,FOUND,PENDING,
product,15467,15474,,15467,,https://wholesalebeautyhub.co.uk/wp-content/uploads/2025/10/AdobeExpress-file-2025-09-22T145945.146.webp,2025/10/AdobeExpress-file-2025-09-22T145945.146.webp,image/webp,webp,48614,900,1045,fadd98621d384499,product_featured,product-15474-eos-cashmere-body-mist-06.webp,webp,shopify_product_media,False,NOT_REQUIRED,FOUND,PENDING,
product,15467,15473,,15467,,https://wholesalebeautyhub.co.uk/wp-content/uploads/2025/10/AdobeExpress-file-2025-09-22T150108.547.webp,2025/10/AdobeExpress-file-2025-09-22T150108.547.webp,image/webp,webp,55728,900,1045,81e0c47b8717e844,product_gallery,product-15473-eos-cashmere-body-mist-07.webp,webp,shopify_product_media,False,NOT_REQUIRED,FOUND,PENDING,
product,15467,15472,,15467,,https://wholesalebeautyhub.co.uk/wp-content/uploads/2025/10/eos-Holiday-2025-Caramel-Cashmere-Body-Mist.webp,2025/10/eos-Holiday-2025-Caramel-Cashmere-Body-Mist.webp,image/webp,webp,16206,900,1045,e8ac831b5f10f685,product_gallery,product-15472-eos-cashmere-body-mist-08.webp,webp,shopify_product_media,False,NOT_REQUIRED,FOUND,PENDING,
product,15467,15471,,15467,,https://wholesalebeautyhub.co.uk/wp-content/uploads/2025/10/AdobeExpress-file-2025-09-22T154737.569.webp,2025/10/AdobeExpress-file-2025-09-22T154737.569.webp,image/webp,webp,77926,900,1045,9592ede13423f7a5,product_gallery,product-15471-eos-cashmere-body-mist-09.webp,webp,shopify_product_media,False,NOT_REQUIRED,FOUND,PENDING,
product,15466,15747,,15466,,https://wholesalebeautyhub.co.uk/wp-content/uploads/2025/10/WhatsApp-Image-2025-11-12-at-13.57.44-2.jpeg,2025/10/WhatsApp-Image-2025-11-12-at-13.57.44-2.jpeg,image/jpeg,jpeg,43322,1280,1600,4edb4b5f8a6c636c,product_featured,product-15747-25pskyn-liqueur-1-69fl-oz-50ml.jpeg,jpeg,shopify_product_media,False,NOT_REQUIRED,FOUND,PENDING,
product,15466,15746,,15466,,https://wholesalebeautyhub.co.uk/wp-content/uploads/2025/10/WhatsApp-Image-2025-11-12-at-13.57.44-3.jpeg,2025/10/WhatsApp-Image-2025-11-12-at-13.57.44-3.jpeg,image/jpeg,jpeg,164356,1280,1600,aa713dfe5e9edd83,product_gallery,product-15746-25pskyn-liqueur-1-69fl-oz-50ml-02.jpeg,jpeg,shopify_product_media,False,NOT_REQUIRED,FOUND,PENDING,
product,15466,15742,,15466,,https://wholesalebeautyhub.co.uk/wp-content/uploads/2025/10/WhatsApp-Image-2025-11-12-at-13.57.48-1.jpeg,2025/10/WhatsApp-Image-2025-11-12-at-13.57.48-1.jpeg,image/jpeg,jpeg,277169,1600,1066,d1a594053c0b0f0e,product_gallery,product-15742-25pskyn-liqueur-1-69fl-oz-50ml-03.jpeg,jpeg,shopify_product_media,False,NOT_REQUIRED,FOUND,PENDING,
product,15752,15743,,15752,,https://wholesalebeautyhub.co.uk/wp-content/uploads/2025/10/WhatsApp-Image-2025-11-12-at-13.57.48.jpeg,2025/10/WhatsApp-Image-2025-11-12-at-13.57.48.jpeg,image/jpeg,jpeg,43522,1280,1600,6e8e8d79772f5573,product_featured,product-15743-25pskyn-mandelactone-50ml.jpeg,jpeg,shopify_product_media,False,NOT_REQUIRED,FOUND,PENDING,
product,15752,15749,,15752,,https://wholesalebeautyhub.co.uk/wp-content/uploads/2025/10/WhatsApp-Image-2025-11-12-at-13.57.44-1.jpeg,2025/10/WhatsApp-Image-2025-11-12-at-13.57.44-1.jpeg,image/jpeg,jpeg,83809,823,1030,e7bd3c48e8b42305,product_gallery,product-15749-25pskyn-mandelactone-50ml-02.jpeg,jpeg,shopify_product_media,False,NOT_REQUIRED,FOUND,PENDING,
product,15752,15742,,15752,,https://wholesalebeautyhub.co.uk/wp-content/uploads/2025/10/WhatsApp-Image-2025-11-12-at-13.57.48-1.jpeg,2025/10/WhatsApp-Image-2025-11-12-at-13.57.48-1.jpeg,image/jpeg,jpeg,277169,1600,1066,d1a594053c0b0f0e,product_gallery,product-15742-25pskyn-mandelactone-50ml-03.jpeg,jpeg,shopify_product_media,False,NOT_REQUIRED,FOUND,PENDING,
product,15865,2730,,15865,,https://wholesalebeautyhub.co.uk/wp-content/uploads/2024/08/Embryolisse.jpg,2024/08/Embryolisse.jpg,image/jpeg,jpg,26351,750,750,8bbe243dcb1a46ab,product_featured,product-2730-embryolisse-lait-cream-moisturizer-30-ml.jpg,jpg,shopify_product_media,False,NOT_REQUIRED,FOUND,PENDING,
product,16331,16333,,16331,,https://wholesalebeautyhub.co.uk/wp-content/uploads/2025/12/IMG_9109.webp,2025/12/IMG_9109.webp,image/webp,webp,24528,1000,1000,b13f08c6ee8270a4,product_featured,product-16333-bolden-dark-spot-fix.webp,webp,shopify_product_media,False,NOT_REQUIRED,FOUND,PENDING,
product,16438,16439,,16438,,https://wholesalebeautyhub.co.uk/wp-content/uploads/2025/12/IMG_9302.webp,2025/12/IMG_9302.webp,image/webp,webp,15198,1170,1114,359a1315ad5d83e4,product_featured,product-16439-bolden-skin-clarifying-cleanser.webp,webp,shopify_product_media,False,NOT_REQUIRED,FOUND,PENDING,
product,16438,16845,,16438,,https://wholesalebeautyhub.co.uk/wp-content/uploads/2025/12/Bolden_Clarifying_Cleanser_for_Oily_Skin_800x.webp,2025/12/Bolden_Clarifying_Cleanser_for_Oily_Skin_800x.webp,image/webp,webp,40136,800,800,126c86f9c1e29b73,product_gallery,product-16845-bolden-skin-clarifying-cleanser-02.webp,webp,shopify_product_media,False,NOT_REQUIRED,FOUND,PENDING,
product,16438,16846,,16438,,https://wholesalebeautyhub.co.uk/wp-content/uploads/2025/12/Bolden_Skin_Clarifying_Cleanser_Lifestyle_V_800x.webp,2025/12/Bolden_Skin_Clarifying_Cleanser_Lifestyle_V_800x.webp,image/webp,webp,60832,800,800,cf869cdf4ce95c3c,product_gallery,product-16846-bolden-skin-clarifying-cleanser-03.webp,webp,shopify_product_media,False,NOT_REQUIRED,FOUND,PENDING,
product,16438,16847,,16438,,https://wholesalebeautyhub.co.uk/wp-content/uploads/2025/12/Bolden_Skin_Clarifying_Cleanser_Lifestyle_VII_800x.webp,2025/12/Bolden_Skin_Clarifying_Cleanser_Lifestyle_VII_800x.webp,image/webp,webp,32302,800,800,0f5ab0c8bc8e78b1,product_gallery,product-16847-bolden-skin-clarifying-cleanser-04.webp,webp,shopify_product_media,False,NOT_REQUIRED,FOUND,PENDING,
product,16438,16848,,16438,,https://wholesalebeautyhub.co.uk/wp-content/uploads/2025/12/Bolden_Skin_Clarifying_Cleanser_Lifestyle_III_800x.webp,2025/12/Bolden_Skin_Clarifying_Cleanser_Lifestyle_III_800x.webp,image/webp,webp,51594,800,800,429163751f9cbadb,product_gallery,product-16848-bolden-skin-clarifying-cleanser-05.webp,webp,shopify_product_media,False,NOT_REQUIRED,FOUND,PENDING,
product,16438,16849,,16438,,https://wholesalebeautyhub.co.uk/wp-content/uploads/2025/12/Bolden_Skin_Clarifying_Cleanser_Front_800x.webp,2025/12/Bolden_Skin_Clarifying_Cleanser_Front_800x.webp,image/webp,webp,20966,800,800,c5fdcf03d628ab0c,product_gallery,product-16849-bolden-skin-clarifying-cleanser-06.webp,webp,shopify_product_media,False,NOT_REQUIRED,FOUND,PENDING,
product,16460,16461,,16460,,https://wholesalebeautyhub.co.uk/wp-content/uploads/2025/12/IMG_9312.webp,2025/12/IMG_9312.webp,image/webp,webp,14582,1170,899,3a57a63f689fec05,product_featured,product-16461-hegai-esther-photo-perfect-pressed-powder.webp,webp,shopify_product_media,False,NOT_REQUIRED,FOUND,PENDING,
product,16464,16453,,16464,,https://wholesalebeautyhub.co.uk/wp-content/uploads/2025/12/IMG_9308.jpeg,2025/12/IMG_9308.webp,image/jpeg,webp,43706,1170,1164,773effc9578b8cc5,product_featured,product-16453-hegai-esther-lipgloss.webp,webp,shopify_product_media,False,NOT_REQUIRED,FOUND,PENDING,
product,16467,16468,,16467,,https://wholesalebeautyhub.co.uk/wp-content/uploads/2025/12/IMG_9315.jpeg,2025/12/IMG_9315.webp,image/jpeg,webp,8432,1170,960,b9fd0e48ec3c9b75,product_featured,product-16468-hegai-esther-artstick-matte-liquid-lipstick.webp,webp,shopify_product_media,False,NOT_REQUIRED,FOUND,PENDING,
product,16482,16498,,16482,,https://wholesalebeautyhub.co.uk/wp-content/uploads/2025/12/Nav-Holiday_Collection_EOS.webp,2025/12/Nav-Holiday_Collection_EOS.webp,image/webp,webp,9388,300,406,9b2af37552a580a2,product_featured,product-16498-eos-cashmere-body-lotion-holiday-collection.webp,webp,shopify_product_media,False,NOT_REQUIRED,FOUND,PENDING,
product,16482,16499,,16482,,https://wholesalebeautyhub.co.uk/wp-content/uploads/2025/12/WhatsApp-Image-2025-12-03-at-23.40.43.webp,2025/12/WhatsApp-Image-2025-12-03-at-23.40.43-scaled.webp,image/webp,webp,176994,1666,1920,a691c09b264c2660,product_gallery,product-16499-eos-cashmere-body-lotion-holiday-collection-02.webp,webp,shopify_product_media,False,NOT_REQUIRED,FOUND,PENDING,
product,16482,16496,,16482,,https://wholesalebeautyhub.co.uk/wp-content/uploads/2025/12/CocoaCashmere-EOS.webp,2025/12/CocoaCashmere-EOS.webp,image/webp,webp,28880,900,1045,d967f8ebf1e62cff,product_gallery,product-16496-eos-cashmere-body-lotion-holiday-collection-03.webp,webp,shopify_product_media,False,NOT_REQUIRED,FOUND,PENDING,
product,16482,16495,,16482,,https://wholesalebeautyhub.co.uk/wp-content/uploads/2025/12/CaramelCashmereBL-Allure.webp,2025/12/CaramelCashmereBL-Allure.webp,image/webp,webp,21546,900,1045,6f1771ea71310641,product_gallery,product-16495-eos-cashmere-body-lotion-holiday-collection-04.webp,webp,shopify_product_media,False,NOT_REQUIRED,FOUND,PENDING,
product,16482,16494,,16482,,https://wholesalebeautyhub.co.uk/wp-content/uploads/2025/12/CARAMEL-CASHMERE-EOS.webp,2025/12/CARAMEL-CASHMERE-EOS.webp,image/webp,webp,123358,900,1045,ee60cefafe5c9b13,product_gallery,product-16494-eos-cashmere-body-lotion-holiday-collection-05.webp,webp,shopify_product_media,False,NOT_REQUIRED,FOUND,PENDING,
product,16482,16493,,16482,,https://wholesalebeautyhub.co.uk/wp-content/uploads/2025/12/COCOA-CASHMERE-EOS.webp,2025/12/COCOA-CASHMERE-EOS.webp,image/webp,webp,122068,900,1045,474a1481e6490d62,product_gallery,product-16493-eos-cashmere-body-lotion-holiday-collection-06.webp,webp,shopify_product_media,False,NOT_REQUIRED,FOUND,PENDING,
product,16482,16492,,16482,,https://wholesalebeautyhub.co.uk/wp-content/uploads/2025/12/PeppermintCashmereBL-Allure.webp,2025/12/PeppermintCashmereBL-Allure.webp,image/webp,webp,21198,900,1045,66c06640f534689e,product_gallery,product-16492-eos-cashmere-body-lotion-holiday-collection-07.webp,webp,shopify_product_media,False,NOT_REQUIRED,FOUND,PENDING,
product,16482,16491,,16482,,https://wholesalebeautyhub.co.uk/wp-content/uploads/2025/12/PEPPERMINT-CASHMERE-EOS.webp,2025/12/PEPPERMINT-CASHMERE-EOS.webp,image/webp,webp,118954,900,1045,814055e1c1a34462,product_gallery,product-16491-eos-cashmere-body-lotion-holiday-collection-08.webp,webp,shopify_product_media,False,NOT_REQUIRED,FOUND,PENDING,
product,16482,16490,,16482,,https://wholesalebeautyhub.co.uk/wp-content/uploads/2025/12/PeppermintCashmereMiniBL-EOS.webp,2025/12/PeppermintCashmereMiniBL-EOS.webp,image/webp,webp,20106,900,1045,4c8cf3900dc6909f,product_gallery,product-16490-eos-cashmere-body-lotion-holiday-collection-09.webp,webp,shopify_product_media,False,NOT_REQUIRED,FOUND,PENDING,
product,16519,16520,,16519,,https://wholesalebeautyhub.co.uk/wp-content/uploads/2025/12/21A8F85F-3AF6-47DF-BC88-66E5C7A8B85E_4_5005_c.jpeg,2025/12/21A8F85F-3AF6-47DF-BC88-66E5C7A8B85E_4_5005_c.webp,image/jpeg,webp,1982,264,264,1f82643ee177b6f3,product_featured,product-16520-hegai-esther-powder-foundation.webp,webp,shopify_product_media,False,NOT_REQUIRED,FOUND,PENDING,
product,16529,16530,,16529,,https://wholesalebeautyhub.co.uk/wp-content/uploads/2025/12/C187E91A-0A8E-4EDA-BD94-041C61445588_4_5005_c.webp,2025/12/C187E91A-0A8E-4EDA-BD94-041C61445588_4_5005_c.webp,image/webp,webp,1916,264,264,71dd512b6c642310,product_featured,product-16530-hegai-esther-photo-perfect-liquid-foundation.webp,webp,shopify_product_media,False,NOT_REQUIRED,FOUND,PENDING,
product,16543,16544,,16543,,https://wholesalebeautyhub.co.uk/wp-content/uploads/2025/12/8810D37D-D770-43F1-9CBF-51F293FFCD96.jpeg,2025/12/8810D37D-D770-43F1-9CBF-51F293FFCD96.webp,image/jpeg,webp,19154,1920,1920,60b971d166d25fb0,product_featured,product-16544-hegai-esther-photo-perfect-concealer.webp,webp,shopify_product_media,False,NOT_REQUIRED,FOUND,PENDING,
product,16557,16558,,16557,,https://wholesalebeautyhub.co.uk/wp-content/uploads/2025/12/EB2A4547-2C55-4043-83C1-4FD436AF7E69_4_5005_c.jpeg,2025/12/EB2A4547-2C55-4043-83C1-4FD436AF7E69_4_5005_c.jpeg,image/jpeg,jpeg,16785,264,264,9408a19c04f58c55,product_featured,product-16558-flash-drops-liquid-highlighter.jpeg,jpeg,shopify_product_media,False,NOT_REQUIRED,FOUND,PENDING,
product,16555,16556,,16555,,https://wholesalebeautyhub.co.uk/wp-content/uploads/2025/12/1D6E9BCA-867E-474D-850D-9D4CDF507652_4_5005_c.jpeg,2025/12/1D6E9BCA-867E-474D-850D-9D4CDF507652_4_5005_c.jpeg,image/jpeg,jpeg,15732,264,264,64988c23c04e8fce,product_featured,product-16556-hegai-esther-lip-definer.jpeg,jpeg,shopify_product_media,False,NOT_REQUIRED,FOUND,PENDING,
product,16441,16789,,16441,,https://wholesalebeautyhub.co.uk/wp-content/uploads/2025/12/Bolden_Sunscreen_Moisturizer-WBH.webp,2025/12/Bolden_Sunscreen_Moisturizer-WBH.webp,image/webp,webp,25792,800,800,7f045e273212e290,product_featured,product-16789-bolden-brightening-moisturizer-spf-30-with-vitamin-c.webp,webp,shopify_product_media,False,NOT_REQUIRED,FOUND,PENDING,
product,16441,16790,,16441,,https://wholesalebeautyhub.co.uk/wp-content/uploads/2025/12/Bolden_Sunscreen_Main_Benefit.webp,2025/12/Bolden_Sunscreen_Main_Benefit.webp,image/webp,webp,75934,800,800,ce7c50824ddf8a16,product_gallery,product-16790-bolden-brightening-moisturizer-spf-30-with-vitamin-c-02.webp,webp,shopify_product_media,False,NOT_REQUIRED,FOUND,PENDING,
product,16441,16792,,16441,,https://wholesalebeautyhub.co.uk/wp-content/uploads/2025/12/Bolden_Sunscreen_Moisturizer.webp,2025/12/Bolden_Sunscreen_Moisturizer.webp,image/webp,webp,23778,800,800,342cd7bd4de46e37,product_gallery,product-16792-bolden-brightening-moisturizer-spf-30-with-vitamin-c-03.webp,webp,shopify_product_media,False,NOT_REQUIRED,FOUND,PENDING,
product,16441,16791,,16441,,https://wholesalebeautyhub.co.uk/wp-content/uploads/2025/12/Bolden_Sunscreen_Powerful_Ingredients.webp,2025/12/Bolden_Sunscreen_Powerful_Ingredients.webp,image/webp,webp,41606,800,800,4fcef00a49db25b2,product_gallery,product-16791-bolden-brightening-moisturizer-spf-30-with-vitamin-c-04.webp,webp,shopify_product_media,False,NOT_REQUIRED,FOUND,PENDING,
product,16820,16819,,16820,,https://wholesalebeautyhub.co.uk/wp-content/uploads/2025/12/IMG_9507.webp,2025/12/IMG_9507.webp,image/webp,webp,18816,1023,1023,4dac05a2f4b9e2a3,product_featured,product-16819-eucerin-roughness-relief-smoothing-lotion.webp,webp,shopify_product_media,False,NOT_REQUIRED,FOUND,PENDING,
product,16821,16822,,16821,,https://wholesalebeautyhub.co.uk/wp-content/uploads/2025/12/IMG_9508.webp,2025/12/IMG_9508.webp,image/webp,webp,24602,1023,1023,91a0671aa45b502c,product_featured,product-16822-eucerin-eczema-relief-cream.webp,webp,shopify_product_media,False,NOT_REQUIRED,FOUND,PENDING,
product,16825,16826,,16825,,https://wholesalebeautyhub.co.uk/wp-content/uploads/2025/12/IMG_9510.webp,2025/12/IMG_9510.webp,image/webp,webp,28570,1023,1023,7f181d89f44087ea,product_featured,product-16826-eucerin-intensive-repair-lotion.webp,webp,shopify_product_media,False,NOT_REQUIRED,FOUND,PENDING,
product,16443,16843,,16443,,https://wholesalebeautyhub.co.uk/wp-content/uploads/2025/12/Bolden_Toner_For_All_Skin.webp,2025/12/Bolden_Toner_For_All_Skin.webp,image/webp,webp,14988,800,800,fe6aa354f65880fd,product_featured,product-16843-bolden-skin-brightening-toner.webp,webp,shopify_product_media,False,NOT_REQUIRED,FOUND,PENDING,
product,16443,16841,,16443,,https://wholesalebeautyhub.co.uk/wp-content/uploads/2025/12/best_exfoliating_toner_800x.webp,2025/12/best_exfoliating_toner_800x.webp,image/webp,webp,32572,800,800,dc1374144c40518f,product_gallery,product-16841-bolden-skin-brightening-toner-02.webp,webp,shopify_product_media,False,NOT_REQUIRED,FOUND,PENDING,
product,16443,16842,,16443,,https://wholesalebeautyhub.co.uk/wp-content/uploads/2025/12/Bolden_Toner_Fade_Dark_Spots_800x.webp,2025/12/Bolden_Toner_Fade_Dark_Spots_800x.webp,image/webp,webp,57940,800,800,afd4328ffb9262fa,product_gallery,product-16842-bolden-skin-brightening-toner-03.webp,webp,shopify_product_media,False,NOT_REQUIRED,FOUND,PENDING,
product,16443,16843,,16443,,https://wholesalebeautyhub.co.uk/wp-content/uploads/2025/12/Bolden_Toner_For_All_Skin.webp,2025/12/Bolden_Toner_For_All_Skin.webp,image/webp,webp,14988,800,800,fe6aa354f65880fd,product_featured,product-16843-bolden-skin-brightening-toner-04.webp,webp,shopify_product_media,False,NOT_REQUIRED,FOUND,PENDING,
product,16443,16844,,16443,,https://wholesalebeautyhub.co.uk/wp-content/uploads/2025/12/Bolden_Toner_Ingredients_800x.webp,2025/12/Bolden_Toner_Ingredients_800x.webp,image/webp,webp,69524,800,800,6b5537899221e049,product_gallery,product-16844-bolden-skin-brightening-toner-05.webp,webp,shopify_product_media,False,NOT_REQUIRED,FOUND,PENDING,
product,16445,16852,,16445,,https://wholesalebeautyhub.co.uk/wp-content/uploads/2025/12/Sylvimak-Smooth-Affair-6-in-1-Powder-Palette_3.jpg.webp,2025/12/Sylvimak-Smooth-Affair-6-in-1-Powder-Palette_3.jpg.webp,image/webp,webp,83560,1080,1080,c3cad567375afa1f,product_featured,product-16852-sylvimak-smooth-affair-finishing-powder-palette.webp,webp,shopify_product_media,False,NOT_REQUIRED,FOUND,PENDING,
product,16445,16853,,16445,,https://wholesalebeautyhub.co.uk/wp-content/uploads/2025/12/sylvimak-12-in-1-powder-palete.jpg,2025/12/sylvimak-12-in-1-powder-palete.jpg,image/jpeg,jpg,50505,600,800,ac77fdbb9c790aea,product_gallery,product-16853-sylvimak-smooth-affair-finishing-powder-palette-02.jpg,jpg,shopify_product_media,False,NOT_REQUIRED,FOUND,PENDING,
product,16445,16852,,16445,,https://wholesalebeautyhub.co.uk/wp-content/uploads/2025/12/Sylvimak-Smooth-Affair-6-in-1-Powder-Palette_3.jpg.webp,2025/12/Sylvimak-Smooth-Affair-6-in-1-Powder-Palette_3.jpg.webp,image/webp,webp,83560,1080,1080,c3cad567375afa1f,product_featured,product-16852-sylvimak-smooth-affair-finishing-powder-palette-03.webp,webp,shopify_product_media,False,NOT_REQUIRED,FOUND,PENDING,
product,16966,16968,,16966,,https://wholesalebeautyhub.co.uk/wp-content/uploads/2025/12/IMG_9622.webp,2025/12/IMG_9622.webp,image/webp,webp,8256,800,1000,7602384d025c5fd0,product_featured,product-16968-25pskyn-uv-warrior-spf-50-broad-spectrum-sunscreen-150ml.webp,webp,shopify_product_media,False,NOT_REQUIRED,FOUND,PENDING,
product,16969,16970,,16969,,https://wholesalebeautyhub.co.uk/wp-content/uploads/2025/12/IMG_9626.webp,2025/12/IMG_9626.webp,image/webp,webp,86912,1600,2000,9f2f3f67d35b83a0,product_featured,product-16970-yglam-cheeksy-cream-blush-palette.webp,webp,shopify_product_media,False,NOT_REQUIRED,FOUND,PENDING,
product,16971,16972,,16971,,https://wholesalebeautyhub.co.uk/wp-content/uploads/2025/12/IMG_9624.webp,2025/12/IMG_9624-scaled.webp,image/webp,webp,149934,1920,2560,86e004b2a902721c,product_featured,product-16972-yglam-cheesksy-powder-blush-palette.webp,webp,shopify_product_media,False,NOT_REQUIRED,FOUND,PENDING,
product,17476,17477,,17476,,https://wholesalebeautyhub.co.uk/wp-content/uploads/2026/01/IMG_0900.jpeg,2026/01/IMG_0900.jpeg,image/jpeg,jpeg,58455,800,800,2924556414c2e5e4,product_featured,product-17477-vaseline-clinical-care-dry-hands-rescue.jpeg,jpeg,shopify_product_media,False,NOT_REQUIRED,FOUND,PENDING,
product,17476,17477,,17476,,https://wholesalebeautyhub.co.uk/wp-content/uploads/2026/01/IMG_0900.jpeg,2026/01/IMG_0900.jpeg,image/jpeg,jpeg,58455,800,800,2924556414c2e5e4,product_featured,product-17477-vaseline-clinical-care-dry-hands-rescue-02.jpeg,jpeg,shopify_product_media,False,NOT_REQUIRED,FOUND,PENDING,
product,17478,17479,,17478,,https://wholesalebeautyhub.co.uk/wp-content/uploads/2026/01/IMG_0903.jpeg,2026/01/IMG_0903.jpeg,image/jpeg,jpeg,185771,1910,1000,cc14ef2a2d9ab878,product_featured,product-17479-vaseline-glazed-and-glisten-shimmering-oil.jpeg,jpeg,shopify_product_media,False,NOT_REQUIRED,FOUND,PENDING,
product,17491,17544,,17491,,https://wholesalebeautyhub.co.uk/wp-content/uploads/2026/01/aquaphor-lip-repair.avif,2026/01/aquaphor-lip-repair.avif,image/avif,avif,56817,1200,1200,11919fc36e0f2eef,product_featured,product-17544-aquaphor-immediate-relief-lip-repair-balm-2pack.webp,webp,shopify_product_media,True,NOT_STARTED,FOUND,PENDING,
product,17494,17578,,17494,,https://wholesalebeautyhub.co.uk/wp-content/uploads/2026/01/IMG_1005.webp,2026/01/IMG_1005-scaled.webp,image/webp,webp,107398,2560,2560,b46688e3a9245049,product_featured,product-17578-neutrogena-oil-free-acne-wash-pink-grapefruit-foaming-scrub.webp,webp,shopify_product_media,False,NOT_REQUIRED,FOUND,PENDING,
product,17496,17502,,17496,,https://wholesalebeautyhub.co.uk/wp-content/uploads/2026/01/IMG_0917.jpeg,2026/01/IMG_0917.jpeg,image/jpeg,jpeg,94730,1920,1920,0a4e188a1b6c3468,product_featured,product-17502-neutrogena-oil-free-acne-wash-pink-grapefruit-facial-cleanse.jpeg,jpeg,shopify_product_media,False,NOT_REQUIRED,FOUND,PENDING,
product,17503,17504,,17503,,https://wholesalebeautyhub.co.uk/wp-content/uploads/2026/01/IMG_0918.jpeg,2026/01/IMG_0918.jpeg,image/jpeg,jpeg,81225,1170,1334,1f1794c613669717,product_featured,product-17504-eos-shave-oil.jpeg,jpeg,shopify_product_media,False,NOT_REQUIRED,FOUND,PENDING,
product,17503,17504,,17503,,https://wholesalebeautyhub.co.uk/wp-content/uploads/2026/01/IMG_0918.jpeg,2026/01/IMG_0918.jpeg,image/jpeg,jpeg,81225,1170,1334,1f1794c613669717,product_featured,product-17504-eos-shave-oil-02.jpeg,jpeg,shopify_product_media,False,NOT_REQUIRED,FOUND,PENDING,
product,17503,17505,,17503,,https://wholesalebeautyhub.co.uk/wp-content/uploads/2026/01/IMG_0919.jpeg,2026/01/IMG_0919.jpeg,image/jpeg,jpeg,80109,1170,1344,d4d918ca5d9bc33f,product_gallery,product-17505-eos-shave-oil-03.jpeg,jpeg,shopify_product_media,False,NOT_REQUIRED,FOUND,PENDING,
product,17503,17506,,17503,,https://wholesalebeautyhub.co.uk/wp-content/uploads/2026/01/IMG_0920.jpeg,2026/01/IMG_0920.jpeg,image/jpeg,jpeg,82239,1170,1356,98924b83692c87d7,product_gallery,product-17506-eos-shave-oil-04.jpeg,jpeg,shopify_product_media,False,NOT_REQUIRED,FOUND,PENDING,
product,17510,17511,,17510,,https://wholesalebeautyhub.co.uk/wp-content/uploads/2026/01/IMG_0921.jpeg,2026/01/IMG_0921.jpeg,image/jpeg,jpeg,159109,1150,1150,5963adc879f7da37,product_featured,product-17511-good-molecules-caffeine-energizing-hydrogel-eye-patches.jpeg,jpeg,shopify_product_media,False,NOT_REQUIRED,FOUND,PENDING,
product,17487,17488,,17487,,https://wholesalebeautyhub.co.uk/wp-content/uploads/2026/01/IMG_0908.jpeg,2026/01/IMG_0908.jpeg,image/jpeg,jpeg,21734,386,386,3d05c349778e426b,product_featured,product-17488-olay-super-serum-body-lotion.jpeg,jpeg,shopify_product_media,False,NOT_REQUIRED,FOUND,PENDING,
product,17487,17489,,17487,,https://wholesalebeautyhub.co.uk/wp-content/uploads/2026/01/IMG_0909.jpeg,2026/01/IMG_0909.jpeg,image/jpeg,jpeg,30164,500,500,e55f0c5505acd2e0,product_gallery,product-17489-olay-super-serum-body-lotion-02.jpeg,jpeg,shopify_product_media,False,NOT_REQUIRED,FOUND,PENDING,
product,16532,16533,,16532,,https://wholesalebeautyhub.co.uk/wp-content/uploads/2025/12/A310063A-7648-428D-940E-40E0EAB83295.webp,2025/12/A310063A-7648-428D-940E-40E0EAB83295.webp,image/webp,webp,70284,1920,1422,048ad8c5cf21557e,product_featured,product-16533-hegai-esther-velvet-matte-lipstick.webp,webp,shopify_product_media,False,NOT_REQUIRED,FOUND,PENDING,
product,17601,17499,,17601,,https://wholesalebeautyhub.co.uk/wp-content/uploads/2026/01/IMG_0916.jpeg,2026/01/IMG_0916.jpeg,image/jpeg,jpeg,54275,1020,961,21020800ef600ab7,product_featured,product-17499-neutrogena-oil-free-acne-wash-with-salicylic-acid-fragrance-.jpeg,jpeg,shopify_product_media,False,NOT_REQUIRED,FOUND,PENDING,
product,17663,17664,,17663,,https://wholesalebeautyhub.co.uk/wp-content/uploads/2026/01/IMG_1090.webp,2026/01/IMG_1090.webp,image/webp,webp,28202,1200,1440,eb2e6268df02b775,product_featured,product-17664-sun-bum-kids-spf-50-clear-sunscreen-stick.webp,webp,shopify_product_media,False,NOT_REQUIRED,FOUND,PENDING,
product,17665,17667,,17665,,https://wholesalebeautyhub.co.uk/wp-content/uploads/2026/01/WhatsApp-Image-2026-01-12-at-18.09.54.jpeg,2026/01/WhatsApp-Image-2026-01-12-at-18.09.54-scaled.jpeg,image/jpeg,jpeg,608033,1975,2560,17b319fcb99e2ac1,product_featured,product-17667-sun-bum-kids-spf-50-clear-sunscreen-lotion.jpeg,jpeg,shopify_product_media,False,NOT_REQUIRED,FOUND,PENDING,
product,17860,17863,,17860,,https://wholesalebeautyhub.co.uk/wp-content/uploads/2026/01/WhatsApp-Image-2026-01-19-at-11.12.32-1.jpeg,2026/01/WhatsApp-Image-2026-01-19-at-11.12.32-1.jpeg,image/jpeg,jpeg,83636,1320,1502,d33ae04d08a75e2f,product_featured,product-17863-tola-banks-beauty-brush-set.jpeg,jpeg,shopify_product_media,False,NOT_REQUIRED,FOUND,PENDING,
product,17860,17862,,17860,,https://wholesalebeautyhub.co.uk/wp-content/uploads/2026/01/WhatsApp-Image-2026-01-19-at-11.12.32-2.jpeg,2026/01/WhatsApp-Image-2026-01-19-at-11.12.32-2.jpeg,image/jpeg,jpeg,102958,1320,1510,a4772a9b3e4e7779,product_gallery,product-17862-tola-banks-beauty-brush-set-02.jpeg,jpeg,shopify_product_media,False,NOT_REQUIRED,FOUND,PENDING,
product,17860,17863,,17860,,https://wholesalebeautyhub.co.uk/wp-content/uploads/2026/01/WhatsApp-Image-2026-01-19-at-11.12.32-1.jpeg,2026/01/WhatsApp-Image-2026-01-19-at-11.12.32-1.jpeg,image/jpeg,jpeg,83636,1320,1502,d33ae04d08a75e2f,product_featured,product-17863-tola-banks-beauty-brush-set-03.jpeg,jpeg,shopify_product_media,False,NOT_REQUIRED,FOUND,PENDING,
product,17860,17864,,17860,,https://wholesalebeautyhub.co.uk/wp-content/uploads/2026/01/WhatsApp-Image-2026-01-19-at-11.12.32.jpeg,2026/01/WhatsApp-Image-2026-01-19-at-11.12.32.jpeg,image/jpeg,jpeg,64642,1320,1479,a24c20999d0527ea,product_gallery,product-17864-tola-banks-beauty-brush-set-04.jpeg,jpeg,shopify_product_media,False,NOT_REQUIRED,FOUND,PENDING,
product,17860,17865,,17860,,https://wholesalebeautyhub.co.uk/wp-content/uploads/2026/01/WhatsApp-Image-2026-01-19-at-11.12.31-1.jpeg,2026/01/WhatsApp-Image-2026-01-19-at-11.12.31-1.jpeg,image/jpeg,jpeg,191573,1320,1642,1191b7920fa8a5c5,product_gallery,product-17865-tola-banks-beauty-brush-set-05.jpeg,jpeg,shopify_product_media,False,NOT_REQUIRED,FOUND,PENDING,
product,17860,17866,,17860,,https://wholesalebeautyhub.co.uk/wp-content/uploads/2026/01/WhatsApp-Image-2026-01-19-at-11.12.31.jpeg,2026/01/WhatsApp-Image-2026-01-19-at-11.12.31.jpeg,image/jpeg,jpeg,210662,1289,1645,703cfe608c7e4767,product_gallery,product-17866-tola-banks-beauty-brush-set-06.jpeg,jpeg,shopify_product_media,False,NOT_REQUIRED,FOUND,PENDING,
product,18359,18360,,18359,,https://wholesalebeautyhub.co.uk/wp-content/uploads/2026/02/IMG_1667.webp,2026/02/IMG_1667.webp,image/webp,webp,29274,1440,1440,2d423f24a2e1f51b,product_featured,product-18360-skin1004-madagascar-centella-tone-brightening-ampoule.webp,webp,shopify_product_media,False,NOT_REQUIRED,FOUND,PENDING,
product,18407,18411,,18407,,https://wholesalebeautyhub.co.uk/wp-content/uploads/2026/02/olay-salicylic-acid-wash-3.webp,2026/02/olay-salicylic-acid-wash-3.webp,image/webp,webp,122580,1290,1270,65e22b9c7eb38a4e,product_featured,product-18411-olay-salicylic-acid-body-wash-530ml.webp,webp,shopify_product_media,False,NOT_REQUIRED,FOUND,PENDING,
product,18407,18408,,18407,,https://wholesalebeautyhub.co.uk/wp-content/uploads/2026/02/olay-salicylic-acid-.webp,2026/02/olay-salicylic-acid-.webp,image/webp,webp,43588,1000,1233,3873ff4979de071e,product_gallery,product-18408-olay-salicylic-acid-body-wash-530ml-02.webp,webp,shopify_product_media,False,NOT_REQUIRED,FOUND,PENDING,
product,18407,18409,,18407,,https://wholesalebeautyhub.co.uk/wp-content/uploads/2026/02/olay-salicylic-acid-2.webp,2026/02/olay-salicylic-acid-2.webp,image/webp,webp,78390,1202,1230,c698ff0e99cfb9d4,product_gallery,product-18409-olay-salicylic-acid-body-wash-530ml-03.webp,webp,shopify_product_media,False,NOT_REQUIRED,FOUND,PENDING,
product,18407,18411,,18407,,https://wholesalebeautyhub.co.uk/wp-content/uploads/2026/02/olay-salicylic-acid-wash-3.webp,2026/02/olay-salicylic-acid-wash-3.webp,image/webp,webp,122580,1290,1270,65e22b9c7eb38a4e,product_featured,product-18411-olay-salicylic-acid-body-wash-530ml-04.webp,webp,shopify_product_media,False,NOT_REQUIRED,FOUND,PENDING,
product,18407,18410,,18407,,https://wholesalebeautyhub.co.uk/wp-content/uploads/2026/02/olay-salicylic-acid-2-1.webp,2026/02/olay-salicylic-acid-2-1.webp,image/webp,webp,78390,1202,1230,7ded0c5e85161345,product_gallery,product-18410-olay-salicylic-acid-body-wash-530ml-05.webp,webp,shopify_product_media,False,NOT_REQUIRED,FOUND,PENDING,
product,18477,18478,,18477,,https://wholesalebeautyhub.co.uk/wp-content/uploads/2026/02/IMG_1949.jpeg,2026/02/IMG_1949.jpeg,image/jpeg,jpeg,79982,682,1040,401305340342c6d1,product_featured,product-18478-pan0xyl-blemish-aftercare-brightening-patches.jpeg,jpeg,shopify_product_media,False,NOT_REQUIRED,FOUND,PENDING,
product,18477,18479,,18477,,https://wholesalebeautyhub.co.uk/wp-content/uploads/2026/02/IMG_1949-1.jpeg,2026/02/IMG_1949-1.jpeg,image/jpeg,jpeg,79982,682,1040,0bcb799e3974e8c8,product_gallery,product-18479-pan0xyl-blemish-aftercare-brightening-patches-02.jpeg,jpeg,shopify_product_media,False,NOT_REQUIRED,FOUND,PENDING,
product,18477,18480,,18477,,https://wholesalebeautyhub.co.uk/wp-content/uploads/2026/02/IMG_1950.jpeg,2026/02/IMG_1950.jpeg,image/jpeg,jpeg,102050,697,1031,f05a455014b3a688,product_gallery,product-18480-pan0xyl-blemish-aftercare-brightening-patches-03.jpeg,jpeg,shopify_product_media,False,NOT_REQUIRED,FOUND,PENDING,
product,18477,18481,,18477,,https://wholesalebeautyhub.co.uk/wp-content/uploads/2026/02/IMG_1951.jpeg,2026/02/IMG_1951.jpeg,image/jpeg,jpeg,99328,685,1030,e53a6f7c71e8c68f,product_gallery,product-18481-pan0xyl-blemish-aftercare-brightening-patches-04.jpeg,jpeg,shopify_product_media,False,NOT_REQUIRED,FOUND,PENDING,
product,18482,18483,,18482,,https://wholesalebeautyhub.co.uk/wp-content/uploads/2026/02/IMG_1952.jpeg,2026/02/IMG_1952.jpeg,image/jpeg,jpeg,75289,687,955,0e90b970728010ba,product_featured,product-18483-panoxyl-overnight-spot-patches.jpeg,jpeg,shopify_product_media,False,NOT_REQUIRED,FOUND,PENDING,
product,18488,18490,,18488,,https://wholesalebeautyhub.co.uk/wp-content/uploads/2026/02/IMG_1957.jpeg,2026/02/IMG_1957.jpeg,image/jpeg,jpeg,74866,1170,1557,27af401b60194b0f,product_featured,product-18490-cosrx-the-6-peptide-skin-booster.jpeg,jpeg,shopify_product_media,False,NOT_REQUIRED,FOUND,PENDING,
product,18632,18672,,18632,,https://wholesalebeautyhub.co.uk/wp-content/uploads/2026/02/Tiam-b5-toner.webp,2026/02/Tiam-b5-toner.webp,image/webp,webp,12370,1000,1000,3797f9d957fba876,product_featured,product-18672-tiam-vita-b5-toner.webp,webp,shopify_product_media,False,NOT_REQUIRED,FOUND,PENDING,
product,18636,18634,,18636,,https://wholesalebeautyhub.co.uk/wp-content/uploads/2026/02/IMG_1901.webp,2026/02/IMG_1901.webp,image/webp,webp,22596,1500,1500,4f0a6eb1227c7d18,product_featured,product-18634-tiam-alpha-5-mela-care-cream.webp,webp,shopify_product_media,False,NOT_REQUIRED,FOUND,PENDING,
product,18638,18639,,18638,,https://wholesalebeautyhub.co.uk/wp-content/uploads/2026/02/IMG_1902.jpeg,2026/02/IMG_1902.jpeg,image/jpeg,jpeg,36399,934,1000,40b601c1b02e8241,product_featured,product-18639-tiam-snail-azulene-low-ph-cleanser.jpeg,jpeg,shopify_product_media,False,NOT_REQUIRED,FOUND,PENDING,
product,18642,18643,,18642,,https://wholesalebeautyhub.co.uk/wp-content/uploads/2026/02/IMG_1947.jpeg,2026/02/IMG_1947.jpeg,image/jpeg,jpeg,39715,1000,1000,adac40e083a9e999,product_featured,product-18643-dr-althea-345-relief-cream.jpeg,jpeg,shopify_product_media,False,NOT_REQUIRED,FOUND,PENDING,
product,18642,18644,,18642,,https://wholesalebeautyhub.co.uk/wp-content/uploads/2026/02/IMG_1946.jpeg,2026/02/IMG_1946.jpeg,image/jpeg,jpeg,200535,1000,1000,fa5bcbb9b4417c97,product_gallery,product-18644-dr-althea-345-relief-cream-02.jpeg,jpeg,shopify_product_media,False,NOT_REQUIRED,FOUND,PENDING,
product,18642,18643,,18642,,https://wholesalebeautyhub.co.uk/wp-content/uploads/2026/02/IMG_1947.jpeg,2026/02/IMG_1947.jpeg,image/jpeg,jpeg,39715,1000,1000,adac40e083a9e999,product_featured,product-18643-dr-althea-345-relief-cream-03.jpeg,jpeg,shopify_product_media,False,NOT_REQUIRED,FOUND,PENDING,
product,18649,18650,,18649,,https://wholesalebeautyhub.co.uk/wp-content/uploads/2026/02/IMG_1853.jpeg,2026/02/IMG_1853.jpeg,image/jpeg,jpeg,50749,1170,1138,674c57b0a880d19d,product_featured,product-18650-25pskyn-trio-pskyn-cleanser-250ml.jpeg,jpeg,shopify_product_media,False,NOT_REQUIRED,FOUND,PENDING,
product,18645,18675,,18645,,https://wholesalebeautyhub.co.uk/wp-content/uploads/2026/02/dr-althea-gentlevitamincserum.webp,2026/02/dr-althea-gentlevitamincserum.webp,image/webp,webp,25548,950,950,3592fa8eca30867b,product_featured,product-18675-dr-althea-gentle-vitamin-c-serum.webp,webp,shopify_product_media,False,NOT_REQUIRED,FOUND,PENDING,
product,18645,18675,,18645,,https://wholesalebeautyhub.co.uk/wp-content/uploads/2026/02/dr-althea-gentlevitamincserum.webp,2026/02/dr-althea-gentlevitamincserum.webp,image/webp,webp,25548,950,950,3592fa8eca30867b,product_featured,product-18675-dr-althea-gentle-vitamin-c-serum-02.webp,webp,shopify_product_media,False,NOT_REQUIRED,FOUND,PENDING,
product,18645,18676,,18645,,https://wholesalebeautyhub.co.uk/wp-content/uploads/2026/02/dr-althea-vit-c-20.webp,2026/02/dr-althea-vit-c-20.webp,image/webp,webp,45968,550,550,4f5c1eb175f39e3f,product_gallery,product-18676-dr-althea-gentle-vitamin-c-serum-03.webp,webp,shopify_product_media,False,NOT_REQUIRED,FOUND,PENDING,
product,18645,18677,,18645,,https://wholesalebeautyhub.co.uk/wp-content/uploads/2026/02/dr-althea-vit-c.webp,2026/02/dr-althea-vit-c.webp,image/webp,webp,36820,550,550,4b9c6b918a50d171,product_gallery,product-18677-dr-althea-gentle-vitamin-c-serum-04.webp,webp,shopify_product_media,False,NOT_REQUIRED,FOUND,PENDING,
product,18735,18736,,18735,,https://wholesalebeautyhub.co.uk/wp-content/uploads/2026/02/IMG_2815.webp,2026/02/IMG_2815.webp,image/webp,webp,24570,900,1125,71bedb6e94673e3e,product_featured,product-18736-cerave-renewing-sa-cleanser.webp,webp,shopify_product_media,False,NOT_REQUIRED,FOUND,PENDING,
product,18738,18739,,18738,,https://wholesalebeautyhub.co.uk/wp-content/uploads/2026/02/IMG_2817.webp,2026/02/IMG_2817.webp,image/webp,webp,34928,900,1009,245d2461278d5b33,product_featured,product-18739-cerave-foaming-facial-cleanser.webp,webp,shopify_product_media,False,NOT_REQUIRED,FOUND,PENDING,
product,18738,18740,,18738,,https://wholesalebeautyhub.co.uk/wp-content/uploads/2026/02/IMG_2818.webp,2026/02/IMG_2818.webp,image/webp,webp,79182,900,1009,679539b1efe63cf8,product_gallery,product-18740-cerave-foaming-facial-cleanser-02.webp,webp,shopify_product_media,False,NOT_REQUIRED,FOUND,PENDING,
product,18738,18741,,18738,,https://wholesalebeautyhub.co.uk/wp-content/uploads/2026/02/IMG_2819.jpeg,2026/02/IMG_2819.jpeg,image/jpeg,jpeg,100395,900,1009,0c53cb28e16f7e9e,product_gallery,product-18741-cerave-foaming-facial-cleanser-03.jpeg,jpeg,shopify_product_media,False,NOT_REQUIRED,FOUND,PENDING,
product,18742,18744,,18742,,https://wholesalebeautyhub.co.uk/wp-content/uploads/2026/02/IMG_2820.webp,2026/02/IMG_2820.webp,image/webp,webp,28556,900,1009,a96539b9b4c51334,product_featured,product-18744-cerave-hydrating-facial-cleanser.webp,webp,shopify_product_media,False,NOT_REQUIRED,FOUND,PENDING,
product,18742,18744,,18742,,https://wholesalebeautyhub.co.uk/wp-content/uploads/2026/02/IMG_2820.webp,2026/02/IMG_2820.webp,image/webp,webp,28556,900,1009,a96539b9b4c51334,product_featured,product-18744-cerave-hydrating-facial-cleanser-02.webp,webp,shopify_product_media,False,NOT_REQUIRED,FOUND,PENDING,
product,18742,18745,,18742,,https://wholesalebeautyhub.co.uk/wp-content/uploads/2026/02/IMG_2821.webp,2026/02/IMG_2821.webp,image/webp,webp,82956,900,1009,111c8aa095e9a973,product_gallery,product-18745-cerave-hydrating-facial-cleanser-03.webp,webp,shopify_product_media,False,NOT_REQUIRED,FOUND,PENDING,
product,18742,18746,,18742,,https://wholesalebeautyhub.co.uk/wp-content/uploads/2026/02/IMG_2822.jpeg,2026/02/IMG_2822.jpeg,image/jpeg,jpeg,98912,900,1009,83fc04f0a3c7583f,product_gallery,product-18746-cerave-hydrating-facial-cleanser-04.jpeg,jpeg,shopify_product_media,False,NOT_REQUIRED,FOUND,PENDING,
product,18742,18747,,18742,,https://wholesalebeautyhub.co.uk/wp-content/uploads/2026/02/IMG_2824.webp,2026/02/IMG_2824.webp,image/webp,webp,38190,900,1009,cee6022194fcd02c,product_gallery,product-18747-cerave-hydrating-facial-cleanser-05.webp,webp,shopify_product_media,False,NOT_REQUIRED,FOUND,PENDING,
product,18748,18749,,18748,,https://wholesalebeautyhub.co.uk/wp-content/uploads/2026/02/IMG_2825.jpeg,2026/02/IMG_2825.jpeg,image/jpeg,jpeg,54081,800,800,3ba0be288a1829ce,product_featured,product-18749-palmers-cocoa-butter-formula-tahitian-vanilla-body-lotion.jpeg,jpeg,shopify_product_media,False,NOT_REQUIRED,FOUND,PENDING,
product,18748,18749,,18748,,https://wholesalebeautyhub.co.uk/wp-content/uploads/2026/02/IMG_2825.jpeg,2026/02/IMG_2825.jpeg,image/jpeg,jpeg,54081,800,800,3ba0be288a1829ce,product_featured,product-18749-palmers-cocoa-butter-formula-tahitian-vanilla-body-lotion-02.jpeg,jpeg,shopify_product_media,False,NOT_REQUIRED,FOUND,PENDING,
product,18748,18750,,18748,,https://wholesalebeautyhub.co.uk/wp-content/uploads/2026/02/IMG_2827.jpeg,2026/02/IMG_2827.jpeg,image/jpeg,jpeg,291870,1170,1122,518b21ca4c22d2e5,product_gallery,product-18750-palmers-cocoa-butter-formula-tahitian-vanilla-body-lotion-03.jpeg,jpeg,shopify_product_media,False,NOT_REQUIRED,FOUND,PENDING,
product,18752,18753,,18752,,https://wholesalebeautyhub.co.uk/wp-content/uploads/2026/02/IMG_2828.webp,2026/02/IMG_2828.webp,image/webp,webp,65072,1100,1100,dfc4c132abd850bb,product_featured,product-18753-roc-derm-correxion-retinol-firming-serum-stick.webp,webp,shopify_product_media,False,NOT_REQUIRED,FOUND,PENDING,
product,18752,18753,,18752,,https://wholesalebeautyhub.co.uk/wp-content/uploads/2026/02/IMG_2828.webp,2026/02/IMG_2828.webp,image/webp,webp,65072,1100,1100,dfc4c132abd850bb,product_featured,product-18753-roc-derm-correxion-retinol-firming-serum-stick-02.webp,webp,shopify_product_media,False,NOT_REQUIRED,FOUND,PENDING,
product,18752,18754,,18752,,https://wholesalebeautyhub.co.uk/wp-content/uploads/2026/02/IMG_2829.webp,2026/02/IMG_2829.webp,image/webp,webp,199598,1100,1100,294f3c06a4f10a70,product_gallery,product-18754-roc-derm-correxion-retinol-firming-serum-stick-03.webp,webp,shopify_product_media,False,NOT_REQUIRED,FOUND,PENDING,
product,18752,18755,,18752,,https://wholesalebeautyhub.co.uk/wp-content/uploads/2026/02/IMG_2830.webp,2026/02/IMG_2830.webp,image/webp,webp,72788,1100,1100,ead09d149c36eed8,product_gallery,product-18755-roc-derm-correxion-retinol-firming-serum-stick-04.webp,webp,shopify_product_media,False,NOT_REQUIRED,FOUND,PENDING,
product,18756,18757,,18756,,https://wholesalebeautyhub.co.uk/wp-content/uploads/2026/02/IMG_2831.webp,2026/02/IMG_2831.webp,image/webp,webp,404114,2400,2400,6d1e5892b85bfd7a,product_featured,product-18757-differin-0-1-adapalene-gel-treatment.webp,webp,shopify_product_media,False,NOT_REQUIRED,FOUND,PENDING,
product,18756,18757,,18756,,https://wholesalebeautyhub.co.uk/wp-content/uploads/2026/02/IMG_2831.webp,2026/02/IMG_2831.webp,image/webp,webp,404114,2400,2400,6d1e5892b85bfd7a,product_featured,product-18757-differin-0-1-adapalene-gel-treatment-02.webp,webp,shopify_product_media,False,NOT_REQUIRED,FOUND,PENDING,
product,18834,18835,,18834,,https://wholesalebeautyhub.co.uk/wp-content/uploads/2026/02/IMG_3055.webp,2026/02/IMG_3055.webp,image/webp,webp,48962,900,1009,8cba1024bac6c6e4,product_featured,product-18835-cerave-resurfacing-retinol-serum.webp,webp,shopify_product_media,False,NOT_REQUIRED,FOUND,PENDING,
product,18834,18835,,18834,,https://wholesalebeautyhub.co.uk/wp-content/uploads/2026/02/IMG_3055.webp,2026/02/IMG_3055.webp,image/webp,webp,48962,900,1009,8cba1024bac6c6e4,product_featured,product-18835-cerave-resurfacing-retinol-serum-02.webp,webp,shopify_product_media,False,NOT_REQUIRED,FOUND,PENDING,
product,18834,18836,,18834,,https://wholesalebeautyhub.co.uk/wp-content/uploads/2026/02/IMG_3056.webp,2026/02/IMG_3056.webp,image/webp,webp,66228,900,1009,efc2bdfccf8bcad8,product_gallery,product-18836-cerave-resurfacing-retinol-serum-03.webp,webp,shopify_product_media,False,NOT_REQUIRED,FOUND,PENDING,
product,18834,18837,,18834,,https://wholesalebeautyhub.co.uk/wp-content/uploads/2026/02/IMG_3057.jpeg,2026/02/IMG_3057.jpeg,image/jpeg,jpeg,70703,900,1009,3f4a870a45965afc,product_gallery,product-18837-cerave-resurfacing-retinol-serum-04.jpeg,jpeg,shopify_product_media,False,NOT_REQUIRED,FOUND,PENDING,
product,18838,23923,,18838,,https://wholesalebeautyhub.co.uk/wp-content/uploads/2026/02/WhatsApp-Image-2026-06-29-at-11.01.29.jpeg,2026/02/WhatsApp-Image-2026-06-29-at-11.01.29.jpeg,image/jpeg,jpeg,111966,1106,1600,b22e695bc0d43bfc,product_featured,product-23923-cerave-acne-control-cleanser-16fl.jpeg,jpeg,shopify_product_media,False,NOT_REQUIRED,FOUND,PENDING,
product,18843,18844,,18843,,https://wholesalebeautyhub.co.uk/wp-content/uploads/2026/02/IMG_3062.jpeg,2026/02/IMG_3062.jpeg,image/jpeg,jpeg,47610,1500,1500,9af64016b3a6b725,product_featured,product-18844-olay-super-serum-body-cream.jpeg,jpeg,shopify_product_media,False,NOT_REQUIRED,FOUND,PENDING,
product,18893,18896,,18893,,https://wholesalebeautyhub.co.uk/wp-content/uploads/2026/02/IMG_3127.jpeg,2026/02/IMG_3127.jpeg,image/jpeg,jpeg,29360,265,265,5bc781f204127d65,product_featured,product-18896-hegai-esther-culture-mix-palette.jpeg,jpeg,shopify_product_media,False,NOT_REQUIRED,FOUND,PENDING,
product,18893,18894,,18893,,https://wholesalebeautyhub.co.uk/wp-content/uploads/2026/02/IMG_3125.jpeg,2026/02/IMG_3125.jpeg,image/jpeg,jpeg,14954,265,265,14cf3d7a45081fb8,product_gallery,product-18894-hegai-esther-culture-mix-palette-02.jpeg,jpeg,shopify_product_media,False,NOT_REQUIRED,FOUND,PENDING,
product,18893,18895,,18893,,https://wholesalebeautyhub.co.uk/wp-content/uploads/2026/02/IMG_3126.png,2026/02/IMG_3126.png,image/png,png,57124,265,265,9a07e4f4c68e8d98,product_gallery,product-18895-hegai-esther-culture-mix-palette-03.png,png,shopify_product_media,False,NOT_REQUIRED,FOUND,PENDING,
product,18893,18896,,18893,,https://wholesalebeautyhub.co.uk/wp-content/uploads/2026/02/IMG_3127.jpeg,2026/02/IMG_3127.jpeg,image/jpeg,jpeg,29360,265,265,5bc781f204127d65,product_featured,product-18896-hegai-esther-culture-mix-palette-04.jpeg,jpeg,shopify_product_media,False,NOT_REQUIRED,FOUND,PENDING,
product,18897,18901,,18897,,https://wholesalebeautyhub.co.uk/wp-content/uploads/2026/02/IMG_3130.jpeg,2026/02/IMG_3130.jpeg,image/jpeg,jpeg,15515,265,265,853c39f8da268d7d,product_featured,product-18901-hegai-esther-earthen-magic-palette.jpeg,jpeg,shopify_product_media,False,NOT_REQUIRED,FOUND,PENDING,
product,18897,18901,,18897,,https://wholesalebeautyhub.co.uk/wp-content/uploads/2026/02/IMG_3130.jpeg,2026/02/IMG_3130.jpeg,image/jpeg,jpeg,15515,265,265,853c39f8da268d7d,product_featured,product-18901-hegai-esther-earthen-magic-palette-02.jpeg,jpeg,shopify_product_media,False,NOT_REQUIRED,FOUND,PENDING,
product,18897,18899,,18897,,https://wholesalebeautyhub.co.uk/wp-content/uploads/2026/02/IMG_3128.jpeg,2026/02/IMG_3128.jpeg,image/jpeg,jpeg,14183,265,265,197ed762df41c9d5,product_gallery,product-18899-hegai-esther-earthen-magic-palette-03.jpeg,jpeg,shopify_product_media,False,NOT_REQUIRED,FOUND,PENDING,
product,18897,18900,,18897,,https://wholesalebeautyhub.co.uk/wp-content/uploads/2026/02/IMG_3129.jpeg,2026/02/IMG_3129.jpeg,image/jpeg,jpeg,28225,265,265,7467bb853b5645dd,product_gallery,product-18900-hegai-esther-earthen-magic-palette-04.jpeg,jpeg,shopify_product_media,False,NOT_REQUIRED,FOUND,PENDING,
product,19224,19225,,19224,,https://wholesalebeautyhub.co.uk/wp-content/uploads/2026/03/IMG_1942.jpeg,2026/03/IMG_1942.jpeg,image/jpeg,jpeg,18138,474,647,421039c51c995b21,product_featured,product-19225-isntree-hylauronic-acid-moist-cream.jpeg,jpeg,shopify_product_media,False,NOT_REQUIRED,FOUND,PENDING,
product,19224,19225,,19224,,https://wholesalebeautyhub.co.uk/wp-content/uploads/2026/03/IMG_1942.jpeg,2026/03/IMG_1942.jpeg,image/jpeg,jpeg,18138,474,647,421039c51c995b21,product_featured,product-19225-isntree-hylauronic-acid-moist-cream-02.jpeg,jpeg,shopify_product_media,False,NOT_REQUIRED,FOUND,PENDING,
product,19572,19573,,19572,,https://wholesalebeautyhub.co.uk/wp-content/uploads/2026/03/PSKYN-PIGMA-BLEND-CREAM.webp,2026/03/PSKYN-PIGMA-BLEND-CREAM.webp,image/webp,webp,13942,920,920,f6dc0bac5233ef09,product_featured,product-19573-25pskyn-pigma-blend-cream.webp,webp,shopify_product_media,False,NOT_REQUIRED,FOUND,PENDING,
product,19575,19577,,19575,,https://wholesalebeautyhub.co.uk/wp-content/uploads/2026/03/KOJITRINOL-PADS.webp,2026/03/KOJITRINOL-PADS.webp,image/webp,webp,31934,990,990,885d9644871356df,product_featured,product-19577-25pskyn-kojitrinol-pads.webp,webp,shopify_product_media,False,NOT_REQUIRED,FOUND,PENDING,
product,19575,19576,,19575,,https://wholesalebeautyhub.co.uk/wp-content/uploads/2026/03/KOJITRINOL-PADS-2.webp,2026/03/KOJITRINOL-PADS-2.webp,image/webp,webp,54320,990,990,1da10f4c12549221,product_gallery,product-19576-25pskyn-kojitrinol-pads-02.webp,webp,shopify_product_media,False,NOT_REQUIRED,FOUND,PENDING,
product,19575,19577,,19575,,https://wholesalebeautyhub.co.uk/wp-content/uploads/2026/03/KOJITRINOL-PADS.webp,2026/03/KOJITRINOL-PADS.webp,image/webp,webp,31934,990,990,885d9644871356df,product_featured,product-19577-25pskyn-kojitrinol-pads-03.webp,webp,shopify_product_media,False,NOT_REQUIRED,FOUND,PENDING,
product,19579,19580,,19579,,https://wholesalebeautyhub.co.uk/wp-content/uploads/2026/03/TRINITY-PADS.webp,2026/03/TRINITY-PADS.webp,image/webp,webp,25292,990,990,55ff297a0a27a6d1,product_featured,product-19580-25pskyn-trinity-pads.webp,webp,shopify_product_media,False,NOT_REQUIRED,FOUND,PENDING,
product,19653,19654,,19653,,https://wholesalebeautyhub.co.uk/wp-content/uploads/2026/03/IMG_3778.jpeg,2026/03/IMG_3778.jpeg,image/jpeg,jpeg,59524,888,924,9eab9e4f92b83402,product_featured,product-19654-olay-total-effects-revitalizing-foaming-face-cleanser.jpeg,jpeg,shopify_product_media,False,NOT_REQUIRED,FOUND,PENDING,
product,19653,19654,,19653,,https://wholesalebeautyhub.co.uk/wp-content/uploads/2026/03/IMG_3778.jpeg,2026/03/IMG_3778.jpeg,image/jpeg,jpeg,59524,888,924,9eab9e4f92b83402,product_featured,product-19654-olay-total-effects-revitalizing-foaming-face-cleanser-02.jpeg,jpeg,shopify_product_media,False,NOT_REQUIRED,FOUND,PENDING,
product,19653,19655,,19653,,https://wholesalebeautyhub.co.uk/wp-content/uploads/2026/03/IMG_3779.jpeg,2026/03/IMG_3779.jpeg,image/jpeg,jpeg,109038,868,952,60149fac72da1ce8,product_gallery,product-19655-olay-total-effects-revitalizing-foaming-face-cleanser-03.jpeg,jpeg,shopify_product_media,False,NOT_REQUIRED,FOUND,PENDING,
product,19656,19657,,19656,,https://wholesalebeautyhub.co.uk/wp-content/uploads/2026/03/IMG_3780.webp,2026/03/IMG_3780.webp,image/webp,webp,24264,1200,1200,23bf9e0d1ddaeedc,product_featured,product-19657-olay-bump-erasing-exfoliating-body-wash.webp,webp,shopify_product_media,False,NOT_REQUIRED,FOUND,PENDING,
product,19656,19657,,19656,,https://wholesalebeautyhub.co.uk/wp-content/uploads/2026/03/IMG_3780.webp,2026/03/IMG_3780.webp,image/webp,webp,24264,1200,1200,23bf9e0d1ddaeedc,product_featured,product-19657-olay-bump-erasing-exfoliating-body-wash-02.webp,webp,shopify_product_media,False,NOT_REQUIRED,FOUND,PENDING,
product,19658,19659,,19658,,https://wholesalebeautyhub.co.uk/wp-content/uploads/2026/03/IMG_3784.webp,2026/03/IMG_3784.webp,image/webp,webp,115644,1080,1290,52ee97d2b8060339,product_featured,product-19659-annies-beauty-cheek-sensation-volume-2-blush-palette.webp,webp,shopify_product_media,False,NOT_REQUIRED,FOUND,PENDING,
product,19658,19659,,19658,,https://wholesalebeautyhub.co.uk/wp-content/uploads/2026/03/IMG_3784.webp,2026/03/IMG_3784.webp,image/webp,webp,115644,1080,1290,52ee97d2b8060339,product_featured,product-19659-annies-beauty-cheek-sensation-volume-2-blush-palette-02.webp,webp,shopify_product_media,False,NOT_REQUIRED,FOUND,PENDING,
product,19658,19660,,19658,,https://wholesalebeautyhub.co.uk/wp-content/uploads/2026/03/IMG_3783.webp,2026/03/IMG_3783.webp,image/webp,webp,103064,1080,1440,5102c2aa73450a7c,product_gallery,product-19660-annies-beauty-cheek-sensation-volume-2-blush-palette-03.webp,webp,shopify_product_media,False,NOT_REQUIRED,FOUND,PENDING,
product,19738,19739,,19738,,https://wholesalebeautyhub.co.uk/wp-content/uploads/2026/03/IMG_3854.jpeg,2026/03/IMG_3854.jpeg,image/jpeg,jpeg,17724,495,619,18288d5589075497,product_featured,product-19739-zaron-longwear-gel-eyeliner.jpeg,jpeg,shopify_product_media,False,NOT_REQUIRED,FOUND,PENDING,
product,19754,19755,,19754,,https://wholesalebeautyhub.co.uk/wp-content/uploads/2026/03/IMG_3861.jpeg,2026/03/IMG_3861.jpeg,image/jpeg,jpeg,30746,225,300,eee2749861e508bb,product_featured,product-19755-mila-5-in-1-lashes.jpeg,jpeg,shopify_product_media,False,NOT_REQUIRED,FOUND,PENDING,
product,19756,19757,,19756,,https://wholesalebeautyhub.co.uk/wp-content/uploads/2026/03/IMG_3867.webp,2026/03/IMG_3867.webp,image/webp,webp,320202,1211,1481,cb60b972bab6cc00,product_featured,product-19757-wynkk-5-in-1-lashes-match-me-up.webp,webp,shopify_product_media,False,NOT_REQUIRED,FOUND,PENDING,
product,19858,19859,,19858,,https://wholesalebeautyhub.co.uk/wp-content/uploads/2026/03/IMG_3922.jpeg,2026/03/IMG_3922.jpeg,image/jpeg,jpeg,77834,842,1233,d5595df8315ce7e6,product_featured,product-19859-la-roche-posay-toleriane-purifying-foaming-cleanser.jpeg,jpeg,shopify_product_media,False,NOT_REQUIRED,FOUND,PENDING,
product,19860,19862,,19860,,https://wholesalebeautyhub.co.uk/wp-content/uploads/2026/03/IMG_3923.jpeg,2026/03/IMG_3923.jpeg,image/jpeg,jpeg,41425,600,600,99e9cafc91fc79a4,product_featured,product-19862-palmers-tahitian-vanilla-moisture-drenching-body-oil.jpeg,jpeg,shopify_product_media,False,NOT_REQUIRED,FOUND,PENDING,
product,19863,19864,,19863,,https://wholesalebeautyhub.co.uk/wp-content/uploads/2026/03/IMG_3924.jpeg,2026/03/IMG_3924.jpeg,image/jpeg,jpeg,147244,1170,1608,fef0645fa29f0972,product_featured,product-19864-palmers-brazilian-coco-firming-bum-bust-body-oil.jpeg,jpeg,shopify_product_media,False,NOT_REQUIRED,FOUND,PENDING,
product,20187,20189,,20187,,https://wholesalebeautyhub.co.uk/wp-content/uploads/2026/04/IMG_4731.jpeg,2026/04/IMG_4731.jpeg,image/jpeg,jpeg,81035,693,1044,84ce357acf0c51a1,product_featured,product-20189-panoxyl-acne-banishing-body-spray.jpeg,jpeg,shopify_product_media,False,NOT_REQUIRED,FOUND,PENDING,
product,20187,20188,,20187,,https://wholesalebeautyhub.co.uk/wp-content/uploads/2026/04/IMG_4732.jpeg,2026/04/IMG_4732.jpeg,image/jpeg,jpeg,74348,688,1018,4b0c8f1a0aa7ff4b,product_gallery,product-20188-panoxyl-acne-banishing-body-spray-02.jpeg,jpeg,shopify_product_media,False,NOT_REQUIRED,FOUND,PENDING,
product,20187,20189,,20187,,https://wholesalebeautyhub.co.uk/wp-content/uploads/2026/04/IMG_4731.jpeg,2026/04/IMG_4731.jpeg,image/jpeg,jpeg,81035,693,1044,84ce357acf0c51a1,product_featured,product-20189-panoxyl-acne-banishing-body-spray-03.jpeg,jpeg,shopify_product_media,False,NOT_REQUIRED,FOUND,PENDING,
product,20525,20526,,20525,,https://wholesalebeautyhub.co.uk/wp-content/uploads/2026/04/IMG_5522.jpeg,2026/04/IMG_5522.jpeg,image/jpeg,jpeg,105380,1073,1055,71bd26d91ce3373f,product_featured,product-20526-beauty-by-ad-dew-drop-foundation.jpeg,jpeg,shopify_product_media,False,NOT_REQUIRED,FOUND,PENDING,
product,20539,20541,,20539,,https://wholesalebeautyhub.co.uk/wp-content/uploads/2026/04/IMG_5525.jpeg,2026/04/IMG_5525.jpeg,image/jpeg,jpeg,93989,1076,922,c13ff8d0fd3770cb,product_featured,product-20541-beauty-by-ad-lip-luxe-potion-lip-oil.jpeg,jpeg,shopify_product_media,False,NOT_REQUIRED,FOUND,PENDING,
product,20546,20547,,20546,,https://wholesalebeautyhub.co.uk/wp-content/uploads/2026/04/IMG_5526.jpeg,2026/04/IMG_5526.jpeg,image/jpeg,jpeg,157402,1087,1083,f2ae372179deed6c,product_featured,product-20547-beauty-by-ad-ethereal-essence-lipgloss.jpeg,jpeg,shopify_product_media,False,NOT_REQUIRED,FOUND,PENDING,
product,20568,20569,,20568,,https://wholesalebeautyhub.co.uk/wp-content/uploads/2026/04/IMG_5537.webp,2026/04/IMG_5537.webp,image/webp,webp,74636,1200,1500,763befc686e0fbfe,product_featured,product-20569-tehila-air-brush-primer.webp,webp,shopify_product_media,False,NOT_REQUIRED,FOUND,PENDING,
product,20595,20643,,20595,,https://wholesalebeautyhub.co.uk/wp-content/uploads/2026/04/WhatsApp-Image-2026-04-22-at-15.25.15-1.jpeg,2026/04/WhatsApp-Image-2026-04-22-at-15.25.15-1.jpeg,image/jpeg,jpeg,37452,1320,1056,53352933d781f37c,product_featured,product-20643-tola-banks-beauty-lipgloss.jpeg,jpeg,shopify_product_media,False,NOT_REQUIRED,FOUND,PENDING,
product,20595,20643,,20595,,https://wholesalebeautyhub.co.uk/wp-content/uploads/2026/04/WhatsApp-Image-2026-04-22-at-15.25.15-1.jpeg,2026/04/WhatsApp-Image-2026-04-22-at-15.25.15-1.jpeg,image/jpeg,jpeg,37452,1320,1056,53352933d781f37c,product_featured,product-20643-tola-banks-beauty-lipgloss-02.jpeg,jpeg,shopify_product_media,False,NOT_REQUIRED,FOUND,PENDING,
product,20595,20644,,20595,,https://wholesalebeautyhub.co.uk/wp-content/uploads/2026/04/WhatsApp-Image-2026-04-22-at-15.25.15.jpeg,2026/04/WhatsApp-Image-2026-04-22-at-15.25.15.jpeg,image/jpeg,jpeg,52244,1320,1650,ae89d932aaed84ed,product_gallery,product-20644-tola-banks-beauty-lipgloss-03.jpeg,jpeg,shopify_product_media,False,NOT_REQUIRED,FOUND,PENDING,
product,20616,20617,,20616,,https://wholesalebeautyhub.co.uk/wp-content/uploads/2026/04/IMG_5548.jpeg,2026/04/IMG_5548.jpeg,image/jpeg,jpeg,25757,554,554,cb4d6824cc4f8ff0,product_featured,product-20617-blossom-makeup-moist-essence-moisturizer.jpeg,jpeg,shopify_product_media,False,NOT_REQUIRED,FOUND,PENDING,
product,20622,20624,,20622,,https://wholesalebeautyhub.co.uk/wp-content/uploads/2026/04/IMG_5549.jpeg,2026/04/IMG_5549.jpeg,image/jpeg,jpeg,6527,225,225,70eb74d7949d830e,product_featured,product-20624-uncover-green-tea-revitalizing-cleanser.jpeg,jpeg,shopify_product_media,False,NOT_REQUIRED,FOUND,PENDING,
product,20625,20626,,20625,,https://wholesalebeautyhub.co.uk/wp-content/uploads/2026/04/IMG_5550.webp,2026/04/IMG_5550.webp,image/webp,webp,10396,600,600,da245c46b2a9e3b6,product_featured,product-20626-uncover-mini-green-tea-revitalizing-cleanser.webp,webp,shopify_product_media,False,NOT_REQUIRED,FOUND,PENDING,
product,20627,20628,,20627,,https://wholesalebeautyhub.co.uk/wp-content/uploads/2026/04/IMG_5551.jpeg,2026/04/IMG_5551.jpeg,image/jpeg,jpeg,7755,225,225,6816426ae3e4bd1e,product_featured,product-20628-uncover-argan-hydrating-moisturizer.jpeg,jpeg,shopify_product_media,False,NOT_REQUIRED,FOUND,PENDING,
product,20627,20629,,20627,,https://wholesalebeautyhub.co.uk/wp-content/uploads/2026/04/IMG_5551-1.jpeg,2026/04/IMG_5551-1.jpeg,image/jpeg,jpeg,7755,225,225,718c9390c8efe20f,product_gallery,product-20629-uncover-argan-hydrating-moisturizer-02.jpeg,jpeg,shopify_product_media,False,NOT_REQUIRED,FOUND,PENDING,
product,20627,20630,,20627,,https://wholesalebeautyhub.co.uk/wp-content/uploads/2026/04/IMG_5552.jpeg,2026/04/IMG_5552.jpeg,image/jpeg,jpeg,15298,225,225,9cbab6343180e198,product_gallery,product-20630-uncover-argan-hydrating-moisturizer-03.jpeg,jpeg,shopify_product_media,False,NOT_REQUIRED,FOUND,PENDING,
product,20632,20633,,20632,,https://wholesalebeautyhub.co.uk/wp-content/uploads/2026/04/IMG_5554.jpeg,2026/04/IMG_5554.jpeg,image/jpeg,jpeg,49960,1170,1146,ffa471370a1917ce,product_featured,product-20633-uncover-mini-argan-hydrating-moisturizer.jpeg,jpeg,shopify_product_media,False,NOT_REQUIRED,FOUND,PENDING,
product,20634,20636,,20634,,https://wholesalebeautyhub.co.uk/wp-content/uploads/2026/04/IMG_5555.jpeg,2026/04/IMG_5555.jpeg,image/jpeg,jpeg,5792,225,225,83fb69d6eb956255,product_featured,product-20636-uncover-mini-aloe-invincible-sunscreen.jpeg,jpeg,shopify_product_media,False,NOT_REQUIRED,FOUND,PENDING,
product,20637,20638,,20637,,https://wholesalebeautyhub.co.uk/wp-content/uploads/2026/04/IMG_5556.jpeg,2026/04/IMG_5556.jpeg,image/jpeg,jpeg,8178,225,225,6f5ce2328cff3ace,product_featured,product-20638-uncover-aloe-invincible-sunscreen.jpeg,jpeg,shopify_product_media,False,NOT_REQUIRED,FOUND,PENDING,
product,20637,20639,,20637,,https://wholesalebeautyhub.co.uk/wp-content/uploads/2026/04/IMG_5556-1.jpeg,2026/04/IMG_5556-1.jpeg,image/jpeg,jpeg,8178,225,225,ff9cbe9ee9d7df70,product_gallery,product-20639-uncover-aloe-invincible-sunscreen-02.jpeg,jpeg,shopify_product_media,False,NOT_REQUIRED,FOUND,PENDING,
product,20637,20640,,20637,,https://wholesalebeautyhub.co.uk/wp-content/uploads/2026/04/IMG_5557.jpeg,2026/04/IMG_5557.jpeg,image/jpeg,jpeg,20718,225,225,e99c7eafc94a5071,product_gallery,product-20640-uncover-aloe-invincible-sunscreen-03.jpeg,jpeg,shopify_product_media,False,NOT_REQUIRED,FOUND,PENDING,
product,20637,20641,,20637,,https://wholesalebeautyhub.co.uk/wp-content/uploads/2026/04/IMG_5558.jpeg,2026/04/IMG_5558.jpeg,image/jpeg,jpeg,20947,225,225,67def6a2dd43512c,product_gallery,product-20641-uncover-aloe-invincible-sunscreen-04.jpeg,jpeg,shopify_product_media,False,NOT_REQUIRED,FOUND,PENDING,
product,20647,20648,,20647,,https://wholesalebeautyhub.co.uk/wp-content/uploads/2026/04/IMG_5561.webp,2026/04/IMG_5561.webp,image/webp,webp,27956,1080,1080,a71e39d69cb99106,product_featured,product-20648-single-tray-makeup-chair.webp,webp,shopify_product_media,False,NOT_REQUIRED,FOUND,PENDING,
product,20770,20868,,20770,,https://wholesalebeautyhub.co.uk/wp-content/uploads/2026/04/IMG_5940.webp,2026/04/IMG_5940.webp,image/webp,webp,20142,768,768,63d3514391d818a1,product_featured,product-20868-classic-makeup-mattifying-face-primer.webp,webp,shopify_product_media,False,NOT_REQUIRED,FOUND,PENDING,
product,20773,20774,,20773,,https://wholesalebeautyhub.co.uk/wp-content/uploads/2026/04/IMG_5785.webp,2026/04/IMG_5785.webp,image/webp,webp,147552,1000,1000,d83bf33a5bf829b9,product_featured,product-20774-blossom-makeup-pretty-pout-lip-palette.webp,webp,shopify_product_media,False,NOT_REQUIRED,FOUND,PENDING,
product,21659,21665,,21659,,https://wholesalebeautyhub.co.uk/wp-content/uploads/2026/05/skin-by-zaron-body-oil.webp,2026/05/skin-by-zaron-body-oil.webp,image/webp,webp,7994,800,1000,44d5551839675048,product_featured,product-21665-skin-by-zaron-glow-hydrating-body-oil.webp,webp,shopify_product_media,False,NOT_REQUIRED,FOUND,PENDING,
product,21659,21664,,21659,,https://wholesalebeautyhub.co.uk/wp-content/uploads/2026/05/skin-by-zaron-body-oil-2.webp,2026/05/skin-by-zaron-body-oil-2.webp,image/webp,webp,42722,800,1000,10862037a59a4b45,product_gallery,product-21664-skin-by-zaron-glow-hydrating-body-oil-02.webp,webp,shopify_product_media,False,NOT_REQUIRED,FOUND,PENDING,
product,21659,21665,,21659,,https://wholesalebeautyhub.co.uk/wp-content/uploads/2026/05/skin-by-zaron-body-oil.webp,2026/05/skin-by-zaron-body-oil.webp,image/webp,webp,7994,800,1000,44d5551839675048,product_featured,product-21665-skin-by-zaron-glow-hydrating-body-oil-03.webp,webp,shopify_product_media,False,NOT_REQUIRED,FOUND,PENDING,
product,21820,21821,,21820,,https://wholesalebeautyhub.co.uk/wp-content/uploads/2026/05/IMG_7194.jpeg,2026/05/IMG_7194.jpeg,image/jpeg,jpeg,106418,1170,1360,5ca67251482c7bbe,product_featured,product-21821-eos-cr-me-de-pistachio-body-wash.jpeg,jpeg,shopify_product_media,False,NOT_REQUIRED,FOUND,PENDING,
product,21822,21823,,21822,,https://wholesalebeautyhub.co.uk/wp-content/uploads/2026/05/IMG_7196.webp,2026/05/IMG_7196.webp,image/webp,webp,18486,990,990,3f896e26b81316ce,product_featured,product-21823-alpha-skincare-essential-renewal-cream-10-glycolic-aha.webp,webp,shopify_product_media,False,NOT_REQUIRED,FOUND,PENDING,
product,21824,21825,,21824,,https://wholesalebeautyhub.co.uk/wp-content/uploads/2026/05/IMG_7197.webp,2026/05/IMG_7197.webp,image/webp,webp,16868,990,990,37d9c261fb79216f,product_featured,product-21825-alpha-skincare-intensive-renewal-serum-14-glycolic-aha.webp,webp,shopify_product_media,False,NOT_REQUIRED,FOUND,PENDING,
product,21827,21828,,21827,,https://wholesalebeautyhub.co.uk/wp-content/uploads/2026/05/IMG_7199.webp,2026/05/IMG_7199.webp,image/webp,webp,14546,1281,1281,616e13b6e4fa9550,product_featured,product-21828-topicrem-mela-unifying-ultra-moisturizing-milk-500ml.webp,webp,shopify_product_media,False,NOT_REQUIRED,FOUND,PENDING,
product,21830,21831,,21830,,https://wholesalebeautyhub.co.uk/wp-content/uploads/2026/05/IMG_7200.webp,2026/05/IMG_7200.webp,image/webp,webp,15998,1200,1200,73fe3078d19e47ad,product_featured,product-21831-naturium-urea-5-body-serum.webp,webp,shopify_product_media,False,NOT_REQUIRED,FOUND,PENDING,
product,21854,21855,,21854,,https://wholesalebeautyhub.co.uk/wp-content/uploads/2026/05/IMG_7201.webp,2026/05/IMG_7201.webp,image/webp,webp,36812,1200,1200,beefd264f57faf26,product_featured,product-21855-anua-niacinamide-5-txa-brightening-pad.webp,webp,shopify_product_media,False,NOT_REQUIRED,FOUND,PENDING,
product,21856,21857,,21856,,https://wholesalebeautyhub.co.uk/wp-content/uploads/2026/05/IMG_7202.jpeg,2026/05/IMG_7202.jpeg,image/jpeg,jpeg,85900,1150,1150,f7de7892ed8d9767,product_featured,product-21857-good-molecules-hydrating-gel-moisturizer-with-electrolytes.jpeg,jpeg,shopify_product_media,False,NOT_REQUIRED,FOUND,PENDING,
product,21858,21859,,21858,,https://wholesalebeautyhub.co.uk/wp-content/uploads/2026/05/IMG_7203.jpeg,2026/05/IMG_7203.jpeg,image/jpeg,jpeg,16247,500,500,6581fd7c2c11f3b9,product_featured,product-21859-acwell-licorice-ph-balancing-cleansing-toner-300ml.jpeg,jpeg,shopify_product_media,False,NOT_REQUIRED,FOUND,PENDING,
product,21860,21869,,21860,,https://wholesalebeautyhub.co.uk/wp-content/uploads/2026/05/IMG_7209.jpeg,2026/05/IMG_7209.jpeg,image/jpeg,jpeg,94042,1170,1807,cd810a19a9a7e14c,product_featured,product-21869-topicrem-mela-unifying-ultra-moisturizing-milk-200ml.jpeg,jpeg,shopify_product_media,False,NOT_REQUIRED,FOUND,PENDING,
product,21976,21977,,21976,,https://wholesalebeautyhub.co.uk/wp-content/uploads/2026/05/IMG_7404.jpeg,2026/05/IMG_7404.jpeg,image/jpeg,jpeg,83079,1150,1150,14c9791941c8acc4,product_featured,product-21977-good-molecules-yuzu-blemish-gel-cream.jpeg,jpeg,shopify_product_media,False,NOT_REQUIRED,FOUND,PENDING,
product,23464,23467,,23464,,https://wholesalebeautyhub.co.uk/wp-content/uploads/2026/06/WhatsApp-Image-2026-06-09-at-11.42.39.jpeg,2026/06/WhatsApp-Image-2026-06-09-at-11.42.39.jpeg,image/jpeg,jpeg,54350,1000,920,8258772bf56c980c,product_featured,product-23467-la-roche-posay-cicaplast-balm-b5.jpeg,jpeg,shopify_product_media,False,NOT_REQUIRED,FOUND,PENDING,
product,23464,23465,,23464,,https://wholesalebeautyhub.co.uk/wp-content/uploads/2026/06/WhatsApp-Image-2026-06-09-at-11.42.39-1.jpeg,2026/06/WhatsApp-Image-2026-06-09-at-11.42.39-1.jpeg,image/jpeg,jpeg,146867,1000,1000,4550271e794db6e0,product_gallery,product-23465-la-roche-posay-cicaplast-balm-b5-02.jpeg,jpeg,shopify_product_media,False,NOT_REQUIRED,FOUND,PENDING,
product,23464,23471,,23464,,https://wholesalebeautyhub.co.uk/wp-content/uploads/2026/06/WhatsApp-Image-2026-06-09-at-11.42.40.jpeg,2026/06/WhatsApp-Image-2026-06-09-at-11.42.40.jpeg,image/jpeg,jpeg,223922,1000,1000,c8b5c0653e317972,product_gallery,product-23471-la-roche-posay-cicaplast-balm-b5-03.jpeg,jpeg,shopify_product_media,False,NOT_REQUIRED,FOUND,PENDING,
product,23464,23470,,23464,,https://wholesalebeautyhub.co.uk/wp-content/uploads/2026/06/WhatsApp-Image-2026-06-09-at-11.42.40-3.jpeg,2026/06/WhatsApp-Image-2026-06-09-at-11.42.40-3.jpeg,image/jpeg,jpeg,116576,1000,1000,8c013be1383c0d2c,product_gallery,product-23470-la-roche-posay-cicaplast-balm-b5-04.jpeg,jpeg,shopify_product_media,False,NOT_REQUIRED,FOUND,PENDING,
product,23464,23469,,23464,,https://wholesalebeautyhub.co.uk/wp-content/uploads/2026/06/WhatsApp-Image-2026-06-09-at-11.42.40-2.jpeg,2026/06/WhatsApp-Image-2026-06-09-at-11.42.40-2.jpeg,image/jpeg,jpeg,72865,1000,1000,53ba36e6cb47ab23,product_gallery,product-23469-la-roche-posay-cicaplast-balm-b5-05.jpeg,jpeg,shopify_product_media,False,NOT_REQUIRED,FOUND,PENDING,
product,23464,23468,,23464,,https://wholesalebeautyhub.co.uk/wp-content/uploads/2026/06/WhatsApp-Image-2026-06-09-at-11.42.40-1.jpeg,2026/06/WhatsApp-Image-2026-06-09-at-11.42.40-1.jpeg,image/jpeg,jpeg,179395,898,1000,ede1cb6688c421b4,product_gallery,product-23468-la-roche-posay-cicaplast-balm-b5-06.jpeg,jpeg,shopify_product_media,False,NOT_REQUIRED,FOUND,PENDING,
product,23464,23467,,23464,,https://wholesalebeautyhub.co.uk/wp-content/uploads/2026/06/WhatsApp-Image-2026-06-09-at-11.42.39.jpeg,2026/06/WhatsApp-Image-2026-06-09-at-11.42.39.jpeg,image/jpeg,jpeg,54350,1000,920,8258772bf56c980c,product_featured,product-23467-la-roche-posay-cicaplast-balm-b5-07.jpeg,jpeg,shopify_product_media,False,NOT_REQUIRED,FOUND,PENDING,
product,23464,23466,,23464,,https://wholesalebeautyhub.co.uk/wp-content/uploads/2026/06/WhatsApp-Image-2026-06-09-at-11.42.39-2.jpeg,2026/06/WhatsApp-Image-2026-06-09-at-11.42.39-2.jpeg,image/jpeg,jpeg,83382,856,1000,a3128a0932c7deea,product_gallery,product-23466-la-roche-posay-cicaplast-balm-b5-08.jpeg,jpeg,shopify_product_media,False,NOT_REQUIRED,FOUND,PENDING,
product,23521,23523,,23521,,https://wholesalebeautyhub.co.uk/wp-content/uploads/2026/06/uncover-vitamin-c.jpg,2026/06/uncover-vitamin-c.jpg,image/jpeg,jpg,35237,400,500,89782d74c33cb6b3,product_featured,product-23523-uncover-baobab-glow-c-serum.jpg,jpg,shopify_product_media,False,NOT_REQUIRED,FOUND,PENDING,
product,23521,23524,,23521,,https://wholesalebeautyhub.co.uk/wp-content/uploads/2026/06/uncover-vit-c-serum.jpg,2026/06/uncover-vit-c-serum.jpg,image/jpeg,jpg,23265,700,700,afb8e00be71e21c4,product_gallery,product-23524-uncover-baobab-glow-c-serum-02.jpg,jpg,shopify_product_media,False,NOT_REQUIRED,FOUND,PENDING,
product,23521,23523,,23521,,https://wholesalebeautyhub.co.uk/wp-content/uploads/2026/06/uncover-vitamin-c.jpg,2026/06/uncover-vitamin-c.jpg,image/jpeg,jpg,35237,400,500,89782d74c33cb6b3,product_featured,product-23523-uncover-baobab-glow-c-serum-03.jpg,jpg,shopify_product_media,False,NOT_REQUIRED,FOUND,PENDING,
product,23868,23869,,23868,,https://wholesalebeautyhub.co.uk/wp-content/uploads/2026/06/IMG_8805.webp,2026/06/IMG_8805.webp,image/webp,webp,27466,600,600,c7d47ed2493cefc0,product_featured,product-23869-anua-rice-70-glow-milky-toner-250ml.webp,webp,shopify_product_media,False,NOT_REQUIRED,FOUND,PENDING,
product,23957,14511,,23957,,https://wholesalebeautyhub.co.uk/wp-content/uploads/2025/08/WhatsApp-Image-2025-09-15-at-13.23.14.jpeg,2025/08/WhatsApp-Image-2025-09-15-at-13.23.14.jpeg,image/jpeg,jpeg,60881,864,1080,6ce7adbe31bf336d,product_featured,product-14511-medix-5-5-glow-bright-combo-deal-copy.jpeg,jpeg,shopify_product_media,False,NOT_REQUIRED,FOUND,PENDING,
product,24052,24053,,24052,,https://wholesalebeautyhub.co.uk/wp-content/uploads/2026/07/IMG_8736.webp,2026/07/IMG_8736.webp,image/webp,webp,18694,920,920,528b6f2c849c3949,product_featured,product-24053-25pskyn-hydragenesis-moisturizer.webp,webp,shopify_product_media,False,NOT_REQUIRED,FOUND,PENDING,
product,24654,24655,,24654,,https://wholesalebeautyhub.co.uk/wp-content/uploads/2026/07/IMG_9193.jpeg,2026/07/IMG_9193.jpeg,image/jpeg,jpeg,89936,1170,1152,5918c42e4779584c,product_featured,product-24655-acwell-licorice-ph-balancing-extreme-moisture-cream-55ml.jpeg,jpeg,shopify_product_media,False,NOT_REQUIRED,FOUND,PENDING,
product,24654,24656,,24654,,https://wholesalebeautyhub.co.uk/wp-content/uploads/2026/07/IMG_9194.jpeg,2026/07/IMG_9194.jpeg,image/jpeg,jpeg,173609,1170,1142,adaebc98497920f6,product_gallery,product-24656-acwell-licorice-ph-balancing-extreme-moisture-cream-55ml-02.jpeg,jpeg,shopify_product_media,False,NOT_REQUIRED,FOUND,PENDING,
product,24654,24657,,24654,,https://wholesalebeautyhub.co.uk/wp-content/uploads/2026/07/IMG_9195.jpeg,2026/07/IMG_9195.jpeg,image/jpeg,jpeg,125053,1170,1165,874f7900796272da,product_gallery,product-24657-acwell-licorice-ph-balancing-extreme-moisture-cream-55ml-03.jpeg,jpeg,shopify_product_media,False,NOT_REQUIRED,FOUND,PENDING,
product,25089,25090,,25089,,https://wholesalebeautyhub.co.uk/wp-content/uploads/2026/07/Fun-and-Colorful-Food-Ad-Hot-Dog-Combo-Instagram-Post.png,2026/07/Fun-and-Colorful-Food-Ad-Hot-Dog-Combo-Instagram-Post.png,image/png,png,1012168,1080,1440,e5fb413cea6ad6eb,product_featured,product-25090-medix-glow-bundle.png,png,shopify_product_media,False,NOT_REQUIRED,FOUND,PENDING,
product,25092,25098,,25092,,https://wholesalebeautyhub.co.uk/wp-content/uploads/2026/07/White-Minimalist-Product-Instagram-Post-1.png,2026/07/White-Minimalist-Product-Instagram-Post-1.png,image/png,png,610526,1080,1350,4b0de0fda2a555af,product_featured,product-25098-eos-bundle-deal.png,png,shopify_product_media,False,NOT_REQUIRED,FOUND,PENDING,
product,25095,25097,,25095,,https://wholesalebeautyhub.co.uk/wp-content/uploads/2026/07/Blue-and-White-Minimalist-New-Product-Skincare-Facebook-Post-1.png,2026/07/Blue-and-White-Minimalist-New-Product-Skincare-Facebook-Post-1.png,image/png,png,408754,1080,1440,aefa8d8a254ddef1,product_featured,product-25097-skin-by-zaron-body-glow-bundle.png,png,shopify_product_media,False,NOT_REQUIRED,FOUND,PENDING,
product,25099,25100,,25099,,https://wholesalebeautyhub.co.uk/wp-content/uploads/2026/07/Blue-and-Yellow-Skincare-Sale-Instagram-Post.png,2026/07/Blue-and-Yellow-Skincare-Sale-Instagram-Post.png,image/png,png,674260,1080,1350,6f8d74b0e0e9b797,product_featured,product-25100-olay-body-glow-bundle-deal.png,png,shopify_product_media,False,NOT_REQUIRED,FOUND,PENDING,
product,25109,25110,,25109,,https://wholesalebeautyhub.co.uk/wp-content/uploads/2026/07/70.32❌-60.99✅.png,2026/07/70.32❌-60.99✅.png,image/png,png,2085740,1080,1350,2d194163ef32e00c,product_featured,product-25110-25pskyn-grade-1-grade-2-acne-bundle.png,png,shopify_product_media,False,NOT_REQUIRED,FOUND,PENDING,
product,25111,25112,,25111,,https://wholesalebeautyhub.co.uk/wp-content/uploads/2026/07/70.32❌-60.99✅-1.png,2026/07/70.32❌-60.99✅-1.png,image/png,png,2107562,1080,1350,38dffe0331407b90,product_featured,product-25112-25pskyn-grade-3-4-acne-bundle.png,png,shopify_product_media,False,NOT_REQUIRED,FOUND,PENDING,
product,25113,25114,,25113,,https://wholesalebeautyhub.co.uk/wp-content/uploads/2026/07/70.32❌-60.99✅-2.png,2026/07/70.32❌-60.99✅-2.png,image/png,png,2076740,1080,1350,26b901b4980ecac4,product_featured,product-25114-25pskyn-mixed-hyperpigmentation-bundle-deal.png,png,shopify_product_media,False,NOT_REQUIRED,FOUND,PENDING,
product,25115,25116,,25115,,https://wholesalebeautyhub.co.uk/wp-content/uploads/2026/07/70.32❌-60.99✅-3.png,2026/07/70.32❌-60.99✅-3.png,image/png,png,1997943,1080,1350,712b035c3b04e7ef,product_featured,product-25116-25pskyn-superficial-hyperpigmetation-bundle-deal.png,png,shopify_product_media,False,NOT_REQUIRED,FOUND,PENDING,
product,25117,25118,,25117,,https://wholesalebeautyhub.co.uk/wp-content/uploads/2026/07/70.32❌-60.99✅-4.png,2026/07/70.32❌-60.99✅-4.png,image/png,png,2068452,1080,1350,9d3e863453c1f02b,product_featured,product-25118-25pskyn-post-inflammatory-hyperpigmentation.png,png,shopify_product_media,False,NOT_REQUIRED,FOUND,PENDING,
product,25119,25120,,25119,,https://wholesalebeautyhub.co.uk/wp-content/uploads/2026/07/IMG_9188.webp,2026/07/IMG_9188.webp,image/webp,webp,15260,800,1000,664e2f34600f9a7d,product_featured,product-25120-skin-by-zaron-face-body-sun-block.webp,webp,shopify_product_media,False,NOT_REQUIRED,FOUND,PENDING,
product,25122,25123,,25122,,https://wholesalebeautyhub.co.uk/wp-content/uploads/2026/07/IMG_9933.webp,2026/07/IMG_9933.webp,image/webp,webp,56026,900,900,391b693e8c769fa6,product_featured,product-25123-differin-epiduo-acne-gel.webp,webp,shopify_product_media,False,NOT_REQUIRED,FOUND,PENDING,
product,25129,25130,,25129,,https://wholesalebeautyhub.co.uk/wp-content/uploads/2026/07/IMG_9935.webp,2026/07/IMG_9935.webp,image/webp,webp,58162,2200,2200,66948aa260f59584,product_featured,product-25130-differin-dark-spot-correcting-serum.webp,webp,shopify_product_media,False,NOT_REQUIRED,FOUND,PENDING,
product,25217,25218,,25217,,https://wholesalebeautyhub.co.uk/wp-content/uploads/2026/07/IMG_0041.webp,2026/07/IMG_0041.webp,image/webp,webp,31746,900,900,1a16275264c5c015,product_featured,product-25218-beauty-line-by-didi-lash-climax-mascara.webp,webp,shopify_product_media,False,NOT_REQUIRED,FOUND,PENDING,
product,25219,25220,,25219,,https://wholesalebeautyhub.co.uk/wp-content/uploads/2026/07/IMG_0042.jpeg,2026/07/IMG_0042.jpeg,image/jpeg,jpeg,135921,1170,1438,72a7b152906ed072,product_featured,product-25220-sylvimak-twinkle-town-eyeshadow-palette.jpeg,jpeg,shopify_product_media,False,NOT_REQUIRED,FOUND,PENDING,
product,25366,25367,,25366,,https://wholesalebeautyhub.co.uk/wp-content/uploads/2026/07/IMG_0114.jpeg,2026/07/IMG_0114.jpeg,image/jpeg,jpeg,109086,1170,1354,3143ff2fa39d3397,product_featured,product-25367-eos-body-lotion-beach-waves.jpeg,jpeg,shopify_product_media,False,NOT_REQUIRED,FOUND,PENDING,
product,25372,25373,,25372,,https://wholesalebeautyhub.co.uk/wp-content/uploads/2026/07/IMG_0117.jpeg,2026/07/IMG_0117.jpeg,image/jpeg,jpeg,78887,1170,1331,a5f24f3464a24fda,product_featured,product-25373-eos-cashmere-whipped-oil-butter-cr-me-de-pistachio.jpeg,jpeg,shopify_product_media,False,NOT_REQUIRED,FOUND,PENDING,
product,25374,25375,,25374,,https://wholesalebeautyhub.co.uk/wp-content/uploads/2026/07/IMG_0118.jpeg,2026/07/IMG_0118.jpeg,image/jpeg,jpeg,82201,1170,1336,8967d2366cf46880,product_featured,product-25375-eos-cashmere-whipped-oil-butter-pink-champagne.jpeg,jpeg,shopify_product_media,False,NOT_REQUIRED,FOUND,PENDING,
product,25371,25416,,25371,,https://wholesalebeautyhub.co.uk/wp-content/uploads/2026/07/eos-toasted-marshmellow.avif,2026/07/eos-toasted-marshmellow.avif,image/avif,avif,11242,573,573,69cd5cdb93ebec51,product_featured,product-25416-eos-body-lotion-toasted-marshmallow.webp,webp,shopify_product_media,True,NOT_STARTED,FOUND,PENDING,
variant,440,444,,65,440,https://wholesalebeautyhub.co.uk/wp-content/uploads/2024/04/butter-scotch.jpeg,2024/04/butter-scotch.jpeg,image/jpeg,jpeg,669289,2160,2160,d9483cf80d5ac42b,variant_image,variant-444-hegai-esther-matte-liquid-lipstick-variant.jpeg,jpeg,shopify_product_media,False,NOT_REQUIRED,FOUND,PENDING,
variant,441,445,,65,441,https://wholesalebeautyhub.co.uk/wp-content/uploads/2024/04/first-kiss.jpeg,2024/04/first-kiss.jpeg,image/jpeg,jpeg,116842,2048,2560,63fe006826987079,variant_image,variant-445-hegai-esther-matte-liquid-lipstick-variant-02.jpeg,jpeg,shopify_product_media,False,NOT_REQUIRED,FOUND,PENDING,
variant,442,446,,65,442,https://wholesalebeautyhub.co.uk/wp-content/uploads/2024/04/malty.jpeg,2024/04/malty.jpeg,image/jpeg,jpeg,3176871,2160,2160,3c81697f70e0554e,variant_image,variant-446-hegai-esther-matte-liquid-lipstick-variant-03.jpeg,jpeg,shopify_product_media,False,NOT_REQUIRED,FOUND,PENDING,
variant,443,447,,65,443,https://wholesalebeautyhub.co.uk/wp-content/uploads/2024/04/Peek-a-boo.jpeg,2024/04/Peek-a-boo.jpeg,image/jpeg,jpeg,207652,1773,1773,d35190e21a368bc1,variant_image,variant-447-hegai-esther-matte-liquid-lipstick-variant-04.jpeg,jpeg,shopify_product_media,False,NOT_REQUIRED,FOUND,PENDING,
variant,448,449,,65,448,https://wholesalebeautyhub.co.uk/wp-content/uploads/2024/04/Church-girl.jpeg,2024/04/Church-girl.jpeg,image/jpeg,jpeg,418996,2160,2160,ba825c64bd30d8bc,variant_image,variant-449-hegai-esther-matte-liquid-lipstick-variant-05.jpeg,jpeg,shopify_product_media,False,NOT_REQUIRED,FOUND,PENDING,
variant,451,455,,63,451,https://wholesalebeautyhub.co.uk/wp-content/uploads/2024/04/drama-queen-1.jpg,2024/04/drama-queen-1.jpg,image/jpeg,jpg,79756,1000,1000,f8c0c468862b2dff,variant_image,variant-455-hegai-esther-lip-gloss-variant.jpg,jpg,shopify_product_media,False,NOT_REQUIRED,FOUND,PENDING,
variant,452,456,,63,452,https://wholesalebeautyhub.co.uk/wp-content/uploads/2024/04/Like-a-girl.jpeg,2024/04/Like-a-girl.jpeg,image/jpeg,jpeg,427441,2160,2160,4d0c5b2ef9fa8ee9,variant_image,variant-456-hegai-esther-lip-gloss-variant-02.jpeg,jpeg,shopify_product_media,False,NOT_REQUIRED,FOUND,PENDING,
variant,453,457,,63,453,https://wholesalebeautyhub.co.uk/wp-content/uploads/2024/04/mirror-mirroe-1.jpg,2024/04/mirror-mirroe-1.jpg,image/jpeg,jpg,95222,1000,1000,5767ab4f58e8efc9,variant_image,variant-457-hegai-esther-lip-gloss-variant-03.jpg,jpg,shopify_product_media,False,NOT_REQUIRED,FOUND,PENDING,
variant,454,458,,63,454,https://wholesalebeautyhub.co.uk/wp-content/uploads/2024/04/naive.jpeg,2024/04/naive.jpeg,image/jpeg,jpeg,402134,2160,2160,663b11f527aad949,variant_image,variant-458-hegai-esther-lip-gloss-variant-04.jpeg,jpeg,shopify_product_media,False,NOT_REQUIRED,FOUND,PENDING,
variant,461,464,,62,461,https://wholesalebeautyhub.co.uk/wp-content/uploads/2024/04/Ebony.jpeg,2024/04/Ebony.jpeg,image/jpeg,jpeg,744563,2160,2160,6ee4713cb8a160f0,variant_image,variant-464-hegai-esther-eyebrow-definer-variant.jpeg,jpeg,shopify_product_media,False,NOT_REQUIRED,FOUND,PENDING,
variant,462,465,,62,462,https://wholesalebeautyhub.co.uk/wp-content/uploads/2024/04/Nubia.jpeg,2024/04/Nubia.jpeg,image/jpeg,jpeg,743453,2160,2160,5c6282b157b24aac,variant_image,variant-465-hegai-esther-eyebrow-definer-variant-02.jpeg,jpeg,shopify_product_media,False,NOT_REQUIRED,FOUND,PENDING,
variant,463,466,,62,463,https://wholesalebeautyhub.co.uk/wp-content/uploads/2024/04/toffee.jpeg,2024/04/toffee.jpeg,image/jpeg,jpeg,759430,2160,2160,77919ed2a96605ed,variant_image,variant-466-hegai-esther-eyebrow-definer-variant-03.jpeg,jpeg,shopify_product_media,False,NOT_REQUIRED,FOUND,PENDING,
variant,468,475,,61,468,https://wholesalebeautyhub.co.uk/wp-content/uploads/2024/04/Nuban-Beauty-In-My-Skin-Foundation-D12.webp,2024/04/Nuban-Beauty-In-My-Skin-Foundation-D12.webp,image/webp,webp,7616,1024,1024,5d7c32e4e497cdd9,variant_image,variant-475-nuban-beauty-in-my-skin-foundation-variant.webp,webp,shopify_product_media,False,NOT_REQUIRED,FOUND,PENDING,
variant,469,476,,61,469,https://wholesalebeautyhub.co.uk/wp-content/uploads/2024/04/Nuban-Beauty-In-My-Skin-Foundation-D13.webp,2024/04/Nuban-Beauty-In-My-Skin-Foundation-D13.webp,image/webp,webp,7732,1024,1024,faf4b81b680383ad,variant_image,variant-476-nuban-beauty-in-my-skin-foundation-variant-02.webp,webp,shopify_product_media,False,NOT_REQUIRED,FOUND,PENDING,
variant,470,477,,61,470,https://wholesalebeautyhub.co.uk/wp-content/uploads/2024/04/Nuban-Beauty-In-My-Skin-Foundation-L1.webp,2024/04/Nuban-Beauty-In-My-Skin-Foundation-L1.webp,image/webp,webp,7120,1024,1024,34f773466bcf1dd1,variant_image,variant-477-nuban-beauty-in-my-skin-foundation-variant-03.webp,webp,shopify_product_media,False,NOT_REQUIRED,FOUND,PENDING,
variant,471,478,,61,471,https://wholesalebeautyhub.co.uk/wp-content/uploads/2024/04/Nuban-Beauty-In-My-Skin-Foundation-L2.webp,2024/04/Nuban-Beauty-In-My-Skin-Foundation-L2.webp,image/webp,webp,7970,1024,1024,7ce9318acb5201f7,variant_image,variant-478-nuban-beauty-in-my-skin-foundation-variant-04.webp,webp,shopify_product_media,False,NOT_REQUIRED,FOUND,PENDING,
variant,472,479,,61,472,https://wholesalebeautyhub.co.uk/wp-content/uploads/2024/04/Nuban-Beauty-In-My-Skin-Foundation-L4.webp,2024/04/Nuban-Beauty-In-My-Skin-Foundation-L4.webp,image/webp,webp,8258,1024,1024,b39a94f75322aabf,variant_image,variant-479-nuban-beauty-in-my-skin-foundation-variant-05.webp,webp,shopify_product_media,False,NOT_REQUIRED,FOUND,PENDING,
variant,473,480,,61,473,https://wholesalebeautyhub.co.uk/wp-content/uploads/2024/04/Nuban-Beauty-In-My-Skin-Foundation-W5.5.webp,2024/04/Nuban-Beauty-In-My-Skin-Foundation-W5.5.webp,image/webp,webp,8136,1024,1024,9abe7a74f51a9f2d,variant_image,variant-480-nuban-beauty-in-my-skin-foundation-variant-06.webp,webp,shopify_product_media,False,NOT_REQUIRED,FOUND,PENDING,
variant,474,481,,61,474,https://wholesalebeautyhub.co.uk/wp-content/uploads/2024/04/Nuban-Beauty-In-My-Skin-Foundation-W5.webp,2024/04/Nuban-Beauty-In-My-Skin-Foundation-W5.webp,image/webp,webp,8136,1024,1024,ca2a52756d672141,variant_image,variant-481-nuban-beauty-in-my-skin-foundation-variant-07.webp,webp,shopify_product_media,False,NOT_REQUIRED,FOUND,PENDING,
variant,488,498,,60,488,https://wholesalebeautyhub.co.uk/wp-content/uploads/2024/04/041.webp,2024/04/041.webp,image/webp,webp,18142,1024,1024,9bbdcb432b13dc26,variant_image,variant-498-nuban-beauty-in-my-skin-concealer-variant.webp,webp,shopify_product_media,False,NOT_REQUIRED,FOUND,PENDING,
variant,489,499,,60,489,https://wholesalebeautyhub.co.uk/wp-content/uploads/2024/04/042.webp,2024/04/042.webp,image/webp,webp,9012,530,530,08140163d44981db,variant_image,variant-499-nuban-beauty-in-my-skin-concealer-variant-02.webp,webp,shopify_product_media,False,NOT_REQUIRED,FOUND,PENDING,
variant,490,500,,60,490,https://wholesalebeautyhub.co.uk/wp-content/uploads/2024/04/043.webp,2024/04/043.webp,image/webp,webp,8418,530,530,bb946a189ae38a80,variant_image,variant-500-nuban-beauty-in-my-skin-concealer-variant-03.webp,webp,shopify_product_media,False,NOT_REQUIRED,FOUND,PENDING,
variant,491,501,,60,491,https://wholesalebeautyhub.co.uk/wp-content/uploads/2024/04/044.webp,2024/04/044.webp,image/webp,webp,8730,530,530,2bfd98777a4e3dd7,variant_image,variant-501-nuban-beauty-in-my-skin-concealer-variant-04.webp,webp,shopify_product_media,False,NOT_REQUIRED,FOUND,PENDING,
variant,492,502,,60,492,https://wholesalebeautyhub.co.uk/wp-content/uploads/2024/04/045.webp,2024/04/045.webp,image/webp,webp,8576,530,530,a840123582bce56d,variant_image,variant-502-nuban-beauty-in-my-skin-concealer-variant-05.webp,webp,shopify_product_media,False,NOT_REQUIRED,FOUND,PENDING,
variant,493,503,,60,493,https://wholesalebeautyhub.co.uk/wp-content/uploads/2024/04/046.webp,2024/04/046.webp,image/webp,webp,8118,530,530,c297e73023d42cb3,variant_image,variant-503-nuban-beauty-in-my-skin-concealer-variant-06.webp,webp,shopify_product_media,False,NOT_REQUIRED,FOUND,PENDING,
variant,494,504,,60,494,https://wholesalebeautyhub.co.uk/wp-content/uploads/2024/04/047.webp,2024/04/047.webp,image/webp,webp,7756,530,530,03820b935c519f73,variant_image,variant-504-nuban-beauty-in-my-skin-concealer-variant-07.webp,webp,shopify_product_media,False,NOT_REQUIRED,FOUND,PENDING,
variant,495,505,,60,495,https://wholesalebeautyhub.co.uk/wp-content/uploads/2024/04/048.webp,2024/04/048.webp,image/webp,webp,8088,530,530,7666bade45343ca3,variant_image,variant-505-nuban-beauty-in-my-skin-concealer-variant-08.webp,webp,shopify_product_media,False,NOT_REQUIRED,FOUND,PENDING,
variant,496,506,,60,496,https://wholesalebeautyhub.co.uk/wp-content/uploads/2024/04/049.webp,2024/04/049.webp,image/webp,webp,7882,530,530,fed6efd2b600d11c,variant_image,variant-506-nuban-beauty-in-my-skin-concealer-variant-09.webp,webp,shopify_product_media,False,NOT_REQUIRED,FOUND,PENDING,
variant,497,507,,60,497,https://wholesalebeautyhub.co.uk/wp-content/uploads/2024/04/050.webp,2024/04/050.webp,image/webp,webp,8316,530,530,9e84f6200a90bbe6,variant_image,variant-507-nuban-beauty-in-my-skin-concealer-variant-10.webp,webp,shopify_product_media,False,NOT_REQUIRED,FOUND,PENDING,
variant,551,553,,55,551,https://wholesalebeautyhub.co.uk/wp-content/uploads/2024/04/accolade.webp,2024/04/accolade.webp,image/webp,webp,84920,1024,1024,e2b8d8f8ffe74808,variant_image,variant-553-nuban-beauty-d-glow-loose-highlighter-variant.webp,webp,shopify_product_media,False,NOT_REQUIRED,FOUND,PENDING,
variant,552,554,,55,552,https://wholesalebeautyhub.co.uk/wp-content/uploads/2024/04/mehn.webp,2024/04/mehn.webp,image/webp,webp,65246,1024,1024,70f6b015e89f83b0,variant_image,variant-554-nuban-beauty-d-glow-loose-highlighter-variant-02.webp,webp,shopify_product_media,False,NOT_REQUIRED,FOUND,PENDING,
variant,558,568,,54,558,https://wholesalebeautyhub.co.uk/wp-content/uploads/2024/04/Nuban-Beauty-Finishing-Powder-01.webp,2024/04/Nuban-Beauty-Finishing-Powder-01.webp,image/webp,webp,45718,1024,1024,eea60208fbd8156d,variant_image,variant-568-nuban-beauty-finishing-powder-variant.webp,webp,shopify_product_media,False,NOT_REQUIRED,FOUND,PENDING,
variant,559,569,,54,559,https://wholesalebeautyhub.co.uk/wp-content/uploads/2024/04/Nuban-Beauty-Finishing-Powder-02.webp,2024/04/Nuban-Beauty-Finishing-Powder-02.webp,image/webp,webp,46662,1024,1024,084bc1ac8bf18dab,variant_image,variant-569-nuban-beauty-finishing-powder-variant-02.webp,webp,shopify_product_media,False,NOT_REQUIRED,FOUND,PENDING,
variant,560,570,,54,560,https://wholesalebeautyhub.co.uk/wp-content/uploads/2024/04/Nuban-Beauty-Finishing-Powder-03.webp,2024/04/Nuban-Beauty-Finishing-Powder-03.webp,image/webp,webp,45570,1024,1024,ef6dc83a9202db23,variant_image,variant-570-nuban-beauty-finishing-powder-variant-03.webp,webp,shopify_product_media,False,NOT_REQUIRED,FOUND,PENDING,
variant,561,571,,54,561,https://wholesalebeautyhub.co.uk/wp-content/uploads/2024/04/Nuban-Beauty-Finishing-Powder-04.webp,2024/04/Nuban-Beauty-Finishing-Powder-04.webp,image/webp,webp,47982,1024,1024,76120042530c88b2,variant_image,variant-571-nuban-beauty-finishing-powder-variant-04.webp,webp,shopify_product_media,False,NOT_REQUIRED,FOUND,PENDING,
variant,562,572,,54,562,https://wholesalebeautyhub.co.uk/wp-content/uploads/2024/04/Nuban-Beauty-Finishing-Powder-05.webp,2024/04/Nuban-Beauty-Finishing-Powder-05.webp,image/webp,webp,46672,1024,1024,50b8f8aabedb9f1a,variant_image,variant-572-nuban-beauty-finishing-powder-variant-05.webp,webp,shopify_product_media,False,NOT_REQUIRED,FOUND,PENDING,
variant,563,573,,54,563,https://wholesalebeautyhub.co.uk/wp-content/uploads/2024/04/Nuban-Beauty-Finishing-Powder-06.webp,2024/04/Nuban-Beauty-Finishing-Powder-06.webp,image/webp,webp,45720,1024,1024,5b241ebbf477afb5,variant_image,variant-573-nuban-beauty-finishing-powder-variant-06.webp,webp,shopify_product_media,False,NOT_REQUIRED,FOUND,PENDING,
variant,564,574,,54,564,https://wholesalebeautyhub.co.uk/wp-content/uploads/2024/04/Nuban-Beauty-Finishing-Powder-07.webp,2024/04/Nuban-Beauty-Finishing-Powder-07.webp,image/webp,webp,46480,1024,1024,03c9ed69c755605f,variant_image,variant-574-nuban-beauty-finishing-powder-variant-07.webp,webp,shopify_product_media,False,NOT_REQUIRED,FOUND,PENDING,
variant,565,575,,54,565,https://wholesalebeautyhub.co.uk/wp-content/uploads/2024/04/Nuban-Beauty-Finishing-Powder-08.webp,2024/04/Nuban-Beauty-Finishing-Powder-08.webp,image/webp,webp,45556,1024,1024,5a03cf7cc5be1e24,variant_image,variant-575-nuban-beauty-finishing-powder-variant-08.webp,webp,shopify_product_media,False,NOT_REQUIRED,FOUND,PENDING,
variant,566,576,,54,566,https://wholesalebeautyhub.co.uk/wp-content/uploads/2024/04/Nuban-Beauty-Finishing-Powder-09.webp,2024/04/Nuban-Beauty-Finishing-Powder-09.webp,image/webp,webp,41714,1024,1024,dafd6e7040302b5b,variant_image,variant-576-nuban-beauty-finishing-powder-variant-09.webp,webp,shopify_product_media,False,NOT_REQUIRED,FOUND,PENDING,
variant,567,577,,54,567,https://wholesalebeautyhub.co.uk/wp-content/uploads/2024/04/Nuban-Beauty-Finishing-Powder-10.webp,2024/04/Nuban-Beauty-Finishing-Powder-10.webp,image/webp,webp,46452,1024,1024,edfc0f010aae5e56,variant_image,variant-577-nuban-beauty-finishing-powder-variant-10.webp,webp,shopify_product_media,False,NOT_REQUIRED,FOUND,PENDING,
variant,583,586,,53,583,https://wholesalebeautyhub.co.uk/wp-content/uploads/2024/04/Alabaster.webp,2024/04/Alabaster.webp,image/webp,webp,112802,1024,1024,5a3cc87b88b53c26,variant_image,variant-586-nuban-beauty-oil-control-setting-powder-variant.webp,webp,shopify_product_media,False,NOT_REQUIRED,FOUND,PENDING,
variant,584,587,,53,584,https://wholesalebeautyhub.co.uk/wp-content/uploads/2024/04/caramel.webp,2024/04/caramel.webp,image/webp,webp,118766,1024,1024,a3ada63b98bf28f9,variant_image,variant-587-nuban-beauty-oil-control-setting-powder-variant-02.webp,webp,shopify_product_media,False,NOT_REQUIRED,FOUND,PENDING,
variant,585,588,,53,585,https://wholesalebeautyhub.co.uk/wp-content/uploads/2024/04/mustard.webp,2024/04/mustard.webp,image/webp,webp,142214,1024,1024,1f9cf5091909c5fb,variant_image,variant-588-nuban-beauty-oil-control-setting-powder-variant-03.webp,webp,shopify_product_media,False,NOT_REQUIRED,FOUND,PENDING,
variant,591,597,,52,591,https://wholesalebeautyhub.co.uk/wp-content/uploads/2024/04/Yanga-Beauty-Smooth-Match-Concealer1-1.webp,2024/04/Yanga-Beauty-Smooth-Match-Concealer1-1.webp,image/webp,webp,14396,1080,1080,c5dc4587b7ecf9df,variant_image,variant-597-yanga-beauty-smooth-match-concealer-variant.webp,webp,shopify_product_media,False,NOT_REQUIRED,FOUND,PENDING,
variant,592,598,,52,592,https://wholesalebeautyhub.co.uk/wp-content/uploads/2024/04/smc-2.webp,2024/04/smc-2.webp,image/webp,webp,4848,540,540,9aab13f284d55c81,variant_image,variant-598-yanga-beauty-smooth-match-concealer-variant-02.webp,webp,shopify_product_media,False,NOT_REQUIRED,FOUND,PENDING,
variant,593,599,,52,593,https://wholesalebeautyhub.co.uk/wp-content/uploads/2024/04/smc-3.webp,2024/04/smc-3.webp,image/webp,webp,4948,540,540,0a1c9be182f9cfa9,variant_image,variant-599-yanga-beauty-smooth-match-concealer-variant-03.webp,webp,shopify_product_media,False,NOT_REQUIRED,FOUND,PENDING,
variant,594,600,,52,594,https://wholesalebeautyhub.co.uk/wp-content/uploads/2024/04/smc-4.webp,2024/04/smc-4.webp,image/webp,webp,5050,540,540,1888cf3220029dbe,variant_image,variant-600-yanga-beauty-smooth-match-concealer-variant-04.webp,webp,shopify_product_media,False,NOT_REQUIRED,FOUND,PENDING,
variant,595,601,,52,595,https://wholesalebeautyhub.co.uk/wp-content/uploads/2024/04/smc-51.webp,2024/04/smc-51.webp,image/webp,webp,15724,1080,1080,b24cf0c9becbe145,variant_image,variant-601-yanga-beauty-smooth-match-concealer-variant-05.webp,webp,shopify_product_media,False,NOT_REQUIRED,FOUND,PENDING,
variant,596,602,,52,596,https://wholesalebeautyhub.co.uk/wp-content/uploads/2024/04/smc-61.webp,2024/04/smc-61.webp,image/webp,webp,14244,1080,1080,3ad92b4c3decb694,variant_image,variant-602-yanga-beauty-smooth-match-concealer-variant-06.webp,webp,shopify_product_media,False,NOT_REQUIRED,FOUND,PENDING,
variant,605,608,,51,605,https://wholesalebeautyhub.co.uk/wp-content/uploads/2024/04/Cinammon1.jpg,2024/04/Cinammon1.jpg,image/jpeg,jpg,67311,1080,1080,e319cdf044832b78,variant_image,variant-608-yanga-beauty-blurfect-loose-powder-variant.jpg,jpg,shopify_product_media,False,NOT_REQUIRED,FOUND,PENDING,
variant,606,609,,51,606,https://wholesalebeautyhub.co.uk/wp-content/uploads/2024/04/Custard1.jpg,2024/04/Custard1.jpg,image/jpeg,jpg,69616,1080,1080,d7820479e43bb9bc,variant_image,variant-609-yanga-beauty-blurfect-loose-powder-variant-02.jpg,jpg,shopify_product_media,False,NOT_REQUIRED,FOUND,PENDING,
variant,607,610,,51,607,https://wholesalebeautyhub.co.uk/wp-content/uploads/2024/04/Milky1.jpg,2024/04/Milky1.jpg,image/jpeg,jpg,65430,1080,1080,f369114c00dad3bc,variant_image,variant-610-yanga-beauty-blurfect-loose-powder-variant-03.jpg,jpg,shopify_product_media,False,NOT_REQUIRED,FOUND,PENDING,
variant,619,624,,49,619,https://wholesalebeautyhub.co.uk/wp-content/uploads/2024/04/Cinnamon.jpg,2024/04/Cinnamon.jpg,image/jpeg,jpg,18192,500,500,902a35cea6558a3d,variant_image,variant-624-merak-cosmetics-setting-powder-variant.jpg,jpg,shopify_product_media,False,NOT_REQUIRED,FOUND,PENDING,
variant,620,625,,49,620,https://wholesalebeautyhub.co.uk/wp-content/uploads/2024/04/curry.jpg,2024/04/curry.jpg,image/jpeg,jpg,16772,500,500,1f4fb03e6e289ad8,variant_image,variant-625-merak-cosmetics-setting-powder-variant-02.jpg,jpg,shopify_product_media,False,NOT_REQUIRED,FOUND,PENDING,
variant,621,626,,49,621,https://wholesalebeautyhub.co.uk/wp-content/uploads/2024/04/Ginger.jpg,2024/04/Ginger.jpg,image/jpeg,jpg,38733,1500,1500,c506dff591c533d8,variant_image,variant-626-merak-cosmetics-setting-powder-variant-03.jpg,jpg,shopify_product_media,False,NOT_REQUIRED,FOUND,PENDING,
variant,622,627,,49,622,https://wholesalebeautyhub.co.uk/wp-content/uploads/2024/04/nutmeg.jpg,2024/04/nutmeg.jpg,image/jpeg,jpg,18192,500,500,4218a839a99f80a0,variant_image,variant-627-merak-cosmetics-setting-powder-variant-04.jpg,jpg,shopify_product_media,False,NOT_REQUIRED,FOUND,PENDING,
variant,757,760,,35,757,https://wholesalebeautyhub.co.uk/wp-content/uploads/2024/04/belle.jpg,2024/04/belle.jpg,image/jpeg,jpg,14629,550,550,2bd6f89389a35277,variant_image,variant-760-beauty-by-ad-lip-stain-variant.jpg,jpg,shopify_product_media,False,NOT_REQUIRED,FOUND,PENDING,
variant,758,761,,35,758,https://wholesalebeautyhub.co.uk/wp-content/uploads/2024/04/buff.jpg,2024/04/buff.jpg,image/jpeg,jpg,12503,550,550,e507998a1bde0c48,variant_image,variant-761-beauty-by-ad-lip-stain-variant-02.jpg,jpg,shopify_product_media,False,NOT_REQUIRED,FOUND,PENDING,
variant,759,762,,35,759,https://wholesalebeautyhub.co.uk/wp-content/uploads/2024/04/khaki.jpg,2024/04/khaki.jpg,image/jpeg,jpg,14123,550,550,194e9e33ed74c3bb,variant_image,variant-762-beauty-by-ad-lip-stain-variant-03.jpg,jpg,shopify_product_media,False,NOT_REQUIRED,FOUND,PENDING,
variant,922,924,,23,922,https://wholesalebeautyhub.co.uk/wp-content/uploads/2024/04/Tehila-Blush-And-Highlighter-Palette-Big-12-IN-1.jpeg,2024/04/Tehila-Blush-And-Highlighter-Palette-Big-12-IN-1.jpeg,image/jpeg,jpeg,146994,1024,1024,dd4e8dbaaacb618f,variant_image,variant-924-tehila-blush-highlighter-palatte-variant.jpeg,jpeg,shopify_product_media,False,NOT_REQUIRED,FOUND,PENDING,
variant,923,925,,23,923,https://wholesalebeautyhub.co.uk/wp-content/uploads/2024/04/Tehila-Blush-And-Highlighter-Palette-Small-6-IN-1.webp,2024/04/Tehila-Blush-And-Highlighter-Palette-Small-6-IN-1.webp,image/webp,webp,22840,500,500,cb1f89257afe3d2e,variant_image,variant-925-tehila-blush-highlighter-palatte-variant-02.webp,webp,shopify_product_media,False,NOT_REQUIRED,FOUND,PENDING,
variant,926,928,,22,926,https://wholesalebeautyhub.co.uk/wp-content/uploads/2024/04/Tehila-Rosy-Cheek-Blush-Palette1.jpg,2024/04/Tehila-Rosy-Cheek-Blush-Palette1.jpg,image/jpeg,jpg,48220,1080,1080,b266774e23b436d1,variant_image,variant-928-tehila-rosy-cheek-blush-palette-variant.jpg,jpg,shopify_product_media,False,NOT_REQUIRED,FOUND,PENDING,
variant,927,929,,22,927,https://wholesalebeautyhub.co.uk/wp-content/uploads/2024/04/Tehila-Rosy-Cheek-Blush-Palatte-original-1.jpg,2024/04/Tehila-Rosy-Cheek-Blush-Palatte-original-1.jpg,image/jpeg,jpg,362684,1024,1024,07dc0723055fa68a,variant_image,variant-929-tehila-rosy-cheek-blush-palette-variant-02.jpg,jpg,shopify_product_media,False,NOT_REQUIRED,FOUND,PENDING,
variant,1067,1070,,118,1067,https://wholesalebeautyhub.co.uk/wp-content/uploads/2024/04/Luzta-Eye-Shadow-mint1.jpg,2024/04/Luzta-Eye-Shadow-mint1.jpg,image/jpeg,jpg,75753,717,717,fd84fbb01178d90a,variant_image,variant-1070-luzta-eye-shadow-variant.jpg,jpg,shopify_product_media,False,NOT_REQUIRED,FOUND,PENDING,
variant,1068,1069,,118,1068,https://wholesalebeautyhub.co.uk/wp-content/uploads/2024/04/Luzta-Eye-Shadow-sugar1.jpg,2024/04/Luzta-Eye-Shadow-sugar1.jpg,image/jpeg,jpg,95947,716,716,2c35e9eb174a440e,variant_image,variant-1069-luzta-eye-shadow-variant-02.jpg,jpg,shopify_product_media,False,NOT_REQUIRED,FOUND,PENDING,
variant,1131,1134,,108,1131,https://wholesalebeautyhub.co.uk/wp-content/uploads/2024/04/Wynkkk-Beauty-16-In-1-PURRRFECT-SET-1.jpg,2024/04/Wynkkk-Beauty-16-In-1-PURRRFECT-SET-1.jpg,image/jpeg,jpg,1021227,1440,1440,6f0d2bf6d26c583d,variant_image,variant-1134-wynkkk-beauty-16-in-1-lashes-variant.jpg,jpg,shopify_product_media,False,NOT_REQUIRED,FOUND,PENDING,
variant,1132,1135,,108,1132,https://wholesalebeautyhub.co.uk/wp-content/uploads/2024/04/Wynkkk-Beauty-16-In-1-Good-Girl-Gone-Badt.jpg,2024/04/Wynkkk-Beauty-16-In-1-Good-Girl-Gone-Badt.jpg,image/jpeg,jpg,1125514,1284,1284,4a1fb25fdc6848bc,variant_image,variant-1135-wynkkk-beauty-16-in-1-lashes-variant-02.jpg,jpg,shopify_product_media,False,NOT_REQUIRED,FOUND,PENDING,
variant,1141,4009,,106,1141,https://wholesalebeautyhub.co.uk/wp-content/uploads/2024/09/DC725D9D-F532-4D9D-AE68-36AE454F4B0C.jpeg,2024/09/DC725D9D-F532-4D9D-AE68-36AE454F4B0C.jpeg,image/jpeg,jpeg,949611,878,1455,10e220fc6217d03c,variant_image,variant-4009-wynkkk-beauty-20-in-1-lashes-variant.jpeg,jpeg,shopify_product_media,False,NOT_REQUIRED,FOUND,PENDING,
variant,1142,4007,,106,1142,https://wholesalebeautyhub.co.uk/wp-content/uploads/2024/09/ABC6A242-04F0-4C7D-8CA5-DBC12B0B6FB6.jpeg,2024/09/ABC6A242-04F0-4C7D-8CA5-DBC12B0B6FB6.jpeg,image/jpeg,jpeg,1239384,890,1555,28521e4ef0df0786,variant_image,variant-4007-wynkkk-beauty-20-in-1-lashes-variant-02.jpeg,jpeg,shopify_product_media,False,NOT_REQUIRED,FOUND,PENDING,
variant,1419,1428,,92,1419,https://wholesalebeautyhub.co.uk/wp-content/uploads/2024/04/Omaricode-Lip-Moisturizing-Oil-011.webp,2024/04/Omaricode-Lip-Moisturizing-Oil-011.webp,image/webp,webp,523270,2048,2048,75703a35ee901529,variant_image,variant-1428-omaricode-lip-moisturizing-oil-variant.webp,webp,shopify_product_media,False,NOT_REQUIRED,FOUND,PENDING,
variant,1420,1429,,92,1420,https://wholesalebeautyhub.co.uk/wp-content/uploads/2024/04/Omaricode-Lip-Moisturizing-Oil-021.webp,2024/04/Omaricode-Lip-Moisturizing-Oil-021.webp,image/webp,webp,569020,2048,2048,fdbc7a5762f6cdf0,variant_image,variant-1429-omaricode-lip-moisturizing-oil-variant-02.webp,webp,shopify_product_media,False,NOT_REQUIRED,FOUND,PENDING,
variant,1430,1432,,90,1430,https://wholesalebeautyhub.co.uk/wp-content/uploads/2024/04/Omaricode-Skin-Mist-100Ml-matte.jpg,2024/04/Omaricode-Skin-Mist-100Ml-matte.jpg,image/jpeg,jpg,86977,1130,1130,0c3552591f4365cd,variant_image,variant-1432-omaricode-skin-mist-100ml-variant.jpg,jpg,shopify_product_media,False,NOT_REQUIRED,FOUND,PENDING,
variant,1431,1433,,90,1431,https://wholesalebeautyhub.co.uk/wp-content/uploads/2024/04/Omaricode-Skin-Mist-100Ml.jpg,2024/04/Omaricode-Skin-Mist-100Ml.jpg,image/jpeg,jpg,281744,2048,2048,2334c25951a6778c,variant_image,variant-1433-omaricode-skin-mist-100ml-variant-02.jpg,jpg,shopify_product_media,False,NOT_REQUIRED,FOUND,PENDING,
variant,1443,1564,,87,1443,https://wholesalebeautyhub.co.uk/wp-content/uploads/2024/04/Soo-Pro-Lip-Gloss-Clear.jpg,2024/04/Soo-Pro-Lip-Gloss-Clear.jpg,image/jpeg,jpg,11907,600,600,94b4a616c41034f7,variant_image,variant-1564-sooo-pro-lip-gloss-variant.jpg,jpg,shopify_product_media,False,NOT_REQUIRED,FOUND,PENDING,
variant,1444,1565,,87,1444,https://wholesalebeautyhub.co.uk/wp-content/uploads/2024/04/Soo-Pro-Lip-Gloss-Flossy.jpg,2024/04/Soo-Pro-Lip-Gloss-Flossy.jpg,image/jpeg,jpg,13882,600,600,1cd9e435ce0554e0,variant_image,variant-1565-sooo-pro-lip-gloss-variant-02.jpg,jpg,shopify_product_media,False,NOT_REQUIRED,FOUND,PENDING,
variant,1445,1566,,87,1445,https://wholesalebeautyhub.co.uk/wp-content/uploads/2024/04/Soo-Pro-Lip-Gloss-Peachy.jpg,2024/04/Soo-Pro-Lip-Gloss-Peachy.jpg,image/jpeg,jpg,14479,600,600,1cb145c0226e3127,variant_image,variant-1566-sooo-pro-lip-gloss-variant-03.jpg,jpg,shopify_product_media,False,NOT_REQUIRED,FOUND,PENDING,
variant,1446,1567,,87,1446,https://wholesalebeautyhub.co.uk/wp-content/uploads/2024/04/Soo-Pro-Lip-Gloss-Vain.jpg,2024/04/Soo-Pro-Lip-Gloss-Vain.jpg,image/jpeg,jpg,16018,600,600,81dd7ce2ea21f799,variant_image,variant-1567-sooo-pro-lip-gloss-variant-04.jpg,jpg,shopify_product_media,False,NOT_REQUIRED,FOUND,PENDING,
variant,1447,1568,,87,1447,https://wholesalebeautyhub.co.uk/wp-content/uploads/2024/04/Soo-Pro-Lip-Gloss-Zuwa.jpg,2024/04/Soo-Pro-Lip-Gloss-Zuwa.jpg,image/jpeg,jpg,16483,600,600,ba1ad5a4124c28b7,variant_image,variant-1568-sooo-pro-lip-gloss-variant-05.jpg,jpg,shopify_product_media,False,NOT_REQUIRED,FOUND,PENDING,
variant,1448,1571,,86,1448,https://wholesalebeautyhub.co.uk/wp-content/uploads/2024/04/Soo-Pro-Lipstain-Bimpe.jpg,2024/04/Soo-Pro-Lipstain-Bimpe.jpg,image/jpeg,jpg,12967,600,600,edbe0ab5d67c0dbf,variant_image,variant-1571-sooo-pro-lipstain-variant.jpg,jpg,shopify_product_media,False,NOT_REQUIRED,FOUND,PENDING,
variant,1449,1572,,86,1449,https://wholesalebeautyhub.co.uk/wp-content/uploads/2024/04/Soo-Pro-Lipstain-Dera.jpg,2024/04/Soo-Pro-Lipstain-Dera.jpg,image/jpeg,jpg,12557,600,600,fec1b8201cece538,variant_image,variant-1572-sooo-pro-lipstain-variant-02.jpg,jpg,shopify_product_media,False,NOT_REQUIRED,FOUND,PENDING,
variant,1450,1573,,86,1450,https://wholesalebeautyhub.co.uk/wp-content/uploads/2024/04/Soo-Pro-Lipstain-Gidi.jpg,2024/04/Soo-Pro-Lipstain-Gidi.jpg,image/jpeg,jpg,12556,600,600,64c2ed40cec18675,variant_image,variant-1573-sooo-pro-lipstain-variant-03.jpg,jpg,shopify_product_media,False,NOT_REQUIRED,FOUND,PENDING,
variant,1451,1574,,86,1451,https://wholesalebeautyhub.co.uk/wp-content/uploads/2024/04/Soo-Pro-Lipstain-Nose.jpg,2024/04/Soo-Pro-Lipstain-Nose.jpg,image/jpeg,jpg,12602,600,600,74e59e27b952cdcf,variant_image,variant-1574-sooo-pro-lipstain-variant-04.jpg,jpg,shopify_product_media,False,NOT_REQUIRED,FOUND,PENDING,
variant,1452,1575,,86,1452,https://wholesalebeautyhub.co.uk/wp-content/uploads/2024/04/Soo-Pro-Lipstain-Ola.jpg,2024/04/Soo-Pro-Lipstain-Ola.jpg,image/jpeg,jpg,12093,600,600,8262d9fde00f0b62,variant_image,variant-1575-sooo-pro-lipstain-variant-05.jpg,jpg,shopify_product_media,False,NOT_REQUIRED,FOUND,PENDING,
variant,1453,1576,,86,1453,https://wholesalebeautyhub.co.uk/wp-content/uploads/2024/04/Soo-Pro-Lipstain-Shalewa-1.jpg,2024/04/Soo-Pro-Lipstain-Shalewa-1.jpg,image/jpeg,jpg,12197,600,600,6a70a78591188818,variant_image,variant-1576-sooo-pro-lipstain-variant-06.jpg,jpg,shopify_product_media,False,NOT_REQUIRED,FOUND,PENDING,
variant,1505,1608,,69,1505,https://wholesalebeautyhub.co.uk/wp-content/uploads/2024/04/Msmetics-14In1-Lash-Set-Betrothed.jpg,2024/04/Msmetics-14In1-Lash-Set-Betrothed.jpg,image/jpeg,jpg,483404,951,951,a3b4a726fd9f47c6,variant_image,variant-1608-msmetics-14in1-lash-set-variant.jpg,jpg,shopify_product_media,False,NOT_REQUIRED,FOUND,PENDING,
variant,1506,1609,,69,1506,https://wholesalebeautyhub.co.uk/wp-content/uploads/2024/04/Msmetics-14In1-Lash-Set-Bridal.jpg,2024/04/Msmetics-14In1-Lash-Set-Bridal.jpg,image/jpeg,jpg,552201,951,951,29e05de2aea977d8,variant_image,variant-1609-msmetics-14in1-lash-set-variant-02.jpg,jpg,shopify_product_media,False,NOT_REQUIRED,FOUND,PENDING,
variant,1507,1610,,69,1507,https://wholesalebeautyhub.co.uk/wp-content/uploads/2024/04/Msmetics-14In1-Lash-Set-Elle.jpg,2024/04/Msmetics-14In1-Lash-Set-Elle.jpg,image/jpeg,jpg,492880,951,951,2f2280df7d7a5e59,variant_image,variant-1610-msmetics-14in1-lash-set-variant-03.jpg,jpg,shopify_product_media,False,NOT_REQUIRED,FOUND,PENDING,
variant,1508,1611,,69,1508,https://wholesalebeautyhub.co.uk/wp-content/uploads/2024/04/Msmetics-14In1-Lash-Set-Nyla.jpg,2024/04/Msmetics-14In1-Lash-Set-Nyla.jpg,image/jpeg,jpg,578608,951,951,e6f742aa7b592a85,variant_image,variant-1611-msmetics-14in1-lash-set-variant-04.jpg,jpg,shopify_product_media,False,NOT_REQUIRED,FOUND,PENDING,
variant,1509,1612,,69,1509,https://wholesalebeautyhub.co.uk/wp-content/uploads/2024/04/Msmetics-14In1-Lash-Set-The-Vow.jpg,2024/04/Msmetics-14In1-Lash-Set-The-Vow.jpg,image/jpeg,jpg,658615,951,951,88ba0b0e6a7e2cc8,variant_image,variant-1612-msmetics-14in1-lash-set-variant-05.jpg,jpg,shopify_product_media,False,NOT_REQUIRED,FOUND,PENDING,
variant,1615,1616,,67,1615,https://wholesalebeautyhub.co.uk/wp-content/uploads/2024/04/Msmetics-Sealowatt-velvet.jpg,2024/04/Msmetics-Sealowatt-velvet.jpg,image/jpeg,jpg,25952,600,600,c83fdfe800421434,variant_image,variant-1616-msmetics-sealowatt-variant.jpg,jpg,shopify_product_media,False,NOT_REQUIRED,FOUND,PENDING,
variant,1618,1629,,66,1618,https://wholesalebeautyhub.co.uk/wp-content/uploads/2024/04/Msmetics-glazed-dew-highlighting-balm-coral-hues.jpg,2024/04/Msmetics-glazed-dew-highlighting-balm-coral-hues.jpg,image/jpeg,jpg,218088,711,711,e90be4b8ec81f1e9,variant_image,variant-1629-msmetics-glazed-dewy-balm-variant.jpg,jpg,shopify_product_media,False,NOT_REQUIRED,FOUND,PENDING,
variant,1619,1628,,66,1619,https://wholesalebeautyhub.co.uk/wp-content/uploads/2024/04/Msmetics-glazed-dew-highlighting-balm-etheral.jpg,2024/04/Msmetics-glazed-dew-highlighting-balm-etheral.jpg,image/jpeg,jpg,1050554,1832,1832,2cff8148272050d0,variant_image,variant-1628-msmetics-glazed-dewy-balm-variant-02.jpg,jpg,shopify_product_media,False,NOT_REQUIRED,FOUND,PENDING,
variant,1620,1626,,66,1620,https://wholesalebeautyhub.co.uk/wp-content/uploads/2024/04/Msmetics-glazed-dew-highlighting-balm-flused.jpg,2024/04/Msmetics-glazed-dew-highlighting-balm-flused.jpg,image/jpeg,jpg,294636,713,713,5459daaa54ec7f7c,variant_image,variant-1626-msmetics-glazed-dewy-balm-variant-03.jpg,jpg,shopify_product_media,False,NOT_REQUIRED,FOUND,PENDING,
variant,1621,1625,,66,1621,https://wholesalebeautyhub.co.uk/wp-content/uploads/2024/04/Msmetics-glazed-dew-highlighting-balm-glossed.jpg,2024/04/Msmetics-glazed-dew-highlighting-balm-glossed.jpg,image/jpeg,jpg,159031,637,637,4c10f50f579aa125,variant_image,variant-1625-msmetics-glazed-dewy-balm-variant-04.jpg,jpg,shopify_product_media,False,NOT_REQUIRED,FOUND,PENDING,
variant,1622,1624,,66,1622,https://wholesalebeautyhub.co.uk/wp-content/uploads/2024/04/Msmetics-glazed-dew-highlighting-balm-rich-cocoa.jpg,2024/04/Msmetics-glazed-dew-highlighting-balm-rich-cocoa.jpg,image/jpeg,jpg,259865,713,713,9d5c1d6b330bbe25,variant_image,variant-1624-msmetics-glazed-dewy-balm-variant-05.jpg,jpg,shopify_product_media,False,NOT_REQUIRED,FOUND,PENDING,
variant,909,5958,,25,909,https://wholesalebeautyhub.co.uk/wp-content/uploads/2024/04/C270E189-B9F4-487F-A6EA-4AF2FADF59DC.jpeg,2024/04/C270E189-B9F4-487F-A6EA-4AF2FADF59DC.jpeg,image/jpeg,jpeg,803167,1290,1125,ca0c9357bdb5cc85,variant_image,variant-5958-sylvimak-oil-free-foundation-variant.jpeg,jpeg,shopify_product_media,False,NOT_REQUIRED,FOUND,PENDING,
variant,910,5958,,25,910,https://wholesalebeautyhub.co.uk/wp-content/uploads/2024/04/C270E189-B9F4-487F-A6EA-4AF2FADF59DC.jpeg,2024/04/C270E189-B9F4-487F-A6EA-4AF2FADF59DC.jpeg,image/jpeg,jpeg,803167,1290,1125,ca0c9357bdb5cc85,variant_image,variant-5958-sylvimak-oil-free-foundation-variant-02.jpeg,jpeg,shopify_product_media,False,NOT_REQUIRED,FOUND,PENDING,
variant,911,5958,,25,911,https://wholesalebeautyhub.co.uk/wp-content/uploads/2024/04/C270E189-B9F4-487F-A6EA-4AF2FADF59DC.jpeg,2024/04/C270E189-B9F4-487F-A6EA-4AF2FADF59DC.jpeg,image/jpeg,jpeg,803167,1290,1125,ca0c9357bdb5cc85,variant_image,variant-5958-sylvimak-oil-free-foundation-variant-03.jpeg,jpeg,shopify_product_media,False,NOT_REQUIRED,FOUND,PENDING,
variant,912,5958,,25,912,https://wholesalebeautyhub.co.uk/wp-content/uploads/2024/04/C270E189-B9F4-487F-A6EA-4AF2FADF59DC.jpeg,2024/04/C270E189-B9F4-487F-A6EA-4AF2FADF59DC.jpeg,image/jpeg,jpeg,803167,1290,1125,ca0c9357bdb5cc85,variant_image,variant-5958-sylvimak-oil-free-foundation-variant-04.jpeg,jpeg,shopify_product_media,False,NOT_REQUIRED,FOUND,PENDING,
variant,913,5958,,25,913,https://wholesalebeautyhub.co.uk/wp-content/uploads/2024/04/C270E189-B9F4-487F-A6EA-4AF2FADF59DC.jpeg,2024/04/C270E189-B9F4-487F-A6EA-4AF2FADF59DC.jpeg,image/jpeg,jpeg,803167,1290,1125,ca0c9357bdb5cc85,variant_image,variant-5958-sylvimak-oil-free-foundation-variant-05.jpeg,jpeg,shopify_product_media,False,NOT_REQUIRED,FOUND,PENDING,
variant,914,5958,,25,914,https://wholesalebeautyhub.co.uk/wp-content/uploads/2024/04/C270E189-B9F4-487F-A6EA-4AF2FADF59DC.jpeg,2024/04/C270E189-B9F4-487F-A6EA-4AF2FADF59DC.jpeg,image/jpeg,jpeg,803167,1290,1125,ca0c9357bdb5cc85,variant_image,variant-5958-sylvimak-oil-free-foundation-variant-06.jpeg,jpeg,shopify_product_media,False,NOT_REQUIRED,FOUND,PENDING,
variant,915,5958,,25,915,https://wholesalebeautyhub.co.uk/wp-content/uploads/2024/04/C270E189-B9F4-487F-A6EA-4AF2FADF59DC.jpeg,2024/04/C270E189-B9F4-487F-A6EA-4AF2FADF59DC.jpeg,image/jpeg,jpeg,803167,1290,1125,ca0c9357bdb5cc85,variant_image,variant-5958-sylvimak-oil-free-foundation-variant-07.jpeg,jpeg,shopify_product_media,False,NOT_REQUIRED,FOUND,PENDING,
variant,916,5958,,25,916,https://wholesalebeautyhub.co.uk/wp-content/uploads/2024/04/C270E189-B9F4-487F-A6EA-4AF2FADF59DC.jpeg,2024/04/C270E189-B9F4-487F-A6EA-4AF2FADF59DC.jpeg,image/jpeg,jpeg,803167,1290,1125,ca0c9357bdb5cc85,variant_image,variant-5958-sylvimak-oil-free-foundation-variant-08.jpeg,jpeg,shopify_product_media,False,NOT_REQUIRED,FOUND,PENDING,
variant,2378,2380,,2376,2378,https://wholesalebeautyhub.co.uk/wp-content/uploads/2024/08/Ben-Nye-Clown-White-cw2.jpg,2024/08/Ben-Nye-Clown-White-cw2.jpg,image/jpeg,jpg,70553,1000,1000,42fbdc97b10bf1a5,variant_image,variant-2380-ben-nye-clown-white-variant.jpg,jpg,shopify_product_media,False,NOT_REQUIRED,FOUND,PENDING,
variant,2377,2379,,2376,2377,https://wholesalebeautyhub.co.uk/wp-content/uploads/2024/08/Ben-Nye-Clown-White-cw1.jpg,2024/08/Ben-Nye-Clown-White-cw1.jpg,image/jpeg,jpg,56549,1000,1000,aa8d66051937d08d,variant_image,variant-2379-ben-nye-clown-white-variant-02.jpg,jpg,shopify_product_media,False,NOT_REQUIRED,FOUND,PENDING,
variant,3972,3974,,66,3972,https://wholesalebeautyhub.co.uk/wp-content/uploads/2024/09/93262868-AC01-4345-B3E2-DFF4332D59C1.jpeg,2024/09/93262868-AC01-4345-B3E2-DFF4332D59C1.jpeg,image/jpeg,jpeg,855593,899,905,6db715fe7fc4b34c,variant_image,variant-3974-msmetics-glazed-dewy-balm-variant-06.jpeg,jpeg,shopify_product_media,False,NOT_REQUIRED,FOUND,PENDING,
variant,3995,3996,,107,3995,https://wholesalebeautyhub.co.uk/wp-content/uploads/2024/09/60F77F0D-25ED-42C0-AD73-F657C52A487F.jpeg,2024/09/60F77F0D-25ED-42C0-AD73-F657C52A487F.jpeg,image/jpeg,jpeg,839919,903,1038,c0b68bec7fccbb94,variant_image,variant-3996-wynkkk-beauty-10-in-1-lashes-variant.jpeg,jpeg,shopify_product_media,False,NOT_REQUIRED,FOUND,PENDING,
variant,3999,3997,,107,3999,https://wholesalebeautyhub.co.uk/wp-content/uploads/2024/09/BE8EC5D5-6F54-4571-8CE0-33B10F93B27B.jpeg,2024/09/BE8EC5D5-6F54-4571-8CE0-33B10F93B27B.jpeg,image/jpeg,jpeg,810635,890,1021,f6ac9b16464f516b,variant_image,variant-3997-wynkkk-beauty-10-in-1-lashes-variant-02.jpeg,jpeg,shopify_product_media,False,NOT_REQUIRED,FOUND,PENDING,
variant,4003,4006,,106,4003,https://wholesalebeautyhub.co.uk/wp-content/uploads/2024/09/1254B820-2CBA-4F90-8A3D-81BF3CE5E1D7.jpeg,2024/09/1254B820-2CBA-4F90-8A3D-81BF3CE5E1D7.jpeg,image/jpeg,jpeg,1090568,882,1526,b329408a4468ce02,variant_image,variant-4006-wynkkk-beauty-20-in-1-lashes-variant-03.jpeg,jpeg,shopify_product_media,False,NOT_REQUIRED,FOUND,PENDING,
variant,4002,4010,,106,4002,https://wholesalebeautyhub.co.uk/wp-content/uploads/2024/09/1F6F60F9-B280-4AB2-BD83-25AFAA14276D.jpeg,2024/09/1F6F60F9-B280-4AB2-BD83-25AFAA14276D.jpeg,image/jpeg,jpeg,1045989,876,1326,03d474c76b7def12,variant_image,variant-4010-wynkkk-beauty-20-in-1-lashes-variant-04.jpeg,jpeg,shopify_product_media,False,NOT_REQUIRED,FOUND,PENDING,
variant,4001,4005,,106,4001,https://wholesalebeautyhub.co.uk/wp-content/uploads/2024/09/2E78945A-6C5F-4496-9C79-E33D60031191.jpeg,2024/09/2E78945A-6C5F-4496-9C79-E33D60031191.jpeg,image/jpeg,jpeg,1042855,881,1535,2ec7f703e316189b,variant_image,variant-4005-wynkkk-beauty-20-in-1-lashes-variant-05.jpeg,jpeg,shopify_product_media,False,NOT_REQUIRED,FOUND,PENDING,
variant,4040,4042,,4038,4040,https://wholesalebeautyhub.co.uk/wp-content/uploads/2024/09/8AE7EA31-2177-4D7D-82C2-FCF02211E7EC.jpeg,2024/09/8AE7EA31-2177-4D7D-82C2-FCF02211E7EC.jpeg,image/jpeg,jpeg,142503,981,1144,8eddd2b3af4608f2,variant_image,variant-4042-sooo-pro-extra-dimensions-highlighter-compact-variant.jpeg,jpeg,shopify_product_media,False,NOT_REQUIRED,FOUND,PENDING,
variant,4041,4043,,4038,4041,https://wholesalebeautyhub.co.uk/wp-content/uploads/2024/09/8597D6C6-FE8F-422E-972F-6B3BECEF9920.jpeg,2024/09/8597D6C6-FE8F-422E-972F-6B3BECEF9920.jpeg,image/jpeg,jpeg,153077,830,1222,81794cc794ca746e,variant_image,variant-4043-sooo-pro-extra-dimensions-highlighter-compact-variant-02.jpeg,jpeg,shopify_product_media,False,NOT_REQUIRED,FOUND,PENDING,
variant,4668,1817,,1813,4668,https://wholesalebeautyhub.co.uk/wp-content/uploads/2024/06/Zaron-Lip-Gloss-edit.jpg,2024/06/Zaron-Lip-Gloss-edit.jpg,image/jpeg,jpg,231516,2475,2475,84f724041e93b6ce,variant_image,variant-1817-zaron-luxurious-lip-gloss-variant.jpg,jpg,shopify_product_media,False,NOT_REQUIRED,FOUND,PENDING,
variant,4669,1414,,1813,4669,https://wholesalebeautyhub.co.uk/wp-content/uploads/2024/04/Zaron-Luxurious-Gloss-24-Karat.jpg,2024/04/Zaron-Luxurious-Gloss-24-Karat.jpg,image/jpeg,jpg,45909,500,500,e8dfe80bcc8e19ef,variant_image,variant-1414-zaron-luxurious-lip-gloss-variant-02.jpg,jpg,shopify_product_media,False,NOT_REQUIRED,FOUND,PENDING,
variant,4693,4678,,4682,4693,https://wholesalebeautyhub.co.uk/wp-content/uploads/2024/10/7879EA43-FF01-49AB-AAB2-772D9F6BC8F5.jpeg,2024/10/7879EA43-FF01-49AB-AAB2-772D9F6BC8F5.jpeg,image/jpeg,jpeg,500524,911,904,553163f3ba8f19f2,variant_image,variant-4678-tree-hut-foaming-gel-wash-variant.jpeg,jpeg,shopify_product_media,False,NOT_REQUIRED,FOUND,PENDING,
variant,4694,4691,,4682,4694,https://wholesalebeautyhub.co.uk/wp-content/uploads/2024/10/7A5F282B-A2E4-43BE-9EDD-077317D4F794.jpeg,2024/10/7A5F282B-A2E4-43BE-9EDD-077317D4F794.jpeg,image/jpeg,jpeg,651290,897,1117,fb59c260d4c411ce,variant_image,variant-4691-tree-hut-foaming-gel-wash-variant-02.jpeg,jpeg,shopify_product_media,False,NOT_REQUIRED,FOUND,PENDING,
variant,4695,4692,,4682,4695,https://wholesalebeautyhub.co.uk/wp-content/uploads/2024/10/49EE211D-63CF-4EA1-943A-3EC21C7E90E0.jpeg,2024/10/49EE211D-63CF-4EA1-943A-3EC21C7E90E0.jpeg,image/jpeg,jpeg,637428,907,1122,7a11f1387c7c9a53,variant_image,variant-4692-tree-hut-foaming-gel-wash-variant-03.jpeg,jpeg,shopify_product_media,False,NOT_REQUIRED,FOUND,PENDING,
variant,4696,4686,,4682,4696,https://wholesalebeautyhub.co.uk/wp-content/uploads/2024/10/B5E99038-2FD3-45E6-92A8-E3DE7A8C2829.jpeg,2024/10/B5E99038-2FD3-45E6-92A8-E3DE7A8C2829.jpeg,image/jpeg,jpeg,587593,909,1129,3422c42994bc86d9,variant_image,variant-4686-tree-hut-foaming-gel-wash-variant-04.jpeg,jpeg,shopify_product_media,False,NOT_REQUIRED,FOUND,PENDING,
variant,4698,4687,,4697,4698,https://wholesalebeautyhub.co.uk/wp-content/uploads/2024/10/FDFCB2ED-6AD0-4A63-A9AD-5907E746F13E.jpeg,2024/10/FDFCB2ED-6AD0-4A63-A9AD-5907E746F13E.jpeg,image/jpeg,jpeg,690837,917,1089,52042627b60ea8f5,variant_image,variant-4687-tree-hut-whipped-body-butter-variant.jpeg,jpeg,shopify_product_media,False,NOT_REQUIRED,FOUND,PENDING,
variant,4699,4689,,4697,4699,https://wholesalebeautyhub.co.uk/wp-content/uploads/2024/10/A3EE647A-74C1-4BF2-BE15-FA2845E445AB.jpeg,2024/10/A3EE647A-74C1-4BF2-BE15-FA2845E445AB.jpeg,image/jpeg,jpeg,836148,896,1134,59e861b57c892bbd,variant_image,variant-4689-tree-hut-whipped-body-butter-variant-02.jpeg,jpeg,shopify_product_media,False,NOT_REQUIRED,FOUND,PENDING,
variant,5928,5929,,86,5928,https://wholesalebeautyhub.co.uk/wp-content/uploads/2024/11/42B52F6B-F2E8-4DA2-B6B4-CF6D4838D08D.jpeg,2024/11/42B52F6B-F2E8-4DA2-B6B4-CF6D4838D08D.jpeg,image/jpeg,jpeg,92154,828,841,fee4aea23286efdd,variant_image,variant-5929-sooo-pro-lipstain-variant-07.jpeg,jpeg,shopify_product_media,False,NOT_REQUIRED,FOUND,PENDING,
variant,5930,5929,,86,5930,https://wholesalebeautyhub.co.uk/wp-content/uploads/2024/11/42B52F6B-F2E8-4DA2-B6B4-CF6D4838D08D.jpeg,2024/11/42B52F6B-F2E8-4DA2-B6B4-CF6D4838D08D.jpeg,image/jpeg,jpeg,92154,828,841,fee4aea23286efdd,variant_image,variant-5929-sooo-pro-lipstain-variant-08.jpeg,jpeg,shopify_product_media,False,NOT_REQUIRED,FOUND,PENDING,
variant,5931,5929,,86,5931,https://wholesalebeautyhub.co.uk/wp-content/uploads/2024/11/42B52F6B-F2E8-4DA2-B6B4-CF6D4838D08D.jpeg,2024/11/42B52F6B-F2E8-4DA2-B6B4-CF6D4838D08D.jpeg,image/jpeg,jpeg,92154,828,841,fee4aea23286efdd,variant_image,variant-5929-sooo-pro-lipstain-variant-09.jpeg,jpeg,shopify_product_media,False,NOT_REQUIRED,FOUND,PENDING,
variant,5932,5929,,86,5932,https://wholesalebeautyhub.co.uk/wp-content/uploads/2024/11/42B52F6B-F2E8-4DA2-B6B4-CF6D4838D08D.jpeg,2024/11/42B52F6B-F2E8-4DA2-B6B4-CF6D4838D08D.jpeg,image/jpeg,jpeg,92154,828,841,fee4aea23286efdd,variant_image,variant-5929-sooo-pro-lipstain-variant-10.jpeg,jpeg,shopify_product_media,False,NOT_REQUIRED,FOUND,PENDING,
variant,5933,5929,,86,5933,https://wholesalebeautyhub.co.uk/wp-content/uploads/2024/11/42B52F6B-F2E8-4DA2-B6B4-CF6D4838D08D.jpeg,2024/11/42B52F6B-F2E8-4DA2-B6B4-CF6D4838D08D.jpeg,image/jpeg,jpeg,92154,828,841,fee4aea23286efdd,variant_image,variant-5929-sooo-pro-lipstain-variant-11.jpeg,jpeg,shopify_product_media,False,NOT_REQUIRED,FOUND,PENDING,
variant,5934,5929,,86,5934,https://wholesalebeautyhub.co.uk/wp-content/uploads/2024/11/42B52F6B-F2E8-4DA2-B6B4-CF6D4838D08D.jpeg,2024/11/42B52F6B-F2E8-4DA2-B6B4-CF6D4838D08D.jpeg,image/jpeg,jpeg,92154,828,841,fee4aea23286efdd,variant_image,variant-5929-sooo-pro-lipstain-variant-12.jpeg,jpeg,shopify_product_media,False,NOT_REQUIRED,FOUND,PENDING,
variant,5946,5948,,5945,5946,https://wholesalebeautyhub.co.uk/wp-content/uploads/2024/11/AE67A433-1491-4BAE-BDB4-2D6BDB4D0F83.jpeg,2024/11/AE67A433-1491-4BAE-BDB4-2D6BDB4D0F83.jpeg,image/jpeg,jpeg,719934,1290,1576,007df7b3003c52d5,variant_image,variant-5948-sylvimak-concealer-variant.jpeg,jpeg,shopify_product_media,False,NOT_REQUIRED,FOUND,PENDING,
variant,5949,5948,,5945,5949,https://wholesalebeautyhub.co.uk/wp-content/uploads/2024/11/AE67A433-1491-4BAE-BDB4-2D6BDB4D0F83.jpeg,2024/11/AE67A433-1491-4BAE-BDB4-2D6BDB4D0F83.jpeg,image/jpeg,jpeg,719934,1290,1576,007df7b3003c52d5,variant_image,variant-5948-sylvimak-concealer-variant-02.jpeg,jpeg,shopify_product_media,False,NOT_REQUIRED,FOUND,PENDING,
variant,5950,5948,,5945,5950,https://wholesalebeautyhub.co.uk/wp-content/uploads/2024/11/AE67A433-1491-4BAE-BDB4-2D6BDB4D0F83.jpeg,2024/11/AE67A433-1491-4BAE-BDB4-2D6BDB4D0F83.jpeg,image/jpeg,jpeg,719934,1290,1576,007df7b3003c52d5,variant_image,variant-5948-sylvimak-concealer-variant-03.jpeg,jpeg,shopify_product_media,False,NOT_REQUIRED,FOUND,PENDING,
variant,5951,5948,,5945,5951,https://wholesalebeautyhub.co.uk/wp-content/uploads/2024/11/AE67A433-1491-4BAE-BDB4-2D6BDB4D0F83.jpeg,2024/11/AE67A433-1491-4BAE-BDB4-2D6BDB4D0F83.jpeg,image/jpeg,jpeg,719934,1290,1576,007df7b3003c52d5,variant_image,variant-5948-sylvimak-concealer-variant-04.jpeg,jpeg,shopify_product_media,False,NOT_REQUIRED,FOUND,PENDING,
variant,5952,5948,,5945,5952,https://wholesalebeautyhub.co.uk/wp-content/uploads/2024/11/AE67A433-1491-4BAE-BDB4-2D6BDB4D0F83.jpeg,2024/11/AE67A433-1491-4BAE-BDB4-2D6BDB4D0F83.jpeg,image/jpeg,jpeg,719934,1290,1576,007df7b3003c52d5,variant_image,variant-5948-sylvimak-concealer-variant-05.jpeg,jpeg,shopify_product_media,False,NOT_REQUIRED,FOUND,PENDING,
variant,5953,5948,,5945,5953,https://wholesalebeautyhub.co.uk/wp-content/uploads/2024/11/AE67A433-1491-4BAE-BDB4-2D6BDB4D0F83.jpeg,2024/11/AE67A433-1491-4BAE-BDB4-2D6BDB4D0F83.jpeg,image/jpeg,jpeg,719934,1290,1576,007df7b3003c52d5,variant_image,variant-5948-sylvimak-concealer-variant-06.jpeg,jpeg,shopify_product_media,False,NOT_REQUIRED,FOUND,PENDING,
variant,5954,5948,,5945,5954,https://wholesalebeautyhub.co.uk/wp-content/uploads/2024/11/AE67A433-1491-4BAE-BDB4-2D6BDB4D0F83.jpeg,2024/11/AE67A433-1491-4BAE-BDB4-2D6BDB4D0F83.jpeg,image/jpeg,jpeg,719934,1290,1576,007df7b3003c52d5,variant_image,variant-5948-sylvimak-concealer-variant-07.jpeg,jpeg,shopify_product_media,False,NOT_REQUIRED,FOUND,PENDING,
variant,5955,5948,,5945,5955,https://wholesalebeautyhub.co.uk/wp-content/uploads/2024/11/AE67A433-1491-4BAE-BDB4-2D6BDB4D0F83.jpeg,2024/11/AE67A433-1491-4BAE-BDB4-2D6BDB4D0F83.jpeg,image/jpeg,jpeg,719934,1290,1576,007df7b3003c52d5,variant_image,variant-5948-sylvimak-concealer-variant-08.jpeg,jpeg,shopify_product_media,False,NOT_REQUIRED,FOUND,PENDING,
variant,10193,10194,,9678,10193,https://wholesalebeautyhub.co.uk/wp-content/uploads/2025/05/e51f9873-0220-49bc-b068-14b996278ffb.jpeg,2025/05/e51f9873-0220-49bc-b068-14b996278ffb.jpeg,image/jpeg,jpeg,62864,1080,1080,eb6f0be8714aa1fd,variant_image,variant-10194-bm-pro-full-filter-foundation-variant.jpeg,jpeg,shopify_product_media,False,NOT_REQUIRED,FOUND,PENDING,
variant,10195,10196,,9678,10195,https://wholesalebeautyhub.co.uk/wp-content/uploads/2025/05/4ab0cd42-2e0e-4baf-b255-e6d04a92883d.jpeg,2025/05/4ab0cd42-2e0e-4baf-b255-e6d04a92883d.jpeg,image/jpeg,jpeg,62759,1080,1080,44084a9b6634d91f,variant_image,variant-10196-bm-pro-full-filter-foundation-variant-02.jpeg,jpeg,shopify_product_media,False,NOT_REQUIRED,FOUND,PENDING,
variant,10197,10198,,9678,10197,https://wholesalebeautyhub.co.uk/wp-content/uploads/2025/05/4b219c07-65bc-4dd1-be85-6c5eb95c1b04.jpeg,2025/05/4b219c07-65bc-4dd1-be85-6c5eb95c1b04.jpeg,image/jpeg,jpeg,63796,1080,1080,ad4e986fa2f29b47,variant_image,variant-10198-bm-pro-full-filter-foundation-variant-03.jpeg,jpeg,shopify_product_media,False,NOT_REQUIRED,FOUND,PENDING,
variant,10199,10200,,9678,10199,https://wholesalebeautyhub.co.uk/wp-content/uploads/2025/05/a0192a17-d4fd-4141-b22b-4f840b8ecf6c.jpeg,2025/05/a0192a17-d4fd-4141-b22b-4f840b8ecf6c.jpeg,image/jpeg,jpeg,13113,360,360,2e5f138d3da441f7,variant_image,variant-10200-bm-pro-full-filter-foundation-variant-04.jpeg,jpeg,shopify_product_media,False,NOT_REQUIRED,FOUND,PENDING,
variant,10201,10202,,9678,10201,https://wholesalebeautyhub.co.uk/wp-content/uploads/2025/05/4fc45945-164a-4e21-b490-1859e63e4f5f.jpeg,2025/05/4fc45945-164a-4e21-b490-1859e63e4f5f.jpeg,image/jpeg,jpeg,61870,1080,1080,9a0b29790a11ea29,variant_image,variant-10202-bm-pro-full-filter-foundation-variant-05.jpeg,jpeg,shopify_product_media,False,NOT_REQUIRED,FOUND,PENDING,
variant,10203,10204,,9678,10203,https://wholesalebeautyhub.co.uk/wp-content/uploads/2025/05/6eeee9b8-127e-4a86-9d99-77cef6600afa.jpeg,2025/05/6eeee9b8-127e-4a86-9d99-77cef6600afa.jpeg,image/jpeg,jpeg,55093,1080,1080,f3d02100fdf1b0af,variant_image,variant-10204-bm-pro-full-filter-foundation-variant-06.jpeg,jpeg,shopify_product_media,False,NOT_REQUIRED,FOUND,PENDING,
variant,10205,10206,,9678,10205,https://wholesalebeautyhub.co.uk/wp-content/uploads/2025/05/c3f43c16-f9de-4744-9c30-f41ccba58e5d.jpeg,2025/05/c3f43c16-f9de-4744-9c30-f41ccba58e5d.jpeg,image/jpeg,jpeg,58678,1080,1080,184f4783f212219c,variant_image,variant-10206-bm-pro-full-filter-foundation-variant-07.jpeg,jpeg,shopify_product_media,False,NOT_REQUIRED,FOUND,PENDING,
variant,10208,10209,,9678,10208,https://wholesalebeautyhub.co.uk/wp-content/uploads/2025/05/f2c2079c-0516-42a5-9b5f-1ae1845cbfb8.jpeg,2025/05/f2c2079c-0516-42a5-9b5f-1ae1845cbfb8.jpeg,image/jpeg,jpeg,59141,942,1044,b91f837752527dc0,variant_image,variant-10209-bm-pro-full-filter-foundation-variant-08.jpeg,jpeg,shopify_product_media,False,NOT_REQUIRED,FOUND,PENDING,
variant,10210,10211,,9678,10210,https://wholesalebeautyhub.co.uk/wp-content/uploads/2025/05/3651c71c-5a1c-4d5c-9f8c-5fa76653dcec.jpeg,2025/05/3651c71c-5a1c-4d5c-9f8c-5fa76653dcec.jpeg,image/jpeg,jpeg,56211,1080,1080,ac218f333bde9b3a,variant_image,variant-10211-bm-pro-full-filter-foundation-variant-09.jpeg,jpeg,shopify_product_media,False,NOT_REQUIRED,FOUND,PENDING,
variant,10212,10213,,9678,10212,https://wholesalebeautyhub.co.uk/wp-content/uploads/2025/05/31c7831c-e43b-45b1-981a-d5b31a9fd9f1.jpeg,2025/05/31c7831c-e43b-45b1-981a-d5b31a9fd9f1.jpeg,image/jpeg,jpeg,66958,1080,1080,8cb3b50843d19346,variant_image,variant-10213-bm-pro-full-filter-foundation-variant-10.jpeg,jpeg,shopify_product_media,False,NOT_REQUIRED,FOUND,PENDING,
variant,10214,10215,,9678,10214,https://wholesalebeautyhub.co.uk/wp-content/uploads/2025/05/86ab6414-7a91-4f42-8b1b-4bcd43ec98fe.jpeg,2025/05/86ab6414-7a91-4f42-8b1b-4bcd43ec98fe.jpeg,image/jpeg,jpeg,56761,1080,1080,8f2ad1bed6893a2b,variant_image,variant-10215-bm-pro-full-filter-foundation-variant-11.jpeg,jpeg,shopify_product_media,False,NOT_REQUIRED,FOUND,PENDING,
variant,10218,10238,,10216,10218,https://wholesalebeautyhub.co.uk/wp-content/uploads/2025/05/4241e801-61af-44df-9e45-ffc4440a9d55.jpeg,2025/05/4241e801-61af-44df-9e45-ffc4440a9d55.jpeg,image/jpeg,jpeg,63323,1080,1080,22c8cc102f6b54cd,variant_image,variant-10238-bm-pro-full-filter-pressed-powder-variant.jpeg,jpeg,shopify_product_media,False,NOT_REQUIRED,FOUND,PENDING,
variant,10219,10237,,10216,10219,https://wholesalebeautyhub.co.uk/wp-content/uploads/2025/05/7e35120b-59ac-4d30-990f-7720bd705cd2.jpeg,2025/05/7e35120b-59ac-4d30-990f-7720bd705cd2.jpeg,image/jpeg,jpeg,108642,1080,1080,d9c8ff17f43aa79b,variant_image,variant-10237-bm-pro-full-filter-pressed-powder-variant-02.jpeg,jpeg,shopify_product_media,False,NOT_REQUIRED,FOUND,PENDING,
variant,10220,10239,,10216,10220,https://wholesalebeautyhub.co.uk/wp-content/uploads/2025/05/ff99c622-972f-4799-9fb2-7285dd02bcaa.jpeg,2025/05/ff99c622-972f-4799-9fb2-7285dd02bcaa.jpeg,image/jpeg,jpeg,107327,1080,1080,d375c2a11f7459fb,variant_image,variant-10239-bm-pro-full-filter-pressed-powder-variant-03.jpeg,jpeg,shopify_product_media,False,NOT_REQUIRED,FOUND,PENDING,
variant,10221,10487,,10216,10221,https://wholesalebeautyhub.co.uk/wp-content/uploads/2025/05/WhatsApp-Image-2025-05-14-at-16.49.26.jpeg,2025/05/WhatsApp-Image-2025-05-14-at-16.49.26.jpeg,image/jpeg,jpeg,28267,1080,720,d8fced67d7428b2d,variant_image,variant-10487-bm-pro-full-filter-pressed-powder-variant-04.jpeg,jpeg,shopify_product_media,False,NOT_REQUIRED,FOUND,PENDING,
variant,10222,10488,,10216,10222,https://wholesalebeautyhub.co.uk/wp-content/uploads/2025/05/WhatsApp-Image-2025-05-14-at-16.51.14.jpeg,2025/05/WhatsApp-Image-2025-05-14-at-16.51.14.jpeg,image/jpeg,jpeg,29075,1080,720,4da861c8ba978a0d,variant_image,variant-10488-bm-pro-full-filter-pressed-powder-variant-05.jpeg,jpeg,shopify_product_media,False,NOT_REQUIRED,FOUND,PENDING,
variant,10223,10240,,10216,10223,https://wholesalebeautyhub.co.uk/wp-content/uploads/2025/05/3150ccd8-f5f6-4b56-90d8-d27931c0ef5d.jpeg,2025/05/3150ccd8-f5f6-4b56-90d8-d27931c0ef5d.jpeg,image/jpeg,jpeg,107740,1080,1080,79a61b01f574b565,variant_image,variant-10240-bm-pro-full-filter-pressed-powder-variant-06.jpeg,jpeg,shopify_product_media,False,NOT_REQUIRED,FOUND,PENDING,
variant,10224,10242,,10216,10224,https://wholesalebeautyhub.co.uk/wp-content/uploads/2025/05/79b46b1b-b3fe-4c26-9bbe-e486bba940ab.jpeg,2025/05/79b46b1b-b3fe-4c26-9bbe-e486bba940ab.jpeg,image/jpeg,jpeg,90105,1080,1080,8e0367d36638c5b9,variant_image,variant-10242-bm-pro-full-filter-pressed-powder-variant-07.jpeg,jpeg,shopify_product_media,False,NOT_REQUIRED,FOUND,PENDING,
variant,10225,10244,,10216,10225,https://wholesalebeautyhub.co.uk/wp-content/uploads/2025/05/802df8c1-40ba-4765-9fdb-af8f60a2fb9a.jpeg,2025/05/802df8c1-40ba-4765-9fdb-af8f60a2fb9a.jpeg,image/jpeg,jpeg,26387,600,600,e1c1e778e847f4e4,variant_image,variant-10244-bm-pro-full-filter-pressed-powder-variant-08.jpeg,jpeg,shopify_product_media,False,NOT_REQUIRED,FOUND,PENDING,
variant,10226,10489,,10216,10226,https://wholesalebeautyhub.co.uk/wp-content/uploads/2025/05/WhatsApp-Image-2025-05-14-at-16.50.49.jpeg,2025/05/WhatsApp-Image-2025-05-14-at-16.50.49.jpeg,image/jpeg,jpeg,45471,1080,1080,452ddc00ba2aa2da,variant_image,variant-10489-bm-pro-full-filter-pressed-powder-variant-09.jpeg,jpeg,shopify_product_media,False,NOT_REQUIRED,FOUND,PENDING,
variant,10227,10246,,10216,10227,https://wholesalebeautyhub.co.uk/wp-content/uploads/2025/05/b42fc62e-4f63-4d4b-abba-818d5cd4c790.jpeg,2025/05/b42fc62e-4f63-4d4b-abba-818d5cd4c790.jpeg,image/jpeg,jpeg,103954,1080,1080,bf0376e643f0bbb2,variant_image,variant-10246-bm-pro-full-filter-pressed-powder-variant-10.jpeg,jpeg,shopify_product_media,False,NOT_REQUIRED,FOUND,PENDING,
variant,10228,10247,,10216,10228,https://wholesalebeautyhub.co.uk/wp-content/uploads/2025/05/e4ad19fa-9a15-440c-b8a4-39a514919a9d.jpeg,2025/05/e4ad19fa-9a15-440c-b8a4-39a514919a9d.jpeg,image/jpeg,jpeg,107519,1080,1080,6fb1d293249ee238,variant_image,variant-10247-bm-pro-full-filter-pressed-powder-variant-11.jpeg,jpeg,shopify_product_media,False,NOT_REQUIRED,FOUND,PENDING,
variant,10229,10245,,10216,10229,https://wholesalebeautyhub.co.uk/wp-content/uploads/2025/05/7a6cde92-7720-4d5e-b355-77d864ecc2a7.jpeg,2025/05/7a6cde92-7720-4d5e-b355-77d864ecc2a7.jpeg,image/jpeg,jpeg,96194,1080,1080,e5ce9ecf207ef8c4,variant_image,variant-10245-bm-pro-full-filter-pressed-powder-variant-12.jpeg,jpeg,shopify_product_media,False,NOT_REQUIRED,FOUND,PENDING,
variant,10230,10248,,10216,10230,https://wholesalebeautyhub.co.uk/wp-content/uploads/2025/05/ff99c622-972f-4799-9fb2-7285dd02bcaa-1.jpeg,2025/05/ff99c622-972f-4799-9fb2-7285dd02bcaa-1.jpeg,image/jpeg,jpeg,107327,1080,1080,523651d53afbd60e,variant_image,variant-10248-bm-pro-full-filter-pressed-powder-variant-13.jpeg,jpeg,shopify_product_media,False,NOT_REQUIRED,FOUND,PENDING,
variant,10231,10249,,10216,10231,https://wholesalebeautyhub.co.uk/wp-content/uploads/2025/05/8ee4d10d-402c-453f-9ea6-489bb91e83db.jpeg,2025/05/8ee4d10d-402c-453f-9ea6-489bb91e83db.jpeg,image/jpeg,jpeg,96709,1080,1080,23c536d432c5bdc3,variant_image,variant-10249-bm-pro-full-filter-pressed-powder-variant-14.jpeg,jpeg,shopify_product_media,False,NOT_REQUIRED,FOUND,PENDING,
variant,10232,10490,,10216,10232,https://wholesalebeautyhub.co.uk/wp-content/uploads/2025/05/WhatsApp-Image-2025-05-14-at-16.50.31.jpeg,2025/05/WhatsApp-Image-2025-05-14-at-16.50.31.jpeg,image/jpeg,jpeg,26645,1080,720,f3f60d26d41fad98,variant_image,variant-10490-bm-pro-full-filter-pressed-powder-variant-15.jpeg,jpeg,shopify_product_media,False,NOT_REQUIRED,FOUND,PENDING,
variant,10236,10492,,10216,10236,https://wholesalebeautyhub.co.uk/wp-content/uploads/2025/05/WhatsApp-Image-2025-05-14-at-16.49.45.jpeg,2025/05/WhatsApp-Image-2025-05-14-at-16.49.45.jpeg,image/jpeg,jpeg,27498,1069,736,3f95b3ffff626a9d,variant_image,variant-10492-bm-pro-full-filter-pressed-powder-variant-16.jpeg,jpeg,shopify_product_media,False,NOT_REQUIRED,FOUND,PENDING,
variant,10235,10251,,10216,10235,https://wholesalebeautyhub.co.uk/wp-content/uploads/2025/05/b5758afe-2758-46f1-9f4d-88f746330e24.jpeg,2025/05/b5758afe-2758-46f1-9f4d-88f746330e24.jpeg,image/jpeg,jpeg,108396,1080,1080,4284fa0e89e614af,variant_image,variant-10251-bm-pro-full-filter-pressed-powder-variant-17.jpeg,jpeg,shopify_product_media,False,NOT_REQUIRED,FOUND,PENDING,
variant,10234,10491,,10216,10234,https://wholesalebeautyhub.co.uk/wp-content/uploads/2025/05/WhatsApp-Image-2025-05-14-at-16.50.10.jpeg,2025/05/WhatsApp-Image-2025-05-14-at-16.50.10.jpeg,image/jpeg,jpeg,37305,1080,1080,d7ad55aa0df9cbaf,variant_image,variant-10491-bm-pro-full-filter-pressed-powder-variant-18.jpeg,jpeg,shopify_product_media,False,NOT_REQUIRED,FOUND,PENDING,
variant,10233,10250,,10216,10233,https://wholesalebeautyhub.co.uk/wp-content/uploads/2025/05/ae0a2459-0a28-442d-85f3-b89dc0e6fed1.jpeg,2025/05/ae0a2459-0a28-442d-85f3-b89dc0e6fed1.jpeg,image/jpeg,jpeg,42074,1080,720,04f840b9ee814d16,variant_image,variant-10250-bm-pro-full-filter-pressed-powder-variant-19.jpeg,jpeg,shopify_product_media,False,NOT_REQUIRED,FOUND,PENDING,
variant,10505,10510,,10504,10505,https://wholesalebeautyhub.co.uk/wp-content/uploads/2025/05/WhatsApp-Image-2025-05-10-at-14.58.19.jpeg,2025/05/WhatsApp-Image-2025-05-10-at-14.58.19.jpeg,image/jpeg,jpeg,53988,1280,853,cc4e5d579be70287,variant_image,variant-10510-bm-pro-gel-eyeliner-black-blue-green-wine-variant.jpeg,jpeg,shopify_product_media,False,NOT_REQUIRED,FOUND,PENDING,
variant,10506,10511,,10504,10506,https://wholesalebeautyhub.co.uk/wp-content/uploads/2025/05/WhatsApp-Image-2025-05-10-at-14.55.20.jpeg,2025/05/WhatsApp-Image-2025-05-10-at-14.55.20.jpeg,image/jpeg,jpeg,41962,1280,853,d8518698c4d38f68,variant_image,variant-10511-bm-pro-gel-eyeliner-black-blue-green-wine-variant-02.jpeg,jpeg,shopify_product_media,False,NOT_REQUIRED,FOUND,PENDING,
variant,10507,10512,,10504,10507,https://wholesalebeautyhub.co.uk/wp-content/uploads/2025/05/WhatsApp-Image-2025-05-10-at-14.56.11.jpeg,2025/05/WhatsApp-Image-2025-05-10-at-14.56.11.jpeg,image/jpeg,jpeg,51401,1280,853,24eb465ee3cada90,variant_image,variant-10512-bm-pro-gel-eyeliner-black-blue-green-wine-variant-03.jpeg,jpeg,shopify_product_media,False,NOT_REQUIRED,FOUND,PENDING,
variant,10508,10513,,10504,10508,https://wholesalebeautyhub.co.uk/wp-content/uploads/2025/05/WhatsApp-Image-2025-05-10-at-14.57.54.jpeg,2025/05/WhatsApp-Image-2025-05-10-at-14.57.54.jpeg,image/jpeg,jpeg,49433,1280,853,3d3415ca3dcdabb8,variant_image,variant-10513-bm-pro-gel-eyeliner-black-blue-green-wine-variant-04.jpeg,jpeg,shopify_product_media,False,NOT_REQUIRED,FOUND,PENDING,
variant,10509,10514,,10504,10509,https://wholesalebeautyhub.co.uk/wp-content/uploads/2025/05/WhatsApp-Image-2025-05-10-at-14.57.17.jpeg,2025/05/WhatsApp-Image-2025-05-10-at-14.57.17.jpeg,image/jpeg,jpeg,53090,1280,853,c0071963799c1e29,variant_image,variant-10514-bm-pro-gel-eyeliner-black-blue-green-wine-variant-05.jpeg,jpeg,shopify_product_media,False,NOT_REQUIRED,FOUND,PENDING,
variant,10558,10867,,10532,10558,https://wholesalebeautyhub.co.uk/wp-content/uploads/2025/05/WhatsApp-Image-2025-05-10-at-14.21.20.jpeg,2025/05/WhatsApp-Image-2025-05-10-at-14.21.20.jpeg,image/jpeg,jpeg,45551,1008,1008,b739015ebd48d7e1,variant_image,variant-10867-bm-pro-matte-lipstick-variant.jpeg,jpeg,shopify_product_media,False,NOT_REQUIRED,FOUND,PENDING,
variant,10557,10866,,10532,10557,https://wholesalebeautyhub.co.uk/wp-content/uploads/2025/05/WhatsApp-Image-2025-05-10-at-14.20.56.jpeg,2025/05/WhatsApp-Image-2025-05-10-at-14.20.56.jpeg,image/jpeg,jpeg,132652,1372,2035,5d9ea9f1138b7092,variant_image,variant-10866-bm-pro-matte-lipstick-variant-02.jpeg,jpeg,shopify_product_media,False,NOT_REQUIRED,FOUND,PENDING,
variant,10556,10865,,10532,10556,https://wholesalebeautyhub.co.uk/wp-content/uploads/2025/05/WhatsApp-Image-2025-05-10-at-14.20.31.jpeg,2025/05/WhatsApp-Image-2025-05-10-at-14.20.31.jpeg,image/jpeg,jpeg,83494,1257,1257,d8ee58bb67ecc4fa,variant_image,variant-10865-bm-pro-matte-lipstick-variant-03.jpeg,jpeg,shopify_product_media,False,NOT_REQUIRED,FOUND,PENDING,
variant,10555,10864,,10532,10555,https://wholesalebeautyhub.co.uk/wp-content/uploads/2025/05/WhatsApp-Image-2025-05-10-at-14.20.10.jpeg,2025/05/WhatsApp-Image-2025-05-10-at-14.20.10.jpeg,image/jpeg,jpeg,28907,1107,1280,15ffe4c5ee3792c5,variant_image,variant-10864-bm-pro-matte-lipstick-variant-04.jpeg,jpeg,shopify_product_media,False,NOT_REQUIRED,FOUND,PENDING,
variant,10554,10863,,10532,10554,https://wholesalebeautyhub.co.uk/wp-content/uploads/2025/05/WhatsApp-Image-2025-05-10-at-14.19.45.jpeg,2025/05/WhatsApp-Image-2025-05-10-at-14.19.45.jpeg,image/jpeg,jpeg,58323,1079,1261,74fb703ada37ca6b,variant_image,variant-10863-bm-pro-matte-lipstick-variant-05.jpeg,jpeg,shopify_product_media,False,NOT_REQUIRED,FOUND,PENDING,
variant,10553,10862,,10532,10553,https://wholesalebeautyhub.co.uk/wp-content/uploads/2025/05/WhatsApp-Image-2025-05-10-at-14.19.02.jpeg,2025/05/WhatsApp-Image-2025-05-10-at-14.19.02.jpeg,image/jpeg,jpeg,156539,1079,1079,46272237612182ea,variant_image,variant-10862-bm-pro-matte-lipstick-variant-06.jpeg,jpeg,shopify_product_media,False,NOT_REQUIRED,FOUND,PENDING,
variant,10551,10861,,10532,10551,https://wholesalebeautyhub.co.uk/wp-content/uploads/2025/05/WhatsApp-Image-2025-05-10-at-14.18.38.jpeg,2025/05/WhatsApp-Image-2025-05-10-at-14.18.38.jpeg,image/jpeg,jpeg,35896,1280,1280,2fd7faad789d6694,variant_image,variant-10861-bm-pro-matte-lipstick-variant-07.jpeg,jpeg,shopify_product_media,False,NOT_REQUIRED,FOUND,PENDING,
variant,10550,10860,,10532,10550,https://wholesalebeautyhub.co.uk/wp-content/uploads/2025/05/WhatsApp-Image-2025-05-10-at-14.18.09.jpeg,2025/05/WhatsApp-Image-2025-05-10-at-14.18.09.jpeg,image/jpeg,jpeg,105611,1078,913,cfc1d8a957a600f5,variant_image,variant-10860-bm-pro-matte-lipstick-variant-08.jpeg,jpeg,shopify_product_media,False,NOT_REQUIRED,FOUND,PENDING,
variant,10549,10859,,10532,10549,https://wholesalebeautyhub.co.uk/wp-content/uploads/2025/05/WhatsApp-Image-2025-05-10-at-14.17.39.jpeg,2025/05/WhatsApp-Image-2025-05-10-at-14.17.39.jpeg,image/jpeg,jpeg,100704,1080,1080,9f3e3db7a2aa44e7,variant_image,variant-10859-bm-pro-matte-lipstick-variant-09.jpeg,jpeg,shopify_product_media,False,NOT_REQUIRED,FOUND,PENDING,
variant,10547,10858,,10532,10547,https://wholesalebeautyhub.co.uk/wp-content/uploads/2025/05/WhatsApp-Image-2025-05-10-at-14.17.17.jpeg,2025/05/WhatsApp-Image-2025-05-10-at-14.17.17.jpeg,image/jpeg,jpeg,74389,767,1058,be73fd9a7925c96d,variant_image,variant-10858-bm-pro-matte-lipstick-variant-10.jpeg,jpeg,shopify_product_media,False,NOT_REQUIRED,FOUND,PENDING,
variant,10546,10857,,10532,10546,https://wholesalebeautyhub.co.uk/wp-content/uploads/2025/05/WhatsApp-Image-2025-05-10-at-14.16.54.jpeg,2025/05/WhatsApp-Image-2025-05-10-at-14.16.54.jpeg,image/jpeg,jpeg,77055,1134,1493,402ddbe0ca616fc4,variant_image,variant-10857-bm-pro-matte-lipstick-variant-11.jpeg,jpeg,shopify_product_media,False,NOT_REQUIRED,FOUND,PENDING,
variant,10544,10856,,10532,10544,https://wholesalebeautyhub.co.uk/wp-content/uploads/2025/05/WhatsApp-Image-2025-05-10-at-14.15.34.jpeg,2025/05/WhatsApp-Image-2025-05-10-at-14.15.34.jpeg,image/jpeg,jpeg,59205,1032,1194,cad37368d06581fd,variant_image,variant-10856-bm-pro-matte-lipstick-variant-12.jpeg,jpeg,shopify_product_media,False,NOT_REQUIRED,FOUND,PENDING,
variant,10543,10855,,10532,10543,https://wholesalebeautyhub.co.uk/wp-content/uploads/2025/05/WhatsApp-Image-2025-05-10-at-14.15.04.jpeg,2025/05/WhatsApp-Image-2025-05-10-at-14.15.04.jpeg,image/jpeg,jpeg,121676,1080,1001,0fe0ee48a9d8cd92,variant_image,variant-10855-bm-pro-matte-lipstick-variant-13.jpeg,jpeg,shopify_product_media,False,NOT_REQUIRED,FOUND,PENDING,
variant,10580,10853,,10559,10580,https://wholesalebeautyhub.co.uk/wp-content/uploads/2025/05/WhatsApp-Image-2025-05-10-at-14.53.13.jpeg,2025/05/WhatsApp-Image-2025-05-10-at-14.53.13.jpeg,image/jpeg,jpeg,48695,1280,1280,8abdbc57adf12d52,variant_image,variant-10853-bm-pro-creme-lipgloss-variant.jpeg,jpeg,shopify_product_media,False,NOT_REQUIRED,FOUND,PENDING,
variant,10572,10848,,10559,10572,https://wholesalebeautyhub.co.uk/wp-content/uploads/2025/05/WhatsApp-Image-2025-05-10-at-14.49.33.jpeg,2025/05/WhatsApp-Image-2025-05-10-at-14.49.33.jpeg,image/jpeg,jpeg,60811,1280,1280,d2543abe17abde36,variant_image,variant-10848-bm-pro-creme-lipgloss-variant-02.jpeg,jpeg,shopify_product_media,False,NOT_REQUIRED,FOUND,PENDING,
variant,10573,10849,,10559,10573,https://wholesalebeautyhub.co.uk/wp-content/uploads/2025/05/WhatsApp-Image-2025-05-10-at-14.50.03.jpeg,2025/05/WhatsApp-Image-2025-05-10-at-14.50.03.jpeg,image/jpeg,jpeg,52714,1280,1280,1cff90dfb9951c33,variant_image,variant-10849-bm-pro-creme-lipgloss-variant-03.jpeg,jpeg,shopify_product_media,False,NOT_REQUIRED,FOUND,PENDING,
variant,10574,10850,,10559,10574,https://wholesalebeautyhub.co.uk/wp-content/uploads/2025/05/WhatsApp-Image-2025-05-10-at-14.50.28.jpeg,2025/05/WhatsApp-Image-2025-05-10-at-14.50.28.jpeg,image/jpeg,jpeg,48442,1280,1280,e843a3f51f2462e0,variant_image,variant-10850-bm-pro-creme-lipgloss-variant-04.jpeg,jpeg,shopify_product_media,False,NOT_REQUIRED,FOUND,PENDING,
variant,10575,10851,,10559,10575,https://wholesalebeautyhub.co.uk/wp-content/uploads/2025/05/WhatsApp-Image-2025-05-10-at-14.50.53.jpeg,2025/05/WhatsApp-Image-2025-05-10-at-14.50.53.jpeg,image/jpeg,jpeg,49423,1280,1280,3d61acc2669b9a9f,variant_image,variant-10851-bm-pro-creme-lipgloss-variant-05.jpeg,jpeg,shopify_product_media,False,NOT_REQUIRED,FOUND,PENDING,
variant,10576,10852,,10559,10576,https://wholesalebeautyhub.co.uk/wp-content/uploads/2025/05/WhatsApp-Image-2025-05-10-at-14.51.32.jpeg,2025/05/WhatsApp-Image-2025-05-10-at-14.51.32.jpeg,image/jpeg,jpeg,58501,1280,1280,e3d00971f6922345,variant_image,variant-10852-bm-pro-creme-lipgloss-variant-06.jpeg,jpeg,shopify_product_media,False,NOT_REQUIRED,FOUND,PENDING,
variant,10571,10847,,10559,10571,https://wholesalebeautyhub.co.uk/wp-content/uploads/2025/05/WhatsApp-Image-2025-05-10-at-14.48.59.jpeg,2025/05/WhatsApp-Image-2025-05-10-at-14.48.59.jpeg,image/jpeg,jpeg,46312,1280,1280,ddc5ef9ecf04c772,variant_image,variant-10847-bm-pro-creme-lipgloss-variant-07.jpeg,jpeg,shopify_product_media,False,NOT_REQUIRED,FOUND,PENDING,
variant,10570,10846,,10559,10570,https://wholesalebeautyhub.co.uk/wp-content/uploads/2025/05/WhatsApp-Image-2025-05-10-at-14.48.31.jpeg,2025/05/WhatsApp-Image-2025-05-10-at-14.48.31.jpeg,image/jpeg,jpeg,43875,1280,1280,e40e8464baa1db75,variant_image,variant-10846-bm-pro-creme-lipgloss-variant-08.jpeg,jpeg,shopify_product_media,False,NOT_REQUIRED,FOUND,PENDING,
variant,10565,10841,,10559,10565,https://wholesalebeautyhub.co.uk/wp-content/uploads/2025/05/WhatsApp-Image-2025-05-10-at-14.44.53.jpeg,2025/05/WhatsApp-Image-2025-05-10-at-14.44.53.jpeg,image/jpeg,jpeg,44849,1280,1280,aa6972759e686f19,variant_image,variant-10841-bm-pro-creme-lipgloss-variant-09.jpeg,jpeg,shopify_product_media,False,NOT_REQUIRED,FOUND,PENDING,
variant,10566,10842,,10559,10566,https://wholesalebeautyhub.co.uk/wp-content/uploads/2025/05/WhatsApp-Image-2025-05-10-at-14.45.19.jpeg,2025/05/WhatsApp-Image-2025-05-10-at-14.45.19.jpeg,image/jpeg,jpeg,49725,1280,1280,dda2be525c732ae1,variant_image,variant-10842-bm-pro-creme-lipgloss-variant-10.jpeg,jpeg,shopify_product_media,False,NOT_REQUIRED,FOUND,PENDING,
variant,10567,10843,,10559,10567,https://wholesalebeautyhub.co.uk/wp-content/uploads/2025/05/WhatsApp-Image-2025-05-10-at-14.45.49.jpeg,2025/05/WhatsApp-Image-2025-05-10-at-14.45.49.jpeg,image/jpeg,jpeg,43274,1280,1280,f47fbfb5fc18c4d1,variant_image,variant-10843-bm-pro-creme-lipgloss-variant-11.jpeg,jpeg,shopify_product_media,False,NOT_REQUIRED,FOUND,PENDING,
variant,10568,10844,,10559,10568,https://wholesalebeautyhub.co.uk/wp-content/uploads/2025/05/WhatsApp-Image-2025-05-10-at-14.46.20.jpeg,2025/05/WhatsApp-Image-2025-05-10-at-14.46.20.jpeg,image/jpeg,jpeg,42963,1280,1280,65253d1973b43e6d,variant_image,variant-10844-bm-pro-creme-lipgloss-variant-12.jpeg,jpeg,shopify_product_media,False,NOT_REQUIRED,FOUND,PENDING,
variant,10569,10845,,10559,10569,https://wholesalebeautyhub.co.uk/wp-content/uploads/2025/05/WhatsApp-Image-2025-05-10-at-14.46.46.jpeg,2025/05/WhatsApp-Image-2025-05-10-at-14.46.46.jpeg,image/jpeg,jpeg,43624,1280,1280,4da2f80a9c1379ae,variant_image,variant-10845-bm-pro-creme-lipgloss-variant-13.jpeg,jpeg,shopify_product_media,False,NOT_REQUIRED,FOUND,PENDING,
variant,10564,10840,,10559,10564,https://wholesalebeautyhub.co.uk/wp-content/uploads/2025/05/WhatsApp-Image-2025-05-10-at-14.44.25.jpeg,2025/05/WhatsApp-Image-2025-05-10-at-14.44.25.jpeg,image/jpeg,jpeg,39203,1280,1280,497c193c01ac1ecd,variant_image,variant-10840-bm-pro-creme-lipgloss-variant-14.jpeg,jpeg,shopify_product_media,False,NOT_REQUIRED,FOUND,PENDING,
variant,10562,10838,,10559,10562,https://wholesalebeautyhub.co.uk/wp-content/uploads/2025/05/WhatsApp-Image-2025-05-10-at-14.54.57.jpeg,2025/05/WhatsApp-Image-2025-05-10-at-14.54.57.jpeg,image/jpeg,jpeg,65466,1280,1280,dd07e052691f80bf,variant_image,variant-10838-bm-pro-creme-lipgloss-variant-15.jpeg,jpeg,shopify_product_media,False,NOT_REQUIRED,FOUND,PENDING,
variant,10561,10839,,10559,10561,https://wholesalebeautyhub.co.uk/wp-content/uploads/2025/05/WhatsApp-Image-2025-05-10-at-14.43.52.jpeg,2025/05/WhatsApp-Image-2025-05-10-at-14.43.52.jpeg,image/jpeg,jpeg,39728,1280,1280,00386d3776a5d73b,variant_image,variant-10839-bm-pro-creme-lipgloss-variant-16.jpeg,jpeg,shopify_product_media,False,NOT_REQUIRED,FOUND,PENDING,
variant,10602,10832,,10581,10602,https://wholesalebeautyhub.co.uk/wp-content/uploads/2025/05/WhatsApp-Image-2025-05-10-at-14.36.05.jpeg,2025/05/WhatsApp-Image-2025-05-10-at-14.36.05.jpeg,image/jpeg,jpeg,47833,800,800,5a4e9cc9634b0c3d,variant_image,variant-10832-bm-pro-longlasting-lipgloss-variant.jpeg,jpeg,shopify_product_media,False,NOT_REQUIRED,FOUND,PENDING,
variant,10603,10834,,10581,10603,https://wholesalebeautyhub.co.uk/wp-content/uploads/2025/05/WhatsApp-Image-2025-05-10-at-14.37.09.jpeg,2025/05/WhatsApp-Image-2025-05-10-at-14.37.09.jpeg,image/jpeg,jpeg,31692,867,1280,61fa3eff8b700920,variant_image,variant-10834-bm-pro-longlasting-lipgloss-variant-02.jpeg,jpeg,shopify_product_media,False,NOT_REQUIRED,FOUND,PENDING,
variant,10604,10835,,10581,10604,https://wholesalebeautyhub.co.uk/wp-content/uploads/2025/05/WhatsApp-Image-2025-05-10-at-14.37.32.jpeg,2025/05/WhatsApp-Image-2025-05-10-at-14.37.32.jpeg,image/jpeg,jpeg,10164,400,400,fd31b20377f84598,variant_image,variant-10835-bm-pro-longlasting-lipgloss-variant-03.jpeg,jpeg,shopify_product_media,False,NOT_REQUIRED,FOUND,PENDING,
variant,10605,10836,,10581,10605,https://wholesalebeautyhub.co.uk/wp-content/uploads/2025/05/WhatsApp-Image-2025-05-10-at-14.37.50.jpeg,2025/05/WhatsApp-Image-2025-05-10-at-14.37.50.jpeg,image/jpeg,jpeg,47135,800,800,45d157f9025603b0,variant_image,variant-10836-bm-pro-longlasting-lipgloss-variant-04.jpeg,jpeg,shopify_product_media,False,NOT_REQUIRED,FOUND,PENDING,
variant,10607,10837,,10581,10607,https://wholesalebeautyhub.co.uk/wp-content/uploads/2025/05/WhatsApp-Image-2025-05-10-at-14.38.14.jpeg,2025/05/WhatsApp-Image-2025-05-10-at-14.38.14.jpeg,image/jpeg,jpeg,89023,1300,1300,1f3b10ef0bde2f40,variant_image,variant-10837-bm-pro-longlasting-lipgloss-variant-05.jpeg,jpeg,shopify_product_media,False,NOT_REQUIRED,FOUND,PENDING,
variant,10601,10831,,10581,10601,https://wholesalebeautyhub.co.uk/wp-content/uploads/2025/05/WhatsApp-Image-2025-05-10-at-14.35.20.jpeg,2025/05/WhatsApp-Image-2025-05-10-at-14.35.20.jpeg,image/jpeg,jpeg,44754,800,800,9b25b25dbf0cd1fb,variant_image,variant-10831-bm-pro-longlasting-lipgloss-variant-06.jpeg,jpeg,shopify_product_media,False,NOT_REQUIRED,FOUND,PENDING,
variant,10599,10830,,10581,10599,https://wholesalebeautyhub.co.uk/wp-content/uploads/2025/05/WhatsApp-Image-2025-05-10-at-14.34.55.jpeg,2025/05/WhatsApp-Image-2025-05-10-at-14.34.55.jpeg,image/jpeg,jpeg,92829,1300,1300,9a7d0a56acd8c421,variant_image,variant-10830-bm-pro-longlasting-lipgloss-variant-07.jpeg,jpeg,shopify_product_media,False,NOT_REQUIRED,FOUND,PENDING,
variant,10598,10829,,10581,10598,https://wholesalebeautyhub.co.uk/wp-content/uploads/2025/05/WhatsApp-Image-2025-05-10-at-14.34.31.jpeg,2025/05/WhatsApp-Image-2025-05-10-at-14.34.31.jpeg,image/jpeg,jpeg,100602,1500,1973,1ac534d30b4b1f37,variant_image,variant-10829-bm-pro-longlasting-lipgloss-variant-08.jpeg,jpeg,shopify_product_media,False,NOT_REQUIRED,FOUND,PENDING,
variant,10596,10828,,10581,10596,https://wholesalebeautyhub.co.uk/wp-content/uploads/2025/05/WhatsApp-Image-2025-05-10-at-14.33.41.jpeg,2025/05/WhatsApp-Image-2025-05-10-at-14.33.41.jpeg,image/jpeg,jpeg,126251,2048,2048,8683ec89fbe7f2ac,variant_image,variant-10828-bm-pro-longlasting-lipgloss-variant-09.jpeg,jpeg,shopify_product_media,False,NOT_REQUIRED,FOUND,PENDING,
variant,10595,10827,,10581,10595,https://wholesalebeautyhub.co.uk/wp-content/uploads/2025/05/WhatsApp-Image-2025-05-10-at-14.33.09.jpeg,2025/05/WhatsApp-Image-2025-05-10-at-14.33.09.jpeg,image/jpeg,jpeg,89122,1300,1300,025071a94941b4f3,variant_image,variant-10827-bm-pro-longlasting-lipgloss-variant-10.jpeg,jpeg,shopify_product_media,False,NOT_REQUIRED,FOUND,PENDING,
variant,10588,10821,,10581,10588,https://wholesalebeautyhub.co.uk/wp-content/uploads/2025/05/WhatsApp-Image-2025-05-10-at-14.24.08.jpeg,2025/05/WhatsApp-Image-2025-05-10-at-14.24.08.jpeg,image/jpeg,jpeg,49987,800,800,ba9be725b46a9ce1,variant_image,variant-10821-bm-pro-longlasting-lipgloss-variant-11.jpeg,jpeg,shopify_product_media,False,NOT_REQUIRED,FOUND,PENDING,
variant,10589,10822,,10581,10589,https://wholesalebeautyhub.co.uk/wp-content/uploads/2025/05/WhatsApp-Image-2025-05-10-at-14.29.33.jpeg,2025/05/WhatsApp-Image-2025-05-10-at-14.29.33.jpeg,image/jpeg,jpeg,42019,1280,1280,a528fef336b58b3d,variant_image,variant-10822-bm-pro-longlasting-lipgloss-variant-12.jpeg,jpeg,shopify_product_media,False,NOT_REQUIRED,FOUND,PENDING,
variant,10590,10823,,10581,10590,https://wholesalebeautyhub.co.uk/wp-content/uploads/2025/05/WhatsApp-Image-2025-05-10-at-14.29.53.jpeg,2025/05/WhatsApp-Image-2025-05-10-at-14.29.53.jpeg,image/jpeg,jpeg,83809,1300,1300,6b728e2e35b1f6ea,variant_image,variant-10823-bm-pro-longlasting-lipgloss-variant-13.jpeg,jpeg,shopify_product_media,False,NOT_REQUIRED,FOUND,PENDING,
variant,10592,10824,,10581,10592,https://wholesalebeautyhub.co.uk/wp-content/uploads/2025/05/WhatsApp-Image-2025-05-10-at-14.30.15.jpeg,2025/05/WhatsApp-Image-2025-05-10-at-14.30.15.jpeg,image/jpeg,jpeg,24308,960,1280,3490ee36d09e9e0e,variant_image,variant-10824-bm-pro-longlasting-lipgloss-variant-14.jpeg,jpeg,shopify_product_media,False,NOT_REQUIRED,FOUND,PENDING,
variant,10593,10825,,10581,10593,https://wholesalebeautyhub.co.uk/wp-content/uploads/2025/05/WhatsApp-Image-2025-05-10-at-14.30.38.jpeg,2025/05/WhatsApp-Image-2025-05-10-at-14.30.38.jpeg,image/jpeg,jpeg,42280,1280,1280,6630932ef1706d3e,variant_image,variant-10825-bm-pro-longlasting-lipgloss-variant-15.jpeg,jpeg,shopify_product_media,False,NOT_REQUIRED,FOUND,PENDING,
variant,10594,10826,,10581,10594,https://wholesalebeautyhub.co.uk/wp-content/uploads/2025/05/WhatsApp-Image-2025-05-10-at-14.32.32.jpeg,2025/05/WhatsApp-Image-2025-05-10-at-14.32.32.jpeg,image/jpeg,jpeg,188050,1080,1062,93716b0c41cf2640,variant_image,variant-10826-bm-pro-longlasting-lipgloss-variant-16.jpeg,jpeg,shopify_product_media,False,NOT_REQUIRED,FOUND,PENDING,
variant,10586,10820,,10581,10586,https://wholesalebeautyhub.co.uk/wp-content/uploads/2025/05/WhatsApp-Image-2025-05-10-at-14.23.42.jpeg,2025/05/WhatsApp-Image-2025-05-10-at-14.23.42.jpeg,image/jpeg,jpeg,40796,800,800,e12143538529c77e,variant_image,variant-10820-bm-pro-longlasting-lipgloss-variant-17.jpeg,jpeg,shopify_product_media,False,NOT_REQUIRED,FOUND,PENDING,
variant,10585,10819,,10581,10585,https://wholesalebeautyhub.co.uk/wp-content/uploads/2025/05/WhatsApp-Image-2025-05-10-at-14.23.15.jpeg,2025/05/WhatsApp-Image-2025-05-10-at-14.23.15.jpeg,image/jpeg,jpeg,187222,1080,1085,828120610cc96ca5,variant_image,variant-10819-bm-pro-longlasting-lipgloss-variant-18.jpeg,jpeg,shopify_product_media,False,NOT_REQUIRED,FOUND,PENDING,
variant,10584,10818,,10581,10584,https://wholesalebeautyhub.co.uk/wp-content/uploads/2025/05/WhatsApp-Image-2025-05-10-at-14.22.45.jpeg,2025/05/WhatsApp-Image-2025-05-10-at-14.22.45.jpeg,image/jpeg,jpeg,27802,737,737,bfb8f9ad8dcd5257,variant_image,variant-10818-bm-pro-longlasting-lipgloss-variant-19.jpeg,jpeg,shopify_product_media,False,NOT_REQUIRED,FOUND,PENDING,
variant,10583,10817,,10581,10583,https://wholesalebeautyhub.co.uk/wp-content/uploads/2025/05/WhatsApp-Image-2025-05-10-at-14.22.18.jpeg,2025/05/WhatsApp-Image-2025-05-10-at-14.22.18.jpeg,image/jpeg,jpeg,27182,800,800,1b660bf77025e28c,variant_image,variant-10817-bm-pro-longlasting-lipgloss-variant-20.jpeg,jpeg,shopify_product_media,False,NOT_REQUIRED,FOUND,PENDING,
variant,11229,11232,,8634,11229,https://wholesalebeautyhub.co.uk/wp-content/uploads/2025/06/WhatsApp-Image-2025-06-13-at-00.05.11-1.jpeg,2025/06/WhatsApp-Image-2025-06-13-at-00.05.11-1.jpeg,image/jpeg,jpeg,29711,494,1000,5f3995f03672123e,variant_image,variant-11232-olay-super-serum-body-wash-variant.jpeg,jpeg,shopify_product_media,False,NOT_REQUIRED,FOUND,PENDING,
variant,11230,11233,,8634,11230,https://wholesalebeautyhub.co.uk/wp-content/uploads/2025/06/WhatsApp-Image-2025-06-13-at-00.05.12.jpeg,2025/06/WhatsApp-Image-2025-06-13-at-00.05.12.jpeg,image/jpeg,jpeg,91255,1320,1315,c5f049ed13de98f8,variant_image,variant-11233-olay-super-serum-body-wash-variant-02.jpeg,jpeg,shopify_product_media,False,NOT_REQUIRED,FOUND,PENDING,
variant,13742,15242,,246,13742,https://wholesalebeautyhub.co.uk/wp-content/uploads/2025/10/WhatsApp-Image-2025-10-22-at-14.05.42.jpeg,2025/10/WhatsApp-Image-2025-10-22-at-14.05.42.jpeg,image/jpeg,jpeg,103791,1280,970,b20504f0d54b5eda,variant_image,variant-15242-amlactin-daily-moisturizing-improved-formula-scent-free-vari.jpeg,jpeg,shopify_product_media,False,NOT_REQUIRED,FOUND,PENDING,
variant,13744,15241,,246,13744,https://wholesalebeautyhub.co.uk/wp-content/uploads/2025/10/WhatsApp-Image-2025-10-22-at-14.05.43.jpeg,2025/10/WhatsApp-Image-2025-10-22-at-14.05.43.jpeg,image/jpeg,jpeg,145119,1280,1280,a07bb85e99314576,variant_image,variant-15241-amlactin-daily-moisturizing-improved-formula-scent-free-vari-02.jpeg,jpeg,shopify_product_media,False,NOT_REQUIRED,FOUND,PENDING,
variant,13914,13911,,4673,13914,https://wholesalebeautyhub.co.uk/wp-content/uploads/2025/08/214DB40E-AB50-4B3F-8B70-00E3C1F8BD67.webp,2025/08/214DB40E-AB50-4B3F-8B70-00E3C1F8BD67.webp,image/webp,webp,288664,1290,1600,9b1eae478fb6758a,variant_image,variant-13911-annies-beauty-meet-the-brown-eyeshadow-palette-variant.webp,webp,shopify_product_media,False,NOT_REQUIRED,FOUND,PENDING,
variant,13915,13911,,4673,13915,https://wholesalebeautyhub.co.uk/wp-content/uploads/2025/08/214DB40E-AB50-4B3F-8B70-00E3C1F8BD67.webp,2025/08/214DB40E-AB50-4B3F-8B70-00E3C1F8BD67.webp,image/webp,webp,288664,1290,1600,9b1eae478fb6758a,variant_image,variant-13911-annies-beauty-meet-the-brown-eyeshadow-palette-variant-02.webp,webp,shopify_product_media,False,NOT_REQUIRED,FOUND,PENDING,
variant,13918,13925,,13917,13918,https://wholesalebeautyhub.co.uk/wp-content/uploads/2025/08/WhatsApp-Image-2025-08-26-at-22.20.01.jpeg,2025/08/WhatsApp-Image-2025-08-26-at-22.20.01.jpeg,image/jpeg,jpeg,309905,1320,1655,7c1de85840e01d50,variant_image,variant-13925-annies-beauty-eyeshadow-palettes-variant.jpeg,jpeg,shopify_product_media,False,NOT_REQUIRED,FOUND,PENDING,
variant,13919,13928,,13917,13919,https://wholesalebeautyhub.co.uk/wp-content/uploads/2025/08/WhatsApp-Image-2025-08-26-at-22.20.00-1.jpeg,2025/08/WhatsApp-Image-2025-08-26-at-22.20.00-1.jpeg,image/jpeg,jpeg,355446,1320,1658,c4ec57bff5943542,variant_image,variant-13928-annies-beauty-eyeshadow-palettes-variant-02.jpeg,jpeg,shopify_product_media,False,NOT_REQUIRED,FOUND,PENDING,
variant,13920,13929,,13917,13920,https://wholesalebeautyhub.co.uk/wp-content/uploads/2025/08/WhatsApp-Image-2025-08-26-at-22.20.00.jpeg,2025/08/WhatsApp-Image-2025-08-26-at-22.20.00.jpeg,image/jpeg,jpeg,240765,1320,1317,cc92216278723636,variant_image,variant-13929-annies-beauty-eyeshadow-palettes-variant-03.jpeg,jpeg,shopify_product_media,False,NOT_REQUIRED,FOUND,PENDING,
variant,13935,20563,,1699,13935,https://wholesalebeautyhub.co.uk/wp-content/uploads/2025/08/IMG_5533.jpeg,2025/08/IMG_5533.jpeg,image/jpeg,jpeg,283012,1284,1536,aa1cf29ec3eba38e,variant_image,variant-20563-becharm-ageless-powder-palette-variant.jpeg,jpeg,shopify_product_media,False,NOT_REQUIRED,FOUND,PENDING,
variant,13936,13933,,1699,13936,https://wholesalebeautyhub.co.uk/wp-content/uploads/2024/05/WhatsApp-Image-2025-08-26-at-22.50.56.jpeg,2024/05/WhatsApp-Image-2025-08-26-at-22.50.56.jpeg,image/jpeg,jpeg,197339,1320,1414,19858685ec161902,variant_image,variant-13933-becharm-ageless-powder-palette-variant-02.jpeg,jpeg,shopify_product_media,False,NOT_REQUIRED,FOUND,PENDING,
variant,14142,19753,,69,14142,https://wholesalebeautyhub.co.uk/wp-content/uploads/2025/09/IMG_3860.jpeg,2025/09/IMG_3860.jpeg,image/jpeg,jpeg,398462,1121,1446,3853e2dcbdc024be,variant_image,variant-19753-msmetics-14in1-lash-set-variant-06.jpeg,jpeg,shopify_product_media,False,NOT_REQUIRED,FOUND,PENDING,
variant,14143,19751,,69,14143,https://wholesalebeautyhub.co.uk/wp-content/uploads/2025/09/IMG_3859.jpeg,2025/09/IMG_3859.jpeg,image/jpeg,jpeg,405788,1075,1450,dce24622bb54d611,variant_image,variant-19751-msmetics-14in1-lash-set-variant-07.jpeg,jpeg,shopify_product_media,False,NOT_REQUIRED,FOUND,PENDING,
variant,14780,14781,,1720,14780,https://wholesalebeautyhub.co.uk/wp-content/uploads/2025/10/eos-Travel-Body-Lotion-Vanilla-Cashmere-1.webp,2025/10/eos-Travel-Body-Lotion-Vanilla-Cashmere-1.webp,image/webp,webp,28412,900,1045,ee4a195020baf4b8,variant_image,variant-14781-eos-body-lotion-vanilla-cashmere-variant.webp,webp,shopify_product_media,False,NOT_REQUIRED,FOUND,PENDING,
variant,15236,15179,,244,15236,https://wholesalebeautyhub.co.uk/wp-content/uploads/2024/04/amlactin.webp,2024/04/amlactin.webp,image/webp,webp,15620,342,450,adfd0fe1c5d911eb,variant_image,variant-15179-amlactin-intensive-healing-lotion-variant.webp,webp,shopify_product_media,False,NOT_REQUIRED,FOUND,PENDING,
variant,15237,15239,,244,15237,https://wholesalebeautyhub.co.uk/wp-content/uploads/2025/10/WhatsApp-Image-2025-10-22-at-13.50.24.jpeg,2025/10/WhatsApp-Image-2025-10-22-at-13.50.24.jpeg,image/jpeg,jpeg,81568,1280,1280,c08606f9988c69fb,variant_image,variant-15239-amlactin-intensive-healing-lotion-variant-02.jpeg,jpeg,shopify_product_media,False,NOT_REQUIRED,FOUND,PENDING,
variant,15240,15243,,246,15240,https://wholesalebeautyhub.co.uk/wp-content/uploads/2025/10/WhatsApp-Image-2025-10-22-at-14.05.41.jpeg,2025/10/WhatsApp-Image-2025-10-22-at-14.05.41.jpeg,image/jpeg,jpeg,77141,1280,1280,3d4d2aa88f21f4e8,variant_image,variant-15243-amlactin-daily-moisturizing-improved-formula-scent-free-vari-03.jpeg,jpeg,shopify_product_media,False,NOT_REQUIRED,FOUND,PENDING,
variant,15247,15248,,7912,15247,https://wholesalebeautyhub.co.uk/wp-content/uploads/2025/10/WhatsApp-Image-2025-10-22-at-14.16.48.jpeg,2025/10/WhatsApp-Image-2025-10-22-at-14.16.48.jpeg,image/jpeg,jpeg,145919,1062,1280,34e9b01eb72fac5b,variant_image,variant-15248-eos-shea-better-hand-cream-variant.jpeg,jpeg,shopify_product_media,False,NOT_REQUIRED,FOUND,PENDING,
variant,15468,15474,,15467,15468,https://wholesalebeautyhub.co.uk/wp-content/uploads/2025/10/AdobeExpress-file-2025-09-22T145945.146.webp,2025/10/AdobeExpress-file-2025-09-22T145945.146.webp,image/webp,webp,48614,900,1045,fadd98621d384499,variant_image,variant-15474-eos-cashmere-body-mist-variant.webp,webp,shopify_product_media,False,NOT_REQUIRED,FOUND,PENDING,
variant,15469,15477,,15467,15469,https://wholesalebeautyhub.co.uk/wp-content/uploads/2025/10/AdobeExpress-file-2025-09-22T153948.869.webp,2025/10/AdobeExpress-file-2025-09-22T153948.869.webp,image/webp,webp,84038,900,1045,dce2de257406e603,variant_image,variant-15477-eos-cashmere-body-mist-variant-02.webp,webp,shopify_product_media,False,NOT_REQUIRED,FOUND,PENDING,
variant,15470,15471,,15467,15470,https://wholesalebeautyhub.co.uk/wp-content/uploads/2025/10/AdobeExpress-file-2025-09-22T154737.569.webp,2025/10/AdobeExpress-file-2025-09-22T154737.569.webp,image/webp,webp,77926,900,1045,9592ede13423f7a5,variant_image,variant-15471-eos-cashmere-body-mist-variant-03.webp,webp,shopify_product_media,False,NOT_REQUIRED,FOUND,PENDING,
variant,16497,16490,,16482,16497,https://wholesalebeautyhub.co.uk/wp-content/uploads/2025/12/PeppermintCashmereMiniBL-EOS.webp,2025/12/PeppermintCashmereMiniBL-EOS.webp,image/webp,webp,20106,900,1045,4c8cf3900dc6909f,variant_image,variant-16490-eos-cashmere-body-lotion-holiday-collection-variant.webp,webp,shopify_product_media,False,NOT_REQUIRED,FOUND,PENDING,
variant,16484,16493,,16482,16484,https://wholesalebeautyhub.co.uk/wp-content/uploads/2025/12/COCOA-CASHMERE-EOS.webp,2025/12/COCOA-CASHMERE-EOS.webp,image/webp,webp,122068,900,1045,474a1481e6490d62,variant_image,variant-16493-eos-cashmere-body-lotion-holiday-collection-variant-02.webp,webp,shopify_product_media,False,NOT_REQUIRED,FOUND,PENDING,
variant,16485,16494,,16482,16485,https://wholesalebeautyhub.co.uk/wp-content/uploads/2025/12/CARAMEL-CASHMERE-EOS.webp,2025/12/CARAMEL-CASHMERE-EOS.webp,image/webp,webp,123358,900,1045,ee60cefafe5c9b13,variant_image,variant-16494-eos-cashmere-body-lotion-holiday-collection-variant-03.webp,webp,shopify_product_media,False,NOT_REQUIRED,FOUND,PENDING,
variant,16486,16491,,16482,16486,https://wholesalebeautyhub.co.uk/wp-content/uploads/2025/12/PEPPERMINT-CASHMERE-EOS.webp,2025/12/PEPPERMINT-CASHMERE-EOS.webp,image/webp,webp,118954,900,1045,814055e1c1a34462,variant_image,variant-16491-eos-cashmere-body-lotion-holiday-collection-variant-04.webp,webp,shopify_product_media,False,NOT_REQUIRED,FOUND,PENDING,
variant,16500,16501,,15467,16500,https://wholesalebeautyhub.co.uk/wp-content/uploads/2025/12/PEPPERMINT-BODY-MIST-EOS.webp,2025/12/PEPPERMINT-BODY-MIST-EOS.webp,image/webp,webp,38144,900,1045,8d53ccbf1434a3db,variant_image,variant-16501-eos-cashmere-body-mist-variant-04.webp,webp,shopify_product_media,False,NOT_REQUIRED,FOUND,PENDING,
variant,16463,17379,,16460,16463,https://wholesalebeautyhub.co.uk/wp-content/uploads/2025/12/IMG_0776.jpeg,2025/12/IMG_0776.jpeg,image/jpeg,jpeg,135913,1000,1000,b6e070fc62a9e648,variant_image,variant-17379-hegai-esther-photo-perfect-pressed-powder-variant.jpeg,jpeg,shopify_product_media,False,NOT_REQUIRED,FOUND,PENDING,
variant,16522,17370,,16519,16522,https://wholesalebeautyhub.co.uk/wp-content/uploads/2025/12/IMG_0768.jpeg,2025/12/IMG_0768.jpeg,image/jpeg,jpeg,911124,2160,2160,473614e706850e6e,variant_image,variant-17370-hegai-esther-powder-foundation-variant.jpeg,jpeg,shopify_product_media,False,NOT_REQUIRED,FOUND,PENDING,
variant,16523,17371,,16519,16523,https://wholesalebeautyhub.co.uk/wp-content/uploads/2025/12/IMG_0769.jpeg,2025/12/IMG_0769.jpeg,image/jpeg,jpeg,867209,2160,2160,3e2348193c9dc3d6,variant_image,variant-17371-hegai-esther-powder-foundation-variant-02.jpeg,jpeg,shopify_product_media,False,NOT_REQUIRED,FOUND,PENDING,
variant,16524,17373,,16519,16524,https://wholesalebeautyhub.co.uk/wp-content/uploads/2025/12/IMG_0770.jpeg,2025/12/IMG_0770.jpeg,image/jpeg,jpeg,843818,2160,2160,a7987e1be28ffb30,variant_image,variant-17373-hegai-esther-powder-foundation-variant-03.jpeg,jpeg,shopify_product_media,False,NOT_REQUIRED,FOUND,PENDING,
variant,16525,17374,,16519,16525,https://wholesalebeautyhub.co.uk/wp-content/uploads/2025/12/IMG_0771.jpeg,2025/12/IMG_0771.jpeg,image/jpeg,jpeg,913662,2160,2160,fd41fab3a19ebd5d,variant_image,variant-17374-hegai-esther-powder-foundation-variant-04.jpeg,jpeg,shopify_product_media,False,NOT_REQUIRED,FOUND,PENDING,
variant,16526,17375,,16519,16526,https://wholesalebeautyhub.co.uk/wp-content/uploads/2025/12/IMG_0772.jpeg,2025/12/IMG_0772.jpeg,image/jpeg,jpeg,888974,2160,2160,fe34a0a74be01c17,variant_image,variant-17375-hegai-esther-powder-foundation-variant-05.jpeg,jpeg,shopify_product_media,False,NOT_REQUIRED,FOUND,PENDING,
variant,16527,17376,,16519,16527,https://wholesalebeautyhub.co.uk/wp-content/uploads/2025/12/IMG_0773.jpeg,2025/12/IMG_0773.jpeg,image/jpeg,jpeg,863407,2160,2160,7969c65ddd22b42d,variant_image,variant-17376-hegai-esther-powder-foundation-variant-06.jpeg,jpeg,shopify_product_media,False,NOT_REQUIRED,FOUND,PENDING,
variant,16528,17378,,16519,16528,https://wholesalebeautyhub.co.uk/wp-content/uploads/2025/12/IMG_0774.jpeg,2025/12/IMG_0774.jpeg,image/jpeg,jpeg,810809,2160,2160,a071da159efa5efc,variant_image,variant-17378-hegai-esther-powder-foundation-variant-07.jpeg,jpeg,shopify_product_media,False,NOT_REQUIRED,FOUND,PENDING,
variant,16546,17362,,16543,16546,https://wholesalebeautyhub.co.uk/wp-content/uploads/2025/12/IMG_0761.jpeg,2025/12/IMG_0761.jpeg,image/jpeg,jpeg,106526,2048,2048,8883a4be8e5d6db3,variant_image,variant-17362-hegai-esther-photo-perfect-concealer-variant.jpeg,jpeg,shopify_product_media,False,NOT_REQUIRED,FOUND,PENDING,
variant,16547,17363,,16543,16547,https://wholesalebeautyhub.co.uk/wp-content/uploads/2025/12/IMG_0762.jpeg,2025/12/IMG_0762.jpeg,image/jpeg,jpeg,130328,1707,2560,b6ddb9b2cae75853,variant_image,variant-17363-hegai-esther-photo-perfect-concealer-variant-02.jpeg,jpeg,shopify_product_media,False,NOT_REQUIRED,FOUND,PENDING,
variant,16548,17365,,16543,16548,https://wholesalebeautyhub.co.uk/wp-content/uploads/2025/12/IMG_0763.jpeg,2025/12/IMG_0763.jpeg,image/jpeg,jpeg,86947,1707,2560,1052029df753d0df,variant_image,variant-17365-hegai-esther-photo-perfect-concealer-variant-03.jpeg,jpeg,shopify_product_media,False,NOT_REQUIRED,FOUND,PENDING,
variant,16549,17366,,16543,16549,https://wholesalebeautyhub.co.uk/wp-content/uploads/2025/12/IMG_0764.jpeg,2025/12/IMG_0764.jpeg,image/jpeg,jpeg,92035,1707,2560,ecf607540a34538b,variant_image,variant-17366-hegai-esther-photo-perfect-concealer-variant-04.jpeg,jpeg,shopify_product_media,False,NOT_REQUIRED,FOUND,PENDING,
variant,16550,17367,,16543,16550,https://wholesalebeautyhub.co.uk/wp-content/uploads/2025/12/IMG_0765.jpeg,2025/12/IMG_0765.jpeg,image/jpeg,jpeg,103075,1707,2560,58e5d6cebcce4d67,variant_image,variant-17367-hegai-esther-photo-perfect-concealer-variant-05.jpeg,jpeg,shopify_product_media,False,NOT_REQUIRED,FOUND,PENDING,
variant,16551,17368,,16543,16551,https://wholesalebeautyhub.co.uk/wp-content/uploads/2025/12/IMG_0766.jpeg,2025/12/IMG_0766.jpeg,image/jpeg,jpeg,104460,2048,2048,64712711ce9c922f,variant_image,variant-17368-hegai-esther-photo-perfect-concealer-variant-06.jpeg,jpeg,shopify_product_media,False,NOT_REQUIRED,FOUND,PENDING,
variant,16552,17369,,16543,16552,https://wholesalebeautyhub.co.uk/wp-content/uploads/2025/12/IMG_0767.jpeg,2025/12/IMG_0767.jpeg,image/jpeg,jpeg,88235,1707,2560,9342b8a9dc29deb6,variant_image,variant-17369-hegai-esther-photo-perfect-concealer-variant-07.jpeg,jpeg,shopify_product_media,False,NOT_REQUIRED,FOUND,PENDING,
variant,16559,17088,,16557,16559,https://wholesalebeautyhub.co.uk/wp-content/uploads/2025/12/IMG_9833.jpeg,2025/12/IMG_9833.jpeg,image/jpeg,jpeg,3282804,2160,2160,8d56c332ef44ea6f,variant_image,variant-17088-flash-drops-liquid-highlighter-variant.jpeg,jpeg,shopify_product_media,False,NOT_REQUIRED,FOUND,PENDING,
variant,16560,17089,,16557,16560,https://wholesalebeautyhub.co.uk/wp-content/uploads/2025/12/IMG_9834.jpeg,2025/12/IMG_9834.jpeg,image/jpeg,jpeg,3406605,2160,2160,7a0fb92df125ff3a,variant_image,variant-17089-flash-drops-liquid-highlighter-variant-02.jpeg,jpeg,shopify_product_media,False,NOT_REQUIRED,FOUND,PENDING,
variant,16561,17090,,16557,16561,https://wholesalebeautyhub.co.uk/wp-content/uploads/2025/12/IMG_9835.jpeg,2025/12/IMG_9835.jpeg,image/jpeg,jpeg,4124914,2160,2160,983d78daa56ed522,variant_image,variant-17090-flash-drops-liquid-highlighter-variant-03.jpeg,jpeg,shopify_product_media,False,NOT_REQUIRED,FOUND,PENDING,
variant,16562,17091,,16557,16562,https://wholesalebeautyhub.co.uk/wp-content/uploads/2025/12/IMG_9836.jpeg,2025/12/IMG_9836.jpeg,image/jpeg,jpeg,4459785,2160,2160,f8253147df0a23fa,variant_image,variant-17091-flash-drops-liquid-highlighter-variant-04.jpeg,jpeg,shopify_product_media,False,NOT_REQUIRED,FOUND,PENDING,
variant,16563,17092,,16557,16563,https://wholesalebeautyhub.co.uk/wp-content/uploads/2025/12/IMG_9837.jpeg,2025/12/IMG_9837.jpeg,image/jpeg,jpeg,3683671,2160,2160,ddb2d7166c7336fa,variant_image,variant-17092-flash-drops-liquid-highlighter-variant-05.jpeg,jpeg,shopify_product_media,False,NOT_REQUIRED,FOUND,PENDING,
variant,16850,16852,,16445,16850,https://wholesalebeautyhub.co.uk/wp-content/uploads/2025/12/Sylvimak-Smooth-Affair-6-in-1-Powder-Palette_3.jpg.webp,2025/12/Sylvimak-Smooth-Affair-6-in-1-Powder-Palette_3.jpg.webp,image/webp,webp,83560,1080,1080,c3cad567375afa1f,variant_image,variant-16852-sylvimak-smooth-affair-finishing-powder-palette-variant.webp,webp,shopify_product_media,False,NOT_REQUIRED,FOUND,PENDING,
variant,16851,16853,,16445,16851,https://wholesalebeautyhub.co.uk/wp-content/uploads/2025/12/sylvimak-12-in-1-powder-palete.jpg,2025/12/sylvimak-12-in-1-powder-palete.jpg,image/jpeg,jpg,50505,600,800,ac77fdbb9c790aea,variant_image,variant-16853-sylvimak-smooth-affair-finishing-powder-palette-variant-02.jpg,jpg,shopify_product_media,False,NOT_REQUIRED,FOUND,PENDING,
variant,16934,17360,,16529,16934,https://wholesalebeautyhub.co.uk/wp-content/uploads/2025/12/IMG_0760.jpeg,2025/12/IMG_0760.jpeg,image/jpeg,jpeg,97471,1707,2560,e27ab0fd2bd0ef09,variant_image,variant-17360-hegai-esther-photo-perfect-liquid-foundation-variant.jpeg,jpeg,shopify_product_media,False,NOT_REQUIRED,FOUND,PENDING,
variant,16983,17061,,16464,16983,https://wholesalebeautyhub.co.uk/wp-content/uploads/2025/12/IMG_3872.jpeg,2025/12/IMG_3872.jpeg,image/jpeg,jpeg,535749,2560,2048,f1b729a35417071d,variant_image,variant-17061-hegai-esther-lipgloss-variant.jpeg,jpeg,shopify_product_media,False,NOT_REQUIRED,FOUND,PENDING,
variant,16984,17062,,16464,16984,https://wholesalebeautyhub.co.uk/wp-content/uploads/2025/12/IMG_3873.jpeg,2025/12/IMG_3873.jpeg,image/jpeg,jpeg,60532,719,1080,8cab0461b298bb00,variant_image,variant-17062-hegai-esther-lipgloss-variant-02.jpeg,jpeg,shopify_product_media,False,NOT_REQUIRED,FOUND,PENDING,
variant,16985,17063,,16464,16985,https://wholesalebeautyhub.co.uk/wp-content/uploads/2025/12/IMG_3874.jpeg,2025/12/IMG_3874.jpeg,image/jpeg,jpeg,61124,719,1080,93ed1ad5a0f547cb,variant_image,variant-17063-hegai-esther-lipgloss-variant-03.jpeg,jpeg,shopify_product_media,False,NOT_REQUIRED,FOUND,PENDING,
variant,16986,17064,,16464,16986,https://wholesalebeautyhub.co.uk/wp-content/uploads/2025/12/IMG_9808.jpeg,2025/12/IMG_9808.jpeg,image/jpeg,jpeg,365083,2560,2048,9b900acfd8f1f355,variant_image,variant-17064-hegai-esther-lipgloss-variant-04.jpeg,jpeg,shopify_product_media,False,NOT_REQUIRED,FOUND,PENDING,
variant,16987,17065,,16464,16987,https://wholesalebeautyhub.co.uk/wp-content/uploads/2025/12/IMG_9807.jpeg,2025/12/IMG_9807.jpeg,image/jpeg,jpeg,10498,100,100,3e1efdb931cb6e2b,variant_image,variant-17065-hegai-esther-lipgloss-variant-05.jpeg,jpeg,shopify_product_media,False,NOT_REQUIRED,FOUND,PENDING,
variant,16988,17066,,16464,16988,https://wholesalebeautyhub.co.uk/wp-content/uploads/2025/12/IMG_9811.jpeg,2025/12/IMG_9811.jpeg,image/jpeg,jpeg,8251,100,100,f3b5c2c2255a01fa,variant_image,variant-17066-hegai-esther-lipgloss-variant-06.jpeg,jpeg,shopify_product_media,False,NOT_REQUIRED,FOUND,PENDING,
variant,16989,17068,,16464,16989,https://wholesalebeautyhub.co.uk/wp-content/uploads/2025/12/IMG_9810.jpeg,2025/12/IMG_9810.jpeg,image/jpeg,jpeg,58230,719,1080,7d0d861261216e43,variant_image,variant-17068-hegai-esther-lipgloss-variant-07.jpeg,jpeg,shopify_product_media,False,NOT_REQUIRED,FOUND,PENDING,
variant,16990,17067,,16464,16990,https://wholesalebeautyhub.co.uk/wp-content/uploads/2025/12/IMG_9809.jpeg,2025/12/IMG_9809.jpeg,image/jpeg,jpeg,12539,100,100,2bd80974219f775f,variant_image,variant-17067-hegai-esther-lipgloss-variant-08.jpeg,jpeg,shopify_product_media,False,NOT_REQUIRED,FOUND,PENDING,
variant,16991,17069,,16464,16991,https://wholesalebeautyhub.co.uk/wp-content/uploads/2025/12/IMG_9812.jpeg,2025/12/IMG_9812.jpeg,image/jpeg,jpeg,454253,1707,2560,9e2485bd282e433c,variant_image,variant-17069-hegai-esther-lipgloss-variant-09.jpeg,jpeg,shopify_product_media,False,NOT_REQUIRED,FOUND,PENDING,
variant,16992,17070,,16464,16992,https://wholesalebeautyhub.co.uk/wp-content/uploads/2025/12/IMG_9813.jpeg,2025/12/IMG_9813.jpeg,image/jpeg,jpeg,77929,719,1080,46e46e7914d21916,variant_image,variant-17070-hegai-esther-lipgloss-variant-10.jpeg,jpeg,shopify_product_media,False,NOT_REQUIRED,FOUND,PENDING,
variant,16993,17071,,16464,16993,https://wholesalebeautyhub.co.uk/wp-content/uploads/2025/12/IMG_9814.jpeg,2025/12/IMG_9814.jpeg,image/jpeg,jpeg,628784,2560,2048,dfcd87a68372c15f,variant_image,variant-17071-hegai-esther-lipgloss-variant-11.jpeg,jpeg,shopify_product_media,False,NOT_REQUIRED,FOUND,PENDING,
variant,16994,17072,,16464,16994,https://wholesalebeautyhub.co.uk/wp-content/uploads/2025/12/IMG_9815.jpeg,2025/12/IMG_9815.jpeg,image/jpeg,jpeg,67432,719,1080,c742f6c38a3e95f5,variant_image,variant-17072-hegai-esther-lipgloss-variant-12.jpeg,jpeg,shopify_product_media,False,NOT_REQUIRED,FOUND,PENDING,
variant,16974,17073,,16467,16974,https://wholesalebeautyhub.co.uk/wp-content/uploads/2025/12/IMG_9817.jpeg,2025/12/IMG_9817.jpeg,image/jpeg,jpeg,795596,1685,2247,e620af7d245c1560,variant_image,variant-17073-hegai-esther-artstick-matte-liquid-lipstick-variant.jpeg,jpeg,shopify_product_media,False,NOT_REQUIRED,FOUND,PENDING,
variant,16975,17075,,16467,16975,https://wholesalebeautyhub.co.uk/wp-content/uploads/2025/12/IMG_9820.jpeg,2025/12/IMG_9820.jpeg,image/jpeg,jpeg,824896,1685,2247,efd941bef453f76e,variant_image,variant-17075-hegai-esther-artstick-matte-liquid-lipstick-variant-02.jpeg,jpeg,shopify_product_media,False,NOT_REQUIRED,FOUND,PENDING,
variant,16976,17076,,16467,16976,https://wholesalebeautyhub.co.uk/wp-content/uploads/2025/12/IMG_9818.jpeg,2025/12/IMG_9818.jpeg,image/jpeg,jpeg,717105,2160,2160,2d565525f529d919,variant_image,variant-17076-hegai-esther-artstick-matte-liquid-lipstick-variant-03.jpeg,jpeg,shopify_product_media,False,NOT_REQUIRED,FOUND,PENDING,
variant,16977,17077,,16467,16977,https://wholesalebeautyhub.co.uk/wp-content/uploads/2025/12/IMG_9819.jpeg,2025/12/IMG_9819.jpeg,image/jpeg,jpeg,648238,1704,2222,d4030393aa5cc128,variant_image,variant-17077-hegai-esther-artstick-matte-liquid-lipstick-variant-04.jpeg,jpeg,shopify_product_media,False,NOT_REQUIRED,FOUND,PENDING,
variant,16978,17078,,16467,16978,https://wholesalebeautyhub.co.uk/wp-content/uploads/2025/12/IMG_9822.jpeg,2025/12/IMG_9822.jpeg,image/jpeg,jpeg,3202194,2160,2160,f85723b622ebd905,variant_image,variant-17078-hegai-esther-artstick-matte-liquid-lipstick-variant-05.jpeg,jpeg,shopify_product_media,False,NOT_REQUIRED,FOUND,PENDING,
variant,16979,17079,,16467,16979,https://wholesalebeautyhub.co.uk/wp-content/uploads/2025/12/IMG_9823.jpeg,2025/12/IMG_9823.jpeg,image/jpeg,jpeg,857195,1685,2247,c0ce2a7c57d2cd24,variant_image,variant-17079-hegai-esther-artstick-matte-liquid-lipstick-variant-06.jpeg,jpeg,shopify_product_media,False,NOT_REQUIRED,FOUND,PENDING,
variant,16980,17080,,16467,16980,https://wholesalebeautyhub.co.uk/wp-content/uploads/2025/12/IMG_9825.jpeg,2025/12/IMG_9825.jpeg,image/jpeg,jpeg,86621,606,606,e3be550163eb0f62,variant_image,variant-17080-hegai-esther-artstick-matte-liquid-lipstick-variant-07.jpeg,jpeg,shopify_product_media,False,NOT_REQUIRED,FOUND,PENDING,
variant,16981,17081,,16467,16981,https://wholesalebeautyhub.co.uk/wp-content/uploads/2025/12/IMG_9826.jpeg,2025/12/IMG_9826.jpeg,image/jpeg,jpeg,68104,606,606,cd2252c0956c9df3,variant_image,variant-17081-hegai-esther-artstick-matte-liquid-lipstick-variant-08.jpeg,jpeg,shopify_product_media,False,NOT_REQUIRED,FOUND,PENDING,
variant,16982,17074,,16467,16982,https://wholesalebeautyhub.co.uk/wp-content/uploads/2025/12/IMG_9816.jpeg,2025/12/IMG_9816.jpeg,image/jpeg,jpeg,552875,2160,2160,a8bdb45a408a3eba,variant_image,variant-17074-hegai-esther-artstick-matte-liquid-lipstick-variant-09.jpeg,jpeg,shopify_product_media,False,NOT_REQUIRED,FOUND,PENDING,
variant,16757,17082,,16555,16757,https://wholesalebeautyhub.co.uk/wp-content/uploads/2025/12/IMG_9827.jpeg,2025/12/IMG_9827.jpeg,image/jpeg,jpeg,346718,1000,667,b73a23baae03549a,variant_image,variant-17082-hegai-esther-lip-definer-variant.jpeg,jpeg,shopify_product_media,False,NOT_REQUIRED,FOUND,PENDING,
variant,16758,17083,,16555,16758,https://wholesalebeautyhub.co.uk/wp-content/uploads/2025/12/IMG_9828.jpeg,2025/12/IMG_9828.jpeg,image/jpeg,jpeg,857511,1707,2560,39ad7f1c3c26b06e,variant_image,variant-17083-hegai-esther-lip-definer-variant-02.jpeg,jpeg,shopify_product_media,False,NOT_REQUIRED,FOUND,PENDING,
variant,16759,17084,,16555,16759,https://wholesalebeautyhub.co.uk/wp-content/uploads/2025/12/IMG_9829.jpeg,2025/12/IMG_9829.jpeg,image/jpeg,jpeg,114209,800,640,b74f7dcc4cece8ef,variant_image,variant-17084-hegai-esther-lip-definer-variant-03.jpeg,jpeg,shopify_product_media,False,NOT_REQUIRED,FOUND,PENDING,
variant,16760,17085,,16555,16760,https://wholesalebeautyhub.co.uk/wp-content/uploads/2025/12/IMG_9830.jpeg,2025/12/IMG_9830.jpeg,image/jpeg,jpeg,98528,800,640,079480bf123b5de4,variant_image,variant-17085-hegai-esther-lip-definer-variant-04.jpeg,jpeg,shopify_product_media,False,NOT_REQUIRED,FOUND,PENDING,
variant,16761,17086,,16555,16761,https://wholesalebeautyhub.co.uk/wp-content/uploads/2025/12/IMG_9831.jpeg,2025/12/IMG_9831.jpeg,image/jpeg,jpeg,690584,1440,1795,e112cea11626d14f,variant_image,variant-17086-hegai-esther-lip-definer-variant-05.jpeg,jpeg,shopify_product_media,False,NOT_REQUIRED,FOUND,PENDING,
variant,16762,17087,,16555,16762,https://wholesalebeautyhub.co.uk/wp-content/uploads/2025/12/IMG_9832.jpeg,2025/12/IMG_9832.jpeg,image/jpeg,jpeg,1045544,1372,1372,bb67b8edbef4625d,variant_image,variant-17087-hegai-esther-lip-definer-variant-06.jpeg,jpeg,shopify_product_media,False,NOT_REQUIRED,FOUND,PENDING,
variant,17093,17097,,,17093,https://wholesalebeautyhub.co.uk/wp-content/uploads/2025/12/IMG_9838.jpeg,2025/12/IMG_9838.jpeg,image/jpeg,jpeg,747590,2160,2160,6f5074bbbed5e5e2,variant_image,variant-17097-variation-17093.jpeg,jpeg,shopify_product_media,False,NOT_REQUIRED,FOUND,PENDING,
variant,17094,17098,,,17094,https://wholesalebeautyhub.co.uk/wp-content/uploads/2025/12/IMG_9839.jpeg,2025/12/IMG_9839.jpeg,image/jpeg,jpeg,746481,2160,2160,b9b958d06473e203,variant_image,variant-17098-variation-17094.jpeg,jpeg,shopify_product_media,False,NOT_REQUIRED,FOUND,PENDING,
variant,17095,17099,,,17095,https://wholesalebeautyhub.co.uk/wp-content/uploads/2025/12/IMG_9840.jpeg,2025/12/IMG_9840.jpeg,image/jpeg,jpeg,762446,2160,2160,6e710fd753e16eef,variant_image,variant-17099-variation-17095.jpeg,jpeg,shopify_product_media,False,NOT_REQUIRED,FOUND,PENDING,
variant,16945,17349,,16529,16945,https://wholesalebeautyhub.co.uk/wp-content/uploads/2025/12/IMG_0749.jpeg,2025/12/IMG_0749.jpeg,image/jpeg,jpeg,95641,1707,2560,691ebd3363970db2,variant_image,variant-17349-hegai-esther-photo-perfect-liquid-foundation-variant-02.jpeg,jpeg,shopify_product_media,False,NOT_REQUIRED,FOUND,PENDING,
variant,16944,17351,,16529,16944,https://wholesalebeautyhub.co.uk/wp-content/uploads/2025/12/IMG_0751.jpeg,2025/12/IMG_0751.jpeg,image/jpeg,jpeg,31343,720,1080,3a238ccf163146c2,variant_image,variant-17351-hegai-esther-photo-perfect-liquid-foundation-variant-03.jpeg,jpeg,shopify_product_media,False,NOT_REQUIRED,FOUND,PENDING,
variant,16943,17352,,16529,16943,https://wholesalebeautyhub.co.uk/wp-content/uploads/2025/12/IMG_0752.jpeg,2025/12/IMG_0752.jpeg,image/jpeg,jpeg,104507,1707,2560,33b33f4e78beecd7,variant_image,variant-17352-hegai-esther-photo-perfect-liquid-foundation-variant-04.jpeg,jpeg,shopify_product_media,False,NOT_REQUIRED,FOUND,PENDING,
variant,16942,17353,,16529,16942,https://wholesalebeautyhub.co.uk/wp-content/uploads/2025/12/IMG_0753.jpeg,2025/12/IMG_0753.jpeg,image/jpeg,jpeg,90078,1707,2560,80924c11ad5ca451,variant_image,variant-17353-hegai-esther-photo-perfect-liquid-foundation-variant-05.jpeg,jpeg,shopify_product_media,False,NOT_REQUIRED,FOUND,PENDING,
variant,16941,17354,,16529,16941,https://wholesalebeautyhub.co.uk/wp-content/uploads/2025/12/IMG_0754.jpeg,2025/12/IMG_0754.jpeg,image/jpeg,jpeg,103232,1707,2560,77aaf4dc57057b15,variant_image,variant-17354-hegai-esther-photo-perfect-liquid-foundation-variant-06.jpeg,jpeg,shopify_product_media,False,NOT_REQUIRED,FOUND,PENDING,
variant,16940,17355,,16529,16940,https://wholesalebeautyhub.co.uk/wp-content/uploads/2025/12/IMG_0755.jpeg,2025/12/IMG_0755.jpeg,image/jpeg,jpeg,92891,1707,2560,0cc4af515760d8d6,variant_image,variant-17355-hegai-esther-photo-perfect-liquid-foundation-variant-07.jpeg,jpeg,shopify_product_media,False,NOT_REQUIRED,FOUND,PENDING,
variant,16939,17356,,16529,16939,https://wholesalebeautyhub.co.uk/wp-content/uploads/2025/12/IMG_0756.jpeg,2025/12/IMG_0756.jpeg,image/jpeg,jpeg,96697,1707,2560,f0e8e0cc877712b6,variant_image,variant-17356-hegai-esther-photo-perfect-liquid-foundation-variant-08.jpeg,jpeg,shopify_product_media,False,NOT_REQUIRED,FOUND,PENDING,
variant,16938,17357,,16529,16938,https://wholesalebeautyhub.co.uk/wp-content/uploads/2025/12/IMG_0757.jpeg,2025/12/IMG_0757.jpeg,image/jpeg,jpeg,100337,1707,2560,084d9eb14f59166c,variant_image,variant-17357-hegai-esther-photo-perfect-liquid-foundation-variant-09.jpeg,jpeg,shopify_product_media,False,NOT_REQUIRED,FOUND,PENDING,
variant,16937,17358,,16529,16937,https://wholesalebeautyhub.co.uk/wp-content/uploads/2025/12/IMG_0758.jpeg,2025/12/IMG_0758.jpeg,image/jpeg,jpeg,98291,1707,2560,d1f0dda4f6a1bab7,variant_image,variant-17358-hegai-esther-photo-perfect-liquid-foundation-variant-10.jpeg,jpeg,shopify_product_media,False,NOT_REQUIRED,FOUND,PENDING,
variant,16936,17359,,16529,16936,https://wholesalebeautyhub.co.uk/wp-content/uploads/2025/12/IMG_0759.jpeg,2025/12/IMG_0759.jpeg,image/jpeg,jpeg,96370,1707,2560,8b770d79f3f6d9c2,variant_image,variant-17359-hegai-esther-photo-perfect-liquid-foundation-variant-11.jpeg,jpeg,shopify_product_media,False,NOT_REQUIRED,FOUND,PENDING,
variant,17484,17486,,17478,17484,https://wholesalebeautyhub.co.uk/wp-content/uploads/2026/01/IMG_0905.jpeg,2026/01/IMG_0905.jpeg,image/jpeg,jpeg,65708,1194,672,b4e235bf25e5b3b8,variant_image,variant-17486-vaseline-glazed-and-glisten-shimmering-oil-variant.jpeg,jpeg,shopify_product_media,False,NOT_REQUIRED,FOUND,PENDING,
variant,17485,17479,,17478,17485,https://wholesalebeautyhub.co.uk/wp-content/uploads/2026/01/IMG_0903.jpeg,2026/01/IMG_0903.jpeg,image/jpeg,jpeg,185771,1910,1000,cc14ef2a2d9ab878,variant_image,variant-17479-vaseline-glazed-and-glisten-shimmering-oil-variant-02.jpeg,jpeg,shopify_product_media,False,NOT_REQUIRED,FOUND,PENDING,
variant,17507,17505,,17503,17507,https://wholesalebeautyhub.co.uk/wp-content/uploads/2026/01/IMG_0919.jpeg,2026/01/IMG_0919.jpeg,image/jpeg,jpeg,80109,1170,1344,d4d918ca5d9bc33f,variant_image,variant-17505-eos-shave-oil-variant.jpeg,jpeg,shopify_product_media,False,NOT_REQUIRED,FOUND,PENDING,
variant,17508,17506,,17503,17508,https://wholesalebeautyhub.co.uk/wp-content/uploads/2026/01/IMG_0920.jpeg,2026/01/IMG_0920.jpeg,image/jpeg,jpeg,82239,1170,1356,98924b83692c87d7,variant_image,variant-17506-eos-shave-oil-variant-02.jpeg,jpeg,shopify_product_media,False,NOT_REQUIRED,FOUND,PENDING,
variant,17509,17504,,17503,17509,https://wholesalebeautyhub.co.uk/wp-content/uploads/2026/01/IMG_0918.jpeg,2026/01/IMG_0918.jpeg,image/jpeg,jpeg,81225,1170,1334,1f1794c613669717,variant_image,variant-17504-eos-shave-oil-variant-03.jpeg,jpeg,shopify_product_media,False,NOT_REQUIRED,FOUND,PENDING,
variant,17559,19869,,15467,17559,https://wholesalebeautyhub.co.uk/wp-content/uploads/2026/01/IMG_3929.jpeg,2026/01/IMG_3929.jpeg,image/jpeg,jpeg,72032,1170,1341,071d68f097f369d8,variant_image,variant-19869-eos-cashmere-body-mist-variant-05.jpeg,jpeg,shopify_product_media,False,NOT_REQUIRED,FOUND,PENDING,
variant,17580,17589,,16532,17580,https://wholesalebeautyhub.co.uk/wp-content/uploads/2026/01/IMG_1006.jpeg,2026/01/IMG_1006.jpeg,image/jpeg,jpeg,588353,2560,2048,dd9babbbbe6e3805,variant_image,variant-17589-hegai-esther-velvet-matte-lipstick-variant.jpeg,jpeg,shopify_product_media,False,NOT_REQUIRED,FOUND,PENDING,
variant,17581,17590,,16532,17581,https://wholesalebeautyhub.co.uk/wp-content/uploads/2026/01/IMG_1007.jpeg,2026/01/IMG_1007.jpeg,image/jpeg,jpeg,587427,2560,2048,c00b6e3568813f5c,variant_image,variant-17590-hegai-esther-velvet-matte-lipstick-variant-02.jpeg,jpeg,shopify_product_media,False,NOT_REQUIRED,FOUND,PENDING,
variant,17582,17591,,16532,17582,https://wholesalebeautyhub.co.uk/wp-content/uploads/2026/01/IMG_1008.jpeg,2026/01/IMG_1008.jpeg,image/jpeg,jpeg,669750,2560,2048,714314d5c9c9ac66,variant_image,variant-17591-hegai-esther-velvet-matte-lipstick-variant-03.jpeg,jpeg,shopify_product_media,False,NOT_REQUIRED,FOUND,PENDING,
variant,17583,17592,,16532,17583,https://wholesalebeautyhub.co.uk/wp-content/uploads/2026/01/IMG_1009.jpeg,2026/01/IMG_1009.jpeg,image/jpeg,jpeg,747204,2048,2560,54c4edc494b82401,variant_image,variant-17592-hegai-esther-velvet-matte-lipstick-variant-04.jpeg,jpeg,shopify_product_media,False,NOT_REQUIRED,FOUND,PENDING,
variant,17584,17593,,16532,17584,https://wholesalebeautyhub.co.uk/wp-content/uploads/2026/01/IMG_1010.jpeg,2026/01/IMG_1010.jpeg,image/jpeg,jpeg,4895115,2508,2006,0e1276c52c7c3abc,variant_image,variant-17593-hegai-esther-velvet-matte-lipstick-variant-05.jpeg,jpeg,shopify_product_media,False,NOT_REQUIRED,FOUND,PENDING,
variant,17585,17594,,16532,17585,https://wholesalebeautyhub.co.uk/wp-content/uploads/2026/01/IMG_1011.jpeg,2026/01/IMG_1011.jpeg,image/jpeg,jpeg,702956,2560,2048,75a768f8b4ec1183,variant_image,variant-17594-hegai-esther-velvet-matte-lipstick-variant-06.jpeg,jpeg,shopify_product_media,False,NOT_REQUIRED,FOUND,PENDING,
variant,17586,17595,,16532,17586,https://wholesalebeautyhub.co.uk/wp-content/uploads/2026/01/IMG_1012.jpeg,2026/01/IMG_1012.jpeg,image/jpeg,jpeg,825594,1576,2100,e00b47c580674359,variant_image,variant-17595-hegai-esther-velvet-matte-lipstick-variant-07.jpeg,jpeg,shopify_product_media,False,NOT_REQUIRED,FOUND,PENDING,
variant,17587,17596,,16532,17587,https://wholesalebeautyhub.co.uk/wp-content/uploads/2026/01/IMG_1013.jpeg,2026/01/IMG_1013.jpeg,image/jpeg,jpeg,388892,2048,2560,2578dd51559c51a8,variant_image,variant-17596-hegai-esther-velvet-matte-lipstick-variant-08.jpeg,jpeg,shopify_product_media,False,NOT_REQUIRED,FOUND,PENDING,
variant,17588,17597,,16532,17588,https://wholesalebeautyhub.co.uk/wp-content/uploads/2026/01/IMG_1014.jpeg,2026/01/IMG_1014.jpeg,image/jpeg,jpeg,596578,2560,2047,332e5c39b901840b,variant_image,variant-17597-hegai-esther-velvet-matte-lipstick-variant-09.jpeg,jpeg,shopify_product_media,False,NOT_REQUIRED,FOUND,PENDING,
variant,19727,19737,,16464,19727,https://wholesalebeautyhub.co.uk/wp-content/uploads/2026/03/IMG_9891-2.png,2026/03/IMG_9891-2.png,image/png,png,2229305,1024,1536,6d1977aaf5a57562,variant_image,variant-19737-hegai-esther-lipgloss-variant-13.png,png,shopify_product_media,False,NOT_REQUIRED,FOUND,PENDING,
variant,19726,19736,,16464,19726,https://wholesalebeautyhub.co.uk/wp-content/uploads/2026/03/IMG_9890.png,2026/03/IMG_9890.png,image/png,png,629601,1024,1536,7b6d5c1978c4c6f7,variant_image,variant-19736-hegai-esther-lipgloss-variant-14.png,png,shopify_product_media,False,NOT_REQUIRED,FOUND,PENDING,
variant,19725,19735,,16464,19725,https://wholesalebeautyhub.co.uk/wp-content/uploads/2026/03/IMG_9889-1.png,2026/03/IMG_9889-1.png,image/png,png,1968977,1024,1536,eb4fed05a791d8e1,variant_image,variant-19735-hegai-esther-lipgloss-variant-15.png,png,shopify_product_media,False,NOT_REQUIRED,FOUND,PENDING,
variant,19724,19733,,16464,19724,https://wholesalebeautyhub.co.uk/wp-content/uploads/2026/03/IMG_9888.png,2026/03/IMG_9888.png,image/png,png,1905483,1024,1536,860d11bdd6a4b191,variant_image,variant-19733-hegai-esther-lipgloss-variant-16.png,png,shopify_product_media,False,NOT_REQUIRED,FOUND,PENDING,
variant,19723,19732,,16464,19723,https://wholesalebeautyhub.co.uk/wp-content/uploads/2026/03/IMG_9887-1.png,2026/03/IMG_9887-1.png,image/png,png,1831791,1024,1536,f080b65e07ad1043,variant_image,variant-19732-hegai-esther-lipgloss-variant-17.png,png,shopify_product_media,False,NOT_REQUIRED,FOUND,PENDING,
variant,19742,19748,,69,19742,https://wholesalebeautyhub.co.uk/wp-content/uploads/2026/03/IMG_3858.jpeg,2026/03/IMG_3858.jpeg,image/jpeg,jpeg,411679,1132,1442,2a77a97c82aa69d7,variant_image,variant-19748-msmetics-14in1-lash-set-variant-08.jpeg,jpeg,shopify_product_media,False,NOT_REQUIRED,FOUND,PENDING,
variant,19743,19747,,69,19743,https://wholesalebeautyhub.co.uk/wp-content/uploads/2026/03/IMG_3857.jpeg,2026/03/IMG_3857.jpeg,image/jpeg,jpeg,33260,225,300,547e442b7bd5929e,variant_image,variant-19747-msmetics-14in1-lash-set-variant-09.jpeg,jpeg,shopify_product_media,False,NOT_REQUIRED,FOUND,PENDING,
variant,19744,19746,,69,19744,https://wholesalebeautyhub.co.uk/wp-content/uploads/2026/03/IMG_3855.jpeg,2026/03/IMG_3855.jpeg,image/jpeg,jpeg,27776,225,300,1cead48a878d430a,variant_image,variant-19746-msmetics-14in1-lash-set-variant-10.jpeg,jpeg,shopify_product_media,False,NOT_REQUIRED,FOUND,PENDING,
variant,19793,19866,,15467,19793,https://wholesalebeautyhub.co.uk/wp-content/uploads/2026/03/IMG_3926.jpeg,2026/03/IMG_3926.jpeg,image/jpeg,jpeg,75378,1170,1351,a22ef6325a95d2de,variant_image,variant-19866-eos-cashmere-body-mist-variant-06.jpeg,jpeg,shopify_product_media,False,NOT_REQUIRED,FOUND,PENDING,
variant,19794,19867,,15467,19794,https://wholesalebeautyhub.co.uk/wp-content/uploads/2026/03/IMG_3927.jpeg,2026/03/IMG_3927.jpeg,image/jpeg,jpeg,70137,1170,1328,7f00dd79119df659,variant_image,variant-19867-eos-cashmere-body-mist-variant-07.jpeg,jpeg,shopify_product_media,False,NOT_REQUIRED,FOUND,PENDING,
variant,19795,19865,,15467,19795,https://wholesalebeautyhub.co.uk/wp-content/uploads/2026/03/IMG_3925.jpeg,2026/03/IMG_3925.jpeg,image/jpeg,jpeg,70924,1170,1333,e993237ff2a0b1d2,variant_image,variant-19865-eos-cashmere-body-mist-variant-08.jpeg,jpeg,shopify_product_media,False,NOT_REQUIRED,FOUND,PENDING,
variant,19796,19868,,15467,19796,https://wholesalebeautyhub.co.uk/wp-content/uploads/2026/03/IMG_3928.jpeg,2026/03/IMG_3928.jpeg,image/jpeg,jpeg,70424,1170,1337,7ae0399548b91e17,variant_image,variant-19868-eos-cashmere-body-mist-variant-09.jpeg,jpeg,shopify_product_media,False,NOT_REQUIRED,FOUND,PENDING,
variant,19991,20190,,16464,19991,https://wholesalebeautyhub.co.uk/wp-content/uploads/2026/04/IMG_4733.png,2026/04/IMG_4733.png,image/png,png,5657,100,100,916091e6888f71c5,variant_image,variant-20190-hegai-esther-lipgloss-variant-18.png,png,shopify_product_media,False,NOT_REQUIRED,FOUND,PENDING,
variant,19992,20191,,16464,19992,https://wholesalebeautyhub.co.uk/wp-content/uploads/2026/04/IMG_4735.jpeg,2026/04/IMG_4735.jpeg,image/jpeg,jpeg,90513,1170,1169,5e4af481c5c39109,variant_image,variant-20191-hegai-esther-lipgloss-variant-19.jpeg,jpeg,shopify_product_media,False,NOT_REQUIRED,FOUND,PENDING,
variant,19993,20193,,16464,19993,https://wholesalebeautyhub.co.uk/wp-content/uploads/2026/04/IMG_4737.jpeg,2026/04/IMG_4737.jpeg,image/jpeg,jpeg,89322,1170,1150,6400e7ff8c8b1f70,variant_image,variant-20193-hegai-esther-lipgloss-variant-20.jpeg,jpeg,shopify_product_media,False,NOT_REQUIRED,FOUND,PENDING,
variant,19994,20192,,16464,19994,https://wholesalebeautyhub.co.uk/wp-content/uploads/2026/04/IMG_4736.jpeg,2026/04/IMG_4736.jpeg,image/jpeg,jpeg,50907,1170,1158,809576d06fe005c8,variant_image,variant-20192-hegai-esther-lipgloss-variant-21.jpeg,jpeg,shopify_product_media,False,NOT_REQUIRED,FOUND,PENDING,
variant,19995,20194,,16464,19995,https://wholesalebeautyhub.co.uk/wp-content/uploads/2026/04/IMG_4738.jpeg,2026/04/IMG_4738.jpeg,image/jpeg,jpeg,68356,1170,1133,00d5a910737d2876,variant_image,variant-20194-hegai-esther-lipgloss-variant-22.jpeg,jpeg,shopify_product_media,False,NOT_REQUIRED,FOUND,PENDING,
variant,20533,20527,,20525,20533,https://wholesalebeautyhub.co.uk/wp-content/uploads/2026/04/IMG_5517.jpeg,2026/04/IMG_5517.jpeg,image/jpeg,jpeg,38073,1073,961,425157c65d04acaa,variant_image,variant-20527-beauty-by-ad-dew-drop-foundation-variant.jpeg,jpeg,shopify_product_media,False,NOT_REQUIRED,FOUND,PENDING,
variant,20534,20528,,20525,20534,https://wholesalebeautyhub.co.uk/wp-content/uploads/2026/04/IMG_5518.jpeg,2026/04/IMG_5518.jpeg,image/jpeg,jpeg,36934,999,948,c23767d3a9670629,variant_image,variant-20528-beauty-by-ad-dew-drop-foundation-variant-02.jpeg,jpeg,shopify_product_media,False,NOT_REQUIRED,FOUND,PENDING,
variant,20535,20529,,20525,20535,https://wholesalebeautyhub.co.uk/wp-content/uploads/2026/04/IMG_5519.jpeg,2026/04/IMG_5519.jpeg,image/jpeg,jpeg,34776,946,906,c91de637305d43db,variant_image,variant-20529-beauty-by-ad-dew-drop-foundation-variant-03.jpeg,jpeg,shopify_product_media,False,NOT_REQUIRED,FOUND,PENDING,
variant,20536,20530,,20525,20536,https://wholesalebeautyhub.co.uk/wp-content/uploads/2026/04/IMG_5520.jpeg,2026/04/IMG_5520.jpeg,image/jpeg,jpeg,37090,951,1058,b090534f40dbe8a7,variant_image,variant-20530-beauty-by-ad-dew-drop-foundation-variant-04.jpeg,jpeg,shopify_product_media,False,NOT_REQUIRED,FOUND,PENDING,
variant,20537,20531,,20525,20537,https://wholesalebeautyhub.co.uk/wp-content/uploads/2026/04/IMG_5521.jpeg,2026/04/IMG_5521.jpeg,image/jpeg,jpeg,38888,943,975,6b729c1b2cbe02f1,variant_image,variant-20531-beauty-by-ad-dew-drop-foundation-variant-05.jpeg,jpeg,shopify_product_media,False,NOT_REQUIRED,FOUND,PENDING,
variant,20542,20544,,20539,20542,https://wholesalebeautyhub.co.uk/wp-content/uploads/2026/04/IMG_5523.jpeg,2026/04/IMG_5523.jpeg,image/jpeg,jpeg,34571,1028,843,d51f8943a0506129,variant_image,variant-20544-beauty-by-ad-lip-luxe-potion-lip-oil-variant.jpeg,jpeg,shopify_product_media,False,NOT_REQUIRED,FOUND,PENDING,
variant,20543,20545,,20539,20543,https://wholesalebeautyhub.co.uk/wp-content/uploads/2026/04/IMG_5524.jpeg,2026/04/IMG_5524.jpeg,image/jpeg,jpeg,39651,1086,922,7dc7f758c7c1895b,variant_image,variant-20545-beauty-by-ad-lip-luxe-potion-lip-oil-variant-02.jpeg,jpeg,shopify_product_media,False,NOT_REQUIRED,FOUND,PENDING,
variant,20548,20553,,20546,20548,https://wholesalebeautyhub.co.uk/wp-content/uploads/2026/04/IMG_5527.jpeg,2026/04/IMG_5527.jpeg,image/jpeg,jpeg,46898,992,1213,caa79db317cdf59b,variant_image,variant-20553-beauty-by-ad-ethereal-essence-lipgloss-variant.jpeg,jpeg,shopify_product_media,False,NOT_REQUIRED,FOUND,PENDING,
variant,20549,20554,,20546,20549,https://wholesalebeautyhub.co.uk/wp-content/uploads/2026/04/IMG_5528.jpeg,2026/04/IMG_5528.jpeg,image/jpeg,jpeg,49333,945,1341,e96475d0a5b3dad1,variant_image,variant-20554-beauty-by-ad-ethereal-essence-lipgloss-variant-02.jpeg,jpeg,shopify_product_media,False,NOT_REQUIRED,FOUND,PENDING,
variant,20550,20555,,20546,20550,https://wholesalebeautyhub.co.uk/wp-content/uploads/2026/04/IMG_5529.jpeg,2026/04/IMG_5529.jpeg,image/jpeg,jpeg,54044,945,1338,59e31070dde74251,variant_image,variant-20555-beauty-by-ad-ethereal-essence-lipgloss-variant-03.jpeg,jpeg,shopify_product_media,False,NOT_REQUIRED,FOUND,PENDING,
variant,20551,20556,,20546,20551,https://wholesalebeautyhub.co.uk/wp-content/uploads/2026/04/IMG_5530.jpeg,2026/04/IMG_5530.jpeg,image/jpeg,jpeg,76979,948,1304,5f46553a90317195,variant_image,variant-20556-beauty-by-ad-ethereal-essence-lipgloss-variant-04.jpeg,jpeg,shopify_product_media,False,NOT_REQUIRED,FOUND,PENDING,
variant,20552,20557,,20546,20552,https://wholesalebeautyhub.co.uk/wp-content/uploads/2026/04/IMG_5531.jpeg,2026/04/IMG_5531.jpeg,image/jpeg,jpeg,47266,956,1333,9a0302d232c383e6,variant_image,variant-20557-beauty-by-ad-ethereal-essence-lipgloss-variant-05.jpeg,jpeg,shopify_product_media,False,NOT_REQUIRED,FOUND,PENDING,
variant,20560,20561,,53,20560,https://wholesalebeautyhub.co.uk/wp-content/uploads/2026/04/IMG_5532.webp,2026/04/IMG_5532.webp,image/webp,webp,55578,530,530,38847f92b414ff04,variant_image,variant-20561-nuban-beauty-oil-control-setting-powder-variant-04.webp,webp,shopify_product_media,False,NOT_REQUIRED,FOUND,PENDING,
variant,20598,20605,,20595,20598,https://wholesalebeautyhub.co.uk/wp-content/uploads/2026/04/IMG_5540.webp,2026/04/IMG_5540.webp,image/webp,webp,20244,990,990,109a2648ee97bf4d,variant_image,variant-20605-tola-banks-beauty-lipgloss-variant.webp,webp,shopify_product_media,False,NOT_REQUIRED,FOUND,PENDING,
variant,20599,20606,,20595,20599,https://wholesalebeautyhub.co.uk/wp-content/uploads/2026/04/IMG_5541.webp,2026/04/IMG_5541.webp,image/webp,webp,21422,990,990,af6b6ff972ea48ce,variant_image,variant-20606-tola-banks-beauty-lipgloss-variant-02.webp,webp,shopify_product_media,False,NOT_REQUIRED,FOUND,PENDING,
variant,20600,20607,,20595,20600,https://wholesalebeautyhub.co.uk/wp-content/uploads/2026/04/IMG_5542.webp,2026/04/IMG_5542.webp,image/webp,webp,21142,990,990,491602e41cb96b98,variant_image,variant-20607-tola-banks-beauty-lipgloss-variant-03.webp,webp,shopify_product_media,False,NOT_REQUIRED,FOUND,PENDING,
variant,20601,20608,,20595,20601,https://wholesalebeautyhub.co.uk/wp-content/uploads/2026/04/IMG_5543.webp,2026/04/IMG_5543.webp,image/webp,webp,20012,990,990,3c94081e0420139a,variant_image,variant-20608-tola-banks-beauty-lipgloss-variant-04.webp,webp,shopify_product_media,False,NOT_REQUIRED,FOUND,PENDING,
variant,20602,20609,,20595,20602,https://wholesalebeautyhub.co.uk/wp-content/uploads/2026/04/IMG_5544.webp,2026/04/IMG_5544.webp,image/webp,webp,19164,990,990,c64b0a2819e80426,variant_image,variant-20609-tola-banks-beauty-lipgloss-variant-05.webp,webp,shopify_product_media,False,NOT_REQUIRED,FOUND,PENDING,
variant,20603,20611,,20595,20603,https://wholesalebeautyhub.co.uk/wp-content/uploads/2026/04/IMG_5546.webp,2026/04/IMG_5546.webp,image/webp,webp,17190,990,990,aba661aa98d1a6be,variant_image,variant-20611-tola-banks-beauty-lipgloss-variant-06.webp,webp,shopify_product_media,False,NOT_REQUIRED,FOUND,PENDING,
variant,20604,20597,,20595,20604,https://wholesalebeautyhub.co.uk/wp-content/uploads/2026/04/IMG_5547.webp,2026/04/IMG_5547.webp,image/webp,webp,22468,990,990,f18ab66f6092aeed,variant_image,variant-20597-tola-banks-beauty-lipgloss-variant-07.webp,webp,shopify_product_media,False,NOT_REQUIRED,FOUND,PENDING,
variant,25124,25126,,25122,25124,https://wholesalebeautyhub.co.uk/wp-content/uploads/2026/07/IMG_9934.png,2026/07/IMG_9934.png,image/png,png,91027,500,500,9d86e09f1a37c886,variant_image,variant-25126-differin-epiduo-acne-gel-variant.png,png,shopify_product_media,False,NOT_REQUIRED,FOUND,PENDING,
variant,25125,25123,,25122,25125,https://wholesalebeautyhub.co.uk/wp-content/uploads/2026/07/IMG_9933.webp,2026/07/IMG_9933.webp,image/webp,webp,56026,900,900,391b693e8c769fa6,variant_image,variant-25123-differin-epiduo-acne-gel-variant-02.webp,webp,shopify_product_media,False,NOT_REQUIRED,FOUND,PENDING,
site_identity,site_icon,1967,,,,https://wholesalebeautyhub.co.uk/wp-content/uploads/2024/06/cropped-wbh-favicon.png,2024/06/cropped-wbh-favicon.png,image/png,png,35602,512,512,8a8e60f39c0fb00e,site_identity,site_identity-1967-site-icon.png,png,shopify_files,False,NOT_REQUIRED,FOUND,PENDING,
site_identity,site_logo,158,,,,,,,,,,,,site_identity,site_identity-158-site-logo.bin,,shopify_files,False,NOT_REQUIRED,MISSING,PENDING,no source attachment found
page,9,2389,,,,https://wholesalebeautyhub.co.uk/wp-content/uploads/2024/08/Absolute-lip-gloss-clear.png,2024/08/Absolute-lip-gloss-clear.png,image/png,png,145279,600,600,1057125d964d2681,page_image,page-2389-checkout.png,png,shopify_files,False,NOT_REQUIRED,FOUND,PENDING,
page,629,21869,,,,https://wholesalebeautyhub.co.uk/wp-content/uploads/2026/05/IMG_7209.jpeg,2026/05/IMG_7209.jpeg,image/jpeg,jpeg,94042,1170,1807,cd810a19a9a7e14c,page_image,page-21869-untitled.jpeg,jpeg,shopify_files,False,NOT_REQUIRED,FOUND,PENDING,
page,629,21855,,,,https://wholesalebeautyhub.co.uk/wp-content/uploads/2026/05/IMG_7201.webp,2026/05/IMG_7201.webp,image/webp,webp,36812,1200,1200,beefd264f57faf26,page_image,page-21855-untitled-02.webp,webp,shopify_files,False,NOT_REQUIRED,FOUND,PENDING,
page,629,21859,,,,https://wholesalebeautyhub.co.uk/wp-content/uploads/2026/05/IMG_7203.jpeg,2026/05/IMG_7203.jpeg,image/jpeg,jpeg,16247,500,500,6581fd7c2c11f3b9,page_image,page-21859-untitled-03.jpeg,jpeg,shopify_files,False,NOT_REQUIRED,FOUND,PENDING,
page,629,21857,,,,https://wholesalebeautyhub.co.uk/wp-content/uploads/2026/05/IMG_7202.jpeg,2026/05/IMG_7202.jpeg,image/jpeg,jpeg,85900,1150,1150,f7de7892ed8d9767,page_image,page-21857-untitled-04.jpeg,jpeg,shopify_files,False,NOT_REQUIRED,FOUND,PENDING,
page,629,21823,,,,https://wholesalebeautyhub.co.uk/wp-content/uploads/2026/05/IMG_7196.webp,2026/05/IMG_7196.webp,image/webp,webp,18486,990,990,3f896e26b81316ce,page_image,page-21823-untitled-05.webp,webp,shopify_files,False,NOT_REQUIRED,FOUND,PENDING,
page,629,21825,,,,https://wholesalebeautyhub.co.uk/wp-content/uploads/2026/05/IMG_7197.webp,2026/05/IMG_7197.webp,image/webp,webp,16868,990,990,37d9c261fb79216f,page_image,page-21825-untitled-06.webp,webp,shopify_files,False,NOT_REQUIRED,FOUND,PENDING,
page,629,21828,,,,https://wholesalebeautyhub.co.uk/wp-content/uploads/2026/05/IMG_7199.webp,2026/05/IMG_7199.webp,image/webp,webp,14546,1281,1281,616e13b6e4fa9550,page_image,page-21828-untitled-07.webp,webp,shopify_files,False,NOT_REQUIRED,FOUND,PENDING,
page,629,21831,,,,https://wholesalebeautyhub.co.uk/wp-content/uploads/2026/05/IMG_7200.webp,2026/05/IMG_7200.webp,image/webp,webp,15998,1200,1200,73fe3078d19e47ad,page_image,page-21831-untitled-08.webp,webp,shopify_files,False,NOT_REQUIRED,FOUND,PENDING,
page,629,21859,,,,https://wholesalebeautyhub.co.uk/wp-content/uploads/2026/05/IMG_7203.jpeg,2026/05/IMG_7203.jpeg,image/jpeg,jpeg,16247,500,500,6581fd7c2c11f3b9,page_image,page-21859-untitled-09.jpeg,jpeg,shopify_files,False,NOT_REQUIRED,FOUND,PENDING,
page,629,18672,,,,https://wholesalebeautyhub.co.uk/wp-content/uploads/2026/02/Tiam-b5-toner.webp,2026/02/Tiam-b5-toner.webp,image/webp,webp,12370,1000,1000,3797f9d957fba876,page_image,page-18672-untitled-10.webp,webp,shopify_files,False,NOT_REQUIRED,FOUND,PENDING,
page,629,18490,,,,https://wholesalebeautyhub.co.uk/wp-content/uploads/2026/02/IMG_1957.jpeg,2026/02/IMG_1957.jpeg,image/jpeg,jpeg,74866,1170,1557,27af401b60194b0f,page_image,page-18490-untitled-11.jpeg,jpeg,shopify_files,False,NOT_REQUIRED,FOUND,PENDING,
page,629,14353,,,,https://wholesalebeautyhub.co.uk/wp-content/uploads/2025/09/skin1004-toner-210ml-madagascar-centella-tone-brightening-boosting-toner-36440310350070_1440x.webp,2025/09/skin1004-toner-210ml-madagascar-centella-tone-brightening-boosting-toner-36440310350070_1440x.webp,image/webp,webp,26550,900,900,9afd7cdf4ef2059d,page_image,page-14353-untitled-12.webp,webp,shopify_files,False,NOT_REQUIRED,FOUND,PENDING,
page,629,14354,,,,https://wholesalebeautyhub.co.uk/wp-content/uploads/2025/09/skin1004-toner-210ml-tone-brightening-boosting-toner-38642937135350_1440x.webp,2025/09/skin1004-toner-210ml-tone-brightening-boosting-toner-38642937135350_1440x.webp,image/webp,webp,21980,1440,1440,84492578f55a8ba9,page_image,page-14354-untitled-13.webp,webp,shopify_files,False,NOT_REQUIRED,FOUND,PENDING,
page,629,20639,,,,https://wholesalebeautyhub.co.uk/wp-content/uploads/2026/04/IMG_5556-1.jpeg,2026/04/IMG_5556-1.jpeg,image/jpeg,jpeg,8178,225,225,ff9cbe9ee9d7df70,page_image,page-20639-untitled-14.jpeg,jpeg,shopify_files,False,NOT_REQUIRED,FOUND,PENDING,
page,629,20638,,,,https://wholesalebeautyhub.co.uk/wp-content/uploads/2026/04/IMG_5556.jpeg,2026/04/IMG_5556.jpeg,image/jpeg,jpeg,8178,225,225,6f5ce2328cff3ace,page_image,page-20638-untitled-15.jpeg,jpeg,shopify_files,False,NOT_REQUIRED,FOUND,PENDING,
page,629,20636,,,,https://wholesalebeautyhub.co.uk/wp-content/uploads/2026/04/IMG_5555.jpeg,2026/04/IMG_5555.jpeg,image/jpeg,jpeg,5792,225,225,83fb69d6eb956255,page_image,page-20636-untitled-16.jpeg,jpeg,shopify_files,False,NOT_REQUIRED,FOUND,PENDING,
page,629,17664,,,,https://wholesalebeautyhub.co.uk/wp-content/uploads/2026/01/IMG_1090.webp,2026/01/IMG_1090.webp,image/webp,webp,28202,1200,1440,eb2e6268df02b775,page_image,page-17664-untitled-17.webp,webp,shopify_files,False,NOT_REQUIRED,FOUND,PENDING,
page,629,16790,,,,https://wholesalebeautyhub.co.uk/wp-content/uploads/2025/12/Bolden_Sunscreen_Main_Benefit.webp,2025/12/Bolden_Sunscreen_Main_Benefit.webp,image/webp,webp,75934,800,800,ce7c50824ddf8a16,page_image,page-16790-untitled-18.webp,webp,shopify_files,False,NOT_REQUIRED,FOUND,PENDING,
page,629,16789,,,,https://wholesalebeautyhub.co.uk/wp-content/uploads/2025/12/Bolden_Sunscreen_Moisturizer-WBH.webp,2025/12/Bolden_Sunscreen_Moisturizer-WBH.webp,image/webp,webp,25792,800,800,7f045e273212e290,page_image,page-16789-untitled-19.webp,webp,shopify_files,False,NOT_REQUIRED,FOUND,PENDING,
page,629,19759,,,,https://wholesalebeautyhub.co.uk/wp-content/uploads/2025/04/IMG_3892.png,2025/04/IMG_3892.png,image/png,png,303892,1170,2532,e5e2f463f1c57dc9,page_image,page-19759-untitled-20.png,png,shopify_files,False,NOT_REQUIRED,FOUND,PENDING,
page,629,1218,,,,https://wholesalebeautyhub.co.uk/wp-content/uploads/2024/04/Touch-Bright-And-Clear-Cream-2-Oz-56.7.webp,2024/04/Touch-Bright-And-Clear-Cream-2-Oz-56.7.webp,image/webp,webp,21026,597,597,8f7dd741130e0983,page_image,page-1218-untitled-21.webp,webp,shopify_files,False,NOT_REQUIRED,FOUND,PENDING,
page,629,1908,,,,https://wholesalebeautyhub.co.uk/wp-content/uploads/2024/05/Ezanic-Azelaic-Acid-Gel.jpg,2024/05/Ezanic-Azelaic-Acid-Gel.jpg,image/jpeg,jpg,21895,700,700,1946011ddd55dc3e,page_image,page-1908-untitled-22.jpg,jpg,shopify_files,False,NOT_REQUIRED,FOUND,PENDING,
page,629,2386,,,,https://wholesalebeautyhub.co.uk/wp-content/uploads/2024/08/Anua-Niacinamide-10-x-TXA-4-30ml.webp,2024/08/Anua-Niacinamide-10-x-TXA-4-30ml.webp,image/webp,webp,25980,1000,1000,4170bb44ad4c21b8,page_image,page-2386-untitled-23.webp,webp,shopify_files,False,NOT_REQUIRED,FOUND,PENDING,
page,629,4732,,,,https://wholesalebeautyhub.co.uk/wp-content/uploads/2024/05/FF211E21-8763-4C6A-8D2B-816F1323091F.jpeg,2024/05/FF211E21-8763-4C6A-8D2B-816F1323091F.jpeg,image/jpeg,jpeg,654712,1290,1514,6ed5f6b4bb13f36e,page_image,page-4732-untitled-24.jpeg,jpeg,shopify_files,False,NOT_REQUIRED,FOUND,PENDING,
page,629,15746,,,,https://wholesalebeautyhub.co.uk/wp-content/uploads/2025/10/WhatsApp-Image-2025-11-12-at-13.57.44-3.jpeg,2025/10/WhatsApp-Image-2025-11-12-at-13.57.44-3.jpeg,image/jpeg,jpeg,164356,1280,1600,aa713dfe5e9edd83,page_image,page-15746-untitled-25.jpeg,jpeg,shopify_files,False,NOT_REQUIRED,FOUND,PENDING,
page,629,15747,,,,https://wholesalebeautyhub.co.uk/wp-content/uploads/2025/10/WhatsApp-Image-2025-11-12-at-13.57.44-2.jpeg,2025/10/WhatsApp-Image-2025-11-12-at-13.57.44-2.jpeg,image/jpeg,jpeg,43322,1280,1600,4edb4b5f8a6c636c,page_image,page-15747-untitled-26.jpeg,jpeg,shopify_files,False,NOT_REQUIRED,FOUND,PENDING,
page,629,1044,,,,https://wholesalebeautyhub.co.uk/wp-content/uploads/2024/04/Hadalabo-Premium-Gold-170Ml.jpg,2024/04/Hadalabo-Premium-Gold-170Ml.jpg,image/jpeg,jpg,21670,500,500,cb18ec387bad14c6,page_image,page-1044-untitled-27.jpg,jpg,shopify_files,False,NOT_REQUIRED,FOUND,PENDING,
page,629,1086,,,,https://wholesalebeautyhub.co.uk/wp-content/uploads/2024/04/Koji-San-Soap-100G-3In1.webp,2024/04/Koji-San-Soap-100G-3In1.webp,image/webp,webp,10740,500,500,28ba43770bb2ca95,page_image,page-1086-untitled-28.webp,webp,shopify_files,False,NOT_REQUIRED,FOUND,PENDING,
page,629,21859,,,,https://wholesalebeautyhub.co.uk/wp-content/uploads/2026/05/IMG_7203.jpeg,2026/05/IMG_7203.jpeg,image/jpeg,jpeg,16247,500,500,6581fd7c2c11f3b9,page_image,page-21859-untitled-29.jpeg,jpeg,shopify_files,False,NOT_REQUIRED,FOUND,PENDING,
page,629,18672,,,,https://wholesalebeautyhub.co.uk/wp-content/uploads/2026/02/Tiam-b5-toner.webp,2026/02/Tiam-b5-toner.webp,image/webp,webp,12370,1000,1000,3797f9d957fba876,page_image,page-18672-untitled-30.webp,webp,shopify_files,False,NOT_REQUIRED,FOUND,PENDING,
page,629,18490,,,,https://wholesalebeautyhub.co.uk/wp-content/uploads/2026/02/IMG_1957.jpeg,2026/02/IMG_1957.jpeg,image/jpeg,jpeg,74866,1170,1557,27af401b60194b0f,page_image,page-18490-untitled-31.jpeg,jpeg,shopify_files,False,NOT_REQUIRED,FOUND,PENDING,
page,629,14353,,,,https://wholesalebeautyhub.co.uk/wp-content/uploads/2025/09/skin1004-toner-210ml-madagascar-centella-tone-brightening-boosting-toner-36440310350070_1440x.webp,2025/09/skin1004-toner-210ml-madagascar-centella-tone-brightening-boosting-toner-36440310350070_1440x.webp,image/webp,webp,26550,900,900,9afd7cdf4ef2059d,page_image,page-14353-untitled-32.webp,webp,shopify_files,False,NOT_REQUIRED,FOUND,PENDING,
page,629,14354,,,,https://wholesalebeautyhub.co.uk/wp-content/uploads/2025/09/skin1004-toner-210ml-tone-brightening-boosting-toner-38642937135350_1440x.webp,2025/09/skin1004-toner-210ml-tone-brightening-boosting-toner-38642937135350_1440x.webp,image/webp,webp,21980,1440,1440,84492578f55a8ba9,page_image,page-14354-untitled-33.webp,webp,shopify_files,False,NOT_REQUIRED,FOUND,PENDING,
page,629,20639,,,,https://wholesalebeautyhub.co.uk/wp-content/uploads/2026/04/IMG_5556-1.jpeg,2026/04/IMG_5556-1.jpeg,image/jpeg,jpeg,8178,225,225,ff9cbe9ee9d7df70,page_image,page-20639-untitled-34.jpeg,jpeg,shopify_files,False,NOT_REQUIRED,FOUND,PENDING,
page,629,20638,,,,https://wholesalebeautyhub.co.uk/wp-content/uploads/2026/04/IMG_5556.jpeg,2026/04/IMG_5556.jpeg,image/jpeg,jpeg,8178,225,225,6f5ce2328cff3ace,page_image,page-20638-untitled-35.jpeg,jpeg,shopify_files,False,NOT_REQUIRED,FOUND,PENDING,
page,629,20636,,,,https://wholesalebeautyhub.co.uk/wp-content/uploads/2026/04/IMG_5555.jpeg,2026/04/IMG_5555.jpeg,image/jpeg,jpeg,5792,225,225,83fb69d6eb956255,page_image,page-20636-untitled-36.jpeg,jpeg,shopify_files,False,NOT_REQUIRED,FOUND,PENDING,
page,629,17664,,,,https://wholesalebeautyhub.co.uk/wp-content/uploads/2026/01/IMG_1090.webp,2026/01/IMG_1090.webp,image/webp,webp,28202,1200,1440,eb2e6268df02b775,page_image,page-17664-untitled-37.webp,webp,shopify_files,False,NOT_REQUIRED,FOUND,PENDING,
page,629,16790,,,,https://wholesalebeautyhub.co.uk/wp-content/uploads/2025/12/Bolden_Sunscreen_Main_Benefit.webp,2025/12/Bolden_Sunscreen_Main_Benefit.webp,image/webp,webp,75934,800,800,ce7c50824ddf8a16,page_image,page-16790-untitled-38.webp,webp,shopify_files,False,NOT_REQUIRED,FOUND,PENDING,
page,629,16789,,,,https://wholesalebeautyhub.co.uk/wp-content/uploads/2025/12/Bolden_Sunscreen_Moisturizer-WBH.webp,2025/12/Bolden_Sunscreen_Moisturizer-WBH.webp,image/webp,webp,25792,800,800,7f045e273212e290,page_image,page-16789-untitled-39.webp,webp,shopify_files,False,NOT_REQUIRED,FOUND,PENDING,
page,629,20526,,,,https://wholesalebeautyhub.co.uk/wp-content/uploads/2026/04/IMG_5522.jpeg,2026/04/IMG_5522.jpeg,image/jpeg,jpeg,105380,1073,1055,71bd26d91ce3373f,page_image,page-20526-untitled-40.jpeg,jpeg,shopify_files,False,NOT_REQUIRED,FOUND,PENDING,
page,629,20569,,,,https://wholesalebeautyhub.co.uk/wp-content/uploads/2026/04/IMG_5537.webp,2026/04/IMG_5537.webp,image/webp,webp,74636,1200,1500,763befc686e0fbfe,page_image,page-20569-untitled-41.webp,webp,shopify_files,False,NOT_REQUIRED,FOUND,PENDING,
page,629,17862,,,,https://wholesalebeautyhub.co.uk/wp-content/uploads/2026/01/WhatsApp-Image-2026-01-19-at-11.12.32-2.jpeg,2026/01/WhatsApp-Image-2026-01-19-at-11.12.32-2.jpeg,image/jpeg,jpeg,102958,1320,1510,a4772a9b3e4e7779,page_image,page-17862-untitled-42.jpeg,jpeg,shopify_files,False,NOT_REQUIRED,FOUND,PENDING,
page,629,17863,,,,https://wholesalebeautyhub.co.uk/wp-content/uploads/2026/01/WhatsApp-Image-2026-01-19-at-11.12.32-1.jpeg,2026/01/WhatsApp-Image-2026-01-19-at-11.12.32-1.jpeg,image/jpeg,jpeg,83636,1320,1502,d33ae04d08a75e2f,page_image,page-17863-untitled-43.jpeg,jpeg,shopify_files,False,NOT_REQUIRED,FOUND,PENDING,
page,629,16530,,,,https://wholesalebeautyhub.co.uk/wp-content/uploads/2025/12/C187E91A-0A8E-4EDA-BD94-041C61445588_4_5005_c.webp,2025/12/C187E91A-0A8E-4EDA-BD94-041C61445588_4_5005_c.webp,image/webp,webp,1916,264,264,71dd512b6c642310,page_image,page-16530-untitled-44.webp,webp,shopify_files,False,NOT_REQUIRED,FOUND,PENDING,
page,629,16520,,,,https://wholesalebeautyhub.co.uk/wp-content/uploads/2025/12/21A8F85F-3AF6-47DF-BC88-66E5C7A8B85E_4_5005_c.jpeg,2025/12/21A8F85F-3AF6-47DF-BC88-66E5C7A8B85E_4_5005_c.webp,image/jpeg,webp,1982,264,264,1f82643ee177b6f3,page_image,page-16520-untitled-45.webp,webp,shopify_files,False,NOT_REQUIRED,FOUND,PENDING,
page,629,16544,,,,https://wholesalebeautyhub.co.uk/wp-content/uploads/2025/12/8810D37D-D770-43F1-9CBF-51F293FFCD96.jpeg,2025/12/8810D37D-D770-43F1-9CBF-51F293FFCD96.webp,image/jpeg,webp,19154,1920,1920,60b971d166d25fb0,page_image,page-16544-untitled-46.webp,webp,shopify_files,False,NOT_REQUIRED,FOUND,PENDING,
page,629,,,,,,2025/12/IMG_9312-600x600.jpeg,,jpeg,,,,9adc04aecc91d516,page_image,page-629-untitled-47.jpeg,jpeg,shopify_files,False,NOT_REQUIRED,BROKEN,PENDING,content reference has no matching attachment record
page,629,16558,,,,https://wholesalebeautyhub.co.uk/wp-content/uploads/2025/12/EB2A4547-2C55-4043-83C1-4FD436AF7E69_4_5005_c.jpeg,2025/12/EB2A4547-2C55-4043-83C1-4FD436AF7E69_4_5005_c.jpeg,image/jpeg,jpeg,16785,264,264,9408a19c04f58c55,page_image,page-16558-untitled-48.jpeg,jpeg,shopify_files,False,NOT_REQUIRED,FOUND,PENDING,
page,629,2389,,,,https://wholesalebeautyhub.co.uk/wp-content/uploads/2024/08/Absolute-lip-gloss-clear.png,2024/08/Absolute-lip-gloss-clear.png,image/png,png,145279,600,600,1057125d964d2681,page_image,page-2389-untitled-49.png,png,shopify_files,False,NOT_REQUIRED,FOUND,PENDING,
page,629,10560,,,,https://wholesalebeautyhub.co.uk/wp-content/uploads/2025/05/IMG_1778.jpeg,2025/05/IMG_1778.jpeg,image/jpeg,jpeg,679990,1320,1627,439c780aec0fd350,page_image,page-10560-untitled-50.jpeg,jpeg,shopify_files,False,NOT_REQUIRED,FOUND,PENDING,
page,629,1569,,,,https://wholesalebeautyhub.co.uk/wp-content/uploads/2024/04/Soo-Pro-Lipstain.jpg,2024/04/Soo-Pro-Lipstain.jpg,image/jpeg,jpg,15581,600,600,8ce365f20894b3d9,page_image,page-1569-untitled-51.jpg,jpg,shopify_files,False,NOT_REQUIRED,FOUND,PENDING,
page,629,1563,,,,https://wholesalebeautyhub.co.uk/wp-content/uploads/2024/04/Soo-Pro-Lip-Gloss.jpg,2024/04/Soo-Pro-Lip-Gloss.jpg,image/jpeg,jpg,16924,500,500,573f6610a35b3ad8,page_image,page-1563-untitled-52.jpg,jpg,shopify_files,False,NOT_REQUIRED,FOUND,PENDING,
page,629,1920,,,,https://wholesalebeautyhub.co.uk/wp-content/uploads/2024/05/Classic-Super-Hold-Lash-Glue.jpg,2024/05/Classic-Super-Hold-Lash-Glue.jpg,image/jpeg,jpg,13723,500,500,44875a0d3bf9a518,page_image,page-1920-untitled-53.jpg,jpg,shopify_files,False,NOT_REQUIRED,FOUND,PENDING,
page,629,4674,,,,https://wholesalebeautyhub.co.uk/wp-content/uploads/2024/10/3EBBB768-2EDB-407E-90EB-06B60A0377BE.jpeg,2024/10/3EBBB768-2EDB-407E-90EB-06B60A0377BE.jpeg,image/jpeg,jpeg,798963,908,1114,439192845afe844b,page_image,page-4674-untitled-54.jpeg,jpeg,shopify_files,False,NOT_REQUIRED,FOUND,PENDING,
page,629,1916,,,,https://wholesalebeautyhub.co.uk/wp-content/uploads/2024/05/Davies-Brow-Pencil-03-Pack-Of-12.jpg,2024/05/Davies-Brow-Pencil-03-Pack-Of-12.jpg,image/jpeg,jpg,37563,500,500,0f64bc705e188580,page_image,page-1916-untitled-55.jpg,jpg,shopify_files,False,NOT_REQUIRED,FOUND,PENDING,
page,629,397,,,,https://wholesalebeautyhub.co.uk/wp-content/uploads/2024/04/Beauty-Line-By-Didi-Brow-Gasm-Eye-Brow-Pencil.webp,2024/04/Beauty-Line-By-Didi-Brow-Gasm-Eye-Brow-Pencil.webp,image/webp,webp,8710,1080,1080,ce4af3a10d03e48f,page_image,page-397-untitled-56.webp,webp,shopify_files,False,NOT_REQUIRED,FOUND,PENDING,
blog,19346,17592,,,,https://wholesalebeautyhub.co.uk/wp-content/uploads/2026/01/IMG_1009.jpeg,2026/01/IMG_1009.jpeg,image/jpeg,jpeg,747204,2048,2560,54c4edc494b82401,blog_image,blog-17592-welcome-to-the-wholesale-beauty-hub-blog.jpeg,jpeg,shopify_files,False,NOT_REQUIRED,FOUND,PENDING,
product_body,106,4011,,106,,https://wholesalebeautyhub.co.uk/wp-content/uploads/2024/09/894ED25B-5221-4079-B886-016DB7628E34.jpeg,2024/09/894ED25B-5221-4079-B886-016DB7628E34.jpeg,image/jpeg,jpeg,944209,880,1328,fa90fd67467f1bf2,product_body_content,product_body-4011-wynkkk-beauty-20-in-1-lashes.jpeg,jpeg,shopify_files,False,NOT_REQUIRED,FOUND,PENDING,
product_body,3571,3572,,3571,,https://wholesalebeautyhub.co.uk/wp-content/uploads/2024/09/WONDER-CERAMIDEMOCHITONER.png,2024/09/WONDER-CERAMIDEMOCHITONER.png,image/png,png,2386,64,64,ce34c9b75c376afb,product_body_content,product_body-3572-tonymoly-wonder-ceramide-mochi-toner-500ml.png,png,shopify_files,False,NOT_REQUIRED,FOUND,PENDING,
product_body,3689,3690,,3689,,https://wholesalebeautyhub.co.uk/wp-content/uploads/2024/09/240723_TOPICALS_Faded_Cleansing_Bar_Ecom_4_4_11zon_750x.webp,2024/09/240723_TOPICALS_Faded_Cleansing_Bar_Ecom_4_4_11zon_750x.webp,image/webp,webp,81232,750,900,73a4a84e920d3d08,product_body_content,product_body-3690-topicals-faded-brightening-cleansing-bar-for-dark-spots-disc.webp,webp,shopify_files,False,NOT_REQUIRED,FOUND,PENDING,
product_body,3693,3695,,3693,,https://wholesalebeautyhub.co.uk/wp-content/uploads/2024/09/240623_TOPICALS_Faded_Eye_Ppage_Image_2_2_11zon_375x.webp,2024/09/240623_TOPICALS_Faded_Eye_Ppage_Image_2_2_11zon_375x.webp,image/webp,webp,32954,375,450,257c5f52f4a37972,product_body_content,product_body-3695-topicals-faded-under-eye-masks-brightening-eye-masks.webp,webp,shopify_files,False,NOT_REQUIRED,FOUND,PENDING,
product_body,3693,3696,,3693,,https://wholesalebeautyhub.co.uk/wp-content/uploads/2024/09/240623_TOPICALS_Faded_Eye_Ppage_Image_4_4_11zon_375x.webp,2024/09/240623_TOPICALS_Faded_Eye_Ppage_Image_4_4_11zon_375x.webp,image/webp,webp,17158,375,450,81d7fc67c7e017fe,product_body_content,product_body-3696-topicals-faded-under-eye-masks-brightening-eye-masks-02.webp,webp,shopify_files,False,NOT_REQUIRED,FOUND,PENDING,
product_body,4681,4676,,4681,,https://wholesalebeautyhub.co.uk/wp-content/uploads/2024/10/003615CD-82E2-45FB-B67B-CDE9D0B6B4EB.jpeg,2024/10/003615CD-82E2-45FB-B67B-CDE9D0B6B4EB.jpeg,image/jpeg,jpeg,782300,928,901,3bb2f1ab09589ea8,product_body_content,product_body-4676-annies-beauty-cheek-orgasm-blush-palette-vol-1.jpeg,jpeg,shopify_files,False,NOT_REQUIRED,FOUND,PENDING,
product_body,4702,4704,,4702,,https://wholesalebeautyhub.co.uk/wp-content/uploads/2024/10/CAC88F36-076E-4908-93F8-A0D2B69258FF.jpeg,2024/10/CAC88F36-076E-4908-93F8-A0D2B69258FF.jpeg,image/jpeg,jpeg,70095,656,1500,2d329de49740eebf,product_body_content,product_body-4704-aveeno-baby-daily-moisturizing-cream-with-prebiotic-oat-with.jpeg,jpeg,shopify_files,False,NOT_REQUIRED,FOUND,PENDING,
product_body,4702,4705,,4702,,https://wholesalebeautyhub.co.uk/wp-content/uploads/2024/10/B5955814-7D18-46A9-9179-594E31FBB60A.jpeg,2024/10/B5955814-7D18-46A9-9179-594E31FBB60A.jpeg,image/jpeg,jpeg,154413,1500,1500,9a842a1e6238235d,product_body_content,product_body-4705-aveeno-baby-daily-moisturizing-cream-with-prebiotic-oat-with-02.jpeg,jpeg,shopify_files,False,NOT_REQUIRED,FOUND,PENDING,
product_body,4706,4708,,4706,,https://wholesalebeautyhub.co.uk/wp-content/uploads/2024/10/C61CCFFF-E7B4-4E2F-A71A-8E60AE7CE730.jpeg,2024/10/C61CCFFF-E7B4-4E2F-A71A-8E60AE7CE730.jpeg,image/jpeg,jpeg,129168,1100,1500,3200394a36d7ba2b,product_body_content,product_body-4708-aveeno-baby-daily-care-gift-set-with-oat-extract-prebiotic-o.jpeg,jpeg,shopify_files,False,NOT_REQUIRED,FOUND,PENDING,
product_body,4706,4709,,4706,,https://wholesalebeautyhub.co.uk/wp-content/uploads/2024/10/94BCB217-42F5-40AD-9DB5-AD47F7CFF686.jpeg,2024/10/94BCB217-42F5-40AD-9DB5-AD47F7CFF686.jpeg,image/jpeg,jpeg,152831,1102,1500,0a2e62adf3171002,product_body_content,product_body-4709-aveeno-baby-daily-care-gift-set-with-oat-extract-prebiotic-o-02.jpeg,jpeg,shopify_files,False,NOT_REQUIRED,FOUND,PENDING,
product_body,4711,4713,,4711,,https://wholesalebeautyhub.co.uk/wp-content/uploads/2024/10/FB3B6953-250E-43E2-9EE7-71262E53C256.jpeg,2024/10/FB3B6953-250E-43E2-9EE7-71262E53C256.jpeg,image/jpeg,jpeg,122344,1500,1500,e3c1e7ffbaf2a4ca,product_body_content,product_body-4713-timeless-skin-care-vitamin-c-serum-with-vitamin-e-amp-feruli.jpeg,jpeg,shopify_files,False,NOT_REQUIRED,FOUND,PENDING,
product_body,4711,4714,,4711,,https://wholesalebeautyhub.co.uk/wp-content/uploads/2024/10/078A8819-6A30-4485-8AEE-F2B917242F67.jpeg,2024/10/078A8819-6A30-4485-8AEE-F2B917242F67.jpeg,image/jpeg,jpeg,210308,1500,1500,64d1df2e4e414b70,product_body_content,product_body-4714-timeless-skin-care-vitamin-c-serum-with-vitamin-e-amp-feruli-02.jpeg,jpeg,shopify_files,False,NOT_REQUIRED,FOUND,PENDING,
product_body,4711,4715,,4711,,https://wholesalebeautyhub.co.uk/wp-content/uploads/2024/10/9E96E38F-0DAA-4E5C-89D4-F21653A42635.jpeg,2024/10/9E96E38F-0DAA-4E5C-89D4-F21653A42635.jpeg,image/jpeg,jpeg,124215,1500,1500,d235670a58a1e0b3,product_body_content,product_body-4715-timeless-skin-care-vitamin-c-serum-with-vitamin-e-amp-feruli-03.jpeg,jpeg,shopify_files,False,NOT_REQUIRED,FOUND,PENDING,
product_body,5111,5107,,5111,,https://wholesalebeautyhub.co.uk/wp-content/uploads/2024/10/705FCCC7-CFDF-4090-B67F-42EB0FEFCA33.jpeg,2024/10/705FCCC7-CFDF-4090-B67F-42EB0FEFCA33.jpeg,image/jpeg,jpeg,106308,881,880,29b6220d1c294753,product_body_content,product_body-5107-cosrx-advanced-snail-92-all-in-one-cream-tube-100g.jpeg,jpeg,shopify_files,False,NOT_REQUIRED,FOUND,PENDING,
product_body,5111,5108,,5111,,https://wholesalebeautyhub.co.uk/wp-content/uploads/2024/10/A99C4C30-20B6-4F40-B1A8-9BC02B29D953.webp,2024/10/A99C4C30-20B6-4F40-B1A8-9BC02B29D953.webp,image/webp,webp,11516,800,800,990e888b19596614,product_body_content,product_body-5108-cosrx-advanced-snail-92-all-in-one-cream-tube-100g-02.webp,webp,shopify_files,False,NOT_REQUIRED,FOUND,PENDING,
product_body,5115,5117,,5115,,https://wholesalebeautyhub.co.uk/wp-content/uploads/2024/10/4E7FF3F9-1D3F-4F11-BE27-E470023EC054.webp,2024/10/4E7FF3F9-1D3F-4F11-BE27-E470023EC054.webp,image/webp,webp,10888,500,750,6e21c081dc7cdec8,product_body_content,product_body-5117-missha-vita-c-plus-brightening-toner-200ml.webp,webp,shopify_files,False,NOT_REQUIRED,FOUND,PENDING,
product_body,5115,5118,,5115,,https://wholesalebeautyhub.co.uk/wp-content/uploads/2024/10/32536F18-F501-494A-9832-6CC2AF10730B.webp,2024/10/32536F18-F501-494A-9832-6CC2AF10730B.webp,image/webp,webp,30390,500,500,f497624156e9c71e,product_body_content,product_body-5118-missha-vita-c-plus-brightening-toner-200ml-02.webp,webp,shopify_files,False,NOT_REQUIRED,FOUND,PENDING,
product_body,16445,16446,,16445,,https://wholesalebeautyhub.co.uk/wp-content/uploads/2025/12/IMG_9306.jpeg,2025/12/IMG_9306.webp,image/jpeg,webp,17638,1170,1158,97a9b472ade8b292,product_body_content,product_body-16446-sylvimak-smooth-affair-finishing-powder-palette.webp,webp,shopify_files,False,NOT_REQUIRED,FOUND,PENDING,
product_body,16460,,,16460,,,2025/12/IMG_9312-300x231.jpeg,,jpeg,,,,d99cd5195d9eba53,product_body_content,product_body-16460-hegai-esther-photo-perfect-pressed-powder.jpeg,jpeg,shopify_files,False,NOT_REQUIRED,BROKEN,PENDING,content reference has no matching attachment record
product_body,16467,16469,,16467,,https://wholesalebeautyhub.co.uk/wp-content/uploads/2025/12/IMG_9314.jpeg,2025/12/IMG_9314.webp,image/jpeg,webp,53792,1056,1206,119b0fc3ef98904e,product_body_content,product_body-16469-hegai-esther-artstick-matte-liquid-lipstick.webp,webp,shopify_files,False,NOT_REQUIRED,FOUND,PENDING,
product_body,16519,16521,,16519,,https://wholesalebeautyhub.co.uk/wp-content/uploads/2025/12/567C1AE5-DB42-448A-B15D-5885A3EA18C5_4_5005_c.jpeg,2025/12/567C1AE5-DB42-448A-B15D-5885A3EA18C5_4_5005_c.webp,image/jpeg,webp,5364,264,264,8faf91195896964f,product_body_content,product_body-16521-hegai-esther-powder-foundation.webp,webp,shopify_files,False,NOT_REQUIRED,FOUND,PENDING,
product_body,16529,,,16529,,,2025/12/C187E91A-0A8E-4EDA-BD94-041C61445588_4_5005_c.jpeg,,jpeg,,,,47d88f8b96a90c63,product_body_content,product_body-16529-hegai-esther-photo-perfect-liquid-foundation.jpeg,jpeg,shopify_files,False,NOT_REQUIRED,BROKEN,PENDING,content reference has no matching attachment record
product_body,16529,16531,,16529,,https://wholesalebeautyhub.co.uk/wp-content/uploads/2025/12/A24B0AB6-C21D-4C49-BCFB-4A85969CE5BF_4_5005_c.jpeg,2025/12/A24B0AB6-C21D-4C49-BCFB-4A85969CE5BF_4_5005_c.webp,image/jpeg,webp,2880,264,264,4aa6ce3e5de4347c,product_body_content,product_body-16531-hegai-esther-photo-perfect-liquid-foundation-02.webp,webp,shopify_files,False,NOT_REQUIRED,FOUND,PENDING,
product_body,16543,16545,,16543,,https://wholesalebeautyhub.co.uk/wp-content/uploads/2025/12/2AD54DCE-6D71-4F14-AB1B-00E2A7BEB3AC.jpeg,2025/12/2AD54DCE-6D71-4F14-AB1B-00E2A7BEB3AC.webp,image/jpeg,webp,17480,1000,667,b73b7d1ebdc42cf3,product_body_content,product_body-16545-hegai-esther-photo-perfect-concealer.webp,webp,shopify_files,False,NOT_REQUIRED,FOUND,PENDING,
product_body,16971,,,16971,,,2025/12/IMG_9624-225x300.webp,,webp,,,,739a943b982121ba,product_body_content,product_body-16971-yglam-cheesksy-powder-blush-palette.webp,webp,shopify_files,False,NOT_REQUIRED,BROKEN,PENDING,content reference has no matching attachment record
product_body,17487,8622,,17487,,https://wholesalebeautyhub.co.uk/wp-content/uploads/2025/03/IMG_0908.jpeg,2025/03/IMG_0908.jpeg,image/jpeg,jpeg,1053778,1290,1292,6f1a6b9197934d11,product_body_content,product_body-8622-olay-super-serum-body-lotion.jpeg,jpeg,shopify_files,False,NOT_REQUIRED,FOUND,PENDING,
product_body,17491,17492,,17491,,https://wholesalebeautyhub.co.uk/wp-content/uploads/2026/01/IMG_0910.webp,2026/01/IMG_0910.webp,image/webp,webp,20970,1023,1023,099f03036730570e,product_body_content,product_body-17492-aquaphor-immediate-relief-lip-repair-balm-2pack.webp,webp,shopify_files,False,NOT_REQUIRED,FOUND,PENDING,
product_body,18488,18489,,18488,,https://wholesalebeautyhub.co.uk/wp-content/uploads/2026/02/IMG_1955.jpeg,2026/02/IMG_1955.jpeg,image/jpeg,jpeg,4720,180,240,592084d1e09d889b,product_body_content,product_body-18489-cosrx-the-6-peptide-skin-booster.jpeg,jpeg,shopify_files,False,NOT_REQUIRED,FOUND,PENDING,
product_body,20187,,,20187,,,2024/07/1.svg,,svg,,,,45a8df155cb8ddd0,product_body_content,product_body-20187-panoxyl-acne-banishing-body-spray.svg,svg,shopify_files,False,NOT_REQUIRED,BROKEN,PENDING,content reference has no matching attachment record
product_body,20187,,,20187,,,2024/07/icon_spray-2.svg,,svg,,,,e2c62f0bae4ec412,product_body_content,product_body-20187-panoxyl-acne-banishing-body-spray-02.svg,svg,shopify_files,False,NOT_REQUIRED,BROKEN,PENDING,content reference has no matching attachment record
product_body,20187,,,20187,,,2024/07/icon_spray-3.svg,,svg,,,,c7838a524bbf8a7f,product_body_content,product_body-20187-panoxyl-acne-banishing-body-spray-03.svg,svg,shopify_files,False,NOT_REQUIRED,BROKEN,PENDING,content reference has no matching attachment record
product_body,20187,,,20187,,,2024/07/icon_spray-4.svg,,svg,,,,3ae978a206d96127,product_body_content,product_body-20187-panoxyl-acne-banishing-body-spray-04.svg,svg,shopify_files,False,NOT_REQUIRED,BROKEN,PENDING,content reference has no matching attachment record
unused,6,6,,,,https://wholesalebeautyhub.co.uk/wp-content/uploads/2024/04/woocommerce-placeholder.png,woocommerce-placeholder.png,image/png,png,102644,1200,1200,02017522f03344b1,unused,unused-6-woocommerce-placeholder.png,png,unassigned,False,NOT_REQUIRED,FOUND,PENDING,
unused,379,379,,,,https://wholesalebeautyhub.co.uk/wp-content/uploads/2024/04/cerave-banner.jpg,2024/04/cerave-banner.jpg,image/jpeg,jpg,68956,1920,384,e59b17ba5d710aee,unused,unused-379-cerave-banner.jpg,jpg,unassigned,False,NOT_REQUIRED,FOUND,PENDING,
unused,381,381,,,,https://wholesalebeautyhub.co.uk/wp-content/uploads/2024/04/Razor-Blade.webp,2024/04/Razor-Blade.webp,image/webp,webp,19084,600,600,7c08a8dcd9c6d208,unused,unused-381-razor-blade.webp,webp,unassigned,False,NOT_REQUIRED,FOUND,PENDING,
unused,382,382,,,,https://wholesalebeautyhub.co.uk/wp-content/uploads/2024/04/2-In-1-Luxe-Complexion-Brush.jpg,2024/04/2-In-1-Luxe-Complexion-Brush.jpg,image/jpeg,jpg,2845,225,225,f25289c4af8a3328,unused,unused-382-2-in-1-luxe-complexion-brush.jpg,jpg,unassigned,False,NOT_REQUIRED,FOUND,PENDING,
unused,383,383,,,,https://wholesalebeautyhub.co.uk/wp-content/uploads/2024/04/oye-ebony-Eyebrow-Razor.jpg,2024/04/oye-ebony-Eyebrow-Razor.jpg,image/jpeg,jpg,153133,500,500,6895578973d43c83,unused,unused-383-oye-ebony-eyebrow-razor.jpg,jpg,unassigned,False,NOT_REQUIRED,FOUND,PENDING,
unused,385,385,,,,https://wholesalebeautyhub.co.uk/wp-content/uploads/2024/04/Paula-Beauty-Brow-Pencil.webp,2024/04/Paula-Beauty-Brow-Pencil.webp,image/webp,webp,12970,1500,1500,f318d5d834d325d7,unused,unused-385-paula-beauty-brow-pencil.webp,webp,unassigned,False,NOT_REQUIRED,FOUND,PENDING,
unused,387,387,,,,https://wholesalebeautyhub.co.uk/wp-content/uploads/2024/04/Classic-Makeup-Lash-Glue.png,2024/04/Classic-Makeup-Lash-Glue.png,image/png,png,164479,1002,1002,01f44964bb90d4df,unused,unused-387-classic-makeup-lash-glue.png,png,unassigned,False,NOT_REQUIRED,FOUND,PENDING,
unused,392,392,,,,https://wholesalebeautyhub.co.uk/wp-content/uploads/2024/04/Beauty-Line-By-Didi-Lash-Climax.webp,2024/04/Beauty-Line-By-Didi-Lash-Climax.webp,image/webp,webp,29128,1500,1500,f9d52df3f5549842,unused,unused-392-beauty-line-by-didi-lash-climax.webp,webp,unassigned,False,NOT_REQUIRED,FOUND,PENDING,
unused,395,395,,,,https://wholesalebeautyhub.co.uk/wp-content/uploads/2024/04/Beauty-Line-By-Didi-Crayon-Bow-Pencil.jpg,2024/04/Beauty-Line-By-Didi-Crayon-Bow-Pencil.jpg,image/jpeg,jpg,3758,225,225,1d4c71c7d8908f1f,unused,unused-395-beauty-line-by-didi-crayon-bow-pencil.jpg,jpg,unassigned,False,NOT_REQUIRED,FOUND,PENDING,
unused,396,396,,,,https://wholesalebeautyhub.co.uk/wp-content/uploads/2024/04/Beauty-Line-By-Didi-Crayon-Bow-Pencil-1.jpg,2024/04/Beauty-Line-By-Didi-Crayon-Bow-Pencil-1.jpg,image/jpeg,jpg,39527,834,834,383e9b4b60c2f4db,unused,unused-396-beauty-line-by-didi-crayon-bow-pencil.jpg,jpg,unassigned,False,NOT_REQUIRED,FOUND,PENDING,
unused,399,399,,,,https://wholesalebeautyhub.co.uk/wp-content/uploads/2024/04/Inob-gloss-goddess-lip-to-lip.jpg,2024/04/Inob-gloss-goddess-lip-to-lip.jpg,image/jpeg,jpg,40038,1080,1080,0babbfddceb12713,unused,unused-399-inob-gloss-goddess-lip-to-lip.jpg,jpg,unassigned,False,NOT_REQUIRED,FOUND,PENDING,
unused,400,400,,,,https://wholesalebeautyhub.co.uk/wp-content/uploads/2024/04/Inob-gloss.jpg,2024/04/Inob-gloss.jpg,image/jpeg,jpg,128183,1080,1080,abda15452a5502e7,unused,unused-400-inob-gloss.jpg,jpg,unassigned,False,NOT_REQUIRED,FOUND,PENDING,
unused,414,414,,,,https://wholesalebeautyhub.co.uk/wp-content/uploads/2024/04/Inob-blender.jpg,2024/04/Inob-blender.jpg,image/jpeg,jpg,147380,1080,1080,48ddf9c0a635eebb,unused,unused-414-inob-blender.jpg,jpg,unassigned,False,NOT_REQUIRED,FOUND,PENDING,
unused,415,415,,,,https://wholesalebeautyhub.co.uk/wp-content/uploads/2024/04/Viccabel-Make-Up-Cleansing-Mat.jpg,2024/04/Viccabel-Make-Up-Cleansing-Mat.jpg,image/jpeg,jpg,190449,1000,1000,6a5f57360f10312c,unused,unused-415-viccabel-make-up-cleansing-mat.jpg,jpg,unassigned,False,NOT_REQUIRED,FOUND,PENDING,
unused,416,416,,,,https://wholesalebeautyhub.co.uk/wp-content/uploads/2024/04/Viccabel-Face-Brush.jpg,2024/04/Viccabel-Face-Brush.jpg,image/jpeg,jpg,27108,1500,1500,0b2f8a2928bdab05,unused,unused-416-viccabel-face-brush.jpg,jpg,unassigned,False,NOT_REQUIRED,FOUND,PENDING,
unused,417,417,,,,https://wholesalebeautyhub.co.uk/wp-content/uploads/2024/04/Viccabel-Platinum-Eye-Set.jpg,2024/04/Viccabel-Platinum-Eye-Set.jpg,image/jpeg,jpg,1181512,1808,1808,3709d092047bad47,unused,unused-417-viccabel-platinum-eye-set.jpg,jpg,unassigned,False,NOT_REQUIRED,FOUND,PENDING,
unused,429,429,,,,https://wholesalebeautyhub.co.uk/wp-content/uploads/2024/04/Neutrogena-Body-Oil.jpg,2024/04/Neutrogena-Body-Oil.jpg,image/jpeg,jpg,107019,852,852,969a33c5f20612fc,unused,unused-429-neutrogena-body-oil.jpg,jpg,unassigned,False,NOT_REQUIRED,FOUND,PENDING,
unused,433,433,,,,https://wholesalebeautyhub.co.uk/wp-content/uploads/2024/04/The-Ordinary-Glycolic-Acid.jpg,2024/04/The-Ordinary-Glycolic-Acid.jpg,image/jpeg,jpg,34003,1000,1000,4efd65537fea778f,unused,unused-433-the-ordinary-glycolic-acid.jpg,jpg,unassigned,False,NOT_REQUIRED,FOUND,PENDING,
unused,434,434,,,,https://wholesalebeautyhub.co.uk/wp-content/uploads/2024/04/The-Ordinary-Vitamin-C-Suspension-50Ml.jpg,2024/04/The-Ordinary-Vitamin-C-Suspension-50Ml.jpg,image/jpeg,jpg,18323,600,600,502c5c3bbef02a9e,unused,unused-434-the-ordinary-vitamin-c-suspension-50ml.jpg,jpg,unassigned,False,NOT_REQUIRED,FOUND,PENDING,
unused,437,437,,,,https://wholesalebeautyhub.co.uk/wp-content/uploads/2024/04/Vee-Beauty-Thirsty-Lip-Gloss-1.jpeg,2024/04/Vee-Beauty-Thirsty-Lip-Gloss-1.jpeg,image/jpeg,jpeg,38012,500,500,9b8825e12824f8ab,unused,unused-437-vee-beauty-thirsty-lip-gloss.jpeg,jpeg,unassigned,False,NOT_REQUIRED,FOUND,PENDING,
unused,515,515,,,,https://wholesalebeautyhub.co.uk/wp-content/uploads/2024/04/Nuban-Beauty-Liquid-Blush.webp,2024/04/Nuban-Beauty-Liquid-Blush.webp,image/webp,webp,63978,1024,1024,4e055c3fffe808f5,unused,unused-515-nuban-beauty-liquid-blush.webp,webp,unassigned,False,NOT_REQUIRED,FOUND,PENDING,
unused,525,525,,,,https://wholesalebeautyhub.co.uk/wp-content/uploads/2024/04/042.5.webp,2024/04/042.5.webp,image/webp,webp,24940,1024,1024,2dc36361f8a18da9,unused,unused-525-042-5.webp,webp,unassigned,False,NOT_REQUIRED,FOUND,PENDING,
unused,526,526,,,,https://wholesalebeautyhub.co.uk/wp-content/uploads/2024/04/046.5.webp,2024/04/046.5.webp,image/webp,webp,34276,1024,1024,34c05ceccf533aa9,unused,unused-526-046-5.webp,webp,unassigned,False,NOT_REQUIRED,FOUND,PENDING,
unused,528,528,,,,https://wholesalebeautyhub.co.uk/wp-content/uploads/2024/04/Nuban-Beauty-Setting-Spray-105ml-Big-size.webp,2024/04/Nuban-Beauty-Setting-Spray-105ml-Big-size.webp,image/webp,webp,12044,1024,1024,38695986b8c8e6cb,unused,unused-528-nuban-beauty-setting-spray-105ml-big-size.webp,webp,unassigned,False,NOT_REQUIRED,FOUND,PENDING,
unused,531,531,,,,https://wholesalebeautyhub.co.uk/wp-content/uploads/2024/04/Nuban-Beauty-Setting-Spray-55ml-small-size.webp,2024/04/Nuban-Beauty-Setting-Spray-55ml-small-size.webp,image/webp,webp,16266,1024,1024,4a523afa00b47c3b,unused,unused-531-nuban-beauty-setting-spray-55ml-small-size.webp,webp,unassigned,False,NOT_REQUIRED,FOUND,PENDING,
unused,532,532,,,,https://wholesalebeautyhub.co.uk/wp-content/uploads/2024/04/Nuban-Beauty-DGlow-Liquid-Highlighter.webp,2024/04/Nuban-Beauty-DGlow-Liquid-Highlighter.webp,image/webp,webp,36950,1024,1024,90c88944b1fabed8,unused,unused-532-nuban-beauty-d-glow-liquid-highlighter.webp,webp,unassigned,False,NOT_REQUIRED,FOUND,PENDING,
unused,538,538,,,,https://wholesalebeautyhub.co.uk/wp-content/uploads/2024/04/Nuban-Beauty-DGlow-Liquid-Highlighter-arya.webp,2024/04/Nuban-Beauty-DGlow-Liquid-Highlighter-arya.webp,image/webp,webp,30602,1024,1024,d279c532354759e1,unused,unused-538-nuban-beauty-d-glow-liquid-highlighter-arya.webp,webp,unassigned,False,NOT_REQUIRED,FOUND,PENDING,
unused,539,539,,,,https://wholesalebeautyhub.co.uk/wp-content/uploads/2024/04/Nuban-Beauty-DGlow-Liquid-Highlighter-aurora.webp,2024/04/Nuban-Beauty-DGlow-Liquid-Highlighter-aurora.webp,image/webp,webp,17312,530,530,3a085b0578e32846,unused,unused-539-nuban-beauty-d-glow-liquid-highlighter-aurora.webp,webp,unassigned,False,NOT_REQUIRED,FOUND,PENDING,
unused,540,540,,,,https://wholesalebeautyhub.co.uk/wp-content/uploads/2024/04/Nuban-Beauty-DGlow-Liquid-Highlighter-ecstacy.webp,2024/04/Nuban-Beauty-DGlow-Liquid-Highlighter-ecstacy.webp,image/webp,webp,19642,530,530,11bb598231a6af5e,unused,unused-540-nuban-beauty-d-glow-liquid-highlighter-ecstacy.webp,webp,unassigned,False,NOT_REQUIRED,FOUND,PENDING,
unused,541,541,,,,https://wholesalebeautyhub.co.uk/wp-content/uploads/2024/04/Nuban-Beauty-DGlow-Liquid-Highlighter-sizzle.webp,2024/04/Nuban-Beauty-DGlow-Liquid-Highlighter-sizzle.webp,image/webp,webp,19256,530,530,cf0b992756fab4ad,unused,unused-541-nuban-beauty-d-glow-liquid-highlighter-sizzle.webp,webp,unassigned,False,NOT_REQUIRED,FOUND,PENDING,
unused,579,579,,,,https://wholesalebeautyhub.co.uk/wp-content/uploads/2024/04/The-Ordinary-Mandelic-Acid-30Ml.jpg,2024/04/The-Ordinary-Mandelic-Acid-30Ml.jpg,image/jpeg,jpg,25231,600,600,927162aaec580239,unused,unused-579-the-ordinary-mandelic-acid-30ml.jpg,jpg,unassigned,False,NOT_REQUIRED,FOUND,PENDING,
unused,580,580,,,,https://wholesalebeautyhub.co.uk/wp-content/uploads/2024/04/The-Ordinary-Salicylic-Acid-Masque-50Ml.jpg,2024/04/The-Ordinary-Salicylic-Acid-Masque-50Ml.jpg,image/jpeg,jpg,47637,1600,1600,41f33c702295bf35,unused,unused-580-the-ordinary-salicylic-acid-masque-50ml.jpg,jpg,unassigned,False,NOT_REQUIRED,FOUND,PENDING,
unused,581,581,,,,https://wholesalebeautyhub.co.uk/wp-content/uploads/2024/04/The-Ordinary-Caffine-Solution-30Ml.jpg,2024/04/The-Ordinary-Caffine-Solution-30Ml.jpg,image/jpeg,jpg,4534,225,225,2f37958c40dc6912,unused,unused-581-the-ordinary-caffine-solution-30ml.jpg,jpg,unassigned,False,NOT_REQUIRED,FOUND,PENDING,
unused,590,590,,,,https://wholesalebeautyhub.co.uk/wp-content/uploads/2024/04/Yanga-Beauty-Smooth-Match-Concealer1.webp,2024/04/Yanga-Beauty-Smooth-Match-Concealer1.webp,image/webp,webp,14396,1080,1080,e1eb102bf42edfa8,unused,unused-590-yanga-beauty-smooth-match-concealer.webp,webp,unassigned,False,NOT_REQUIRED,FOUND,PENDING,
unused,603,603,,,,https://wholesalebeautyhub.co.uk/wp-content/uploads/2024/04/Yanga-Beauty-Blurfect-Loose-Powder.jpg,2024/04/Yanga-Beauty-Blurfect-Loose-Powder.jpg,image/jpeg,jpg,8418,225,225,d34c7c5579264902,unused,unused-603-yanga-beauty-blurfect-loose-powder.jpg,jpg,unassigned,False,NOT_REQUIRED,FOUND,PENDING,
unused,638,638,,,,https://wholesalebeautyhub.co.uk/wp-content/uploads/2024/04/2.png,2024/04/2.png,image/png,png,48942,400,300,ee6d29a69fab3622,unused,unused-638-2.png,png,unassigned,False,NOT_REQUIRED,FOUND,PENDING,
unused,639,639,,,,https://wholesalebeautyhub.co.uk/wp-content/uploads/2024/04/3.png,2024/04/3.png,image/png,png,112688,400,300,14b596f68128fa5c,unused,unused-639-3.png,png,unassigned,False,NOT_REQUIRED,FOUND,PENDING,
unused,641,641,,,,https://wholesalebeautyhub.co.uk/wp-content/uploads/2024/04/1.png,2024/04/1.png,image/png,png,130045,400,300,4ba35a9a8b719281,unused,unused-641-1.png,png,unassigned,False,NOT_REQUIRED,FOUND,PENDING,
unused,642,642,,,,https://wholesalebeautyhub.co.uk/wp-content/uploads/2024/04/Frame-1646.png,2024/04/Frame-1646.png,image/png,png,122008,625,300,5ee568fcb5de193e,unused,unused-642-frame-1646.png,png,unassigned,False,NOT_REQUIRED,FOUND,PENDING,
unused,646,646,,,,https://wholesalebeautyhub.co.uk/wp-content/uploads/2024/04/Frame-1645.png,2024/04/Frame-1645.png,image/png,png,237734,625,300,bb186bfb5cc40c20,unused,unused-646-frame-1645.png,png,unassigned,False,NOT_REQUIRED,FOUND,PENDING,
unused,647,647,,,,https://wholesalebeautyhub.co.uk/wp-content/uploads/2024/04/Beige-luxury-cart-page-website-template-1-2.png,2024/04/Beige-luxury-cart-page-website-template-1-2.png,image/png,png,656903,1440,758,f8118fc9783e27b6,unused,unused-647-beige-luxury-cart-page-website-template-1-2.png,png,unassigned,False,NOT_REQUIRED,FOUND,PENDING,
unused,651,651,,,,https://wholesalebeautyhub.co.uk/wp-content/uploads/2024/04/Laura-Mercier-Translucent-Loose-Powder.jpg,2024/04/Laura-Mercier-Translucent-Loose-Powder.jpg,image/jpeg,jpg,165463,2000,2000,1d58e8907735c26f,unused,unused-651-laura-mercier-translucent-loose-powder.jpg,jpg,unassigned,False,NOT_REQUIRED,FOUND,PENDING,
unused,655,655,,,,https://wholesalebeautyhub.co.uk/wp-content/uploads/2024/04/translucent-honey.webp,2024/04/translucent-honey.webp,image/webp,webp,20270,750,750,dbcef91ea889d2ac,unused,unused-655-translucent-honey.webp,webp,unassigned,False,NOT_REQUIRED,FOUND,PENDING,
unused,656,656,,,,https://wholesalebeautyhub.co.uk/wp-content/uploads/2024/04/Translucent-medium-deep.webp,2024/04/Translucent-medium-deep.webp,image/webp,webp,20512,750,750,7850a1b7e1e8a40c,unused,unused-656-translucent-medium-deep.webp,webp,unassigned,False,NOT_REQUIRED,FOUND,PENDING,
unused,658,658,,,,https://wholesalebeautyhub.co.uk/wp-content/uploads/2024/04/Huda-beauty-glowish-powder.png,2024/04/Huda-beauty-glowish-powder.png,image/png,png,62228,500,500,0a5334b5abf1f7aa,unused,unused-658-huda-beauty-glowish-powder.png,png,unassigned,False,NOT_REQUIRED,FOUND,PENDING,
unused,661,661,,,,https://wholesalebeautyhub.co.uk/wp-content/uploads/2024/04/deep-tan.jpg,2024/04/deep-tan.jpg,image/jpeg,jpg,110193,1500,1500,00f0681fb0893170,unused,unused-661-deep-tan.jpg,jpg,unassigned,False,NOT_REQUIRED,FOUND,PENDING,
unused,662,662,,,,https://wholesalebeautyhub.co.uk/wp-content/uploads/2024/04/rich.jpg,2024/04/rich.jpg,image/jpeg,jpg,21355,500,500,6d4ef3f85828e8dc,unused,unused-662-rich.jpg,jpg,unassigned,False,NOT_REQUIRED,FOUND,PENDING,
unused,666,666,,,,https://wholesalebeautyhub.co.uk/wp-content/uploads/2024/04/35ml.png,2024/04/35ml.png,image/png,png,66488,600,600,56910312288e4f4e,unused,unused-666-35ml.png,png,unassigned,False,NOT_REQUIRED,FOUND,PENDING,
unused,667,667,,,,https://wholesalebeautyhub.co.uk/wp-content/uploads/2024/04/mini.png,2024/04/mini.png,image/png,png,176444,1024,1024,e9430093ebbbac6a,unused,unused-667-mini.png,png,unassigned,False,NOT_REQUIRED,FOUND,PENDING,
unused,673,673,,,,https://wholesalebeautyhub.co.uk/wp-content/uploads/2024/04/Huda-Beauty-Full-Coverage-Liquid.webp,2024/04/Huda-Beauty-Full-Coverage-Liquid.webp,image/webp,webp,4422,585,585,d331b6bdbf740fdb,unused,unused-673-huda-beauty-full-coverage-liquid.webp,webp,unassigned,False,NOT_REQUIRED,FOUND,PENDING,
unused,674,674,,,,https://wholesalebeautyhub.co.uk/wp-content/uploads/2024/04/Huda-Beauty-Full-Coverage-Liquid-cinnmon.webp,2024/04/Huda-Beauty-Full-Coverage-Liquid-cinnmon.webp,image/webp,webp,57468,760,760,5c2f9fe050db5ff9,unused,unused-674-huda-beauty-full-coverage-liquid-cinnmon.webp,webp,unassigned,False,NOT_REQUIRED,FOUND,PENDING,
unused,675,675,,,,https://wholesalebeautyhub.co.uk/wp-content/uploads/2024/04/Huda-Beauty-Full-Coverage-Liquid-peanut-butter-cup.jpg,2024/04/Huda-Beauty-Full-Coverage-Liquid-peanut-butter-cup.jpg,image/jpeg,jpg,161526,760,760,d99d88e10ade076b,unused,unused-675-huda-beauty-full-coverage-liquid-peanut-butter-cup.jpg,jpg,unassigned,False,NOT_REQUIRED,FOUND,PENDING,
unused,676,676,,,,https://wholesalebeautyhub.co.uk/wp-content/uploads/2024/04/Huda-Beauty-Full-Coverage-Liquid-cocoa.jpg,2024/04/Huda-Beauty-Full-Coverage-Liquid-cocoa.jpg,image/jpeg,jpg,159708,760,760,af36a820f952a0e5,unused,unused-676-huda-beauty-full-coverage-liquid-cocoa.jpg,jpg,unassigned,False,NOT_REQUIRED,FOUND,PENDING,
unused,677,677,,,,https://wholesalebeautyhub.co.uk/wp-content/uploads/2024/04/Huda-Beauty-Full-Coverage-Liquid-hot-fudge.webp,2024/04/Huda-Beauty-Full-Coverage-Liquid-hot-fudge.webp,image/webp,webp,9548,580,580,f21a7209b9857728,unused,unused-677-huda-beauty-full-coverage-liquid-hot-fudge.webp,webp,unassigned,False,NOT_REQUIRED,FOUND,PENDING,
unused,682,682,,,,https://wholesalebeautyhub.co.uk/wp-content/uploads/2024/04/Light.jpg,2024/04/Light.jpg,image/jpeg,jpg,36420,585,585,abee7f5b3bac23dc,unused,unused-682-light.jpg,jpg,unassigned,False,NOT_REQUIRED,FOUND,PENDING,
unused,683,683,,,,https://wholesalebeautyhub.co.uk/wp-content/uploads/2024/04/rich-1.jpg,2024/04/rich-1.jpg,image/jpeg,jpg,127168,1500,1500,bee05df4f18a83a3,unused,unused-683-rich.jpg,jpg,unassigned,False,NOT_REQUIRED,FOUND,PENDING,
unused,684,684,,,,https://wholesalebeautyhub.co.uk/wp-content/uploads/2024/04/Tan.jpg,2024/04/Tan.jpg,image/jpeg,jpg,129719,1500,1500,507e75a93a8199ae,unused,unused-684-tan.jpg,jpg,unassigned,False,NOT_REQUIRED,FOUND,PENDING,
unused,686,686,,,,https://wholesalebeautyhub.co.uk/wp-content/uploads/2024/04/coffee-cake.jpg,2024/04/coffee-cake.jpg,image/jpeg,jpg,459130,2000,2000,687ded7b22d814a0,unused,unused-686-huda-beauty-loose-baking-powder-coffee-cake.jpg,jpg,unassigned,False,NOT_REQUIRED,FOUND,PENDING,
unused,690,690,,,,https://wholesalebeautyhub.co.uk/wp-content/uploads/2024/04/Charlotte-Tilbary-Airbrush-Powder-02.jpg,2024/04/Charlotte-Tilbary-Airbrush-Powder-02.jpg,image/jpeg,jpg,142099,1000,1000,73e833981ae9d23c,unused,unused-690-charlotte-tilbary-airbrush-powder-02.jpg,jpg,unassigned,False,NOT_REQUIRED,FOUND,PENDING,
unused,691,691,,,,https://wholesalebeautyhub.co.uk/wp-content/uploads/2024/04/Charlotte-Tilbury-Airbrush-Bronzer.jpg,2024/04/Charlotte-Tilbury-Airbrush-Bronzer.jpg,image/jpeg,jpg,146744,1000,1000,3a3b7e52c8ed1846,unused,unused-691-charlotte-tilbury-airbrush-bronzer.jpg,jpg,unassigned,False,NOT_REQUIRED,FOUND,PENDING,
unused,701,701,,,,https://wholesalebeautyhub.co.uk/wp-content/uploads/2024/04/Deep-04.jpg,2024/04/Deep-04.jpg,image/jpeg,jpg,50988,1000,1000,52c42878fa3387de,unused,unused-701-deep-04.jpg,jpg,unassigned,False,NOT_REQUIRED,FOUND,PENDING,
unused,702,702,,,,https://wholesalebeautyhub.co.uk/wp-content/uploads/2024/04/Tan-03.jpg,2024/04/Tan-03.jpg,image/jpeg,jpg,66488,660,660,87c3aa20a98e994a,unused,unused-702-tan-03.jpg,jpg,unassigned,False,NOT_REQUIRED,FOUND,PENDING,
unused,706,706,,,,https://wholesalebeautyhub.co.uk/wp-content/uploads/2024/04/image-37.png,2024/04/image-37.png,image/png,png,52185,180,180,65b6b0bfa8a746fe,unused,unused-706-image-37.png,png,unassigned,False,NOT_REQUIRED,FOUND,PENDING,
unused,707,707,,,,https://wholesalebeautyhub.co.uk/wp-content/uploads/2024/04/image-51.png,2024/04/image-51.png,image/png,png,57296,180,180,b14c24ef421b1ab2,unused,unused-707-image-51.png,png,unassigned,False,NOT_REQUIRED,FOUND,PENDING,
unused,708,708,,,,https://wholesalebeautyhub.co.uk/wp-content/uploads/2024/04/image-8.png,2024/04/image-8.png,image/png,png,53344,180,180,1e16f22eeb7c837e,unused,unused-708-image-8.png,png,unassigned,False,NOT_REQUIRED,FOUND,PENDING,
unused,709,709,,,,https://wholesalebeautyhub.co.uk/wp-content/uploads/2024/04/image-42.png,2024/04/image-42.png,image/png,png,52928,180,180,399110e640f1e756,unused,unused-709-image-42.png,png,unassigned,False,NOT_REQUIRED,FOUND,PENDING,
unused,710,710,,,,https://wholesalebeautyhub.co.uk/wp-content/uploads/2024/04/image-40.png,2024/04/image-40.png,image/png,png,45352,180,180,0a18be7fb06c471c,unused,unused-710-image-40.png,png,unassigned,False,NOT_REQUIRED,FOUND,PENDING,
unused,711,711,,,,https://wholesalebeautyhub.co.uk/wp-content/uploads/2024/04/image-38.png,2024/04/image-38.png,image/png,png,36794,180,180,eaecc0a8eb34ea9f,unused,unused-711-image-38.png,png,unassigned,False,NOT_REQUIRED,FOUND,PENDING,
unused,729,729,,,,https://wholesalebeautyhub.co.uk/wp-content/uploads/2024/04/85ce1354-6d88-4a0a-9f45-883ffc323c8e-1.svg,2024/04/85ce1354-6d88-4a0a-9f45-883ffc323c8e-1.svg,image/svg+xml,svg,179339,157,71,4962698d9dd20fa6,unused,unused-729-85ce1354-6d88-4a0a-9f45-883ffc323c8e-1.svg,svg,unassigned,False,NOT_REQUIRED,FOUND,PENDING,
unused,740,740,,,,https://wholesalebeautyhub.co.uk/wp-content/uploads/2024/04/Beauty-Bakeries-Setting-Powder-oat.webp,2024/04/Beauty-Bakeries-Setting-Powder-oat.webp,image/webp,webp,19258,640,640,78fbbda83e64c959,unused,unused-740-beauty-bakeries-setting-powder-oat.webp,webp,unassigned,False,NOT_REQUIRED,FOUND,PENDING,
unused,743,743,,,,https://wholesalebeautyhub.co.uk/wp-content/uploads/2024/04/Ruba-Beauty-Setting-Powder-1.jpg,2024/04/Ruba-Beauty-Setting-Powder-1.jpg,image/jpeg,jpg,323718,1440,1440,367d649a25c16a57,unused,unused-743-ruba-beauty-setting-powder-1.jpg,jpg,unassigned,False,NOT_REQUIRED,FOUND,PENDING,
unused,747,747,,,,https://wholesalebeautyhub.co.uk/wp-content/uploads/2024/04/Ruba-Beauty-Setting-Powder-i-am-bold-1.jpg,2024/04/Ruba-Beauty-Setting-Powder-i-am-bold-1.jpg,image/jpeg,jpg,294675,1440,1440,0e2fa07dd10c1c3c,unused,unused-747-ruba-beauty-setting-powder-i-am-bold-1.jpg,jpg,unassigned,False,NOT_REQUIRED,FOUND,PENDING,
unused,748,748,,,,https://wholesalebeautyhub.co.uk/wp-content/uploads/2024/04/Ruba-Beauty-Setting-Powder-i-am-confident-1.jpg,2024/04/Ruba-Beauty-Setting-Powder-i-am-confident-1.jpg,image/jpeg,jpg,266468,1440,1440,5e3172697cd89719,unused,unused-748-ruba-beauty-setting-powder-i-am-confident-1.jpg,jpg,unassigned,False,NOT_REQUIRED,FOUND,PENDING,
unused,749,749,,,,https://wholesalebeautyhub.co.uk/wp-content/uploads/2024/04/Ruba-Beauty-Setting-Powder-i-am-fearless-1.jpg,2024/04/Ruba-Beauty-Setting-Powder-i-am-fearless-1.jpg,image/jpeg,jpg,278873,1440,1440,d96ef0eb4cc29365,unused,unused-749-ruba-beauty-setting-powder-i-am-fearless.jpg,jpg,unassigned,False,NOT_REQUIRED,FOUND,PENDING,
unused,753,753,,,,https://wholesalebeautyhub.co.uk/wp-content/uploads/2024/04/bad-03.jpg,2024/04/bad-03.jpg,image/jpeg,jpg,58047,900,900,2cbf6efaa0238a58,unused,unused-753-bad-03.jpg,jpg,unassigned,False,NOT_REQUIRED,FOUND,PENDING,
unused,754,754,,,,https://wholesalebeautyhub.co.uk/wp-content/uploads/2024/04/bad-08.jpg,2024/04/bad-08.jpg,image/jpeg,jpg,44008,550,550,4ca05e879ebc9434,unused,unused-754-bad-08.jpg,jpg,unassigned,False,NOT_REQUIRED,FOUND,PENDING,
unused,755,755,,,,https://wholesalebeautyhub.co.uk/wp-content/uploads/2024/04/Beauty-By-AD-Concealer.webp,2024/04/Beauty-By-AD-Concealer.webp,image/webp,webp,74998,750,741,5e12ab7d3a20544b,unused,unused-755-beauty-by-ad-concealer.webp,webp,unassigned,False,NOT_REQUIRED,FOUND,PENDING,
unused,768,768,,,,https://wholesalebeautyhub.co.uk/wp-content/uploads/2024/04/Beauty-By-AD-Refill-Powder.jpg,2024/04/Beauty-By-AD-Refill-Powder.jpg,image/jpeg,jpg,200346,900,900,ce6cf5773af262bc,unused,unused-768-beauty-by-ad-refill-powder.jpg,jpg,unassigned,False,NOT_REQUIRED,FOUND,PENDING,
unused,775,775,,,,https://wholesalebeautyhub.co.uk/wp-content/uploads/2024/04/Beauty-By-AD-Refill-Powder-bad-01.jpg,2024/04/Beauty-By-AD-Refill-Powder-bad-01.jpg,image/jpeg,jpg,195673,900,900,94b9a49940b6d830,unused,unused-775-beauty-by-ad-refill-powder-bad-01.jpg,jpg,unassigned,False,NOT_REQUIRED,FOUND,PENDING,
unused,776,776,,,,https://wholesalebeautyhub.co.uk/wp-content/uploads/2024/04/Beauty-By-AD-Refill-Powder-bad-02.jpg,2024/04/Beauty-By-AD-Refill-Powder-bad-02.jpg,image/jpeg,jpg,58753,550,550,43545b718f50c318,unused,unused-776-beauty-by-ad-refill-powder-bad-02.jpg,jpg,unassigned,False,NOT_REQUIRED,FOUND,PENDING,
unused,777,777,,,,https://wholesalebeautyhub.co.uk/wp-content/uploads/2024/04/Beauty-By-AD-Refill-Powder-03.jpg,2024/04/Beauty-By-AD-Refill-Powder-03.jpg,image/jpeg,jpg,54566,550,550,b7bece5c8e4191cb,unused,unused-777-beauty-by-ad-refill-powder-03.jpg,jpg,unassigned,False,NOT_REQUIRED,FOUND,PENDING,
unused,778,778,,,,https://wholesalebeautyhub.co.uk/wp-content/uploads/2024/04/Beauty-By-AD-Refill-Powder-05.jpg,2024/04/Beauty-By-AD-Refill-Powder-05.jpg,image/jpeg,jpg,55180,550,550,cedee55a8e5b34ef,unused,unused-778-beauty-by-ad-refill-powder-05.jpg,jpg,unassigned,False,NOT_REQUIRED,FOUND,PENDING,
unused,779,779,,,,https://wholesalebeautyhub.co.uk/wp-content/uploads/2024/04/Beauty-By-AD-Refill-Powder-bad-06.jpg,2024/04/Beauty-By-AD-Refill-Powder-bad-06.jpg,image/jpeg,jpg,45475,550,550,744288a6105882f9,unused,unused-779-beauty-by-ad-refill-powder-bad-06.jpg,jpg,unassigned,False,NOT_REQUIRED,FOUND,PENDING,
unused,780,780,,,,https://wholesalebeautyhub.co.uk/wp-content/uploads/2024/04/Beauty-By-AD-Refill-Powder-bad-09.jpg,2024/04/Beauty-By-AD-Refill-Powder-bad-09.jpg,image/jpeg,jpg,70153,550,550,2442c502ee35df09,unused,unused-780-beauty-by-ad-refill-powder-bad-09.jpg,jpg,unassigned,False,NOT_REQUIRED,FOUND,PENDING,
unused,788,788,,,,https://wholesalebeautyhub.co.uk/wp-content/uploads/2024/04/Beauty-By-AD-Luxe-Skin-Foundation.jpg,2024/04/Beauty-By-AD-Luxe-Skin-Foundation.jpg,image/jpeg,jpg,110925,1440,1440,82d25850aa1d9ebc,unused,unused-788-beauty-by-ad-luxe-skin-foundation.jpg,jpg,unassigned,False,NOT_REQUIRED,FOUND,PENDING,
unused,789,789,,,,https://wholesalebeautyhub.co.uk/wp-content/uploads/2024/04/Beauty-By-Ad-Luxe-Skin-Foundation1.jpg,2024/04/Beauty-By-Ad-Luxe-Skin-Foundation1.jpg,image/jpeg,jpg,107935,1051,1051,0e302f45b40be0e8,unused,unused-789-beauty-by-ad-luxe-skin-foundation1.jpg,jpg,unassigned,False,NOT_REQUIRED,FOUND,PENDING,
unused,790,790,,,,https://wholesalebeautyhub.co.uk/wp-content/uploads/2024/04/Beauty-By-Ad-Luxe-Skin-Foundation1-1.jpg,2024/04/Beauty-By-Ad-Luxe-Skin-Foundation1-1.jpg,image/jpeg,jpg,75177,1069,1069,bb270fb1254aecfa,unused,unused-790-beauty-by-ad-luxe-skin-foundation1-1.jpg,jpg,unassigned,False,NOT_REQUIRED,FOUND,PENDING,
unused,791,791,,,,https://wholesalebeautyhub.co.uk/wp-content/uploads/2024/04/Beauty-By-Ad-Luxe-Skin-Foundation1-2.jpg,2024/04/Beauty-By-Ad-Luxe-Skin-Foundation1-2.jpg,image/jpeg,jpg,69334,1070,1070,a44b8c916de92fd0,unused,unused-791-beauty-by-ad-luxe-skin-foundation1-2.jpg,jpg,unassigned,False,NOT_REQUIRED,FOUND,PENDING,
unused,793,793,,,,https://wholesalebeautyhub.co.uk/wp-content/uploads/2024/04/JuviaS-Place-The-Shade-Stick.jpg,2024/04/JuviaS-Place-The-Shade-Stick.jpg,image/jpeg,jpg,20800,850,850,08b751aec06b102e,unused,unused-793-juvia-s-place-the-shade-stick.jpg,jpg,unassigned,False,NOT_REQUIRED,FOUND,PENDING,
unused,810,810,,,,https://wholesalebeautyhub.co.uk/wp-content/uploads/2024/04/Rectangle-23.png,2024/04/Rectangle-23.png,image/png,png,622425,664,549,a7bed812da918932,unused,unused-810-rectangle-23.png,png,unassigned,False,NOT_REQUIRED,FOUND,PENDING,
unused,812,812,,,,https://wholesalebeautyhub.co.uk/wp-content/uploads/2024/04/Juvias-Place-The-Shade-Stick-addis-ababa.jpg,2024/04/Juvias-Place-The-Shade-Stick-addis-ababa.jpg,image/jpeg,jpg,93852,760,760,ce93c3333fd828f4,unused,unused-812-juvia-s-place-the-shade-stick-addis-ababa.jpg,jpg,unassigned,False,NOT_REQUIRED,FOUND,PENDING,
unused,813,813,,,,https://wholesalebeautyhub.co.uk/wp-content/uploads/2024/04/Juvias-Place-The-Shade-Stick-belize.jpg,2024/04/Juvias-Place-The-Shade-Stick-belize.jpg,image/jpeg,jpg,92892,760,760,4948e93528c202e1,unused,unused-813-juvia-s-place-the-shade-stick-belize.jpg,jpg,unassigned,False,NOT_REQUIRED,FOUND,PENDING,
unused,814,814,,,,https://wholesalebeautyhub.co.uk/wp-content/uploads/2024/04/Juvias-Place-The-Shade-Stick-dominica.jpg,2024/04/Juvias-Place-The-Shade-Stick-dominica.jpg,image/jpeg,jpg,93869,760,760,65dcd5ca7c3a4559,unused,unused-814-juvia-s-place-the-shade-stick-dominica.jpg,jpg,unassigned,False,NOT_REQUIRED,FOUND,PENDING,
unused,815,815,,,,https://wholesalebeautyhub.co.uk/wp-content/uploads/2024/04/Juvias-Place-The-Shade-Stick-grenada.jpg,2024/04/Juvias-Place-The-Shade-Stick-grenada.jpg,image/jpeg,jpg,93935,760,760,322ad69ec494a2ad,unused,unused-815-juvia-s-place-the-shade-stick-grenada.jpg,jpg,unassigned,False,NOT_REQUIRED,FOUND,PENDING,
unused,816,816,,,,https://wholesalebeautyhub.co.uk/wp-content/uploads/2024/04/Juvias-Place-The-Shade-Stick-Guinea.jpg,2024/04/Juvias-Place-The-Shade-Stick-Guinea.jpg,image/jpeg,jpg,93812,760,760,26c89237c6b020ea,unused,unused-816-juvia-s-place-the-shade-stick-guinea.jpg,jpg,unassigned,False,NOT_REQUIRED,FOUND,PENDING,
unused,817,817,,,,https://wholesalebeautyhub.co.uk/wp-content/uploads/2024/04/Juvias-Place-The-Shade-Stick-jacmel.jpg,2024/04/Juvias-Place-The-Shade-Stick-jacmel.jpg,image/jpeg,jpg,93906,760,760,f7bdab78d2a5175c,unused,unused-817-juvia-s-place-the-shade-stick-jacmel.jpg,jpg,unassigned,False,NOT_REQUIRED,FOUND,PENDING,
unused,818,818,,,,https://wholesalebeautyhub.co.uk/wp-content/uploads/2024/04/Juvias-Place-The-Shade-Stick-madagascar.jpg,2024/04/Juvias-Place-The-Shade-Stick-madagascar.jpg,image/jpeg,jpg,93862,760,760,24d0cad8e4e5a4fc,unused,unused-818-juvia-s-place-the-shade-stick-madagascar.jpg,jpg,unassigned,False,NOT_REQUIRED,FOUND,PENDING,
unused,819,819,,,,https://wholesalebeautyhub.co.uk/wp-content/uploads/2024/04/Juvias-Place-The-Shade-Stick-manila.jpg,2024/04/Juvias-Place-The-Shade-Stick-manila.jpg,image/jpeg,jpg,93452,760,760,c3475ce345b6fd79,unused,unused-819-juvia-s-place-the-shade-stick-manila.jpg,jpg,unassigned,False,NOT_REQUIRED,FOUND,PENDING,
unused,820,820,,,,https://wholesalebeautyhub.co.uk/wp-content/uploads/2024/04/Juvias-Place-The-Shade-Stick-mauritania.jpg,2024/04/Juvias-Place-The-Shade-Stick-mauritania.jpg,image/jpeg,jpg,93915,760,760,9dab88c39629de64,unused,unused-820-juvia-s-place-the-shade-stick-mauritania.jpg,jpg,unassigned,False,NOT_REQUIRED,FOUND,PENDING,
unused,821,821,,,,https://wholesalebeautyhub.co.uk/wp-content/uploads/2024/04/Juvias-Place-The-Shade-Stick-mozambique.jpg,2024/04/Juvias-Place-The-Shade-Stick-mozambique.jpg,image/jpeg,jpg,93887,760,760,8fa6ee3eea7c19c7,unused,unused-821-juvia-s-place-the-shade-stick-mozambique.jpg,jpg,unassigned,False,NOT_REQUIRED,FOUND,PENDING,
unused,822,822,,,,https://wholesalebeautyhub.co.uk/wp-content/uploads/2024/04/Juvias-Place-The-Shade-Stick-nepal.jpg,2024/04/Juvias-Place-The-Shade-Stick-nepal.jpg,image/jpeg,jpg,96155,760,760,554a0da804547c3f,unused,unused-822-juvia-s-place-the-shade-stick-nepal.jpg,jpg,unassigned,False,NOT_REQUIRED,FOUND,PENDING,
unused,823,823,,,,https://wholesalebeautyhub.co.uk/wp-content/uploads/2024/04/Juvias-Place-The-Shade-Stick-panama.jpg,2024/04/Juvias-Place-The-Shade-Stick-panama.jpg,image/jpeg,jpg,93759,760,760,bad694f790664c5a,unused,unused-823-juvia-s-place-the-shade-stick-panama.jpg,jpg,unassigned,False,NOT_REQUIRED,FOUND,PENDING,
unused,828,828,,,,https://wholesalebeautyhub.co.uk/wp-content/uploads/2024/04/Morphe-Continuous-Spray.webp,2024/04/Morphe-Continuous-Spray.webp,image/webp,webp,11172,768,768,4496d224d6a63558,unused,unused-828-morphe-continuous-spray.webp,webp,unassigned,False,NOT_REQUIRED,FOUND,PENDING,
unused,830,830,,,,https://wholesalebeautyhub.co.uk/wp-content/uploads/2024/04/Tm-Essential-Liquid-Blush.jpg,2024/04/Tm-Essential-Liquid-Blush.jpg,image/jpeg,jpg,83274,1080,1080,cfa9a9b0282f66e2,unused,unused-830-tm-essential-liquid-blush.jpg,jpg,unassigned,False,NOT_REQUIRED,FOUND,PENDING,
unused,841,841,,,,https://wholesalebeautyhub.co.uk/wp-content/uploads/2024/04/Frame-1681.png,2024/04/Frame-1681.png,image/png,png,134948,611,496,4982ebf07599de5e,unused,unused-841-frame-1681.png,png,unassigned,False,NOT_REQUIRED,FOUND,PENDING,
unused,851,851,,,,https://wholesalebeautyhub.co.uk/wp-content/uploads/2024/04/Tm-Essential-Hydrating-Glow-Mist.jpg,2024/04/Tm-Essential-Hydrating-Glow-Mist.jpg,image/jpeg,jpg,506371,1920,1920,7b7f64ef08297d4c,unused,unused-851-tm-essential-hydrating-glow-mist.jpg,jpg,unassigned,False,NOT_REQUIRED,FOUND,PENDING,
unused,855,855,,,,https://wholesalebeautyhub.co.uk/wp-content/uploads/2024/04/Tm-Essential-Blush-Addict-jpg.webp,2024/04/Tm-Essential-Blush-Addict-jpg.webp,image/webp,webp,266664,1242,1232,f21c43746fd9e7f3,unused,unused-855-tm-essential-blush-addict.webp,webp,unassigned,False,NOT_REQUIRED,FOUND,PENDING,
unused,856,856,,,,https://wholesalebeautyhub.co.uk/wp-content/uploads/2024/04/Tm-Essential-Blush-Addict.webp,2024/04/Tm-Essential-Blush-Addict.webp,image/webp,webp,352124,1946,1946,142290ff9e8cb526,unused,unused-856-tm-essential-blush-addict.webp,webp,unassigned,False,NOT_REQUIRED,FOUND,PENDING,
unused,881,881,,,,https://wholesalebeautyhub.co.uk/wp-content/uploads/2024/04/1b904263-a831-4a93-b1be-fb61e249b1c7-1.svg,2024/04/1b904263-a831-4a93-b1be-fb61e249b1c7-1.svg,image/svg+xml,svg,9724085,1440,569,fd20fbd4dc29d26f,unused,unused-881-1b904263-a831-4a93-b1be-fb61e249b1c7-1.svg,svg,unassigned,False,NOT_REQUIRED,FOUND,PENDING,
unused,883,883,,,,https://wholesalebeautyhub.co.uk/wp-content/uploads/2024/04/1b904263-a831-4a93-b1be-fb61e249b1c7-1.png,2024/04/1b904263-a831-4a93-b1be-fb61e249b1c7-1.png,image/png,png,787606,1440,569,0fe24ae597013d6b,unused,unused-883-1b904263-a831-4a93-b1be-fb61e249b1c7-1.png,png,unassigned,False,NOT_REQUIRED,FOUND,PENDING,
unused,904,904,,,,https://wholesalebeautyhub.co.uk/wp-content/uploads/2024/04/Untitled-design-1.png,2024/04/Untitled-design-1.png,image/png,png,161543,1440,318,f7be1a389781daf3,unused,unused-904-untitled-design-1.png,png,unassigned,False,NOT_REQUIRED,FOUND,PENDING,
unused,930,930,,,,https://wholesalebeautyhub.co.uk/wp-content/uploads/2024/04/Bio-Aqua-Eye-Mask.jpg,2024/04/Bio-Aqua-Eye-Mask.jpg,image/jpeg,jpg,18947,500,500,1c5a691bf4737515,unused,unused-930-bio-aqua-eye-mask.jpg,jpg,unassigned,False,NOT_REQUIRED,FOUND,PENDING,
unused,931,931,,,,https://wholesalebeautyhub.co.uk/wp-content/uploads/2024/04/Bio-Aqua-Eye-Mask.webp,2024/04/Bio-Aqua-Eye-Mask.webp,image/webp,webp,71874,800,800,d9025f0c80e77561,unused,unused-931-bio-aqua-eye-mask.webp,webp,unassigned,False,NOT_REQUIRED,FOUND,PENDING,
unused,958,958,,,,https://wholesalebeautyhub.co.uk/wp-content/uploads/2024/04/Blossom-Graphic-Liquid-Liner.jpg,2024/04/Blossom-Graphic-Liquid-Liner.jpg,image/jpeg,jpg,256583,660,660,0d9057327aa52ebf,unused,unused-958-blossom-graphic-liquid-liner.jpg,jpg,unassigned,False,NOT_REQUIRED,FOUND,PENDING,
unused,959,959,,,,https://wholesalebeautyhub.co.uk/wp-content/uploads/2024/04/Blossom-Graphic-Liquid-Liner-colors.jpg,2024/04/Blossom-Graphic-Liquid-Liner-colors.jpg,image/jpeg,jpg,259307,1000,1000,2e2293ef002ef851,unused,unused-959-blossom-graphic-liquid-liner-colors.jpg,jpg,unassigned,False,NOT_REQUIRED,FOUND,PENDING,
unused,964,964,,,,https://wholesalebeautyhub.co.uk/wp-content/uploads/2024/04/Helmish-All-Clean-Balm.jpg,2024/04/Helmish-All-Clean-Balm.jpg,image/jpeg,jpg,3294,225,225,52deae129a9c9839,unused,unused-964-helmish-all-clean-balm.jpg,jpg,unassigned,False,NOT_REQUIRED,FOUND,PENDING,
unused,1018,1018,,,,https://wholesalebeautyhub.co.uk/wp-content/uploads/2024/04/re1.jpg,2024/04/re1.jpg,image/jpeg,jpg,428392,1708,1708,0bf0e5b2330fd162,unused,unused-1018-rlg-cosmetics-singles-brush.jpg,jpg,unassigned,False,NOT_REQUIRED,FOUND,PENDING,
unused,1019,1019,,,,https://wholesalebeautyhub.co.uk/wp-content/uploads/2024/04/re2.jpg,2024/04/re2.jpg,image/jpeg,jpg,346832,1708,1708,b88619a6778e8009,unused,unused-1019-re2.jpg,jpg,unassigned,False,NOT_REQUIRED,FOUND,PENDING,
unused,1020,1020,,,,https://wholesalebeautyhub.co.uk/wp-content/uploads/2024/04/re3.jpg,2024/04/re3.jpg,image/jpeg,jpg,214046,1708,1708,7eb99875e1ce18a2,unused,unused-1020-re3.jpg,jpg,unassigned,False,NOT_REQUIRED,FOUND,PENDING,
unused,1024,1024,,,,https://wholesalebeautyhub.co.uk/wp-content/uploads/2024/04/re4.jpg,2024/04/re4.jpg,image/jpeg,jpg,374754,1708,1708,dbfc3198139c1743,unused,unused-1024-re4.jpg,jpg,unassigned,False,NOT_REQUIRED,FOUND,PENDING,
unused,1028,1028,,,,https://wholesalebeautyhub.co.uk/wp-content/uploads/2024/04/re6.jpg,2024/04/re6.jpg,image/jpeg,jpg,361703,1708,1708,9d06abaa368727a3,unused,unused-1028-re6.jpg,jpg,unassigned,False,NOT_REQUIRED,FOUND,PENDING,
unused,1029,1029,,,,https://wholesalebeautyhub.co.uk/wp-content/uploads/2024/04/E45-Lotion.jpg,2024/04/E45-Lotion.jpg,image/jpeg,jpg,4335,225,225,ae24c8b62a58eb4b,unused,unused-1029-e45-lotion.jpg,jpg,unassigned,False,NOT_REQUIRED,FOUND,PENDING,
unused,1030,1030,,,,https://wholesalebeautyhub.co.uk/wp-content/uploads/2024/04/E45-Lotion.webp,2024/04/E45-Lotion.webp,image/webp,webp,8258,478,478,71dced34dfacb9a7,unused,unused-1030-e45-lotion.webp,webp,unassigned,False,NOT_REQUIRED,FOUND,PENDING,
unused,1045,1045,,,,https://wholesalebeautyhub.co.uk/wp-content/uploads/2024/04/Cerave-Sa-Smoothing-Cream-16Fl.webp,2024/04/Cerave-Sa-Smoothing-Cream-16Fl.webp,image/webp,webp,20638,1280,1280,17942f46977df4ce,unused,unused-1045-cerave-sa-smoothing-cream-16fl.webp,webp,unassigned,False,NOT_REQUIRED,FOUND,PENDING,
unused,1046,1046,,,,https://wholesalebeautyhub.co.uk/wp-content/uploads/2024/04/Cerave-Sa-Smoothing-Cleanser-8Fl.jpg,2024/04/Cerave-Sa-Smoothing-Cleanser-8Fl.jpg,image/jpeg,jpg,16997,680,680,d6ad92960c56f8b4,unused,unused-1046-cerave-sa-smoothing-cleanser-8fl.jpg,jpg,unassigned,False,NOT_REQUIRED,FOUND,PENDING,
unused,1047,1047,,,,https://wholesalebeautyhub.co.uk/wp-content/uploads/2024/04/Cerave-Acne-Foaming-Cream-Cleanser.jpg,2024/04/Cerave-Acne-Foaming-Cream-Cleanser.jpg,image/jpeg,jpg,40683,600,600,36b09840ad92d815,unused,unused-1047-cerave-acne-foaming-cream-cleanser.jpg,jpg,unassigned,False,NOT_REQUIRED,FOUND,PENDING,
unused,1048,1048,,,,https://wholesalebeautyhub.co.uk/wp-content/uploads/2024/04/Cerave-Hydrating-Cleanser-8Fl.avif,2024/04/Cerave-Hydrating-Cleanser-8Fl.avif,image/avif,avif,27703,1280,1280,a97e991979884ff0,unused,unused-1048-cerave-hydrating-cleanser-8fl.webp,webp,unassigned,True,NOT_STARTED,FOUND,PENDING,
unused,1049,1049,,,,https://wholesalebeautyhub.co.uk/wp-content/uploads/2024/04/Cerave-Hydrating-Cleanser-16Fl.jpg,2024/04/Cerave-Hydrating-Cleanser-16Fl.jpg,image/jpeg,jpg,14734,600,600,1dedbdaadb4455ce,unused,unused-1049-cerave-hydrating-cleanser-16fl.jpg,jpg,unassigned,False,NOT_REQUIRED,FOUND,PENDING,
unused,1050,1050,,,,https://wholesalebeautyhub.co.uk/wp-content/uploads/2024/04/Annyta.jpeg,2024/04/Annyta.jpeg,image/jpeg,jpeg,49892,1024,1024,6da715211cf420ef,unused,unused-1050-rlg-cosmetics-lipstain.jpeg,jpeg,unassigned,False,NOT_REQUIRED,FOUND,PENDING,
unused,1051,1051,,,,https://wholesalebeautyhub.co.uk/wp-content/uploads/2024/04/Asante.jpeg,2024/04/Asante.jpeg,image/jpeg,jpeg,644646,1543,1543,25a81507c99f3f42,unused,unused-1051-asante.jpeg,jpeg,unassigned,False,NOT_REQUIRED,FOUND,PENDING,
unused,1052,1052,,,,https://wholesalebeautyhub.co.uk/wp-content/uploads/2024/04/burnt.jpeg,2024/04/burnt.jpeg,image/jpeg,jpeg,70318,1024,1024,e7ab131af214a1da,unused,unused-1052-burnt.jpeg,jpeg,unassigned,False,NOT_REQUIRED,FOUND,PENDING,
unused,1053,1053,,,,https://wholesalebeautyhub.co.uk/wp-content/uploads/2024/04/Cerave-Foaming-Cleanse-8Fl.webp,2024/04/Cerave-Foaming-Cleanse-8Fl.webp,image/webp,webp,7838,488,488,c02867dcebb61a0a,unused,unused-1053-cerave-foaming-cleanse-8fl.webp,webp,unassigned,False,NOT_REQUIRED,FOUND,PENDING,
unused,1054,1054,,,,https://wholesalebeautyhub.co.uk/wp-content/uploads/2024/04/Cerave-Foaming-Cleanse-8Fl.png,2024/04/Cerave-Foaming-Cleanse-8Fl.png,image/png,png,118710,500,500,82e52212f4f6fb7f,unused,unused-1054-cerave-foaming-cleanse-8fl.png,png,unassigned,False,NOT_REQUIRED,FOUND,PENDING,
unused,1055,1055,,,,https://wholesalebeautyhub.co.uk/wp-content/uploads/2024/04/Delta-G.jpeg,2024/04/Delta-G.jpeg,image/jpeg,jpeg,798144,1729,1729,3a870a8721698146,unused,unused-1055-delta-g.jpeg,jpeg,unassigned,False,NOT_REQUIRED,FOUND,PENDING,
unused,1056,1056,,,,https://wholesalebeautyhub.co.uk/wp-content/uploads/2024/04/earth-crush.jpeg,2024/04/earth-crush.jpeg,image/jpeg,jpeg,76552,1024,1024,3a6dc4e8408acb70,unused,unused-1056-earth-crush.jpeg,jpeg,unassigned,False,NOT_REQUIRED,FOUND,PENDING,
unused,1057,1057,,,,https://wholesalebeautyhub.co.uk/wp-content/uploads/2024/04/Emma.jpg,2024/04/Emma.jpg,image/jpeg,jpg,1144337,1708,1708,827bf3b8a8296c16,unused,unused-1057-emma.jpg,jpg,unassigned,False,NOT_REQUIRED,FOUND,PENDING,
unused,1058,1058,,,,https://wholesalebeautyhub.co.uk/wp-content/uploads/2024/04/Im-nude-1.jpg,2024/04/Im-nude-1.jpg,image/jpeg,jpg,727817,1708,1708,1213dc47075edd3d,unused,unused-1058-i-m-nude.jpg,jpg,unassigned,False,NOT_REQUIRED,FOUND,PENDING,
unused,1059,1059,,,,https://wholesalebeautyhub.co.uk/wp-content/uploads/2024/04/rj.jpg,2024/04/rj.jpg,image/jpeg,jpg,871968,1708,1708,7dcd1dedc9f4abfd,unused,unused-1059-rj.jpg,jpg,unassigned,False,NOT_REQUIRED,FOUND,PENDING,
unused,1060,1060,,,,https://wholesalebeautyhub.co.uk/wp-content/uploads/2024/04/Cerave-Cream-To-Form-Cleanse-8Fl.webp,2024/04/Cerave-Cream-To-Form-Cleanse-8Fl.webp,image/webp,webp,30918,1280,1280,314bd0344e5fa1d4,unused,unused-1060-cerave-cream-to-form-cleanse-8fl.webp,webp,unassigned,False,NOT_REQUIRED,FOUND,PENDING,
unused,1076,1076,,,,https://wholesalebeautyhub.co.uk/wp-content/uploads/2024/04/Paula-Beauty-Water-Proof-Eye-Liner-black.webp,2024/04/Paula-Beauty-Water-Proof-Eye-Liner-black.webp,image/webp,webp,1115592,2048,2048,6f77d076c88bff9a,unused,unused-1076-paula-beauty-water-proof-eye-liner-black.webp,webp,unassigned,False,NOT_REQUIRED,FOUND,PENDING,
unused,1077,1077,,,,https://wholesalebeautyhub.co.uk/wp-content/uploads/2024/04/Paula-Beauty-Water-Proof-Eye-Liner-blue.webp,2024/04/Paula-Beauty-Water-Proof-Eye-Liner-blue.webp,image/webp,webp,278308,2048,2048,424ef4192cb4f807,unused,unused-1077-paula-beauty-water-proof-eye-liner-blue.webp,webp,unassigned,False,NOT_REQUIRED,FOUND,PENDING,
unused,1078,1078,,,,https://wholesalebeautyhub.co.uk/wp-content/uploads/2024/04/Mabrook-Eye-Liner-Pencil.jpg,2024/04/Mabrook-Eye-Liner-Pencil.jpg,image/jpeg,jpg,8583,605,605,02b9e5f020f9d7da,unused,unused-1078-mabrook-eye-liner-pencil.jpg,jpg,unassigned,False,NOT_REQUIRED,FOUND,PENDING,
unused,1083,1083,,,,https://wholesalebeautyhub.co.uk/wp-content/uploads/2024/04/Classic-Makeup-Eye-Brow-Pencil-1.jpg,2024/04/Classic-Makeup-Eye-Brow-Pencil-1.jpg,image/jpeg,jpg,47750,500,500,d511c3254f51184d,unused,unused-1083-classic-makeup-eye-brow-pencil.jpg,jpg,unassigned,False,NOT_REQUIRED,FOUND,PENDING,
unused,1084,1084,,,,https://wholesalebeautyhub.co.uk/wp-content/uploads/2024/04/Koji-Acid-Brightening-Body-Lotion.webp,2024/04/Koji-Acid-Brightening-Body-Lotion.webp,image/webp,webp,30974,800,800,85ff049709c74bc4,unused,unused-1084-koji-acid-brightening-body-lotion.webp,webp,unassigned,False,NOT_REQUIRED,FOUND,PENDING,
unused,1085,1085,,,,https://wholesalebeautyhub.co.uk/wp-content/uploads/2024/04/Koji-Acid-Papaya-Body-Lotion.webp,2024/04/Koji-Acid-Papaya-Body-Lotion.webp,image/webp,webp,14228,500,500,093cf7493e9827f0,unused,unused-1085-koji-acid-papaya-body-lotion.webp,webp,unassigned,False,NOT_REQUIRED,FOUND,PENDING,
unused,1087,1087,,,,https://wholesalebeautyhub.co.uk/wp-content/uploads/2024/04/Classic-Makeup-Lipstain.jpg,2024/04/Classic-Makeup-Lipstain.jpg,image/jpeg,jpg,12795,500,500,23fd2d01df1486f5,unused,unused-1087-classic-makeup-lipstain.jpg,jpg,unassigned,False,NOT_REQUIRED,FOUND,PENDING,
unused,1095,1095,,,,https://wholesalebeautyhub.co.uk/wp-content/uploads/2024/04/St-Ives-Body-Wash.png,2024/04/St-Ives-Body-Wash.png,image/png,png,742513,1080,1080,e107544cfa39e075,unused,unused-1095-st-ives-body-wash.png,png,unassigned,False,NOT_REQUIRED,FOUND,PENDING,
unused,1096,1096,,,,https://wholesalebeautyhub.co.uk/wp-content/uploads/2024/04/St-Ives-Soothing-Sheabutter-Lotion-21Fl-621Ml.jpeg,2024/04/St-Ives-Soothing-Sheabutter-Lotion-21Fl-621Ml.jpeg,image/jpeg,jpeg,19569,450,450,a18046df0ba4fbaa,unused,unused-1096-st-ives-soothing-sheabutter-lotion-21fl-621ml.jpeg,jpeg,unassigned,False,NOT_REQUIRED,FOUND,PENDING,
unused,1097,1097,,,,https://wholesalebeautyhub.co.uk/wp-content/uploads/2024/04/St-Ives-Soothing-Sheabutter-Lotion-21Fl-621Ml-1.jpeg,2024/04/St-Ives-Soothing-Sheabutter-Lotion-21Fl-621Ml-1.jpeg,image/jpeg,jpeg,31288,500,500,09c5aa871bdf40f6,unused,unused-1097-st-ives-soothing-sheabutter-lotion-21fl-621ml.jpeg,jpeg,unassigned,False,NOT_REQUIRED,FOUND,PENDING,
unused,1098,1098,,,,https://wholesalebeautyhub.co.uk/wp-content/uploads/2024/04/St-Ives-Renewal-Body-Lotion-21Fl-621Ml.webp,2024/04/St-Ives-Renewal-Body-Lotion-21Fl-621Ml.webp,image/webp,webp,14532,500,500,90fec0708233b1d8,unused,unused-1098-st-ives-renewal-body-lotion-21fl-621ml.webp,webp,unassigned,False,NOT_REQUIRED,FOUND,PENDING,
unused,1099,1099,,,,https://wholesalebeautyhub.co.uk/wp-content/uploads/2024/04/Blackgirl-Sunscreen-Spf45.jpg,2024/04/Blackgirl-Sunscreen-Spf45.jpg,image/jpeg,jpg,20351,600,600,79685762b79b6b11,unused,unused-1099-blackgirl-sunscreen-spf45.jpg,jpg,unassigned,False,NOT_REQUIRED,FOUND,PENDING,
unused,1110,1110,,,,https://wholesalebeautyhub.co.uk/wp-content/uploads/2024/04/Classic-Makeup-Lip-Gloss-Brandy.jpg,2024/04/Classic-Makeup-Lip-Gloss-Brandy.jpg,image/jpeg,jpg,7488,350,350,2a42d9e1fdf13dce,unused,unused-1110-classic-makeup-lip-gloss-brandy.jpg,jpg,unassigned,False,NOT_REQUIRED,FOUND,PENDING,
unused,1112,1112,,,,https://wholesalebeautyhub.co.uk/wp-content/uploads/2024/04/Beauty-Line-By-Didi-Lip-Gloss.jpg,2024/04/Beauty-Line-By-Didi-Lip-Gloss.jpg,image/jpeg,jpg,129220,1440,1440,8d94d9ae603959cb,unused,unused-1112-beauty-line-by-didi-lip-gloss.jpg,jpg,unassigned,False,NOT_REQUIRED,FOUND,PENDING,
unused,1127,1127,,,,https://wholesalebeautyhub.co.uk/wp-content/uploads/2024/04/Beauty-Line-By-Didi-Lipstain.jpg,2024/04/Beauty-Line-By-Didi-Lipstain.jpg,image/jpeg,jpg,518911,1440,1440,4c808fe878ae9b59,unused,unused-1127-beauty-line-by-didi-lipstain.jpg,jpg,unassigned,False,NOT_REQUIRED,FOUND,PENDING,
unused,1128,1128,,,,https://wholesalebeautyhub.co.uk/wp-content/uploads/2024/04/Beauty-Line-By-Didi-Lipstain-shades1.jpg,2024/04/Beauty-Line-By-Didi-Lipstain-shades1.jpg,image/jpeg,jpg,80901,750,750,01a58b7b9293f9da,unused,unused-1128-beauty-line-by-didi-lip-stain-shades.jpg,jpg,unassigned,False,NOT_REQUIRED,FOUND,PENDING,
unused,1137,1137,,,,https://wholesalebeautyhub.co.uk/wp-content/uploads/2024/04/Wynkk-Beauty-8-in-1-Lashes-Belle-1.webp,2024/04/Wynkk-Beauty-8-in-1-Lashes-Belle-1.webp,image/webp,webp,570198,750,750,48100e539c14f82f,unused,unused-1137-wynkk-beauty-8-in-1-lashes-belle-1.webp,webp,unassigned,False,NOT_REQUIRED,FOUND,PENDING,
unused,1138,1138,,,,https://wholesalebeautyhub.co.uk/wp-content/uploads/2024/04/Wynkkk-Beauty-8-In-1-Lashes-get-me-lit.webp,2024/04/Wynkkk-Beauty-8-In-1-Lashes-get-me-lit.webp,image/webp,webp,1755790,1440,1440,2b7ac71484c7750d,unused,unused-1138-wynkkk-beauty-8-in-1-lashes-get-me-lit.webp,webp,unassigned,False,NOT_REQUIRED,FOUND,PENDING,
unused,1139,1139,,,,https://wholesalebeautyhub.co.uk/wp-content/uploads/2024/04/Wynkkk-Beauty-8-In-1-Lashes-switch-up.webp,2024/04/Wynkkk-Beauty-8-In-1-Lashes-switch-up.webp,image/webp,webp,1371258,1440,1440,531ec39973a8878a,unused,unused-1139-wynkkk-beauty-8-in-1-lashes.webp,webp,unassigned,False,NOT_REQUIRED,FOUND,PENDING,
unused,1149,1149,,,,https://wholesalebeautyhub.co.uk/wp-content/uploads/2024/04/Cosrx-Propolis-Overnight-Mask-60Ml.webp,2024/04/Cosrx-Propolis-Overnight-Mask-60Ml.webp,image/webp,webp,17484,1280,1280,f04d7935e9036c4a,unused,unused-1149-cosrx-propolis-overnight-mask-60ml.webp,webp,unassigned,False,NOT_REQUIRED,FOUND,PENDING,
unused,1156,1156,,,,https://wholesalebeautyhub.co.uk/wp-content/uploads/2024/04/Kevyn-Aucoin-Concealer.jpg,2024/04/Kevyn-Aucoin-Concealer.jpg,image/jpeg,jpg,93991,1024,1024,2a1145a9da2556dd,unused,unused-1156-kevyn-aucoin-concealer.jpg,jpg,unassigned,False,NOT_REQUIRED,FOUND,PENDING,
unused,1157,1157,,,,https://wholesalebeautyhub.co.uk/wp-content/uploads/2024/04/Kevyn-Aucoin-Concealer-shades.webp,2024/04/Kevyn-Aucoin-Concealer-shades.webp,image/webp,webp,136342,1200,1200,63edf1b30fed8eb6,unused,unused-1157-kevyn-aucoin-concealer-shades.webp,webp,unassigned,False,NOT_REQUIRED,FOUND,PENDING,
unused,1158,1158,,,,https://wholesalebeautyhub.co.uk/wp-content/uploads/2024/04/Cosrx-The-Retinol-0.1Cream-20Ml.avif,2024/04/Cosrx-The-Retinol-0.1Cream-20Ml.avif,image/avif,avif,16077,1500,1500,ebc5ef29c1181d2a,unused,unused-1158-cosrx-the-retinol-0-1cream-20ml.webp,webp,unassigned,True,NOT_STARTED,FOUND,PENDING,
unused,1159,1159,,,,https://wholesalebeautyhub.co.uk/wp-content/uploads/2024/04/Cosrx-The-Retinol-0.1Cream-20Ml-1.avif,2024/04/Cosrx-The-Retinol-0.1Cream-20Ml-1.avif,image/avif,avif,16077,1500,1500,4df2e01a49f12bee,unused,unused-1159-cosrx-the-retinol-0-1cream-20ml.webp,webp,unassigned,True,NOT_STARTED,FOUND,PENDING,
unused,1162,1162,,,,https://wholesalebeautyhub.co.uk/wp-content/uploads/2024/04/Cosrx-Aloe-Soothing-Sun-Cream-50Ml.webp,2024/04/Cosrx-Aloe-Soothing-Sun-Cream-50Ml.webp,image/webp,webp,32970,1601,1601,b5fe033589beecef,unused,unused-1162-cosrx-aloe-soothing-sun-cream-50ml.webp,webp,unassigned,False,NOT_REQUIRED,FOUND,PENDING,
unused,1165,1165,,,,https://wholesalebeautyhub.co.uk/wp-content/uploads/2024/04/Dr-Rashel-Vitamin-C-Serum.jpg,2024/04/Dr-Rashel-Vitamin-C-Serum.jpg,image/jpeg,jpg,25791,510,510,883b3e6b9ead1a7d,unused,unused-1165-dr-rashel-vitamin-c-serum.jpg,jpg,unassigned,False,NOT_REQUIRED,FOUND,PENDING,
unused,1166,1166,,,,https://wholesalebeautyhub.co.uk/wp-content/uploads/2024/04/Nyx-Born-To-Glow-Foundation.webp,2024/04/Nyx-Born-To-Glow-Foundation.webp,image/webp,webp,23422,1280,1280,f7d31ab9ca0b2822,unused,unused-1166-nyx-born-to-glow-foundation.webp,webp,unassigned,False,NOT_REQUIRED,FOUND,PENDING,
unused,1168,1168,,,,https://wholesalebeautyhub.co.uk/wp-content/uploads/2024/04/Dr-Rashel-5In1-Brightening-Set.webp,2024/04/Dr-Rashel-5In1-Brightening-Set.webp,image/webp,webp,70922,861,861,9e7ebec18d42d210,unused,unused-1168-dr-rashel-5in1-brightening-set.webp,webp,unassigned,False,NOT_REQUIRED,FOUND,PENDING,
unused,1169,1169,,,,https://wholesalebeautyhub.co.uk/wp-content/uploads/2024/04/Dr-Rashel-Retinol-Set.jpg,2024/04/Dr-Rashel-Retinol-Set.jpg,image/jpeg,jpg,50319,500,500,c4c111c42dde13be,unused,unused-1169-dr-rashel-retinol-set.jpg,jpg,unassigned,False,NOT_REQUIRED,FOUND,PENDING,
unused,1170,1170,,,,https://wholesalebeautyhub.co.uk/wp-content/uploads/2024/04/Dr-Rashel-Vitamin-C-Face-Cream.png,2024/04/Dr-Rashel-Vitamin-C-Face-Cream.png,image/png,png,55167,500,500,de25d728921d4d48,unused,unused-1170-dr-rashel-vitamin-c-face-cream.png,png,unassigned,False,NOT_REQUIRED,FOUND,PENDING,
unused,1172,1172,,,,https://wholesalebeautyhub.co.uk/wp-content/uploads/2024/04/Nyx-CanT-Stop-WonT-Stop-Foundation.webp,2024/04/Nyx-CanT-Stop-WonT-Stop-Foundation.webp,image/webp,webp,35506,1000,1000,fd50796d29796533,unused,unused-1172-nyx-can-t-stop-won-t-stop-foundation.webp,webp,unassigned,False,NOT_REQUIRED,FOUND,PENDING,
unused,1185,1185,,,,https://wholesalebeautyhub.co.uk/wp-content/uploads/2024/04/Cosrx-Peptide-Eye-Cream.jpg,2024/04/Cosrx-Peptide-Eye-Cream.jpg,image/jpeg,jpg,48803,1500,1500,e4a76ff933218f05,unused,unused-1185-cosrx-peptide-eye-cream.jpg,jpg,unassigned,False,NOT_REQUIRED,FOUND,PENDING,
unused,1191,1191,,,,https://wholesalebeautyhub.co.uk/wp-content/uploads/2024/04/Good-Molecules-Niacinamide-Brightening-Toner-30Ml.jpg,2024/04/Good-Molecules-Niacinamide-Brightening-Toner-30Ml.jpg,image/jpeg,jpg,64649,500,500,3e8331462b0e2a96,unused,unused-1191-good-molecules-niacinamide-brightening-toner-30ml.jpg,jpg,unassigned,False,NOT_REQUIRED,FOUND,PENDING,
unused,1202,1202,,,,https://wholesalebeautyhub.co.uk/wp-content/uploads/2024/04/Medix-5.5-Vitamin-C-Cream-15Floz-144.jpg,2024/04/Medix-5.5-Vitamin-C-Cream-15Floz-144.jpg,image/jpeg,jpg,21543,600,600,7f3bdfe2a460e98b,unused,unused-1202-medix-5-5-vitamin-c-cream-15floz-144.jpg,jpg,unassigned,False,NOT_REQUIRED,FOUND,PENDING,
unused,1203,1203,,,,https://wholesalebeautyhub.co.uk/wp-content/uploads/2024/04/Amlactin-Daily-Moisturizing-225G.jpg,2024/04/Amlactin-Daily-Moisturizing-225G.jpg,image/jpeg,jpg,21398,600,600,c97d228880152e3f,unused,unused-1203-amlactin-daily-moisturizing-225g.jpg,jpg,unassigned,False,NOT_REQUIRED,FOUND,PENDING,
unused,1204,1204,,,,https://wholesalebeautyhub.co.uk/wp-content/uploads/2024/04/Amlactin-Daily-Moisturizing-567G.webp,2024/04/Amlactin-Daily-Moisturizing-567G.webp,image/webp,webp,7540,500,500,072111662a420bb0,unused,unused-1204-amlactin-daily-moisturizing-567g.webp,webp,unassigned,False,NOT_REQUIRED,FOUND,PENDING,
unused,1205,1205,,,,https://wholesalebeautyhub.co.uk/wp-content/uploads/2024/04/Amlactin-Daily-Moisturizing-400G.webp,2024/04/Amlactin-Daily-Moisturizing-400G.webp,image/webp,webp,13316,600,600,bb3bfd06d4a54999,unused,unused-1205-amlactin-daily-moisturizing-400g.webp,webp,unassigned,False,NOT_REQUIRED,FOUND,PENDING,
unused,1206,1206,,,,https://wholesalebeautyhub.co.uk/wp-content/uploads/2024/04/Amlactin-Rapid-Relief-225G.webp,2024/04/Amlactin-Rapid-Relief-225G.webp,image/webp,webp,12530,600,600,be5ecd7247a3b4d2,unused,unused-1206-amlactin-rapid-relief-225g.webp,webp,unassigned,False,NOT_REQUIRED,FOUND,PENDING,
unused,1208,1208,,,,https://wholesalebeautyhub.co.uk/wp-content/uploads/2024/04/Dr-TealS-Stress-Relief-Scrub-16Oz-454Ml.webp,2024/04/Dr-TealS-Stress-Relief-Scrub-16Oz-454Ml.webp,image/webp,webp,38194,612,612,c91b42693bff0384,unused,unused-1208-dr-teal-s-stress-relief-scrub-16oz-454ml.webp,webp,unassigned,False,NOT_REQUIRED,FOUND,PENDING,
unused,1212,1212,,,,https://wholesalebeautyhub.co.uk/wp-content/uploads/2024/04/Msmetics-Premium-Cotton-Pad.webp,2024/04/Msmetics-Premium-Cotton-Pad.webp,image/webp,webp,27638,500,500,bf6cc3e015cd775c,unused,unused-1212-msmetics-premium-cotton-pad.webp,webp,unassigned,False,NOT_REQUIRED,FOUND,PENDING,
unused,1213,1213,,,,https://wholesalebeautyhub.co.uk/wp-content/uploads/2024/04/Msmetics-Micellar-Water.jpg,2024/04/Msmetics-Micellar-Water.jpg,image/jpeg,jpg,14117,500,500,569a9fabb1c342b3,unused,unused-1213-msmetics-micellar-water.jpg,jpg,unassigned,False,NOT_REQUIRED,FOUND,PENDING,
unused,1214,1214,,,,https://wholesalebeautyhub.co.uk/wp-content/uploads/2024/04/Dr-TealS-Hemp-Seed-Body-Lotion-18Fl-Oz-532-Ml.webp,2024/04/Dr-TealS-Hemp-Seed-Body-Lotion-18Fl-Oz-532-Ml.webp,image/webp,webp,9508,500,500,c6079e200f0c1844,unused,unused-1214-dr-teal-s-hemp-seed-body-lotion-18fl-oz-532-ml.webp,webp,unassigned,False,NOT_REQUIRED,FOUND,PENDING,
unused,1222,1222,,,,https://wholesalebeautyhub.co.uk/wp-content/uploads/2024/04/Eucerin-Daily-Hydration-Lotion-500Ml.webp,2024/04/Eucerin-Daily-Hydration-Lotion-500Ml.webp,image/webp,webp,20426,820,820,d50a52ec170ef8aa,unused,unused-1222-eucerin-daily-hydration-lotion-500ml.webp,webp,unassigned,False,NOT_REQUIRED,FOUND,PENDING,
unused,1223,1223,,,,https://wholesalebeautyhub.co.uk/wp-content/uploads/2024/04/Eucerin-Advance-Clensing-BodyFace.webp,2024/04/Eucerin-Advance-Clensing-BodyFace.webp,image/webp,webp,23448,820,820,04f010a1211ae265,unused,unused-1223-eucerin-advance-clensing-body-face.webp,webp,unassigned,False,NOT_REQUIRED,FOUND,PENDING,
unused,1224,1224,,,,https://wholesalebeautyhub.co.uk/wp-content/uploads/2024/04/Eucerin-Skin-Calming-Body-Wash-250Ml.webp,2024/04/Eucerin-Skin-Calming-Body-Wash-250Ml.webp,image/webp,webp,33134,820,820,bf9318c57ffe704a,unused,unused-1224-eucerin-skin-calming-body-wash-250ml.webp,webp,unassigned,False,NOT_REQUIRED,FOUND,PENDING,
unused,1225,1225,,,,https://wholesalebeautyhub.co.uk/wp-content/uploads/2024/04/Olay-Vitamin-C-Brightening-Lotion-17Floz502Ml.webp,2024/04/Olay-Vitamin-C-Brightening-Lotion-17Floz502Ml.webp,image/webp,webp,11928,800,800,755bcdc86fba0140,unused,unused-1225-olay-vitamin-c-brightening-lotion-17floz502ml.webp,webp,unassigned,False,NOT_REQUIRED,FOUND,PENDING,
unused,1226,1226,,,,https://wholesalebeautyhub.co.uk/wp-content/uploads/2024/04/Olay-Retinol-Body-Wash-20Floz-591Ml.jpeg,2024/04/Olay-Retinol-Body-Wash-20Floz-591Ml.jpeg,image/jpeg,jpeg,24964,600,600,4b75d61456ef3a0a,unused,unused-1226-olay-retinol-body-wash-20floz-591ml.jpeg,jpeg,unassigned,False,NOT_REQUIRED,FOUND,PENDING,
unused,1227,1227,,,,https://wholesalebeautyhub.co.uk/wp-content/uploads/2024/04/Olay-Vitamin-C-Hydrating-Body-Lotion-17Floz-502Ml.webp,2024/04/Olay-Vitamin-C-Hydrating-Body-Lotion-17Floz-502Ml.webp,image/webp,webp,6680,500,500,9ac9e61ed5c12383,unused,unused-1227-olay-vitamin-c-hydrating-body-lotion-17floz-502ml.webp,webp,unassigned,False,NOT_REQUIRED,FOUND,PENDING,
unused,1230,1230,,,,https://wholesalebeautyhub.co.uk/wp-content/uploads/2024/04/Olay-Tone-Evening-Body-Lotion-17Fl-Oz-502Ml.png,2024/04/Olay-Tone-Evening-Body-Lotion-17Fl-Oz-502Ml.png,image/png,png,95925,600,600,333b6a698f35bad5,unused,unused-1230-olay-tone-evening-body-lotion-17fl-oz-502ml.png,png,unassigned,False,NOT_REQUIRED,FOUND,PENDING,
unused,1231,1231,,,,https://wholesalebeautyhub.co.uk/wp-content/uploads/2024/04/Olay-Balance-Event-Skin-Body-Wash-179Fl-530Ml.webp,2024/04/Olay-Balance-Event-Skin-Body-Wash-179Fl-530Ml.webp,image/webp,webp,20642,554,554,3e0c92f034c45cb8,unused,unused-1231-olay-balance-event-skin-body-wash-17-9fl-530ml.webp,webp,unassigned,False,NOT_REQUIRED,FOUND,PENDING,
unused,1233,1233,,,,https://wholesalebeautyhub.co.uk/wp-content/uploads/2024/04/Makeup-Cape.jpg,2024/04/Makeup-Cape.jpg,image/jpeg,jpg,66174,576,576,44f68959a7c66033,unused,unused-1233-makeup-cape.jpg,jpg,unassigned,False,NOT_REQUIRED,FOUND,PENDING,
unused,1234,1234,,,,https://wholesalebeautyhub.co.uk/wp-content/uploads/2024/04/Makeup-Forever-Mist-And-Fix-Spray-100Ml.avif,2024/04/Makeup-Forever-Mist-And-Fix-Spray-100Ml.avif,image/avif,avif,37993,1500,1500,e96e4f13104055f7,unused,unused-1234-makeup-forever-mist-and-fix-spray-100ml.webp,webp,unassigned,True,NOT_STARTED,FOUND,PENDING,
unused,1235,1235,,,,https://wholesalebeautyhub.co.uk/wp-content/uploads/2024/04/Flawless-Ivy-Stay-On-Spray.-150Ml.jpg,2024/04/Flawless-Ivy-Stay-On-Spray.-150Ml.jpg,image/jpeg,jpg,17070,500,500,b9d80e993dbba68b,unused,unused-1235-flawless-ivy-stay-on-spray-150ml.jpg,jpg,unassigned,False,NOT_REQUIRED,FOUND,PENDING,
unused,1236,1236,,,,https://wholesalebeautyhub.co.uk/wp-content/uploads/2024/04/Skin-Dinavia-Finishing-Spray-118Ml.jpg,2024/04/Skin-Dinavia-Finishing-Spray-118Ml.jpg,image/jpeg,jpg,28578,570,570,2782cdfea3ae26e6,unused,unused-1236-skin-dinavia-finishing-spray-118ml.jpg,jpg,unassigned,False,NOT_REQUIRED,FOUND,PENDING,
unused,1238,1238,,,,https://wholesalebeautyhub.co.uk/wp-content/uploads/2024/04/Fenty-Beauty-Lip-Gloss.webp,2024/04/Fenty-Beauty-Lip-Gloss.webp,image/webp,webp,18044,500,500,8312989d1de7ff3a,unused,unused-1238-fenty-beauty-lip-gloss.webp,webp,unassigned,False,NOT_REQUIRED,FOUND,PENDING,
unused,1242,1242,,,,https://wholesalebeautyhub.co.uk/wp-content/uploads/2024/04/Omaricode-Melt-Away-Cleansing-Water.webp,2024/04/Omaricode-Melt-Away-Cleansing-Water.webp,image/webp,webp,4416,540,540,f518f5d41ca04539,unused,unused-1242-omaricode-melt-away-cleansing-water.webp,webp,unassigned,False,NOT_REQUIRED,FOUND,PENDING,
unused,1248,1248,,,,https://wholesalebeautyhub.co.uk/wp-content/uploads/2024/04/Skin-By-Zaron-Brightening-Toner.bmp,2024/04/Skin-By-Zaron-Brightening-Toner.bmp,image/bmp,bmp,750054,500,500,91152a98563a823c,unused,unused-1248-skin-by-zaron-brightening-toner.bmp,bmp,unassigned,False,NOT_REQUIRED,FOUND,PENDING,
unused,1252,1252,,,,https://wholesalebeautyhub.co.uk/wp-content/uploads/2024/04/Skin-By-Zaron-Exfoliating-Wash.webp,2024/04/Skin-By-Zaron-Exfoliating-Wash.webp,image/webp,webp,11914,1024,1024,a9b2015b21e371f2,unused,unused-1252-skin-by-zaron-exfoliating-wash.webp,webp,unassigned,False,NOT_REQUIRED,FOUND,PENDING,
unused,1260,1260,,,,https://wholesalebeautyhub.co.uk/wp-content/uploads/2024/04/Wynkkk-Beauty-Lashes-Glues.jpg,2024/04/Wynkkk-Beauty-Lashes-Glues.jpg,image/jpeg,jpg,49510,2000,2000,563c4a3d48b1dcbd,unused,unused-1260-wynkkk-beauty-lashes-glues.jpg,jpg,unassigned,False,NOT_REQUIRED,FOUND,PENDING,
unused,1261,1261,,,,https://wholesalebeautyhub.co.uk/wp-content/uploads/2024/04/Led-800-Pro.jpg,2024/04/Led-800-Pro.jpg,image/jpeg,jpg,20693,500,500,278a998e155e6c03,unused,unused-1261-led-800-pro.jpg,jpg,unassigned,False,NOT_REQUIRED,FOUND,PENDING,
unused,1264,1264,,,,https://wholesalebeautyhub.co.uk/wp-content/uploads/2024/04/12-Inch-Ringlight.jpeg,2024/04/12-Inch-Ringlight.jpeg,image/jpeg,jpeg,23153,500,500,c7312096e94f57af,unused,unused-1264-12-inch-ringlight.jpeg,jpeg,unassigned,False,NOT_REQUIRED,FOUND,PENDING,
unused,1265,1265,,,,https://wholesalebeautyhub.co.uk/wp-content/uploads/2024/04/Led-Lights-Ringlight-18-Inch.jpeg,2024/04/Led-Lights-Ringlight-18-Inch.jpeg,image/jpeg,jpeg,26133,554,554,386c4772582f1b52,unused,unused-1265-led-lights-ringlight-18-inch.jpeg,jpeg,unassigned,False,NOT_REQUIRED,FOUND,PENDING,
unused,1266,1266,,,,https://wholesalebeautyhub.co.uk/wp-content/uploads/2024/04/Ponds-Primer.png,2024/04/Ponds-Primer.png,image/png,png,192508,605,605,dee97b491b7c482e,unused,unused-1266-ponds-primer.png,png,unassigned,False,NOT_REQUIRED,FOUND,PENDING,
unused,1268,1268,,,,https://wholesalebeautyhub.co.uk/wp-content/uploads/2024/04/Bio-Aqua-Lip-Mask.jpg,2024/04/Bio-Aqua-Lip-Mask.jpg,image/jpeg,jpg,51434,640,640,f023afef04466df0,unused,unused-1268-bio-aqua-lip-mask.jpg,jpg,unassigned,False,NOT_REQUIRED,FOUND,PENDING,
unused,1270,1270,,,,https://wholesalebeautyhub.co.uk/wp-content/uploads/2024/04/Mini-Makeup-Box.jpg,2024/04/Mini-Makeup-Box.jpg,image/jpeg,jpg,13073,500,500,eeac19cad87fa228,unused,unused-1270-mini-makeup-box.jpg,jpg,unassigned,False,NOT_REQUIRED,FOUND,PENDING,
unused,1272,1272,,,,https://wholesalebeautyhub.co.uk/wp-content/uploads/2024/04/Makeup-Box-Big.jpg,2024/04/Makeup-Box-Big.jpg,image/jpeg,jpg,45217,680,680,0d296d26f425ecfb,unused,unused-1272-makeup-box-big.jpg,jpg,unassigned,False,NOT_REQUIRED,FOUND,PENDING,
unused,1274,1274,,,,https://wholesalebeautyhub.co.uk/wp-content/uploads/2024/04/Msmetics-Single-Lashes.jpg,2024/04/Msmetics-Single-Lashes.jpg,image/jpeg,jpg,23744,500,500,0845a7c511eb8926,unused,unused-1274-msmetics-single-lashes.jpg,jpg,unassigned,False,NOT_REQUIRED,FOUND,PENDING,
unused,1281,1281,,,,https://wholesalebeautyhub.co.uk/wp-content/uploads/2024/04/shop-header-banner-2.png,2024/04/shop-header-banner-2.png,image/png,png,440410,1440,401,bea8efbb87a21c3b,unused,unused-1281-shop-header-banner-2.png,png,unassigned,False,NOT_REQUIRED,FOUND,PENDING,
unused,1282,1282,,,,https://wholesalebeautyhub.co.uk/wp-content/uploads/2024/04/shop-header-banner-2.svg,2024/04/shop-header-banner-2.svg,image/svg+xml,svg,226426,1440,401,0ecf0b0c34758573,unused,unused-1282-shop-header-banner-2.svg,svg,unassigned,False,NOT_REQUIRED,FOUND,PENDING,
unused,1320,1320,,,,https://wholesalebeautyhub.co.uk/wp-content/uploads/2024/04/85ce1354-6d88-4a0a-9f45-883ffc323c8e-1.png,2024/04/85ce1354-6d88-4a0a-9f45-883ffc323c8e-1.png,image/png,png,31142,340,156,b4618e239507ec35,unused,unused-1320-85ce1354-6d88-4a0a-9f45-883ffc323c8e-1.png,png,unassigned,False,NOT_REQUIRED,FOUND,PENDING,
unused,1368,1368,,,,https://wholesalebeautyhub.co.uk/wp-content/uploads/2024/04/La-Girl-Pro-Concealer.webp,2024/04/La-Girl-Pro-Concealer.webp,image/webp,webp,9478,500,500,71aa557c981d2b39,unused,unused-1368-la-girl-pro-concealer.webp,webp,unassigned,False,NOT_REQUIRED,FOUND,PENDING,
unused,1369,1369,,,,https://wholesalebeautyhub.co.uk/wp-content/uploads/2024/04/L.A.-Girl-HD-PRO-concealer-shades.jpg,2024/04/L.A.-Girl-HD-PRO-concealer-shades.jpg,image/jpeg,jpg,60634,550,550,55627514bf4693f6,unused,unused-1369-l-a-girl-hd-pro-concealer-shades.jpg,jpg,unassigned,False,NOT_REQUIRED,FOUND,PENDING,
unused,1370,1370,,,,https://wholesalebeautyhub.co.uk/wp-content/uploads/2024/04/LOreal-True-Match-Foundation-with-Pump.webp,2024/04/LOreal-True-Match-Foundation-with-Pump.webp,image/webp,webp,50774,2200,2200,3451ee66b5dbcf09,unused,unused-1370-l-oreal-true-match-foundation-with-pump.webp,webp,unassigned,False,NOT_REQUIRED,FOUND,PENDING,
unused,1381,1381,,,,https://wholesalebeautyhub.co.uk/wp-content/uploads/2024/04/LOreal-True-Match-Foundation-with-Pump-shades.webp,2024/04/LOreal-True-Match-Foundation-with-Pump-shades.webp,image/webp,webp,71622,768,768,9fbd117b6a0551ed,unused,unused-1381-l-oreal-true-match-foundation-with-pump-shades.webp,webp,unassigned,False,NOT_REQUIRED,FOUND,PENDING,
unused,1382,1382,,,,https://wholesalebeautyhub.co.uk/wp-content/uploads/2024/04/LOreal-True-Match-Foundation.jpg,2024/04/LOreal-True-Match-Foundation.jpg,image/jpeg,jpg,20144,500,500,ac19c1ceb5cae7d3,unused,unused-1382-l-oreal-true-match-foundation.jpg,jpg,unassigned,False,NOT_REQUIRED,FOUND,PENDING,
unused,1388,1388,,,,https://wholesalebeautyhub.co.uk/wp-content/uploads/2024/04/loreal-true-match-foundation-shades.jpg,2024/04/loreal-true-match-foundation-shades.jpg,image/jpeg,jpg,134461,1500,1499,4f529dafd1b2da9a,unused,unused-1388-loreal-true-match-foundation-shades.jpg,jpg,unassigned,False,NOT_REQUIRED,FOUND,PENDING,
unused,1391,1391,,,,https://wholesalebeautyhub.co.uk/wp-content/uploads/2024/04/LOreal-Infaliable-Foundation-475.webp,2024/04/LOreal-Infaliable-Foundation-475.webp,image/webp,webp,59868,500,500,93f3e8090d88cd2f,unused,unused-1391-l-oreal-infaliable-foundation-475.webp,webp,unassigned,False,NOT_REQUIRED,FOUND,PENDING,
unused,1392,1392,,,,https://wholesalebeautyhub.co.uk/wp-content/uploads/2024/04/LOreal-Infaliable-Foundation-485.webp,2024/04/LOreal-Infaliable-Foundation-485.webp,image/webp,webp,59368,500,500,38ed34b3c848904f,unused,unused-1392-l-oreal-infaliable-foundation-485.webp,webp,unassigned,False,NOT_REQUIRED,FOUND,PENDING,
unused,1393,1393,,,,https://wholesalebeautyhub.co.uk/wp-content/uploads/2024/04/LOreal-Infallible-Foundation-485.jpg,2024/04/LOreal-Infallible-Foundation-485.jpg,image/jpeg,jpg,82799,760,760,c994693a2671a386,unused,unused-1393-loreal-infallible-foundation-485.jpg,jpg,unassigned,False,NOT_REQUIRED,FOUND,PENDING,
unused,1394,1394,,,,https://wholesalebeautyhub.co.uk/wp-content/uploads/2024/04/Too-Faced-Born-This-Way-Concealer.webp,2024/04/Too-Faced-Born-This-Way-Concealer.webp,image/webp,webp,41088,1000,1000,b8c465b5d35ddaf3,unused,unused-1394-too-faced-born-this-way-concealer.webp,webp,unassigned,False,NOT_REQUIRED,FOUND,PENDING,
unused,1395,1395,,,,https://wholesalebeautyhub.co.uk/wp-content/uploads/2024/04/too-faced-born-this-way-concealer-shades.webp,2024/04/too-faced-born-this-way-concealer-shades.webp,image/webp,webp,127820,1000,1000,5e31d1cb5b1f321e,unused,unused-1395-too-faced-born-this-way-concealer-shades.webp,webp,unassigned,False,NOT_REQUIRED,FOUND,PENDING,
unused,1404,1404,,,,https://wholesalebeautyhub.co.uk/wp-content/uploads/2024/04/Too-Faced-Born-This-Way-Matte-Foundation.webp,2024/04/Too-Faced-Born-This-Way-Matte-Foundation.webp,image/webp,webp,32740,1000,1000,d26f439e73984175,unused,unused-1404-too-faced-born-this-way-matte-foundation.webp,webp,unassigned,False,NOT_REQUIRED,FOUND,PENDING,
unused,1405,1405,,,,https://wholesalebeautyhub.co.uk/wp-content/uploads/2024/04/Too-Faced-Born-This-Way-Matte-Foundation-shades.webp,2024/04/Too-Faced-Born-This-Way-Matte-Foundation-shades.webp,image/webp,webp,86280,1000,1000,f0867e7230fc9d41,unused,unused-1405-too-faced-born-this-way-matte-foundation-shades.webp,webp,unassigned,False,NOT_REQUIRED,FOUND,PENDING,
unused,1406,1406,,,,https://wholesalebeautyhub.co.uk/wp-content/uploads/2024/04/Zaron-Xoxo-Sheer-Lip-Gloss.jpg,2024/04/Zaron-Xoxo-Sheer-Lip-Gloss.jpg,image/jpeg,jpg,16579,700,700,7eda960a67dec33e,unused,unused-1406-zaron-xoxo-sheer-lip-gloss.jpg,jpg,unassigned,False,NOT_REQUIRED,FOUND,PENDING,
unused,1415,1415,,,,https://wholesalebeautyhub.co.uk/wp-content/uploads/2024/04/Zaron-Luxurious-Lip-Gloss-sugarplum.webp,2024/04/Zaron-Luxurious-Lip-Gloss-sugarplum.webp,image/webp,webp,5732,1200,1200,91ab91143ae416a7,unused,unused-1415-zaron-luxurious-lip-gloss-sugarplum.webp,webp,unassigned,False,NOT_REQUIRED,FOUND,PENDING,
unused,1416,1416,,,,https://wholesalebeautyhub.co.uk/wp-content/uploads/2024/04/Zaron-Luxurious-Lip-Gloss-Vamped.jpg,2024/04/Zaron-Luxurious-Lip-Gloss-Vamped.jpg,image/jpeg,jpg,18156,700,700,3aedb0ea5e63ba40,unused,unused-1416-zaron-luxurious-lip-gloss-vamped.jpg,jpg,unassigned,False,NOT_REQUIRED,FOUND,PENDING,
unused,1418,1418,,,,https://wholesalebeautyhub.co.uk/wp-content/uploads/2024/04/Omaricode-Lip-Moisturizing-Oil1.jpg,2024/04/Omaricode-Lip-Moisturizing-Oil1.jpg,image/jpeg,jpg,107285,1638,2048,69e5ba072b592062,unused,unused-1418-omaricode-lip-moisturizing-oil1.jpg,jpg,unassigned,False,NOT_REQUIRED,FOUND,PENDING,
unused,1421,1421,,,,https://wholesalebeautyhub.co.uk/wp-content/uploads/2024/04/Omaricode-Lip-Moisturizing-Oil-011.jpg,2024/04/Omaricode-Lip-Moisturizing-Oil-011.jpg,image/jpeg,jpg,66648,1615,2000,0145f37e221e6735,unused,unused-1421-omaricode-lip-moisturizing-oil-01.jpg,jpg,unassigned,False,NOT_REQUIRED,FOUND,PENDING,
unused,1422,1422,,,,https://wholesalebeautyhub.co.uk/wp-content/uploads/2024/04/Omaricode-Lip-Moisturizing-Oil-021.jpg,2024/04/Omaricode-Lip-Moisturizing-Oil-021.jpg,image/jpeg,jpg,70225,1600,2016,9ba6aa8a12c3812c,unused,unused-1422-omaricode-lip-moisturizing-oil-02.jpg,jpg,unassigned,False,NOT_REQUIRED,FOUND,PENDING,
unused,1437,1437,,,,https://wholesalebeautyhub.co.uk/wp-content/uploads/2024/04/Fenty-Beauty-Lip-Stain.webp,2024/04/Fenty-Beauty-Lip-Stain.webp,image/webp,webp,5046,500,500,bed5b5a514de6bdb,unused,unused-1437-fenty-beauty-lip-stain.webp,webp,unassigned,False,NOT_REQUIRED,FOUND,PENDING,
unused,1438,1438,,,,https://wholesalebeautyhub.co.uk/wp-content/uploads/2024/04/Fenty-Beauty-Lip-Stain-undefeated.jpg,2024/04/Fenty-Beauty-Lip-Stain-undefeated.jpg,image/jpeg,jpg,39454,1500,1500,ede482258f4d8d5d,unused,unused-1438-version-1-0-0.jpg,jpg,unassigned,False,NOT_REQUIRED,FOUND,PENDING,
unused,1439,1439,,,,https://wholesalebeautyhub.co.uk/wp-content/uploads/2024/04/Fenty-Beauty-Lip-Stain-Unveil.jpg,2024/04/Fenty-Beauty-Lip-Stain-Unveil.jpg,image/jpeg,jpg,21672,500,500,3f5112110df91b23,unused,unused-1439-fenty-beauty-lip-stain-unveil.jpg,jpg,unassigned,False,NOT_REQUIRED,FOUND,PENDING,
unused,1514,1514,,,,https://wholesalebeautyhub.co.uk/wp-content/uploads/2024/04/Msmetics-Rose-Water-Toner.webp,2024/04/Msmetics-Rose-Water-Toner.webp,image/webp,webp,20840,1600,1600,b009960c96191671,unused,unused-1514-msmetics-rose-water-toner.webp,webp,unassigned,False,NOT_REQUIRED,FOUND,PENDING,
unused,1519,1519,,,,https://wholesalebeautyhub.co.uk/wp-content/uploads/2024/04/Nuban-Beauty-Highlighter-Palette.webp,2024/04/Nuban-Beauty-Highlighter-Palette.webp,image/webp,webp,64514,600,600,1366b674ba2f1277,unused,unused-1519-nuban-beauty-highlighter-palette.webp,webp,unassigned,False,NOT_REQUIRED,FOUND,PENDING,
unused,1524,1524,,,,https://wholesalebeautyhub.co.uk/wp-content/uploads/2024/04/Huda-Beauty-Shimmer-Body-Glow-Oil-Highlight.jpg,2024/04/Huda-Beauty-Shimmer-Body-Glow-Oil-Highlight.jpg,image/jpeg,jpg,364904,2000,2000,a625eb8f37e76642,unused,unused-1524-huda-beauty-shimmer-body-glow-oil-highlight.jpg,jpg,unassigned,False,NOT_REQUIRED,FOUND,PENDING,
unused,1525,1525,,,,https://wholesalebeautyhub.co.uk/wp-content/uploads/2024/04/Huda-Beauty-Ultra-Matte-Spray.jpg,2024/04/Huda-Beauty-Ultra-Matte-Spray.jpg,image/jpeg,jpg,22417,960,960,b4c08e230eecd586,unused,unused-1525-huda-beauty-ultra-matte-spray.jpg,jpg,unassigned,False,NOT_REQUIRED,FOUND,PENDING,
unused,1526,1526,,,,https://wholesalebeautyhub.co.uk/wp-content/uploads/2024/04/Charlotte-Tilbary-Airbrush-Finishing-Spray.webp,2024/04/Charlotte-Tilbary-Airbrush-Finishing-Spray.webp,image/webp,webp,58198,1695,1694,e050273feeb49aeb,unused,unused-1526-charlotte-tilbary-airbrush-finishing-spray.webp,webp,unassigned,False,NOT_REQUIRED,FOUND,PENDING,
unused,1527,1527,,,,https://wholesalebeautyhub.co.uk/wp-content/uploads/2024/04/Beauty-Bakeries-Beauty-Baking-Setting-Spray.jpg,2024/04/Beauty-Bakeries-Beauty-Baking-Setting-Spray.jpg,image/jpeg,jpg,33257,1080,1080,822ece4ac02d2cde,unused,unused-1527-version-1-0-0.jpg,jpg,unassigned,False,NOT_REQUIRED,FOUND,PENDING,
unused,1529,1529,,,,https://wholesalebeautyhub.co.uk/wp-content/uploads/2024/04/Ruba-Beauty-Pen-Eyeliner.webp,2024/04/Ruba-Beauty-Pen-Eyeliner.webp,image/webp,webp,13444,1500,1500,56ce0e42723e43f7,unused,unused-1529-ruba-beauty-pen-eyeliner.webp,webp,unassigned,False,NOT_REQUIRED,FOUND,PENDING,
unused,1531,1531,,,,https://wholesalebeautyhub.co.uk/wp-content/uploads/2024/04/Ruba-Beauty-Foundation-Brush.webp,2024/04/Ruba-Beauty-Foundation-Brush.webp,image/webp,webp,568848,2000,2000,775956bde4bf4671,unused,unused-1531-ruba-beauty-foundation-brush.webp,webp,unassigned,False,NOT_REQUIRED,FOUND,PENDING,
unused,1535,1535,,,,https://wholesalebeautyhub.co.uk/wp-content/uploads/2024/04/Juvias-Place-Masquerade-Mini-Palette.webp,2024/04/Juvias-Place-Masquerade-Mini-Palette.webp,image/webp,webp,71532,1080,1080,9c2b0d80713e9461,unused,unused-1535-juvia-s-place-masquerade-mini-palette.webp,webp,unassigned,False,NOT_REQUIRED,FOUND,PENDING,
unused,1536,1536,,,,https://wholesalebeautyhub.co.uk/wp-content/uploads/2024/04/Juvias-Place-Zulu-Eye-Shadow-Palette.jpg,2024/04/Juvias-Place-Zulu-Eye-Shadow-Palette.jpg,image/jpeg,jpg,286029,2000,2000,8cc818bbd2560d62,unused,unused-1536-version-1-0-0.jpg,jpg,unassigned,False,NOT_REQUIRED,FOUND,PENDING,
unused,1537,1537,,,,https://wholesalebeautyhub.co.uk/wp-content/uploads/2024/04/Morphe-Details-Powder-Brush.webp,2024/04/Morphe-Details-Powder-Brush.webp,image/webp,webp,20876,1080,1080,eaaad0c4a20449ea,unused,unused-1537-morphe-details-powder-brush.webp,webp,unassigned,False,NOT_REQUIRED,FOUND,PENDING,
unused,1538,1538,,,,https://wholesalebeautyhub.co.uk/wp-content/uploads/2024/04/Morphe-Bent-Liner-Brush.jpg,2024/04/Morphe-Bent-Liner-Brush.jpg,image/jpeg,jpg,5601,600,600,2be1ed8978d77c7f,unused,unused-1538-morphe-bent-liner-brush.jpg,jpg,unassigned,False,NOT_REQUIRED,FOUND,PENDING,
unused,1539,1539,,,,https://wholesalebeautyhub.co.uk/wp-content/uploads/2024/04/Morphe-Spoolie-Brush.jpg,2024/04/Morphe-Spoolie-Brush.jpg,image/jpeg,jpg,22943,1024,1024,1f2535c69de4d1c6,unused,unused-1539-morphe-spoolie-brush.jpg,jpg,unassigned,False,NOT_REQUIRED,FOUND,PENDING,
unused,1540,1540,,,,https://wholesalebeautyhub.co.uk/wp-content/uploads/2024/04/Morphe-3503-Eyeshadow.webp,2024/04/Morphe-3503-Eyeshadow.webp,image/webp,webp,58220,1080,1080,2d1279c0d0d72447,unused,unused-1540-morphe-3503-eyeshadow.webp,webp,unassigned,False,NOT_REQUIRED,FOUND,PENDING,
unused,1541,1541,,,,https://wholesalebeautyhub.co.uk/wp-content/uploads/2024/04/Tm-Essentials-Dew-Essence-Glow.jpg,2024/04/Tm-Essentials-Dew-Essence-Glow.jpg,image/jpeg,jpg,12775,600,600,a074145c27e87055,unused,unused-1541-tm-essentials-9.jpg,jpg,unassigned,False,NOT_REQUIRED,FOUND,PENDING,
unused,1542,1542,,,,https://wholesalebeautyhub.co.uk/wp-content/uploads/2024/04/Tm-Essentials-Spritz-On-Spray.jpg,2024/04/Tm-Essentials-Spritz-On-Spray.jpg,image/jpeg,jpg,47717,1080,1080,6ea980c7595ffa2e,unused,unused-1542-tm-essentials-spritz-on-spray.jpg,jpg,unassigned,False,NOT_REQUIRED,FOUND,PENDING,
unused,1549,1549,,,,https://wholesalebeautyhub.co.uk/wp-content/uploads/2024/04/Sylvimak-Sweat-Cage-Primer.jpeg,2024/04/Sylvimak-Sweat-Cage-Primer.jpeg,image/jpeg,jpeg,143320,1080,1080,8bd1ab428c77d4e8,unused,unused-1549-sylvimak-sweat-cage-primer.jpeg,jpeg,unassigned,False,NOT_REQUIRED,FOUND,PENDING,
unused,1552,1552,,,,https://wholesalebeautyhub.co.uk/wp-content/uploads/2024/04/Blossom-Moist-Essence-Face-Cream.jpg,2024/04/Blossom-Moist-Essence-Face-Cream.jpg,image/jpeg,jpg,55302,1080,1080,adb5becbe530977a,unused,unused-1552-blossom-moist-essence-face-cream.jpg,jpg,unassigned,False,NOT_REQUIRED,FOUND,PENDING,
unused,1559,1559,,,,https://wholesalebeautyhub.co.uk/wp-content/uploads/2024/04/Fenty-Beauty-Highlighter.webp,2024/04/Fenty-Beauty-Highlighter.webp,image/webp,webp,49766,1000,1000,38e18dc5bb377738,unused,unused-1559-fenty-beauty-highlighter.webp,webp,unassigned,False,NOT_REQUIRED,FOUND,PENDING,
unused,1560,1560,,,,https://wholesalebeautyhub.co.uk/wp-content/uploads/2024/04/Fenty-Beauty-Highlighter-Cognac-Candy.webp,2024/04/Fenty-Beauty-Highlighter-Cognac-Candy.webp,image/webp,webp,49766,1000,1000,edbe0111b8293e4e,unused,unused-1560-fenty-beauty-highlighter-cognac-candy.webp,webp,unassigned,False,NOT_REQUIRED,FOUND,PENDING,
unused,1561,1561,,,,https://wholesalebeautyhub.co.uk/wp-content/uploads/2024/04/Fenty-Beauty-Highlighter-How-Many-Carat.jpg,2024/04/Fenty-Beauty-Highlighter-How-Many-Carat.jpg,image/jpeg,jpg,128581,1000,1000,77c9d7644b05a6f8,unused,unused-1561-fenty-beauty-highlighter-how-many-carat.jpg,jpg,unassigned,False,NOT_REQUIRED,FOUND,PENDING,
unused,1562,1562,,,,https://wholesalebeautyhub.co.uk/wp-content/uploads/2024/04/Fenty-Beauty-Highlighter-Rose-Rave.webp,2024/04/Fenty-Beauty-Highlighter-Rose-Rave.webp,image/webp,webp,41788,500,500,fc869ea24f372b47,unused,unused-1562-fenty-beauty-highlighter-rose-rave.webp,webp,unassigned,False,NOT_REQUIRED,FOUND,PENDING,
unused,1570,1570,,,,https://wholesalebeautyhub.co.uk/wp-content/uploads/2024/04/Soo-Pro-Lipstain-Shalewa.jpg,2024/04/Soo-Pro-Lipstain-Shalewa.jpg,image/jpeg,jpg,12197,600,600,b595c1f1c0932ec7,unused,unused-1570-soo-pro-lipstain-shalewa.jpg,jpg,unassigned,False,NOT_REQUIRED,FOUND,PENDING,
unused,1577,1577,,,,https://wholesalebeautyhub.co.uk/wp-content/uploads/2024/04/Soo-Pro-Highlighter.jpg,2024/04/Soo-Pro-Highlighter.jpg,image/jpeg,jpg,29988,600,600,536c0ddb4251a834,unused,unused-1577-soo-pro-highlighter.jpg,jpg,unassigned,False,NOT_REQUIRED,FOUND,PENDING,
unused,1580,1580,,,,https://wholesalebeautyhub.co.uk/wp-content/uploads/2024/04/Urban-Decay-All-Nighter-Setting-Spray.jpg,2024/04/Urban-Decay-All-Nighter-Setting-Spray.jpg,image/jpeg,jpg,68885,1400,1400,b2a38ddf0770cded,unused,unused-1580-urban-decay-all-nighter-setting-spray.jpg,jpg,unassigned,False,NOT_REQUIRED,FOUND,PENDING,
unused,1581,1581,,,,https://wholesalebeautyhub.co.uk/wp-content/uploads/2024/04/Urban-Decay-All-Nighter-Setting-Spray-Regular.jpg,2024/04/Urban-Decay-All-Nighter-Setting-Spray-Regular.jpg,image/jpeg,jpg,68885,1400,1400,da4cbb72f8345c9b,unused,unused-1581-urban-decay-all-nighter-setting-spray-regular.jpg,jpg,unassigned,False,NOT_REQUIRED,FOUND,PENDING,
unused,1582,1582,,,,https://wholesalebeautyhub.co.uk/wp-content/uploads/2024/04/Urban-Decay-All-Nighter-Setting-Spray-Vitamin-C.jpg,2024/04/Urban-Decay-All-Nighter-Setting-Spray-Vitamin-C.jpg,image/jpeg,jpg,202537,1601,1601,db9d988818589d5a,unused,unused-1582-urban-decay-all-nighter-setting-spray-vitamin-c.jpg,jpg,unassigned,False,NOT_REQUIRED,FOUND,PENDING,
unused,1585,1585,,,,https://wholesalebeautyhub.co.uk/wp-content/uploads/2024/04/Makeup-Forever-Powder.png,2024/04/Makeup-Forever-Powder.png,image/png,png,267355,800,800,fbd068436b8a922a,unused,unused-1585-makeup-forever-powder.png,png,unassigned,False,NOT_REQUIRED,FOUND,PENDING,
unused,1586,1586,,,,https://wholesalebeautyhub.co.uk/wp-content/uploads/2024/04/Mac-Lipstick.jpg,2024/04/Mac-Lipstick.jpg,image/jpeg,jpg,10715,610,610,c1a142c2150156e8,unused,unused-1586-mac-lipstick.jpg,jpg,unassigned,False,NOT_REQUIRED,FOUND,PENDING,
unused,1587,1587,,,,https://wholesalebeautyhub.co.uk/wp-content/uploads/2024/04/Mac-Lipstick-ruby-woo.webp,2024/04/Mac-Lipstick-ruby-woo.webp,image/webp,webp,11950,1500,1500,10bd2d09f94a009b,unused,unused-1587-mac-lipstick-ruby-woo.webp,webp,unassigned,False,NOT_REQUIRED,FOUND,PENDING,
unused,1588,1588,,,,https://wholesalebeautyhub.co.uk/wp-content/uploads/2024/04/Mac-Lipstick-Coasta-Chic.jpg,2024/04/Mac-Lipstick-Coasta-Chic.jpg,image/jpeg,jpg,43456,1500,1500,4c09aff6f0c0a440,unused,unused-1588-mac-lipstick-coasta-chic.jpg,jpg,unassigned,False,NOT_REQUIRED,FOUND,PENDING,
unused,1589,1589,,,,https://wholesalebeautyhub.co.uk/wp-content/uploads/2024/04/Mac-Lipstick-Chatter-Box.jpg,2024/04/Mac-Lipstick-Chatter-Box.jpg,image/jpeg,jpg,72054,1280,1280,03249fbe360225e6,unused,unused-1589-mac-lipstick-chatter-box.jpg,jpg,unassigned,False,NOT_REQUIRED,FOUND,PENDING,
unused,1591,1591,,,,https://wholesalebeautyhub.co.uk/wp-content/uploads/2024/04/Mac-Lip-Pencil.webp,2024/04/Mac-Lip-Pencil.webp,image/webp,webp,78670,1020,1020,96653c21435899b2,unused,unused-1591-mac-lip-pencil.webp,webp,unassigned,False,NOT_REQUIRED,FOUND,PENDING,
unused,1592,1592,,,,https://wholesalebeautyhub.co.uk/wp-content/uploads/2024/04/Mac-Studio-Fix-Foundation.webp,2024/04/Mac-Studio-Fix-Foundation.webp,image/webp,webp,14800,1080,1080,fbea8d77b38f8e00,unused,unused-1592-mac-studio-fix-foundation.webp,webp,unassigned,False,NOT_REQUIRED,FOUND,PENDING,
unused,1594,1594,,,,https://wholesalebeautyhub.co.uk/wp-content/uploads/2024/04/Mac-Studio-Fix-Foundation-shades-1.jpg,2024/04/Mac-Studio-Fix-Foundation-shades-1.jpg,image/jpeg,jpg,219122,624,624,6c9451bd52e528bc,unused,unused-1594-mac-studio-fix-foundation-shades.jpg,jpg,unassigned,False,NOT_REQUIRED,FOUND,PENDING,
unused,1595,1595,,,,https://wholesalebeautyhub.co.uk/wp-content/uploads/2024/04/Mac-Studio-Fix-Powder-Plus-Foundation.webp,2024/04/Mac-Studio-Fix-Powder-Plus-Foundation.webp,image/webp,webp,8308,612,612,d17e8f79c3af8314,unused,unused-1595-mac-studio-fix-powder-plus-foundation.webp,webp,unassigned,False,NOT_REQUIRED,FOUND,PENDING,
unused,1596,1596,,,,https://wholesalebeautyhub.co.uk/wp-content/uploads/2024/04/Mac-Studio-Fix-Powder-Plus-Foundation-NW43.webp,2024/04/Mac-Studio-Fix-Powder-Plus-Foundation-NW43.webp,image/webp,webp,125612,1080,1080,759bda2277cc69b3,unused,unused-1596-mac-studio-fix-powder-plus-foundation-nw43.webp,webp,unassigned,False,NOT_REQUIRED,FOUND,PENDING,
unused,1597,1597,,,,https://wholesalebeautyhub.co.uk/wp-content/uploads/2024/04/Mac-Studio-Fix-Powder-Plus-Foundation-NW48.webp,2024/04/Mac-Studio-Fix-Powder-Plus-Foundation-NW48.webp,image/webp,webp,135144,1080,1080,c8e997cf9de34159,unused,unused-1597-mac-studio-fix-powder-plus-foundation-nw48.webp,webp,unassigned,False,NOT_REQUIRED,FOUND,PENDING,
unused,1600,1600,,,,https://wholesalebeautyhub.co.uk/wp-content/uploads/2024/04/Maybelline-Fit-Me-Foundation.jpg,2024/04/Maybelline-Fit-Me-Foundation.jpg,image/jpeg,jpg,59085,1200,1200,bf4f39433fe789f7,unused,unused-1600-maybelline-fit-me-foundation.jpg,jpg,unassigned,False,NOT_REQUIRED,FOUND,PENDING,
unused,1601,1601,,,,https://wholesalebeautyhub.co.uk/wp-content/uploads/2024/04/Maybelline-Fit-Me-Foundation-Truffle-362.jpg,2024/04/Maybelline-Fit-Me-Foundation-Truffle-362.jpg,image/jpeg,jpg,59085,1200,1200,416ea4e858d884bf,unused,unused-1601-maybelline-fit-me-foundation-truffle-362.jpg,jpg,unassigned,False,NOT_REQUIRED,FOUND,PENDING,
unused,1602,1602,,,,https://wholesalebeautyhub.co.uk/wp-content/uploads/2024/04/Maybelline-Fit-Me-Foundation-Warm-Honey-322.png,2024/04/Maybelline-Fit-Me-Foundation-Warm-Honey-322.png,image/png,png,445294,1200,1200,41e7e284be0ff208,unused,unused-1602-maybelline-fit-me-foundation-warm-honey-322.png,png,unassigned,False,NOT_REQUIRED,FOUND,PENDING,
unused,1603,1603,,,,https://wholesalebeautyhub.co.uk/wp-content/uploads/2024/04/Maybelline-Superstay-Powder-Foundation-52.webp,2024/04/Maybelline-Superstay-Powder-Foundation-52.webp,image/webp,webp,9652,512,512,690fa3557398d6c6,unused,unused-1603-maybelline-superstay-powder-foundation-52.webp,webp,unassigned,False,NOT_REQUIRED,FOUND,PENDING,
unused,1604,1604,,,,https://wholesalebeautyhub.co.uk/wp-content/uploads/2024/04/Maybelline-Superstay-Powder-Foundation.jpg,2024/04/Maybelline-Superstay-Powder-Foundation.jpg,image/jpeg,jpg,47028,737,737,961846e5667eacc0,unused,unused-1604-maybelline-superstay-powder-foundation.jpg,jpg,unassigned,False,NOT_REQUIRED,FOUND,PENDING,
unused,1605,1605,,,,https://wholesalebeautyhub.co.uk/wp-content/uploads/2024/04/Maybelline-Superstay-Powder-Foundation-80.webp,2024/04/Maybelline-Superstay-Powder-Foundation-80.webp,image/webp,webp,19662,500,500,9a9a22e9015c0cf3,unused,unused-1605-maybelline-superstay-powder-foundation-80.webp,webp,unassigned,False,NOT_REQUIRED,FOUND,PENDING,
unused,1606,1606,,,,https://wholesalebeautyhub.co.uk/wp-content/uploads/2024/04/Maybelline-Superstay-Active-Wear-Foundation.jpg,2024/04/Maybelline-Superstay-Active-Wear-Foundation.jpg,image/jpeg,jpg,27992,800,800,88be92ca9ec23c1c,unused,unused-1606-maybelline-superstay-active-wear-foundation.jpg,jpg,unassigned,False,NOT_REQUIRED,FOUND,PENDING,
unused,1607,1607,,,,https://wholesalebeautyhub.co.uk/wp-content/uploads/2024/04/Maybelline-Superstay-Active-Wear-Foundation-shades.jpg,2024/04/Maybelline-Superstay-Active-Wear-Foundation-shades.jpg,image/jpeg,jpg,48584,500,500,808356bbb6fae4c1,unused,unused-1607-maybelline-superstay-active-wear-foundation-shades.jpg,jpg,unassigned,False,NOT_REQUIRED,FOUND,PENDING,
unused,1623,1623,,,,https://wholesalebeautyhub.co.uk/wp-content/uploads/2024/04/Msmetics-glazed-dew-highlighting-balm.jpg,2024/04/Msmetics-glazed-dew-highlighting-balm.jpg,image/jpeg,jpg,682402,1379,1379,505f44d9a891b43b,unused,unused-1623-msmetics-glazed-dew-highlighting-balm.jpg,jpg,unassigned,False,NOT_REQUIRED,FOUND,PENDING,
unused,1630,1630,,,,https://wholesalebeautyhub.co.uk/wp-content/uploads/2024/04/Vee-Beauty-Total-Coverage-Foundation-2.jpg,2024/04/Vee-Beauty-Total-Coverage-Foundation-2.jpg,image/jpeg,jpg,38446,1080,1080,ee7f47dee9e20099,unused,unused-1630-vee-beauty-total-coverage-foundation.jpg,jpg,unassigned,False,NOT_REQUIRED,FOUND,PENDING,
unused,1639,1639,,,,https://wholesalebeautyhub.co.uk/wp-content/uploads/2024/04/Lanell-Bond-Glue.jpg,2024/04/Lanell-Bond-Glue.jpg,image/jpeg,jpg,15211,800,800,8cad5e2971655c73,unused,unused-1639-lanell-bond-glue.jpg,jpg,unassigned,False,NOT_REQUIRED,FOUND,PENDING,
unused,1640,1640,,,,https://wholesalebeautyhub.co.uk/wp-content/uploads/2024/04/Skin-Aqua-Sunscreen-140G.jpg,2024/04/Skin-Aqua-Sunscreen-140G.jpg,image/jpeg,jpg,78567,1000,1000,746889c838f7a534,unused,unused-1640-skin-aqua-sunscreen-140g.jpg,jpg,unassigned,False,NOT_REQUIRED,FOUND,PENDING,
unused,1641,1641,,,,https://wholesalebeautyhub.co.uk/wp-content/uploads/2024/04/Skin-Aqua-Sunscreen-110G.jpg,2024/04/Skin-Aqua-Sunscreen-110G.jpg,image/jpeg,jpg,10478,500,500,75e33b9e80163325,unused,unused-1641-skin-aqua-sunscreen-110g.jpg,jpg,unassigned,False,NOT_REQUIRED,FOUND,PENDING,
unused,1642,1642,,,,https://wholesalebeautyhub.co.uk/wp-content/uploads/2024/04/Dr-Rashel-Moisture-Sunscreen.jpg,2024/04/Dr-Rashel-Moisture-Sunscreen.jpg,image/jpeg,jpg,18458,700,700,1a417cf7ed68a150,unused,unused-1642-dr-rashel-moisture-sunscreen.jpg,jpg,unassigned,False,NOT_REQUIRED,FOUND,PENDING,
unused,1644,1644,,,,https://wholesalebeautyhub.co.uk/wp-content/uploads/2024/04/Zaron-Oil-Free-Instant-Pore-Filler-Primer.jpg,2024/04/Zaron-Oil-Free-Instant-Pore-Filler-Primer.jpg,image/jpeg,jpg,53535,960,960,48efd614ffe76986,unused,unused-1644-zaron-oil-free-instant-pore-filler-primer.jpg,jpg,unassigned,False,NOT_REQUIRED,FOUND,PENDING,
unused,1645,1645,,,,https://wholesalebeautyhub.co.uk/wp-content/uploads/2024/04/Skin-By-Zaron-Hyaluronic-Sunscreen.webp,2024/04/Skin-By-Zaron-Hyaluronic-Sunscreen.webp,image/webp,webp,4478,1024,1024,edbbb0b4f9c964cb,unused,unused-1645-skin-by-zaron-hyaluronic-sunscreen.webp,webp,unassigned,False,NOT_REQUIRED,FOUND,PENDING,
unused,1648,1648,,,,https://wholesalebeautyhub.co.uk/wp-content/uploads/2024/04/Flawless-Ivy-Tonia-Belle-Lip-Palette.webp,2024/04/Flawless-Ivy-Tonia-Belle-Lip-Palette.webp,image/webp,webp,354736,610,610,620d64f7ee6b8711,unused,unused-1648-flawless-ivy-tonia-belle-lip-palette.webp,webp,unassigned,False,NOT_REQUIRED,FOUND,PENDING,
unused,1649,1649,,,,https://wholesalebeautyhub.co.uk/wp-content/uploads/2024/04/Flawless-Ivy-6-In-1-Powder-Pallette1.jpg,2024/04/Flawless-Ivy-6-In-1-Powder-Pallette1.jpg,image/jpeg,jpg,113274,1440,1403,23412f4eab3081e6,unused,unused-1649-flawless-ivy-6-in-1-powder-pallette1.jpg,jpg,unassigned,False,NOT_REQUIRED,FOUND,PENDING,
unused,1650,1650,,,,https://wholesalebeautyhub.co.uk/wp-content/uploads/2024/04/Msmetics-I-Lash-Glue-Remover.webp,2024/04/Msmetics-I-Lash-Glue-Remover.webp,image/webp,webp,24994,713,713,4a6d587e7b106a7f,unused,unused-1650-msmetics-i-lash-glue-remover.webp,webp,unassigned,False,NOT_REQUIRED,FOUND,PENDING,
unused,1651,1651,,,,https://wholesalebeautyhub.co.uk/wp-content/uploads/2024/04/Msmetics-i-Lash-Glue-Lock.webp,2024/04/Msmetics-i-Lash-Glue-Lock.webp,image/webp,webp,24182,713,713,243888c702b7e5c6,unused,unused-1651-msmetics-i-lash-glue-lock.webp,webp,unassigned,False,NOT_REQUIRED,FOUND,PENDING,
unused,1652,1652,,,,https://wholesalebeautyhub.co.uk/wp-content/uploads/2024/04/Msmetics-Hypnotized-12-In-1-Lashes.webp,2024/04/Msmetics-Hypnotized-12-In-1-Lashes.webp,image/webp,webp,22896,713,713,4ad6964b2723e2ce,unused,unused-1652-msmetics-hypnotized-12-in-1-lashes.webp,webp,unassigned,False,NOT_REQUIRED,FOUND,PENDING,
unused,1832,1832,,,,https://wholesalebeautyhub.co.uk/wp-content/uploads/2024/05/Yanga-Beauty-Concealer.webp,2024/05/Yanga-Beauty-Concealer.webp,image/webp,webp,17458,1200,1200,f0aa9fa4fc6f49d0,unused,unused-1832-yanga-beauty-concealer.webp,webp,unassigned,False,NOT_REQUIRED,FOUND,PENDING,
unused,1836,1836,,,,https://wholesalebeautyhub.co.uk/wp-content/uploads/2024/05/Vee-Beauty-Lip-Cheek-Palette.png,2024/05/Vee-Beauty-Lip-Cheek-Palette.png,image/png,png,310475,550,550,74067afa455f6da9,unused,unused-1836-vee-beauty-lip-cheek-palette.png,png,unassigned,False,NOT_REQUIRED,FOUND,PENDING,
unused,1840,1840,,,,https://wholesalebeautyhub.co.uk/wp-content/uploads/2024/05/Vaseline-Glutha-Hya-Dewy-Radiance-300Ml.webp,2024/05/Vaseline-Glutha-Hya-Dewy-Radiance-300Ml.webp,image/webp,webp,14600,500,500,cafa91024328ad41,unused,unused-1840-vaseline-glutha-hya-dewy-radiance-300ml.webp,webp,unassigned,False,NOT_REQUIRED,FOUND,PENDING,
unused,1856,1856,,,,https://wholesalebeautyhub.co.uk/wp-content/uploads/2024/05/71o-kvSfczL._SL1500_-1.webp,2024/05/71o-kvSfczL._SL1500_-1.webp,image/webp,webp,58092,1500,1500,8c1a1b64c115e735,unused,unused-1856-71o-kvsfczl-sl1500-1.webp,webp,unassigned,False,NOT_REQUIRED,FOUND,PENDING,
unused,1861,1861,,,,https://wholesalebeautyhub.co.uk/wp-content/uploads/2024/05/neutrogena-rapid-clear.webp,2024/05/neutrogena-rapid-clear.webp,image/webp,webp,67916,2200,2200,fa96b558ed97eba5,unused,unused-1861-neutrogena-rapid-clear.webp,webp,unassigned,False,NOT_REQUIRED,FOUND,PENDING,
unused,1882,1882,,,,https://wholesalebeautyhub.co.uk/wp-content/uploads/2024/05/Menarini-Tretinoin-Gel-O.1.jpg,2024/05/Menarini-Tretinoin-Gel-O.1.jpg,image/jpeg,jpg,19955,700,700,1bbe6f4f41679454,unused,unused-1882-menarini-tretinoin-gel-o-1.jpg,jpg,unassigned,False,NOT_REQUIRED,FOUND,PENDING,
unused,1883,1883,,,,https://wholesalebeautyhub.co.uk/wp-content/uploads/2024/05/Menarini-Tretinoin-Gel-O.1-1.jpg,2024/05/Menarini-Tretinoin-Gel-O.1-1.jpg,image/jpeg,jpg,19955,700,700,6daa886b60739cd8,unused,unused-1883-menarini-tretinoin-gel-o-1.jpg,jpg,unassigned,False,NOT_REQUIRED,FOUND,PENDING,
unused,1886,1886,,,,https://wholesalebeautyhub.co.uk/wp-content/uploads/2024/05/Menarini-Tretinoin-Gel-O.05.webp,2024/05/Menarini-Tretinoin-Gel-O.05.webp,image/webp,webp,32564,1200,1200,3ef75622ea80a4d3,unused,unused-1886-menarini-tretinoin-gel-o-05.webp,webp,unassigned,False,NOT_REQUIRED,FOUND,PENDING,
unused,1888,1888,,,,https://wholesalebeautyhub.co.uk/wp-content/uploads/2024/05/Menarini-Tretinoin-Gel-O.025.webp,2024/05/Menarini-Tretinoin-Gel-O.025.webp,image/webp,webp,16546,1200,1200,e7987b032650e65b,unused,unused-1888-menarini-tretinoin-gel-o-025.webp,webp,unassigned,False,NOT_REQUIRED,FOUND,PENDING,
unused,1907,1907,,,,https://wholesalebeautyhub.co.uk/wp-content/uploads/2024/05/Faded-Topicals-Brightening-And-Clearing-Serum-15Ml.jpg,2024/05/Faded-Topicals-Brightening-And-Clearing-Serum-15Ml.jpg,image/jpeg,jpg,9959,500,500,3ba4c1e935a2dc43,unused,unused-1907-faded-topicals-brightening-and-clearing-serum-15ml.jpg,jpg,unassigned,False,NOT_REQUIRED,FOUND,PENDING,
unused,1923,1923,,,,https://wholesalebeautyhub.co.uk/wp-content/uploads/2024/05/Advanced-Clinicals-16Oz-Vit-C-Brightening-Lotion.webp,2024/05/Advanced-Clinicals-16Oz-Vit-C-Brightening-Lotion.webp,image/webp,webp,123246,2000,2000,6245e1742fdc8604,unused,unused-1923-advanced-clinicals-16oz-vit-c-brightening-lotion.webp,webp,unassigned,False,NOT_REQUIRED,FOUND,PENDING,
unused,1930,1930,,,,https://wholesalebeautyhub.co.uk/wp-content/uploads/2024/05/Acwell-5.5-Licorice-Ph-Balancing-Cleansing-Toner.webp,2024/05/Acwell-5.5-Licorice-Ph-Balancing-Cleansing-Toner.webp,image/webp,webp,58780,1600,1600,e02f652ce853e327,unused,unused-1930-acwell-5-5-licorice-ph-balancing-cleansing-toner.webp,webp,unassigned,False,NOT_REQUIRED,FOUND,PENDING,
unused,1942,1942,,,,https://wholesalebeautyhub.co.uk/wp-content/uploads/2024/06/wbh-email-header.png,2024/06/wbh-email-header.png,image/png,png,160226,600,200,b9caac0105f11c60,unused,unused-1942-wbh-email-header.png,png,unassigned,False,NOT_REQUIRED,FOUND,PENDING,
unused,1954,1954,,,,https://wholesalebeautyhub.co.uk/wp-content/uploads/2024/05/Flat-Red-Multipurpose-Brush.jpeg,2024/05/Flat-Red-Multipurpose-Brush.jpeg,image/jpeg,jpeg,48391,1280,1280,55d05384a3216cbb,unused,unused-1954-flat-red-multipurpose-brush.jpeg,jpeg,unassigned,False,NOT_REQUIRED,FOUND,PENDING,
unused,1955,1955,,,,https://wholesalebeautyhub.co.uk/wp-content/uploads/2024/05/Boj-Cosmetics-Eye-Brush-Set-7Pcs-1.webp,2024/05/Boj-Cosmetics-Eye-Brush-Set-7Pcs-1.webp,image/webp,webp,41960,1200,1200,025999da3ef14408,unused,unused-1955-boj-cosmetics-eye-brush-set-7pcs-1.webp,webp,unassigned,False,NOT_REQUIRED,FOUND,PENDING,
unused,1957,1957,,,,https://wholesalebeautyhub.co.uk/wp-content/uploads/2024/05/Becharm-Ageless-Concealer-Palette-2.jpg,2024/05/Becharm-Ageless-Concealer-Palette-2.jpg,image/jpeg,jpg,70957,543,543,255926b55fda5f1f,unused,unused-1957-becharm-ageless-concealer-palette-2.jpg,jpg,unassigned,False,NOT_REQUIRED,FOUND,PENDING,
unused,1966,1966,,,,https://wholesalebeautyhub.co.uk/wp-content/uploads/2024/06/wbh-favicon.png,2024/06/wbh-favicon.png,image/png,png,17782,540,540,a01994b25c9c5895,unused,unused-1966-wbh-favicon.png,png,unassigned,False,NOT_REQUIRED,FOUND,PENDING,
unused,1977,1977,,,,https://wholesalebeautyhub.co.uk/wp-content/uploads/2024/06/Soo-Pro-Spray-1-1.png,2024/06/Soo-Pro-Spray-1-1.png,image/png,png,45424,425,425,0dd510de8ecdb1be,unused,unused-1977-soo-pro-spray-1-1-png.png,png,unassigned,False,NOT_REQUIRED,FOUND,PENDING,
unused,1978,1978,,,,https://wholesalebeautyhub.co.uk/wp-content/uploads/2024/06/NARS-Foundation-1-1.png,2024/06/NARS-Foundation-1-1.png,image/png,png,32441,429,429,c2d92e3b57dc3ee9,unused,unused-1978-nars-foundation-1-1-png.png,png,unassigned,False,NOT_REQUIRED,FOUND,PENDING,
unused,1979,1979,,,,https://wholesalebeautyhub.co.uk/wp-content/uploads/2024/06/Wholesale-Beauty-Hub-Banner-Mobile-11-1-1.png,2024/06/Wholesale-Beauty-Hub-Banner-Mobile-11-1-1.png,image/png,png,33256,429,428,4552f7c88bd3c9ee,unused,unused-1979-wholesale-beauty-hub-banner-mobile-11-1-1-png.png,png,unassigned,False,NOT_REQUIRED,FOUND,PENDING,
unused,1980,1980,,,,https://wholesalebeautyhub.co.uk/wp-content/uploads/2024/06/Bento-Grid-1.png,2024/06/Bento-Grid-1.png,image/png,png,234505,1264,644,2b5b2ac94929f31e,unused,unused-1980-bento-grid-1-png.png,png,unassigned,False,NOT_REQUIRED,FOUND,PENDING,
unused,1981,1981,,,,https://wholesalebeautyhub.co.uk/wp-content/uploads/2024/06/Artboard-7-1.png,2024/06/Artboard-7-1.png,image/png,png,318631,2352,1000,25b0f9ec74469b00,unused,unused-1981-artboard-7-1-png.png,png,unassigned,False,NOT_REQUIRED,FOUND,PENDING,
unused,1982,1982,,,,https://wholesalebeautyhub.co.uk/wp-content/uploads/2024/06/Artboard-2.jpg,2024/06/Artboard-2.jpg,image/jpeg,jpg,420601,850,1409,e3070720edeb7f53,unused,unused-1982-artboard-2-jpg.jpg,jpg,unassigned,False,NOT_REQUIRED,FOUND,PENDING,
unused,1983,1983,,,,https://wholesalebeautyhub.co.uk/wp-content/uploads/2024/06/Skin-Aqua-Super-UV-Moisture-Gel-1.png,2024/06/Skin-Aqua-Super-UV-Moisture-Gel-1.png,image/png,png,249790,1080,1080,7dc8d1ce7726e046,unused,unused-1983-skin-aqua-super-uv-moisture-gel-1-png.png,png,unassigned,False,NOT_REQUIRED,FOUND,PENDING,
unused,1984,1984,,,,https://wholesalebeautyhub.co.uk/wp-content/uploads/2024/06/Olay-Skin-1.png,2024/06/Olay-Skin-1.png,image/png,png,170953,1404,1404,95fc9c31f68ed674,unused,unused-1984-olay-skin-1-png.png,png,unassigned,False,NOT_REQUIRED,FOUND,PENDING,
unused,1985,1985,,,,https://wholesalebeautyhub.co.uk/wp-content/uploads/2024/06/Bright-and-Clear-Cream-1.png,2024/06/Bright-and-Clear-Cream-1.png,image/png,png,224164,1404,1404,e7208d7f51868d1f,unused,unused-1985-bright-and-clear-cream-1-png.png,png,unassigned,False,NOT_REQUIRED,FOUND,PENDING,
unused,1993,1993,,,,https://wholesalebeautyhub.co.uk/wp-content/uploads/revslider/slider-1/Hero-Page-1-Desktop.png,revslider/slider-1/Hero-Page-1-Desktop.png,image/png,png,179707,2160,791,aeb8743fb9844394,unused,unused-1993-hero-page-1-desktop-png.png,png,unassigned,False,NOT_REQUIRED,FOUND,PENDING,
unused,1994,1994,,,,https://wholesalebeautyhub.co.uk/wp-content/uploads/revslider/slider-1/Hero-Page-1-Mobile.png,revslider/slider-1/Hero-Page-1-Mobile.png,image/png,png,217539,1620,1620,42d0c08b4926b2f6,unused,unused-1994-hero-page-1-mobile-png.png,png,unassigned,False,NOT_REQUIRED,FOUND,PENDING,
unused,1995,1995,,,,https://wholesalebeautyhub.co.uk/wp-content/uploads/revslider/slider-1/Wholesale-Beauty-Hub-Desktop-4.png,revslider/slider-1/Wholesale-Beauty-Hub-Desktop-4.png,image/png,png,146852,2160,791,a5f4628bef2df304,unused,unused-1995-wholesale-beauty-hub-desktop-4-png.png,png,unassigned,False,NOT_REQUIRED,FOUND,PENDING,
unused,1996,1996,,,,https://wholesalebeautyhub.co.uk/wp-content/uploads/revslider/slider-1/Wholesale-Beauty-Hub-Banner-Mobile-13.png,revslider/slider-1/Wholesale-Beauty-Hub-Banner-Mobile-13.png,image/png,png,163364,1404,1404,fbc57b88865835c7,unused,unused-1996-wholesale-beauty-hub-banner-mobile-13-png.png,png,unassigned,False,NOT_REQUIRED,FOUND,PENDING,
unused,1997,1997,,,,https://wholesalebeautyhub.co.uk/wp-content/uploads/revslider/slider-1/Hero-Page-3-Desktop.png,revslider/slider-1/Hero-Page-3-Desktop.png,image/png,png,135080,2160,791,478527bf4d518620,unused,unused-1997-hero-page-3-desktop-png.png,png,unassigned,False,NOT_REQUIRED,FOUND,PENDING,
unused,1998,1998,,,,https://wholesalebeautyhub.co.uk/wp-content/uploads/revslider/slider-1/Hero-Page-3-Mobile.png,revslider/slider-1/Hero-Page-3-Mobile.png,image/png,png,156831,1404,1404,33b1ed4a8a3bffbc,unused,unused-1998-hero-page-3-mobile-png.png,png,unassigned,False,NOT_REQUIRED,FOUND,PENDING,
unused,2000,2000,,,,https://wholesalebeautyhub.co.uk/wp-content/uploads/2024/06/wholesale-beauty-hub-logo-edit.png,2024/06/wholesale-beauty-hub-logo-edit.png,image/png,png,76406,600,314,71b06d38f0315c3c,unused,unused-2000-wholesale-beauty-hub-logo-edit-png.png,png,unassigned,False,NOT_REQUIRED,FOUND,PENDING,
unused,2007,2007,,,,https://wholesalebeautyhub.co.uk/wp-content/uploads/2024/06/85ce1354-6d88-4a0a-9f45-883ffc323c8e-1.svg,2024/06/85ce1354-6d88-4a0a-9f45-883ffc323c8e-1.svg,image/svg+xml,svg,179339,157,71,4962698d9dd20fa6,unused,unused-2007-85ce1354-6d88-4a0a-9f45-883ffc323c8e-1-svg.svg,svg,unassigned,False,NOT_REQUIRED,FOUND,PENDING,
unused,2008,2008,,,,https://wholesalebeautyhub.co.uk/wp-content/uploads/2024/06/shopping-bag-svgrepo-com-3.svg,2024/06/shopping-bag-svgrepo-com-3.svg,image/svg+xml,svg,1910,800,800,a7e6a73c80e12abb,unused,unused-2008-shopping-bag-svgrepo-com-3-svg.svg,svg,unassigned,False,NOT_REQUIRED,FOUND,PENDING,
unused,2009,2009,,,,https://wholesalebeautyhub.co.uk/wp-content/uploads/2024/06/heart-svgrepo-com-6.svg,2024/06/heart-svgrepo-com-6.svg,image/svg+xml,svg,1894,800,800,7d9cbc7c5ac00ece,unused,unused-2009-heart-svgrepo-com-6-svg.svg,svg,unassigned,False,NOT_REQUIRED,FOUND,PENDING,
unused,2010,2010,,,,https://wholesalebeautyhub.co.uk/wp-content/uploads/2024/06/user-circle-svgrepo-com-5.svg,2024/06/user-circle-svgrepo-com-5.svg,image/svg+xml,svg,827,800,800,2f3311874fb5bef7,unused,unused-2010-user-circle-svgrepo-com-5-svg.svg,svg,unassigned,False,NOT_REQUIRED,FOUND,PENDING,
unused,2017,2017,,,,https://wholesalebeautyhub.co.uk/wp-content/uploads/2024/06/Medix-Lotion.png,2024/06/Medix-Lotion.png,image/png,png,255453,1080,1080,2ab371016e233200,unused,unused-2017-medix-lotion.png,png,unassigned,False,NOT_REQUIRED,FOUND,PENDING,
unused,2018,2018,,,,https://wholesalebeautyhub.co.uk/wp-content/uploads/2024/06/Good-Molecules.png,2024/06/Good-Molecules.png,image/png,png,150983,1404,1404,d59ed359916bb102,unused,unused-2018-good-molecules.png,png,unassigned,False,NOT_REQUIRED,FOUND,PENDING,
unused,2019,2019,,,,https://wholesalebeautyhub.co.uk/wp-content/uploads/2024/06/Bright-and-Clear-Cream.png,2024/06/Bright-and-Clear-Cream.png,image/png,png,238402,1080,1080,6956f38ec91e9136,unused,unused-2019-bright-and-clear-cream.png,png,unassigned,False,NOT_REQUIRED,FOUND,PENDING,
unused,2020,2020,,,,https://wholesalebeautyhub.co.uk/wp-content/uploads/2024/06/Naturium.png,2024/06/Naturium.png,image/png,png,277621,1404,1404,81091832177ac367,unused,unused-2020-naturium.png,png,unassigned,False,NOT_REQUIRED,FOUND,PENDING,
unused,2021,2021,,,,https://wholesalebeautyhub.co.uk/wp-content/uploads/2024/06/Olay-Retinol-Wash-and-Vitamin-C-Lotion.png,2024/06/Olay-Retinol-Wash-and-Vitamin-C-Lotion.png,image/png,png,341535,1080,1080,cd4b1c9b70ee096a,unused,unused-2021-olay-retinol-wash-and-vitamin-c-lotion.png,png,unassigned,False,NOT_REQUIRED,FOUND,PENDING,
unused,2022,2022,,,,https://wholesalebeautyhub.co.uk/wp-content/uploads/2024/06/Sunscreen-Nivea.png,2024/06/Sunscreen-Nivea.png,image/png,png,246704,1080,1080,8fe23ff9beaf144d,unused,unused-2022-sunscreen-nivea.png,png,unassigned,False,NOT_REQUIRED,FOUND,PENDING,
unused,2027,2027,,,,https://wholesalebeautyhub.co.uk/wp-content/uploads/2024/06/About-us-Contact-us-Skincare-Makeup-1.png,2024/06/About-us-Contact-us-Skincare-Makeup-1.png,image/png,png,151593,2880,1054,01ac74a4ba846b4e,unused,unused-2027-about-us-contact-us-skincare-makeup-1-png.png,png,unassigned,False,NOT_REQUIRED,FOUND,PENDING,
unused,2031,2031,,,,https://wholesalebeautyhub.co.uk/wp-content/uploads/2024/06/Shop-1.png,2024/06/Shop-1.png,image/png,png,225148,1440,527,6b6bd44fda721c83,unused,unused-2031-shop-1-png.png,png,unassigned,False,NOT_REQUIRED,FOUND,PENDING,
unused,2035,2035,,,,https://wholesalebeautyhub.co.uk/wp-content/uploads/2024/06/Rectangle-23.png,2024/06/Rectangle-23.png,image/png,png,622425,664,549,a7bed812da918932,unused,unused-2035-rectangle-23-png.png,png,unassigned,False,NOT_REQUIRED,FOUND,PENDING,
unused,2132,2132,,,,https://wholesalebeautyhub.co.uk/wp-content/uploads/2024/07/Olay-Skin.png,2024/07/Olay-Skin.png,image/png,png,204293,1404,1404,41b2a9fd4eeb6c5f,unused,unused-2132-olay-skin-png.png,png,unassigned,False,NOT_REQUIRED,FOUND,PENDING,
unused,2139,2139,,,,https://wholesalebeautyhub.co.uk/wp-content/uploads/2024/07/Merak-Setting-Powder.png,2024/07/Merak-Setting-Powder.png,image/png,png,184834,1188,1188,17ad347735f47e13,unused,unused-2139-merak-setting-powder-png.png,png,unassigned,False,NOT_REQUIRED,FOUND,PENDING,
unused,2145,2145,,,,https://wholesalebeautyhub.co.uk/wp-content/uploads/2024/07/Bath-and-Body-1.png,2024/07/Bath-and-Body-1.png,image/png,png,139726,1404,1404,903557229aa4b223,unused,unused-2145-bath-and-body-1-png.png,png,unassigned,False,NOT_REQUIRED,FOUND,PENDING,
unused,2261,2261,,,,https://wholesalebeautyhub.co.uk/wp-content/uploads/2024/07/Product-weights-new.csv,2024/07/Product-weights-new.csv,text/csv,csv,,,,c1a01dad46238233,unused,unused-2261-product-weights-new-csv.csv,csv,unassigned,False,NOT_REQUIRED,FOUND,PENDING,
unused,2262,2262,,,,https://wholesalebeautyhub.co.uk/wp-content/uploads/2024/07/Bento-Grid-3.png,2024/07/Bento-Grid-3.png,image/png,png,301376,956,1210,428510e459868d42,unused,unused-2262-bento-grid-3.png,png,unassigned,False,NOT_REQUIRED,FOUND,PENDING,
unused,2267,2267,,,,https://wholesalebeautyhub.co.uk/wp-content/uploads/2024/07/Bento-Grid-7.png,2024/07/Bento-Grid-7.png,image/png,png,274706,1264,644,09ce0b1a459f1e0c,unused,unused-2267-bento-grid-7.png,png,unassigned,False,NOT_REQUIRED,FOUND,PENDING,
unused,2392,2392,,,,https://wholesalebeautyhub.co.uk/wp-content/uploads/2024/08/Panoxyl-balancing-repair-moisturizer-with-niacinamide-85g.jpg,2024/08/Panoxyl-balancing-repair-moisturizer-with-niacinamide-85g.jpg,image/jpeg,jpg,34199,700,700,3d33149f8b867c68,unused,unused-2392-panoxyl-balancing-repair-moisturizer-with-niacinamide-85g.jpg,jpg,unassigned,False,NOT_REQUIRED,FOUND,PENDING,
unused,2397,2397,,,,https://wholesalebeautyhub.co.uk/wp-content/uploads/2024/08/Elf-skin-Holy-Hydration-face-cream-with-hyaluronic-acid-peptides-50g.jpg,2024/08/Elf-skin-Holy-Hydration-face-cream-with-hyaluronic-acid-peptides-50g.jpg,image/jpeg,jpg,32798,700,700,70c0819eb0b43ea6,unused,unused-2397-elf-skin-holy-hydration-face-cream-with-hyaluronic-acid-pept.jpg,jpg,unassigned,False,NOT_REQUIRED,FOUND,PENDING,
unused,2403,2403,,,,https://wholesalebeautyhub.co.uk/wp-content/uploads/2024/08/Naturium-Bio-lipid-Restoring-Body-Lotion-75ml.webp,2024/08/Naturium-Bio-lipid-Restoring-Body-Lotion-75ml.webp,image/webp,webp,28542,1500,1500,98151d793b07950d,unused,unused-2403-naturium-bio-lipid-restoring-body-lotion-75ml.webp,webp,unassigned,False,NOT_REQUIRED,FOUND,PENDING,
unused,2405,2405,,,,https://wholesalebeautyhub.co.uk/wp-content/uploads/2024/08/Naturium-The-Glow-Getter-Body-Oil-100ml.webp,2024/08/Naturium-The-Glow-Getter-Body-Oil-100ml.webp,image/webp,webp,9350,500,500,cbb48f603df11ef2,unused,unused-2405-naturium-the-glow-getter-body-oil-100ml.webp,webp,unassigned,False,NOT_REQUIRED,FOUND,PENDING,
unused,2407,2407,,,,https://wholesalebeautyhub.co.uk/wp-content/uploads/2024/08/Boj-CosmeticsLux-Eye-Lashes-5-in-1-vogue.webp,2024/08/Boj-CosmeticsLux-Eye-Lashes-5-in-1-vogue.webp,image/webp,webp,89096,713,886,3cd05b44b76e502a,unused,unused-2407-boj-cosmeticslux-eye-lashes-5-in-1-vogue.webp,webp,unassigned,False,NOT_REQUIRED,FOUND,PENDING,
unused,2409,2409,,,,https://wholesalebeautyhub.co.uk/wp-content/uploads/2024/08/dr-teals-avocado-lotion.jpg,2024/08/dr-teals-avocado-lotion.jpg,image/jpeg,jpg,39925,650,650,e4b3f94c744e0ada,unused,unused-2409-dr-teals-avocado-lotion.jpg,jpg,unassigned,False,NOT_REQUIRED,FOUND,PENDING,
unused,2415,2415,,,,https://wholesalebeautyhub.co.uk/wp-content/uploads/2024/08/Hegai-Esther-Matte-Lip-Definer-Brown-sugar.jpeg,2024/08/Hegai-Esther-Matte-Lip-Definer-Brown-sugar.jpeg,image/jpeg,jpeg,344423,1000,667,92f3030793f8cba2,unused,unused-2415-hegai-esther-matte-lip-definer-brown-sugar.jpeg,jpeg,unassigned,False,NOT_REQUIRED,FOUND,PENDING,
unused,2417,2417,,,,https://wholesalebeautyhub.co.uk/wp-content/uploads/2024/08/Aveeno-Moisturizing-Body-Oil-Mist-US-VERSION.jpg,2024/08/Aveeno-Moisturizing-Body-Oil-Mist-US-VERSION.jpg,image/jpeg,jpg,56663,1500,1500,873fc7ac750ae174,unused,unused-2417-aveeno-moisturizing-body-oil-mist-us-version.jpg,jpg,unassigned,False,NOT_REQUIRED,FOUND,PENDING,
unused,2423,2423,,,,https://wholesalebeautyhub.co.uk/wp-content/uploads/2024/08/Alpha-Skin-care-Renewal-Body-Lotion-12-Glycolic-AHA-340g.jpg,2024/08/Alpha-Skin-care-Renewal-Body-Lotion-12-Glycolic-AHA-340g.jpg,image/jpeg,jpg,20539,800,800,fadcb0471189b4dd,unused,unused-2423-alpha-skin-care-renewal-body-lotion-12-glycolic-aha-340g.jpg,jpg,unassigned,False,NOT_REQUIRED,FOUND,PENDING,
unused,2429,2429,,,,https://wholesalebeautyhub.co.uk/wp-content/uploads/2024/08/3.jpg,2024/08/3.jpg,image/jpeg,jpg,35937,750,750,937ba58e99670fdb,unused,unused-2429-3.jpg,jpg,unassigned,False,NOT_REQUIRED,FOUND,PENDING,
unused,2727,2727,,,,https://wholesalebeautyhub.co.uk/wp-content/uploads/2024/08/Marine-Care-Deep-Moisture-Multi-face-Oil-30ml-HEIMISH.jpg,2024/08/Marine-Care-Deep-Moisture-Multi-face-Oil-30ml-HEIMISH.jpg,image/jpeg,jpg,18285,1200,1200,3c69d4cadeff2962,unused,unused-2727-marine-care-deep-moisture-multi-face-oil-30ml-heimish.jpg,jpg,unassigned,False,NOT_REQUIRED,FOUND,PENDING,
unused,2738,2738,,,,https://wholesalebeautyhub.co.uk/wp-content/uploads/2024/04/Dr-Rashel-retinol-set-1.jpg,2024/04/Dr-Rashel-retinol-set-1.jpg,image/jpeg,jpg,53759,1000,873,6252f3cf4adcfe29,unused,unused-2738-dr-rashel-retinol-set.jpg,jpg,unassigned,False,NOT_REQUIRED,FOUND,PENDING,
unused,2741,2741,,,,https://wholesalebeautyhub.co.uk/wp-content/uploads/2024/08/laneige-lip-sleeping-mask.jpg,2024/08/laneige-lip-sleeping-mask-e1723497316714.jpg,image/jpeg,jpg,31513,850,850,9170d196e331c792,unused,unused-2741-laneige-lip-sleeping-mask.jpg,jpg,unassigned,False,NOT_REQUIRED,FOUND,PENDING,
unused,2748,2748,,,,https://wholesalebeautyhub.co.uk/wp-content/uploads/2024/08/Didi-blender.jpg,2024/08/Didi-blender.jpg,image/jpeg,jpg,40056,750,750,c5b9b7e184376ae4,unused,unused-2748-didi-blender.jpg,jpg,unassigned,False,NOT_REQUIRED,FOUND,PENDING,
unused,2750,2750,,,,https://wholesalebeautyhub.co.uk/wp-content/uploads/2024/08/yglam-blender.jpg,2024/08/yglam-blender.jpg,image/jpeg,jpg,113433,750,750,c679a867677734a6,unused,unused-2750-yglam-blender.jpg,jpg,unassigned,False,NOT_REQUIRED,FOUND,PENDING,
unused,2768,2768,,,,https://wholesalebeautyhub.co.uk/wp-content/uploads/2024/08/5F4D2947-3EFE-46BC-A600-4DA58F7F1794.jpeg,2024/08/5F4D2947-3EFE-46BC-A600-4DA58F7F1794.jpeg,image/jpeg,jpeg,112970,828,999,1e40a339eda04828,unused,unused-2768-5f4d2947-3efe-46bc-a600-4da58f7f1794.jpeg,jpeg,unassigned,False,NOT_REQUIRED,FOUND,PENDING,
unused,2771,2771,,,,https://wholesalebeautyhub.co.uk/wp-content/uploads/2024/08/959E6397-4930-409A-9149-E69F0C5FD1FF.jpeg,2024/08/959E6397-4930-409A-9149-E69F0C5FD1FF.jpeg,image/jpeg,jpeg,720121,828,960,a7a3a06a9909167d,unused,unused-2771-959e6397-4930-409a-9149-e69f0c5fd1ff.jpeg,jpeg,unassigned,False,NOT_REQUIRED,FOUND,PENDING,
unused,2772,2772,,,,https://wholesalebeautyhub.co.uk/wp-content/uploads/2024/05/EF133D48-92CC-4B81-AF4A-C3A33E10CC1F.jpeg,2024/05/EF133D48-92CC-4B81-AF4A-C3A33E10CC1F.jpeg,image/jpeg,jpeg,602134,828,1021,af6e907bb0259b15,unused,unused-2772-ef133d48-92cc-4b81-af4a-c3a33e10cc1f.jpeg,jpeg,unassigned,False,NOT_REQUIRED,FOUND,PENDING,
unused,2775,2775,,,,https://wholesalebeautyhub.co.uk/wp-content/uploads/2024/04/3D58B958-713D-46EF-BA54-3390B4D6281C.jpeg,2024/04/3D58B958-713D-46EF-BA54-3390B4D6281C.jpeg,image/jpeg,jpeg,333292,828,824,686b5b9fec0ed6bd,unused,unused-2775-3d58b958-713d-46ef-ba54-3390b4d6281c.jpeg,jpeg,unassigned,False,NOT_REQUIRED,FOUND,PENDING,
unused,2958,2958,,,,https://wholesalebeautyhub.co.uk/wp-content/uploads/2024/04/IMG_2707-1.jpg,2024/04/IMG_2707-1.jpg,image/jpeg,jpg,243112,828,886,3b9f86ccfe813487,unused,unused-2958-img-2707-1.jpg,jpg,unassigned,False,NOT_REQUIRED,FOUND,PENDING,
unused,3019,3019,,,,https://wholesalebeautyhub.co.uk/wp-content/uploads/2024/08/WhatsApp-Image-2024-08-23-at-01.25.19-1.jpeg,2024/08/WhatsApp-Image-2024-08-23-at-01.25.19-1.jpeg,image/jpeg,jpeg,48947,828,834,d7f6d11779da8a49,unused,unused-3019-whatsapp-image-2024-08-23-at-01-25-19-1.jpeg,jpeg,unassigned,False,NOT_REQUIRED,FOUND,PENDING,
unused,3622,3622,,,,https://wholesalebeautyhub.co.uk/wp-content/uploads/2024/09/WhatsApp-Image-2024-09-12-at-20.06.10.jpeg,2024/09/WhatsApp-Image-2024-09-12-at-20.06.10.jpeg,image/jpeg,jpeg,87994,607,1080,98e8c80503a5a40c,unused,unused-3622-whatsapp-image-2024-09-12-at-20-06-10.jpeg,jpeg,unassigned,False,NOT_REQUIRED,FOUND,PENDING,
unused,3623,3623,,,,https://wholesalebeautyhub.co.uk/wp-content/uploads/2024/09/illiyoon-hyaluronic-moisture-cream-100ml-156.jpg,2024/09/illiyoon-hyaluronic-moisture-cream-100ml-156.jpg,image/jpeg,jpg,12363,533,532,538e50c60f2a7efc,unused,unused-3623-illiyoon-hyaluronic-moisture-cream-100ml-156.jpg,jpg,unassigned,False,NOT_REQUIRED,FOUND,PENDING,
unused,3637,3637,,,,https://wholesalebeautyhub.co.uk/wp-content/uploads/2024/09/Vaseline-Cocoa-Radiant-Oil-Gel-200ml-309900-1.avif,2024/09/Vaseline-Cocoa-Radiant-Oil-Gel-200ml-309900-1.avif,image/avif,avif,11346,600,600,eb4f9ffa3b56dcfe,unused,unused-3637-vaseline-cocoa-radiant-oil-gel-200ml-309900.webp,webp,unassigned,True,NOT_STARTED,FOUND,PENDING,
unused,3649,3649,,,,https://wholesalebeautyhub.co.uk/wp-content/uploads/2024/09/s-l1600-1.webp,2024/09/s-l1600-1.webp,image/webp,webp,12498,768,768,03794904fa032812,unused,unused-3649-s-l1600-1.webp,webp,unassigned,False,NOT_REQUIRED,FOUND,PENDING,
unused,3651,3651,,,,https://wholesalebeautyhub.co.uk/wp-content/uploads/2024/09/OLAY-COLLAGEN-WASH.webp,2024/09/OLAY-COLLAGEN-WASH.webp,image/webp,webp,40456,1280,1280,e522ff9561bbcef7,unused,unused-3651-olay-collagen-wash.webp,webp,unassigned,False,NOT_REQUIRED,FOUND,PENDING,
unused,3655,3655,,,,https://wholesalebeautyhub.co.uk/wp-content/uploads/2024/09/OLAY-SUGAR-AND-COCOA-BUTTER-WASH.webp,2024/09/OLAY-SUGAR-AND-COCOA-BUTTER-WASH.webp,image/webp,webp,24208,548,728,fdda14292ba5bc23,unused,unused-3655-olay-sugar-and-cocoa-butter-wash.webp,webp,unassigned,False,NOT_REQUIRED,FOUND,PENDING,
unused,3699,3699,,,,https://wholesalebeautyhub.co.uk/wp-content/uploads/2024/09/05.23_EOS_PDP_Rainbow-Bundle.webp,2024/09/05.23_EOS_PDP_Rainbow-Bundle.webp,image/webp,webp,16548,1000,1000,ea2abfd2b0413078,unused,unused-3699-05-23-eos-pdp-rainbow-bundle.webp,webp,unassigned,False,NOT_REQUIRED,FOUND,PENDING,
unused,3854,3854,,,,https://wholesalebeautyhub.co.uk/wp-content/uploads/2024/09/51UBWYne7JL._AC_SL1000_.jpg,2024/09/51UBWYne7JL._AC_SL1000_.jpg,image/jpeg,jpg,54782,1000,1000,8b1e62db2c8f69fd,unused,unused-3854-51ubwyne7jl-ac-sl1000.jpg,jpg,unassigned,False,NOT_REQUIRED,FOUND,PENDING,
unused,3857,3857,,,,https://wholesalebeautyhub.co.uk/wp-content/uploads/2024/09/51trhgfwg1L._SL1080_.jpg,2024/09/51trhgfwg1L._SL1080_.jpg,image/jpeg,jpg,60193,1080,1080,ed03ae133af98efa,unused,unused-3857-51trhgfwg1l-sl1080.jpg,jpg,unassigned,False,NOT_REQUIRED,FOUND,PENDING,
unused,3858,3858,,,,https://wholesalebeautyhub.co.uk/wp-content/uploads/2024/09/51UBWYne7JL._AC_SL1000_-1.jpg,2024/09/51UBWYne7JL._AC_SL1000_-1.jpg,image/jpeg,jpg,54782,1000,1000,909d9881dfb7b051,unused,unused-3858-51ubwyne7jl-ac-sl1000.jpg,jpg,unassigned,False,NOT_REQUIRED,FOUND,PENDING,
unused,3859,3859,,,,https://wholesalebeautyhub.co.uk/wp-content/uploads/2024/09/61UERhmgBfL._SL1080_.jpg,2024/09/61UERhmgBfL._SL1080_.jpg,image/jpeg,jpg,97762,1080,1080,119de83ce646b8cc,unused,unused-3859-61uerhmgbfl-sl1080.jpg,jpg,unassigned,False,NOT_REQUIRED,FOUND,PENDING,
unused,3860,3860,,,,https://wholesalebeautyhub.co.uk/wp-content/uploads/2024/09/61uzV1DuThL._SL1080_.jpg,2024/09/61uzV1DuThL._SL1080_.jpg,image/jpeg,jpg,75407,1080,1080,9e2c0489d65ce558,unused,unused-3860-61uzv1duthl-sl1080.jpg,jpg,unassigned,False,NOT_REQUIRED,FOUND,PENDING,
unused,3862,3862,,,,https://wholesalebeautyhub.co.uk/wp-content/uploads/2024/04/616u79FHUvL._SL1500_.jpg,2024/04/616u79FHUvL._SL1500_.jpg,image/jpeg,jpg,50349,721,1500,42919787687ceb9c,unused,unused-3862-616u79fhuvl-sl1500.jpg,jpg,unassigned,False,NOT_REQUIRED,FOUND,PENDING,
unused,3863,3863,,,,https://wholesalebeautyhub.co.uk/wp-content/uploads/2024/04/616u79FHUvL._SL1500_-1.jpg,2024/04/616u79FHUvL._SL1500_-1.jpg,image/jpeg,jpg,50349,721,1500,8550961b098d3820,unused,unused-3863-616u79fhuvl-sl1500.jpg,jpg,unassigned,False,NOT_REQUIRED,FOUND,PENDING,
unused,3872,3872,,,,https://wholesalebeautyhub.co.uk/wp-content/uploads/2024/09/81DB11J3XZL._SL1500_.jpg,2024/09/81DB11J3XZL._SL1500_.jpg,image/jpeg,jpg,162503,1200,1500,468310952db8f85f,unused,unused-3872-81db11j3xzl-sl1500.jpg,jpg,unassigned,False,NOT_REQUIRED,FOUND,PENDING,
unused,3873,3873,,,,https://wholesalebeautyhub.co.uk/wp-content/uploads/2024/09/616u79FHUvL._SL1500_.jpg,2024/09/616u79FHUvL._SL1500_.jpg,image/jpeg,jpg,50349,721,1500,42919787687ceb9c,unused,unused-3873-616u79fhuvl-sl1500.jpg,jpg,unassigned,False,NOT_REQUIRED,FOUND,PENDING,
unused,3879,3879,,,,https://wholesalebeautyhub.co.uk/wp-content/uploads/2024/09/71r2HOUyb8L._SL1500_.jpg,2024/09/71r2HOUyb8L._SL1500_.jpg,image/jpeg,jpg,75825,1500,1500,1a9452061942b7a0,unused,unused-3879-71r2houyb8l-sl1500.jpg,jpg,unassigned,False,NOT_REQUIRED,FOUND,PENDING,
unused,3880,3880,,,,https://wholesalebeautyhub.co.uk/wp-content/uploads/2024/09/81DB11J3XZL._SL1500_-1.jpg,2024/09/81DB11J3XZL._SL1500_-1.jpg,image/jpeg,jpg,162503,1200,1500,d1caddd113615718,unused,unused-3880-81db11j3xzl-sl1500.jpg,jpg,unassigned,False,NOT_REQUIRED,FOUND,PENDING,
unused,3882,3882,,,,https://wholesalebeautyhub.co.uk/wp-content/uploads/2024/09/616u79FHUvL._SL1500_-1.jpg,2024/09/616u79FHUvL._SL1500_-1.jpg,image/jpeg,jpg,50349,721,1500,8550961b098d3820,unused,unused-3882-616u79fhuvl-sl1500.jpg,jpg,unassigned,False,NOT_REQUIRED,FOUND,PENDING,
unused,3883,3883,,,,https://wholesalebeautyhub.co.uk/wp-content/uploads/2024/09/710HqR5DfSL._SL1500_-1.jpg,2024/09/710HqR5DfSL._SL1500_-1.jpg,image/jpeg,jpg,106828,898,1500,cc904acfaf86e202,unused,unused-3883-710hqr5dfsl-sl1500.jpg,jpg,unassigned,False,NOT_REQUIRED,FOUND,PENDING,
unused,3884,3884,,,,https://wholesalebeautyhub.co.uk/wp-content/uploads/2024/09/712WyJAsT4L._SL1500_.jpg,2024/09/712WyJAsT4L._SL1500_.jpg,image/jpeg,jpg,98880,1500,1500,2f45e18aae7cdddb,unused,unused-3884-712wyjast4l-sl1500.jpg,jpg,unassigned,False,NOT_REQUIRED,FOUND,PENDING,
unused,3998,3998,,,,https://wholesalebeautyhub.co.uk/wp-content/uploads/2024/09/8F8AF8E1-61E8-4EB5-80E4-52BF189CE499.jpeg,2024/09/8F8AF8E1-61E8-4EB5-80E4-52BF189CE499.jpeg,image/jpeg,jpeg,906780,895,1070,95318693d833ca48,unused,unused-3998-8f8af8e1-61e8-4eb5-80e4-52bf189ce499.jpeg,jpeg,unassigned,False,NOT_REQUIRED,FOUND,PENDING,
unused,4017,4017,,,,https://wholesalebeautyhub.co.uk/wp-content/uploads/2024/09/058436F6-F1D6-4932-AC2E-2525E21F625D.jpeg,2024/09/058436F6-F1D6-4932-AC2E-2525E21F625D.jpeg,image/jpeg,jpeg,516498,1799,1506,7aec7efde37575a5,unused,unused-4017-058436f6-f1d6-4932-ac2e-2525e21f625d.jpeg,jpeg,unassigned,False,NOT_REQUIRED,FOUND,PENDING,
unused,4018,4018,,,,https://wholesalebeautyhub.co.uk/wp-content/uploads/2024/09/D691A302-8346-4C24-8988-5731F2CDD8E9.jpeg,2024/09/D691A302-8346-4C24-8988-5731F2CDD8E9.jpeg,image/jpeg,jpeg,787634,1826,1562,e31cff55f37390b5,unused,unused-4018-d691a302-8346-4c24-8988-5731f2cdd8e9.jpeg,jpeg,unassigned,False,NOT_REQUIRED,FOUND,PENDING,
unused,4019,4019,,,,https://wholesalebeautyhub.co.uk/wp-content/uploads/2024/09/8DB7D53F-3882-446F-92C4-1F8179BF0043.jpeg,2024/09/8DB7D53F-3882-446F-92C4-1F8179BF0043.jpeg,image/jpeg,jpeg,2116712,1982,1547,b89ddde593346fff,unused,unused-4019-8db7d53f-3882-446f-92c4-1f8179bf0043.jpeg,jpeg,unassigned,False,NOT_REQUIRED,FOUND,PENDING,
unused,4044,4044,,,,https://wholesalebeautyhub.co.uk/wp-content/uploads/2024/08/025BC0B8-46BA-404B-BB01-78B58883C3CC.jpeg,2024/08/025BC0B8-46BA-404B-BB01-78B58883C3CC.jpeg,image/jpeg,jpeg,370409,908,810,0f7d60b6569d9d56,unused,unused-4044-025bc0b8-46ba-404b-bb01-78b58883c3cc.jpeg,jpeg,unassigned,False,NOT_REQUIRED,FOUND,PENDING,
unused,4045,4045,,,,https://wholesalebeautyhub.co.uk/wp-content/uploads/2024/08/35838B2A-1C36-4749-BC35-9FA24B559726.jpeg,2024/08/35838B2A-1C36-4749-BC35-9FA24B559726.jpeg,image/jpeg,jpeg,344659,1000,667,d1243a05ca471ada,unused,unused-4045-35838b2a-1c36-4749-bc35-9fa24b559726.jpeg,jpeg,unassigned,False,NOT_REQUIRED,FOUND,PENDING,
unused,4047,4047,,,,https://wholesalebeautyhub.co.uk/wp-content/uploads/2024/08/5388DA5F-E6C8-4009-B60F-76464BA386A9.jpeg,2024/08/5388DA5F-E6C8-4009-B60F-76464BA386A9.jpeg,image/jpeg,jpeg,857511,1707,2560,7264bca7efe91f02,unused,unused-4047-5388da5f-e6c8-4009-b60f-76464ba386a9.jpeg,jpeg,unassigned,False,NOT_REQUIRED,FOUND,PENDING,
unused,4048,4048,,,,https://wholesalebeautyhub.co.uk/wp-content/uploads/2024/08/969E74B0-8CE7-477B-A45F-60C1D1D12416.jpeg,2024/08/969E74B0-8CE7-477B-A45F-60C1D1D12416.jpeg,image/jpeg,jpeg,98551,800,640,d7d42697a4e8f974,unused,unused-4048-969e74b0-8ce7-477b-a45f-60c1d1d12416.jpeg,jpeg,unassigned,False,NOT_REQUIRED,FOUND,PENDING,
unused,4049,4049,,,,https://wholesalebeautyhub.co.uk/wp-content/uploads/2024/08/934D8AF2-44FB-4A72-B8C3-0E0183ABBB1C.jpeg,2024/08/934D8AF2-44FB-4A72-B8C3-0E0183ABBB1C.jpeg,image/jpeg,jpeg,688496,1440,1795,066e303289071d60,unused,unused-4049-934d8af2-44fb-4a72-b8c3-0e0183abbb1c.jpeg,jpeg,unassigned,False,NOT_REQUIRED,FOUND,PENDING,
unused,4054,4054,,,,https://wholesalebeautyhub.co.uk/wp-content/uploads/2024/09/2E998994-4FB4-4A37-9FB6-FA6AC7990F14.jpeg,2024/09/2E998994-4FB4-4A37-9FB6-FA6AC7990F14.jpeg,image/jpeg,jpeg,1084589,890,1384,4aac722ed52a3960,unused,unused-4054-2e998994-4fb4-4a37-9fb6-fa6ac7990f14.jpeg,jpeg,unassigned,False,NOT_REQUIRED,FOUND,PENDING,
unused,4213,4213,,,,https://wholesalebeautyhub.co.uk/wp-content/uploads/2024/04/wbh-cover-page.png,2024/04/wbh-cover-page.png,image/png,png,151593,2880,1054,244cbcc9d5fc865e,unused,unused-4213-wbh-cover-page.png,png,unassigned,False,NOT_REQUIRED,FOUND,PENDING,
unused,4679,4679,,,,https://wholesalebeautyhub.co.uk/wp-content/uploads/2024/10/B82D3844-86B7-45D7-BE6A-B0A139D07670.jpeg,2024/10/B82D3844-86B7-45D7-BE6A-B0A139D07670.jpeg,image/jpeg,jpeg,282416,904,934,fe3ad0ba54999f97,unused,unused-4679-b82d3844-86b7-45d7-be6a-b0a139d07670.jpeg,jpeg,unassigned,False,NOT_REQUIRED,FOUND,PENDING,
unused,4683,4683,,,,https://wholesalebeautyhub.co.uk/wp-content/uploads/2024/10/9D221066-CB1D-4FC8-9D24-305CF3487E7B.jpeg,2024/10/9D221066-CB1D-4FC8-9D24-305CF3487E7B.jpeg,image/jpeg,jpeg,983848,881,1113,853943cdb8ff7a55,unused,unused-4683-9d221066-cb1d-4fc8-9d24-305cf3487e7b.jpeg,jpeg,unassigned,False,NOT_REQUIRED,FOUND,PENDING,
unused,4685,4685,,,,https://wholesalebeautyhub.co.uk/wp-content/uploads/2024/10/A37FB12A-270B-417F-89EB-DB8CA609415B.jpeg,2024/10/A37FB12A-270B-417F-89EB-DB8CA609415B.jpeg,image/jpeg,jpeg,660673,893,1115,189a410f561fd8db,unused,unused-4685-a37fb12a-270b-417f-89eb-db8ca609415b.jpeg,jpeg,unassigned,False,NOT_REQUIRED,FOUND,PENDING,
unused,4688,4688,,,,https://wholesalebeautyhub.co.uk/wp-content/uploads/2024/10/011FB61F-1715-4561-8619-8237221CC6C7.jpeg,2024/10/011FB61F-1715-4561-8619-8237221CC6C7.jpeg,image/jpeg,jpeg,718790,898,1119,5c5fcafc433c9742,unused,unused-4688-011fb61f-1715-4561-8619-8237221cc6c7.jpeg,jpeg,unassigned,False,NOT_REQUIRED,FOUND,PENDING,
unused,4690,4690,,,,https://wholesalebeautyhub.co.uk/wp-content/uploads/2024/10/8DDA19C8-2C5E-44D5-B6A5-A8295B96D6EA.jpeg,2024/10/8DDA19C8-2C5E-44D5-B6A5-A8295B96D6EA.jpeg,image/jpeg,jpeg,943240,913,1120,64b70622d5fdde53,unused,unused-4690-8dda19c8-2c5e-44d5-b6a5-a8295b96d6ea.jpeg,jpeg,unassigned,False,NOT_REQUIRED,FOUND,PENDING,
unused,4717,4717,,,,https://wholesalebeautyhub.co.uk/wp-content/uploads/2024/09/2207B288-278B-4F06-A110-99BE157CAEBB.jpeg,2024/09/2207B288-278B-4F06-A110-99BE157CAEBB.jpeg,image/jpeg,jpeg,13941,1000,1000,98ca90ce2e15b2d6,unused,unused-4717-2207b288-278b-4f06-a110-99be157caebb.jpeg,jpeg,unassigned,False,NOT_REQUIRED,FOUND,PENDING,
unused,4718,4718,,,,https://wholesalebeautyhub.co.uk/wp-content/uploads/2024/09/520D8503-DBD9-4E57-9982-4A37E8672FE2.jpeg,2024/09/520D8503-DBD9-4E57-9982-4A37E8672FE2.jpeg,image/jpeg,jpeg,32711,1001,1001,805f0f4d8889593e,unused,unused-4718-520d8503-dbd9-4e57-9982-4a37e8672fe2.jpeg,jpeg,unassigned,False,NOT_REQUIRED,FOUND,PENDING,
unused,5105,5105,,,,https://wholesalebeautyhub.co.uk/wp-content/uploads/2024/10/30BA7371-8268-4930-9A28-1FECC7264FB8.jpeg,2024/10/30BA7371-8268-4930-9A28-1FECC7264FB8.jpeg,image/jpeg,jpeg,518314,1290,1607,b42ef0ce97219590,unused,unused-5105-30ba7371-8268-4930-9a28-1fecc7264fb8.jpeg,jpeg,unassigned,False,NOT_REQUIRED,FOUND,PENDING,
unused,5113,5113,,,,https://wholesalebeautyhub.co.uk/wp-content/uploads/2024/10/C878DC4D-875E-479C-84C3-A991F411CDD7.png,2024/10/C878DC4D-875E-479C-84C3-A991F411CDD7.png,image/png,png,324310,800,531,b884ba5d194581d7,unused,unused-5113-c878dc4d-875e-479c-84c3-a991f411cdd7.png,png,unassigned,False,NOT_REQUIRED,FOUND,PENDING,
unused,5120,5120,,,,https://wholesalebeautyhub.co.uk/wp-content/uploads/2024/10/A0FA4D47-AFD2-4AEF-9DDA-E2E20BB276C0.png,2024/10/A0FA4D47-AFD2-4AEF-9DDA-E2E20BB276C0.png,image/png,png,53657,225,225,b21ac06bedbda180,unused,unused-5120-a0fa4d47-afd2-4aef-9dda-e2e20bb276c0.png,png,unassigned,False,NOT_REQUIRED,FOUND,PENDING,
unused,5121,5121,,,,https://wholesalebeautyhub.co.uk/wp-content/uploads/2024/10/5D1044D5-B62D-4780-B3B6-3AE771879882.png,2024/10/5D1044D5-B62D-4780-B3B6-3AE771879882.png,image/png,png,33832,225,225,e7861a5c7f2bdade,unused,unused-5121-5d1044d5-b62d-4780-b3b6-3ae771879882.png,png,unassigned,False,NOT_REQUIRED,FOUND,PENDING,
unused,5122,5122,,,,https://wholesalebeautyhub.co.uk/wp-content/uploads/2024/10/0364C4B0-8E99-4229-9E9F-F4941749DBCE.png,2024/10/0364C4B0-8E99-4229-9E9F-F4941749DBCE.png,image/png,png,55163,156,322,8d56d539d91800fd,unused,unused-5122-0364c4b0-8e99-4229-9e9f-f4941749dbce.png,png,unassigned,False,NOT_REQUIRED,FOUND,PENDING,
unused,5357,5357,,,,https://wholesalebeautyhub.co.uk/wp-content/uploads/2024/11/A1A42A09-1EC2-42CD-8844-A720DA508FE7.jpeg,2024/11/A1A42A09-1EC2-42CD-8844-A720DA508FE7.jpeg,image/jpeg,jpeg,132933,720,720,7f7f932e672db528,unused,unused-5357-a1a42a09-1ec2-42cd-8844-a720da508fe7.jpeg,jpeg,unassigned,False,NOT_REQUIRED,FOUND,PENDING,
unused,5358,5358,,,,https://wholesalebeautyhub.co.uk/wp-content/uploads/2024/11/A151E87C-A95D-4B20-89FE-7A696451C3C9.jpeg,2024/11/A151E87C-A95D-4B20-89FE-7A696451C3C9.jpeg,image/jpeg,jpeg,31271,720,720,e2b3005b0ff84bf8,unused,unused-5358-a151e87c-a95d-4b20-89fe-7a696451c3c9.jpeg,jpeg,unassigned,False,NOT_REQUIRED,FOUND,PENDING,
unused,5359,5359,,,,https://wholesalebeautyhub.co.uk/wp-content/uploads/2024/11/134FDAD5-356A-47BE-9417-3FA4BFCC2A79.jpeg,2024/11/134FDAD5-356A-47BE-9417-3FA4BFCC2A79.jpeg,image/jpeg,jpeg,28681,720,720,2955684cf0a7430d,unused,unused-5359-134fdad5-356a-47be-9417-3fa4bfcc2a79.jpeg,jpeg,unassigned,False,NOT_REQUIRED,FOUND,PENDING,
unused,5360,5360,,,,https://wholesalebeautyhub.co.uk/wp-content/uploads/2024/11/6F0DB56B-718C-4631-8D80-E9BC47FB89BD.jpeg,2024/11/6F0DB56B-718C-4631-8D80-E9BC47FB89BD.jpeg,image/jpeg,jpeg,93582,720,720,87ee8bada7305121,unused,unused-5360-6f0db56b-718c-4631-8d80-e9bc47fb89bd.jpeg,jpeg,unassigned,False,NOT_REQUIRED,FOUND,PENDING,
unused,5361,5361,,,,https://wholesalebeautyhub.co.uk/wp-content/uploads/2024/11/67D5F268-DA7F-4FFF-9F70-C1F9804C97BE.jpeg,2024/11/67D5F268-DA7F-4FFF-9F70-C1F9804C97BE.jpeg,image/jpeg,jpeg,59755,720,720,ef87cc123f929a14,unused,unused-5361-67d5f268-da7f-4fff-9f70-c1f9804c97be.jpeg,jpeg,unassigned,False,NOT_REQUIRED,FOUND,PENDING,
unused,5364,5364,,,,https://wholesalebeautyhub.co.uk/wp-content/uploads/2024/11/0F78F1B9-5F62-4D8A-9109-49D85FF3E61A.jpeg,2024/11/0F78F1B9-5F62-4D8A-9109-49D85FF3E61A.jpeg,image/jpeg,jpeg,100037,960,1280,f813b3d0868dc383,unused,unused-5364-0f78f1b9-5f62-4d8a-9109-49d85ff3e61a.jpeg,jpeg,unassigned,False,NOT_REQUIRED,FOUND,PENDING,
unused,5365,5365,,,,https://wholesalebeautyhub.co.uk/wp-content/uploads/2024/11/4E60E980-7084-4452-9364-DF5AD3D11840.jpeg,2024/11/4E60E980-7084-4452-9364-DF5AD3D11840.jpeg,image/jpeg,jpeg,166096,2047,2560,e1e8cdc98f648746,unused,unused-5365-4e60e980-7084-4452-9364-df5ad3d11840.jpeg,jpeg,unassigned,False,NOT_REQUIRED,FOUND,PENDING,
unused,5992,5992,,,,https://wholesalebeautyhub.co.uk/wp-content/uploads/2024/11/7326AFF2-56C1-45F1-AC76-84EBA7F3711B.png,2024/11/7326AFF2-56C1-45F1-AC76-84EBA7F3711B.png,image/png,png,24657,225,225,84db02976d6ffcc1,unused,unused-5992-7326aff2-56c1-45f1-ac76-84eba7f3711b.png,png,unassigned,False,NOT_REQUIRED,FOUND,PENDING,
unused,7310,7310,,,,https://wholesalebeautyhub.co.uk/wp-content/uploads/2025/01/61LnEp7DD-L._AC_SX679_.jpg,2025/01/61LnEp7DD-L._AC_SX679_.jpg,image/jpeg,jpg,56457,679,1502,8806132d443d2537,unused,unused-7310-61lnep7dd-l-ac-sx679.jpg,jpg,unassigned,False,NOT_REQUIRED,FOUND,PENDING,
unused,7330,7330,,,,https://wholesalebeautyhub.co.uk/wp-content/uploads/2025/01/yglam-2.html,2025/01/yglam-2.html,text/html,html,1783290,,,14a7c180594009f6,unused,unused-7330-yglam-2.html,html,unassigned,False,NOT_REQUIRED,FOUND,PENDING,
unused,7331,7331,,,,https://wholesalebeautyhub.co.uk/wp-content/uploads/2025/01/yglam-2-1.html,2025/01/yglam-2-1.html,text/html,html,1783290,,,2a0bf67e3d22deb6,unused,unused-7331-yglam-2.html,html,unassigned,False,NOT_REQUIRED,FOUND,PENDING,
unused,7332,7332,,,,https://wholesalebeautyhub.co.uk/wp-content/uploads/2025/01/469946345_585473460801661_2312417212183625562_n.jpg,2025/01/469946345_585473460801661_2312417212183625562_n.jpg,image/jpeg,jpg,55450,1080,1080,0a2e85d75e85a8ba,unused,unused-7332-469946345-585473460801661-2312417212183625562-n.jpg,jpg,unassigned,False,NOT_REQUIRED,FOUND,PENDING,
unused,7489,7489,,,,https://wholesalebeautyhub.co.uk/wp-content/uploads/2025/01/IMG_0223.png,2025/01/IMG_0223.png,image/png,png,3370887,3264,3264,83717f11ef26c86d,unused,unused-7489-img-0223.png,png,unassigned,False,NOT_REQUIRED,FOUND,PENDING,
unused,7491,7491,,,,https://wholesalebeautyhub.co.uk/wp-content/uploads/2025/01/IMG_0192.heic,2025/01/IMG_0192.heic,image/heic,heic,1001011,,,25a614153d3c0f9e,unused,unused-7491-img-0192.heic,heic,unassigned,False,NOT_REQUIRED,FOUND,PENDING,
unused,7493,7493,,,,https://wholesalebeautyhub.co.uk/wp-content/uploads/2025/01/IMG_0229.png,2025/01/IMG_0229.png,image/png,png,2917607,3264,3264,be572f379f1848c5,unused,unused-7493-img-0229.png,png,unassigned,False,NOT_REQUIRED,FOUND,PENDING,
unused,7495,7495,,,,https://wholesalebeautyhub.co.uk/wp-content/uploads/2025/01/IMG_0231-1.png,2025/01/IMG_0231-1.png,image/png,png,3221100,3264,3264,112270f3f1d58199,unused,unused-7495-img-0231.png,png,unassigned,False,NOT_REQUIRED,FOUND,PENDING,
unused,7501,7501,,,,https://wholesalebeautyhub.co.uk/wp-content/uploads/2025/01/IMG_0195.heic,2025/01/IMG_0195.heic,image/heic,heic,1171479,,,ea5e6635a9d3966e,unused,unused-7501-img-0195.heic,heic,unassigned,False,NOT_REQUIRED,FOUND,PENDING,
unused,7502,7502,,,,https://wholesalebeautyhub.co.uk/wp-content/uploads/2025/01/IMG_0197.heic,2025/01/IMG_0197.heic,image/heic,heic,830371,,,07d0c9b87762068e,unused,unused-7502-img-0197.heic,heic,unassigned,False,NOT_REQUIRED,FOUND,PENDING,
unused,7503,7503,,,,https://wholesalebeautyhub.co.uk/wp-content/uploads/2025/01/IMG_0194.heic,2025/01/IMG_0194.heic,image/heic,heic,1125656,,,0b8e3bfe855841f0,unused,unused-7503-img-0194.heic,heic,unassigned,False,NOT_REQUIRED,FOUND,PENDING,
unused,7504,7504,,,,https://wholesalebeautyhub.co.uk/wp-content/uploads/2025/01/IMG_0184.heic,2025/01/IMG_0184.heic,image/heic,heic,873698,,,e2e0003ed7e6cdcd,unused,unused-7504-img-0184.heic,heic,unassigned,False,NOT_REQUIRED,FOUND,PENDING,
unused,7505,7505,,,,https://wholesalebeautyhub.co.uk/wp-content/uploads/2025/01/IMG_0192-1.heic,2025/01/IMG_0192-1.heic,image/heic,heic,1001011,,,5eee62d967a904c9,unused,unused-7505-img-0192.heic,heic,unassigned,False,NOT_REQUIRED,FOUND,PENDING,
unused,7506,7506,,,,https://wholesalebeautyhub.co.uk/wp-content/uploads/2025/01/IMG_0181.heic,2025/01/IMG_0181.heic,image/heic,heic,1346906,,,040b515ed72e76dc,unused,unused-7506-img-0181.heic,heic,unassigned,False,NOT_REQUIRED,FOUND,PENDING,
unused,7507,7507,,,,https://wholesalebeautyhub.co.uk/wp-content/uploads/2025/01/IMG_0179.heic,2025/01/IMG_0179.heic,image/heic,heic,1585959,,,1d6163711bd7fa8c,unused,unused-7507-img-0179.heic,heic,unassigned,False,NOT_REQUIRED,FOUND,PENDING,
unused,7508,7508,,,,https://wholesalebeautyhub.co.uk/wp-content/uploads/2025/01/IMG_0174.heic,2025/01/IMG_0174.heic,image/heic,heic,1111902,,,34a59ab772d56eeb,unused,unused-7508-img-0174.heic,heic,unassigned,False,NOT_REQUIRED,FOUND,PENDING,
unused,7509,7509,,,,https://wholesalebeautyhub.co.uk/wp-content/uploads/2025/01/IMG_0178.heic,2025/01/IMG_0178.heic,image/heic,heic,1145805,,,2ac96948a3bc8bca,unused,unused-7509-img-0178.heic,heic,unassigned,False,NOT_REQUIRED,FOUND,PENDING,
unused,7510,7510,,,,https://wholesalebeautyhub.co.uk/wp-content/uploads/2025/01/IMG_0195-1.heic,2025/01/IMG_0195-1.heic,image/heic,heic,1171479,,,f9920f58fcf1b2f5,unused,unused-7510-img-0195.heic,heic,unassigned,False,NOT_REQUIRED,FOUND,PENDING,
unused,7511,7511,,,,https://wholesalebeautyhub.co.uk/wp-content/uploads/2025/01/IMG_0195-2.heic,2025/01/IMG_0195-2.heic,image/heic,heic,1171479,,,75d7112d6e07a8a3,unused,unused-7511-img-0195.heic,heic,unassigned,False,NOT_REQUIRED,FOUND,PENDING,
unused,7513,7513,,,,https://wholesalebeautyhub.co.uk/wp-content/uploads/2025/01/30ccee14-8a41-4d5d-a134-bed8cb6f53e7.jpg,2025/01/30ccee14-8a41-4d5d-a134-bed8cb6f53e7-scaled.jpg,image/jpeg,jpg,793186,1980,2560,bc98ad71052cb254,unused,unused-7513-30ccee14-8a41-4d5d-a134-bed8cb6f53e7.jpg,jpg,unassigned,False,NOT_REQUIRED,FOUND,PENDING,
unused,7518,7518,,,,https://wholesalebeautyhub.co.uk/wp-content/uploads/2025/01/60762943-59d4-47ff-ad09-3a50278321c3.jpg,2025/01/60762943-59d4-47ff-ad09-3a50278321c3.jpg,image/jpeg,jpg,1118295,2225,2029,804dc5cf5178244e,unused,unused-7518-60762943-59d4-47ff-ad09-3a50278321c3.jpg,jpg,unassigned,False,NOT_REQUIRED,FOUND,PENDING,
unused,7519,7519,,,,https://wholesalebeautyhub.co.uk/wp-content/uploads/2025/01/85cd75e8-e29e-41ad-8bb3-6b2f22286dcb.jpg,2025/01/85cd75e8-e29e-41ad-8bb3-6b2f22286dcb-scaled.jpg,image/jpeg,jpg,691580,1940,2560,c62f1c0fc31cecd0,unused,unused-7519-85cd75e8-e29e-41ad-8bb3-6b2f22286dcb.jpg,jpg,unassigned,False,NOT_REQUIRED,FOUND,PENDING,
unused,7520,7520,,,,https://wholesalebeautyhub.co.uk/wp-content/uploads/2025/01/f050ba34-e851-4a78-93db-7b637696adfe.jpg,2025/01/f050ba34-e851-4a78-93db-7b637696adfe.jpg,image/jpeg,jpg,1365600,2330,2416,1a0d518d71ea01e3,unused,unused-7520-f050ba34-e851-4a78-93db-7b637696adfe.jpg,jpg,unassigned,False,NOT_REQUIRED,FOUND,PENDING,
unused,7521,7521,,,,https://wholesalebeautyhub.co.uk/wp-content/uploads/2025/01/12443b28-35ae-4b4a-8940-8104e5765bbd.jpg,2025/01/12443b28-35ae-4b4a-8940-8104e5765bbd.jpg,image/jpeg,jpg,1568235,2264,2481,8b8906011d31301a,unused,unused-7521-12443b28-35ae-4b4a-8940-8104e5765bbd.jpg,jpg,unassigned,False,NOT_REQUIRED,FOUND,PENDING,
unused,7527,7527,,,,https://wholesalebeautyhub.co.uk/wp-content/uploads/2025/01/IMG_0197-1.heic,2025/01/IMG_0197-1.heic,image/heic,heic,830371,,,c8cd9299b54dea2e,unused,unused-7527-img-0197-1.heic,heic,unassigned,False,NOT_REQUIRED,FOUND,PENDING,
unused,7528,7528,,,,https://wholesalebeautyhub.co.uk/wp-content/uploads/2025/01/30ccee14-8a41-4d5d-a134-bed8cb6f53e7-Copy.jpg,2025/01/30ccee14-8a41-4d5d-a134-bed8cb6f53e7-Copy-scaled.jpg,image/jpeg,jpg,793186,1980,2560,eb5e8f6176a0b24b,unused,unused-7528-30ccee14-8a41-4d5d-a134-bed8cb6f53e7-copy.jpg,jpg,unassigned,False,NOT_REQUIRED,FOUND,PENDING,
unused,7530,7530,,,,https://wholesalebeautyhub.co.uk/wp-content/uploads/2025/01/a6367f1a-333c-48bb-9443-0c35df58080c.jpg,2025/01/a6367f1a-333c-48bb-9443-0c35df58080c.jpg,image/jpeg,jpg,1874312,2290,2278,01f8d53b4a370634,unused,unused-7530-a6367f1a-333c-48bb-9443-0c35df58080c.jpg,jpg,unassigned,False,NOT_REQUIRED,FOUND,PENDING,
unused,7531,7531,,,,https://wholesalebeautyhub.co.uk/wp-content/uploads/2025/01/IMG_0184-1.heic,2025/01/IMG_0184-1.heic,image/heic,heic,873698,,,0e7a174db871e2a8,unused,unused-7531-img-0184-1.heic,heic,unassigned,False,NOT_REQUIRED,FOUND,PENDING,
unused,7533,7533,,,,https://wholesalebeautyhub.co.uk/wp-content/uploads/2025/01/IMG_0229-2.png,2025/01/IMG_0229-2.png,image/png,png,2917607,3264,3264,51716ec1519c04ef,unused,unused-7533-img-0229-2.png,png,unassigned,False,NOT_REQUIRED,FOUND,PENDING,
unused,7882,7882,,,,https://wholesalebeautyhub.co.uk/wp-content/uploads/2025/02/IMG_0529.jpg,2025/02/IMG_0529.jpg,image/jpeg,jpg,453782,1175,1391,fce087c36ccce50c,unused,unused-7882-img-0529.jpg,jpg,unassigned,False,NOT_REQUIRED,FOUND,PENDING,
unused,7884,7884,,,,https://wholesalebeautyhub.co.uk/wp-content/uploads/2025/02/IMG_0531.jpg,2025/02/IMG_0531.jpg,image/jpeg,jpg,1175223,1170,1376,dcfbe90d49792c95,unused,unused-7884-img-0531.jpg,jpg,unassigned,False,NOT_REQUIRED,FOUND,PENDING,
unused,7891,7891,,,,https://wholesalebeautyhub.co.uk/wp-content/uploads/2025/02/TIAM-VitaB3MistToner200ml1-.webp,2025/02/TIAM-VitaB3MistToner200ml1-.webp,image/webp,webp,13698,550,550,99df69ccd451940e,unused,unused-7891-tiam-vitab3misttoner200ml1.webp,webp,unassigned,False,NOT_REQUIRED,FOUND,PENDING,
unused,7892,7892,,,,https://wholesalebeautyhub.co.uk/wp-content/uploads/2025/02/tiam-2.jpg,2025/02/tiam-2.jpg,image/jpeg,jpg,15513,350,350,fe4a4088bcd7fbb8,unused,unused-7892-tiam-2.jpg,jpg,unassigned,False,NOT_REQUIRED,FOUND,PENDING,
unused,7893,7893,,,,https://wholesalebeautyhub.co.uk/wp-content/uploads/2025/02/tiam.jpg,2025/02/tiam.jpg,image/jpeg,jpg,210759,407,760,e75356fe74b3a6cc,unused,unused-7893-tiam.jpg,jpg,unassigned,False,NOT_REQUIRED,FOUND,PENDING,
unused,7900,7900,,,,https://wholesalebeautyhub.co.uk/wp-content/uploads/2025/02/IMG_0540.jpg,2025/02/IMG_0540.jpg,image/jpeg,jpg,1178584,1290,1312,0972fe3d05399b8e,unused,unused-7900-img-0540.jpg,jpg,unassigned,False,NOT_REQUIRED,FOUND,PENDING,
unused,7903,7903,,,,https://wholesalebeautyhub.co.uk/wp-content/uploads/2025/02/IMG_0537.jpg,2025/02/IMG_0537.jpg,image/jpeg,jpg,1318623,1158,1359,c09aac328645b8ef,unused,unused-7903-img-0537.jpg,jpg,unassigned,False,NOT_REQUIRED,FOUND,PENDING,
unused,7904,7904,,,,https://wholesalebeautyhub.co.uk/wp-content/uploads/2025/02/IMG_0537-1.jpg,2025/02/IMG_0537-1.jpg,image/jpeg,jpg,1318623,1158,1359,5e3cd9959d6e2220,unused,unused-7904-img-0537.jpg,jpg,unassigned,False,NOT_REQUIRED,FOUND,PENDING,
unused,7905,7905,,,,https://wholesalebeautyhub.co.uk/wp-content/uploads/2025/02/IMG_0536.jpg,2025/02/IMG_0536.jpg,image/jpeg,jpg,721231,1140,1353,b2f70cc3c5e22779,unused,unused-7905-img-0536.jpg,jpg,unassigned,False,NOT_REQUIRED,FOUND,PENDING,
unused,7907,7907,,,,https://wholesalebeautyhub.co.uk/wp-content/uploads/2025/02/IMG_0532.jpg,2025/02/IMG_0532.jpg,image/jpeg,jpg,423641,1166,1381,3325958541055c5d,unused,unused-7907-img-0532.jpg,jpg,unassigned,False,NOT_REQUIRED,FOUND,PENDING,
unused,7908,7908,,,,https://wholesalebeautyhub.co.uk/wp-content/uploads/2025/02/IMG_0534.jpg,2025/02/IMG_0534.jpg,image/jpeg,jpg,1434586,1158,1371,ca9da5e2d8a02b8b,unused,unused-7908-img-0534.jpg,jpg,unassigned,False,NOT_REQUIRED,FOUND,PENDING,
unused,7910,7910,,,,https://wholesalebeautyhub.co.uk/wp-content/uploads/2025/02/IMG_0535.jpg,2025/02/IMG_0535.jpg,image/jpeg,jpg,413605,1157,1370,6c462979c2872f49,unused,unused-7910-img-0535.jpg,jpg,unassigned,False,NOT_REQUIRED,FOUND,PENDING,
unused,7914,7914,,,,https://wholesalebeautyhub.co.uk/wp-content/uploads/2025/02/secondary-Holiday-2024-hand-cream_1.webp,2025/02/secondary-Holiday-2024-hand-cream_1.webp,image/webp,webp,117460,1000,1161,c3a2ac621838a10a,unused,unused-7914-secondary-holiday-2024-hand-cream-1.webp,webp,unassigned,False,NOT_REQUIRED,FOUND,PENDING,
unused,7915,7915,,,,https://wholesalebeautyhub.co.uk/wp-content/uploads/2025/02/eos-hand-cream-Vanilla-Cashmere_c947d859-7062-49f8-832f-682693751f55.webp,2025/02/eos-hand-cream-Vanilla-Cashmere_c947d859-7062-49f8-832f-682693751f55.webp,image/webp,webp,25680,1000,1161,5feaf4044b7f146e,unused,unused-7915-eos-hand-cream-vanilla-cashmere-c947d859-7062-49f8-832f-6826.webp,webp,unassigned,False,NOT_REQUIRED,FOUND,PENDING,
unused,7918,7918,,,,https://wholesalebeautyhub.co.uk/wp-content/uploads/2025/02/secondary-Holiday-2024-hand-cream_1-1.webp,2025/02/secondary-Holiday-2024-hand-cream_1-1.webp,image/webp,webp,117460,1000,1161,8cd444034ac0ef9d,unused,unused-7918-secondary-holiday-2024-hand-cream-1.webp,webp,unassigned,False,NOT_REQUIRED,FOUND,PENDING,
unused,7921,7921,,,,https://wholesalebeautyhub.co.uk/wp-content/uploads/2025/02/file_97.webp,2025/02/file_97.webp,image/webp,webp,150198,1000,1161,454850b53d1e9603,unused,unused-7921-file-97.webp,webp,unassigned,False,NOT_REQUIRED,FOUND,PENDING,
unused,8143,8143,,,,https://wholesalebeautyhub.co.uk/wp-content/uploads/2025/02/3-7.jpeg,2025/02/3-7.jpeg,image/jpeg,jpeg,571469,1536,2304,bb84e4d5ac6b1ba3,unused,unused-8143-3-7-jpeg.jpeg,jpeg,unassigned,False,NOT_REQUIRED,FOUND,PENDING,
unused,8639,8639,,,,https://wholesalebeautyhub.co.uk/wp-content/uploads/2025/03/IMG_0968.jpeg,2025/03/IMG_0968.jpeg,image/jpeg,jpeg,464377,1290,1711,cf137a6cff07ffcd,unused,unused-8639-img-0968.jpeg,jpeg,unassigned,False,NOT_REQUIRED,FOUND,PENDING,
unused,8645,8645,,,,https://wholesalebeautyhub.co.uk/wp-content/uploads/2025/03/IMG_0979.jpeg,2025/03/IMG_0979.jpeg,image/jpeg,jpeg,651583,2000,2000,d6501053e60672c9,unused,unused-8645-img-0979.jpeg,jpeg,unassigned,False,NOT_REQUIRED,FOUND,PENDING,
unused,8654,8654,,,,https://wholesalebeautyhub.co.uk/wp-content/uploads/2025/03/IMG_0991.jpeg,2025/03/IMG_0991.jpeg,image/jpeg,jpeg,1125590,1141,1382,efa7c898523f38cf,unused,unused-8654-img-0991.jpeg,jpeg,unassigned,False,NOT_REQUIRED,FOUND,PENDING,
unused,8658,8658,,,,https://wholesalebeautyhub.co.uk/wp-content/uploads/2025/03/IMG_0995.jpeg,2025/03/IMG_0995.jpeg,image/jpeg,jpeg,718509,1158,1352,5b2b2945e1b10d01,unused,unused-8658-img-0995.jpeg,jpeg,unassigned,False,NOT_REQUIRED,FOUND,PENDING,
unused,8671,8671,,,,https://wholesalebeautyhub.co.uk/wp-content/uploads/2024/04/IMG_0614.jpeg,2024/04/IMG_0614.jpeg,image/jpeg,jpeg,280745,2500,2500,97a6c51f05f74d46,unused,unused-8671-version-1-0-0.jpeg,jpeg,unassigned,False,NOT_REQUIRED,FOUND,PENDING,
unused,8672,8672,,,,https://wholesalebeautyhub.co.uk/wp-content/uploads/2024/04/IMG_0615.jpeg,2024/04/IMG_0615.jpeg,image/jpeg,jpeg,101567,2560,2560,c6bd667445928611,unused,unused-8672-version-1-0-0.jpeg,jpeg,unassigned,False,NOT_REQUIRED,FOUND,PENDING,
unused,8673,8673,,,,https://wholesalebeautyhub.co.uk/wp-content/uploads/2024/04/IMG_0616.jpeg,2024/04/IMG_0616.jpeg,image/jpeg,jpeg,307666,2500,2500,5876c3c24a7cc392,unused,unused-8673-version-1-0-0.jpeg,jpeg,unassigned,False,NOT_REQUIRED,FOUND,PENDING,
unused,8674,8674,,,,https://wholesalebeautyhub.co.uk/wp-content/uploads/2024/04/IMG_0618.jpeg,2024/04/IMG_0618.jpeg,image/jpeg,jpeg,318306,2500,2500,1074cb4bc6f14d5e,unused,unused-8674-version-1-0-0.jpeg,jpeg,unassigned,False,NOT_REQUIRED,FOUND,PENDING,
unused,9188,9188,,,,https://wholesalebeautyhub.co.uk/wp-content/uploads/2025/04/IMG_1066.jpeg,2025/04/IMG_1066.jpeg,image/jpeg,jpeg,103628,685,1231,5437c49ba1da1792,unused,unused-9188-img-1066.jpeg,jpeg,unassigned,False,NOT_REQUIRED,FOUND,PENDING,
unused,10192,10192,,,,https://wholesalebeautyhub.co.uk/wp-content/uploads/2025/04/IMG_1458.jpeg,2025/04/IMG_1458.jpeg,image/jpeg,jpeg,25659,210,280,c1a4f25bd83ec530,unused,unused-10192-img-1458.jpeg,jpeg,unassigned,False,NOT_REQUIRED,FOUND,PENDING,
unused,10417,10417,,,,https://wholesalebeautyhub.co.uk/wp-content/uploads/2025/05/IMG_1661.jpeg,2025/05/IMG_1661.jpeg,image/jpeg,jpeg,102181,600,450,b90a719f8f9216eb,unused,unused-10417-img-1661.jpeg,jpeg,unassigned,False,NOT_REQUIRED,FOUND,PENDING,
unused,10481,10481,,,,https://wholesalebeautyhub.co.uk/wp-content/uploads/2025/05/SS_AHA_BHA_-_Tilt__47317.jpg,2025/05/SS_AHA_BHA_-_Tilt__47317.jpg,image/jpeg,jpg,28483,640,640,0aa0b7d3d44b0c7f,unused,unused-10481-ss-aha-bha-tilt-47317.jpg,jpg,unassigned,False,NOT_REQUIRED,FOUND,PENDING,
unused,10616,10616,,,,https://wholesalebeautyhub.co.uk/wp-content/uploads/2024/05/IMG_1786.jpeg,2024/05/IMG_1786.jpeg,image/jpeg,jpeg,1227189,1320,1346,6a02d812eeadd32f,unused,unused-10616-img-1786.jpeg,jpeg,unassigned,False,NOT_REQUIRED,FOUND,PENDING,
unused,10892,10892,,,,https://wholesalebeautyhub.co.uk/wp-content/uploads/2025/05/MDX31_VitaminCWash_up.webp,2025/05/MDX31_VitaminCWash_up.webp,image/webp,webp,25706,1200,1200,08867fb456a265e2,unused,unused-10892-mdx31-vitamincwash-up.webp,webp,unassigned,False,NOT_REQUIRED,FOUND,PENDING,
unused,11019,11019,,,,https://wholesalebeautyhub.co.uk/wp-content/uploads/2024/05/IMG_2105.jpeg,2024/05/IMG_2105.jpeg,image/jpeg,jpeg,65071,1200,1200,fcbf9fc8fef419a1,unused,unused-11019-img-2105.jpeg,jpeg,unassigned,False,NOT_REQUIRED,FOUND,PENDING,
unused,13303,13303,,,,https://wholesalebeautyhub.co.uk/wp-content/uploads/2025/08/WhatsApp-Image-2025-08-04-at-19.53.25-3.jpeg,2025/08/WhatsApp-Image-2025-08-04-at-19.53.25-3.jpeg,image/jpeg,jpeg,109802,1024,1280,cc65ab3ae69f4f6e,unused,unused-13303-whatsapp-image-2025-08-04-at-19-53-25-3.jpeg,jpeg,unassigned,False,NOT_REQUIRED,FOUND,PENDING,
unused,13304,13304,,,,https://wholesalebeautyhub.co.uk/wp-content/uploads/2025/08/WhatsApp-Image-2025-08-04-at-19.53.25-2.jpeg,2025/08/WhatsApp-Image-2025-08-04-at-19.53.25-2.jpeg,image/jpeg,jpeg,107178,1024,1280,8b1a3af0e7c68402,unused,unused-13304-whatsapp-image-2025-08-04-at-19-53-25-2.jpeg,jpeg,unassigned,False,NOT_REQUIRED,FOUND,PENDING,
unused,13305,13305,,,,https://wholesalebeautyhub.co.uk/wp-content/uploads/2025/08/WhatsApp-Image-2025-08-04-at-19.53.25-1.jpeg,2025/08/WhatsApp-Image-2025-08-04-at-19.53.25-1.jpeg,image/jpeg,jpeg,161476,1320,1741,c54482b0b389a266,unused,unused-13305-whatsapp-image-2025-08-04-at-19-53-25-1.jpeg,jpeg,unassigned,False,NOT_REQUIRED,FOUND,PENDING,
unused,13306,13306,,,,https://wholesalebeautyhub.co.uk/wp-content/uploads/2025/08/WhatsApp-Image-2025-08-04-at-19.53.24-1.jpeg,2025/08/WhatsApp-Image-2025-08-04-at-19.53.24-1.jpeg,image/jpeg,jpeg,162523,1320,1766,cf10a4187f9289ea,unused,unused-13306-whatsapp-image-2025-08-04-at-19-53-24-1.jpeg,jpeg,unassigned,False,NOT_REQUIRED,FOUND,PENDING,
unused,13307,13307,,,,https://wholesalebeautyhub.co.uk/wp-content/uploads/2025/08/WhatsApp-Image-2025-08-04-at-19.53.24.jpeg,2025/08/WhatsApp-Image-2025-08-04-at-19.53.24.jpeg,image/jpeg,jpeg,149887,1320,1696,dc4aa005511e28d5,unused,unused-13307-whatsapp-image-2025-08-04-at-19-53-24.jpeg,jpeg,unassigned,False,NOT_REQUIRED,FOUND,PENDING,
unused,13309,13309,,,,https://wholesalebeautyhub.co.uk/wp-content/uploads/2025/08/WhatsApp-Image-2025-08-04-at-19.53.26-2.jpeg,2025/08/WhatsApp-Image-2025-08-04-at-19.53.26-2.jpeg,image/jpeg,jpeg,173253,1320,1649,c3d1e1e8f9b8d025,unused,unused-13309-whatsapp-image-2025-08-04-at-19-53-26-2.jpeg,jpeg,unassigned,False,NOT_REQUIRED,FOUND,PENDING,
unused,13310,13310,,,,https://wholesalebeautyhub.co.uk/wp-content/uploads/2025/08/WhatsApp-Image-2025-08-04-at-19.53.26-1.jpeg,2025/08/WhatsApp-Image-2025-08-04-at-19.53.26-1.jpeg,image/jpeg,jpeg,121565,1152,2048,b5a4ccdd44333083,unused,unused-13310-whatsapp-image-2025-08-04-at-19-53-26-1.jpeg,jpeg,unassigned,False,NOT_REQUIRED,FOUND,PENDING,
unused,13311,13311,,,,https://wholesalebeautyhub.co.uk/wp-content/uploads/2025/08/WhatsApp-Image-2025-08-04-at-19.53.26.jpeg,2025/08/WhatsApp-Image-2025-08-04-at-19.53.26.jpeg,image/jpeg,jpeg,121565,1152,2048,29f730e934982071,unused,unused-13311-whatsapp-image-2025-08-04-at-19-53-26.jpeg,jpeg,unassigned,False,NOT_REQUIRED,FOUND,PENDING,
unused,13312,13312,,,,https://wholesalebeautyhub.co.uk/wp-content/uploads/2025/08/WhatsApp-Image-2025-08-04-at-19.53.25.jpeg,2025/08/WhatsApp-Image-2025-08-04-at-19.53.25.jpeg,image/jpeg,jpeg,90700,864,1080,85f3fb4c5389ca9d,unused,unused-13312-whatsapp-image-2025-08-04-at-19-53-25.jpeg,jpeg,unassigned,False,NOT_REQUIRED,FOUND,PENDING,
unused,13888,13888,,,,https://wholesalebeautyhub.co.uk/wp-content/uploads/2025/08/Olay_SI01_BrighteningExfoliatingCleanser_Product__47915.jpg,2025/08/Olay_SI01_BrighteningExfoliatingCleanser_Product__47915.jpg,image/jpeg,jpg,65607,640,640,15ffd35bf9763c8a,unused,unused-13888-olay-si01-brighteningexfoliatingcleanser-product-47915.jpg,jpg,unassigned,False,NOT_REQUIRED,FOUND,PENDING,
unused,13899,13899,,,,https://wholesalebeautyhub.co.uk/wp-content/uploads/2024/04/alt-product-50-1725059612763.webp,2024/04/alt-product-50-1725059612763.webp,image/webp,webp,18192,800,836,5d3ddafc8dd1b6b3,unused,unused-13899-alt-product-50-1725059612763.webp,webp,unassigned,False,NOT_REQUIRED,FOUND,PENDING,
unused,13930,13930,,,,https://wholesalebeautyhub.co.uk/wp-content/uploads/2025/08/214DB40E-AB50-4B3F-8B70-00E3C1F8BD67-1.webp,2025/08/214DB40E-AB50-4B3F-8B70-00E3C1F8BD67-1.webp,image/webp,webp,288664,1290,1600,33d54669ae31edee,unused,unused-13930-214db40e-ab50-4b3f-8b70-00e3c1f8bd67.webp,webp,unassigned,False,NOT_REQUIRED,FOUND,PENDING,
unused,14345,14345,,,,https://wholesalebeautyhub.co.uk/wp-content/uploads/2025/09/shopping-1.webp,2025/09/shopping-1.webp,image/webp,webp,11482,185,450,2a209dbce14dc13e,unused,unused-14345-shopping-1.webp,webp,unassigned,False,NOT_REQUIRED,FOUND,PENDING,
unused,14505,14505,,,,https://wholesalebeautyhub.co.uk/wp-content/uploads/2025/08/WhatsApp-Image-2025-09-15-at-13.26.53-1.jpeg,2025/08/WhatsApp-Image-2025-09-15-at-13.26.53-1.jpeg,image/jpeg,jpeg,96444,1024,1280,61433f7856ee5461,unused,unused-14505-whatsapp-image-2025-09-15-at-13-26-53-1.jpeg,jpeg,unassigned,False,NOT_REQUIRED,FOUND,PENDING,
unused,15744,15744,,,,https://wholesalebeautyhub.co.uk/wp-content/uploads/2025/10/WhatsApp-Video-2025-11-12-at-13.57.47.mp4,2025/10/WhatsApp-Video-2025-11-12-at-13.57.47.mp4,video/mp4,mp4,1279267,464,832,18944827af138451,unused,unused-15744-whatsapp-video-2025-11-12-at-13-57-47.mp4,mp4,unassigned,False,NOT_REQUIRED,FOUND,PENDING,
unused,15745,15745,,,,https://wholesalebeautyhub.co.uk/wp-content/uploads/2025/10/WhatsApp-Image-2025-11-12-at-13.57.45.jpeg,2025/10/WhatsApp-Image-2025-11-12-at-13.57.45.jpeg,image/jpeg,jpeg,47902,1280,1600,804690863cc40572,unused,unused-15745-whatsapp-image-2025-11-12-at-13-57-45.jpeg,jpeg,unassigned,False,NOT_REQUIRED,FOUND,PENDING,
unused,15748,15748,,,,https://wholesalebeautyhub.co.uk/wp-content/uploads/2025/10/WhatsApp-Image-2025-11-12-at-13.57.44-2-1.jpeg,2025/10/WhatsApp-Image-2025-11-12-at-13.57.44-2-1.jpeg,image/jpeg,jpeg,43322,1280,1600,a10ba1f08f0da311,unused,unused-15748-whatsapp-image-2025-11-12-at-13-57-44-2.jpeg,jpeg,unassigned,False,NOT_REQUIRED,FOUND,PENDING,
unused,15750,15750,,,,https://wholesalebeautyhub.co.uk/wp-content/uploads/2025/10/WhatsApp-Image-2025-11-12-at-13.57.44.jpeg,2025/10/WhatsApp-Image-2025-11-12-at-13.57.44.jpeg,image/jpeg,jpeg,48149,1280,1600,c249f3117baa5fae,unused,unused-15750-whatsapp-image-2025-11-12-at-13-57-44.jpeg,jpeg,unassigned,False,NOT_REQUIRED,FOUND,PENDING,
unused,16332,16332,,,,https://wholesalebeautyhub.co.uk/wp-content/uploads/2025/12/IMG_9110.webp,2025/12/IMG_9110.webp,image/webp,webp,39948,1000,1000,3410f6aa7d79b3a2,unused,unused-16332-bolden-dark-spot-fix.webp,webp,unassigned,False,NOT_REQUIRED,FOUND,PENDING,
unused,16343,16343,,,,https://wholesalebeautyhub.co.uk/wp-content/uploads/2025/12/IMG_9110-1.webp,2025/12/IMG_9110-1.webp,image/webp,webp,39948,1000,1000,ba23bdd8fd805beb,unused,unused-16343-bolden-dark-spot-fix.webp,webp,unassigned,False,NOT_REQUIRED,FOUND,PENDING,
unused,16376,16376,,,,https://wholesalebeautyhub.co.uk/wp-content/uploads/2024/07/IMG_8537.jpg,2024/07/IMG_8537.jpg,image/jpeg,jpg,147911,1080,1080,b12b5dcbf087ff62,unused,unused-16376-greetings.jpg,jpg,unassigned,False,NOT_REQUIRED,FOUND,PENDING,
unused,16440,16440,,,,https://wholesalebeautyhub.co.uk/wp-content/uploads/2025/12/IMG_9303.webp,2025/12/IMG_9303.webp,image/webp,webp,19798,1170,1153,87863dd04ed17cc0,unused,unused-16440-img-9303.webp,webp,unassigned,False,NOT_REQUIRED,FOUND,PENDING,
unused,16442,16442,,,,https://wholesalebeautyhub.co.uk/wp-content/uploads/2025/12/IMG_9304.webp,2025/12/IMG_9304.webp,image/webp,webp,22460,1170,1145,5b70142fbcef1562,unused,unused-16442-bolden-sunscreen-moisturizer.webp,webp,unassigned,False,NOT_REQUIRED,FOUND,PENDING,
unused,16444,16444,,,,https://wholesalebeautyhub.co.uk/wp-content/uploads/2025/12/IMG_9305.webp,2025/12/IMG_9305.webp,image/webp,webp,12166,1170,1155,76b0fee8cf1fed52,unused,unused-16444-bolden-brightening-toner.webp,webp,unassigned,False,NOT_REQUIRED,FOUND,PENDING,
unused,16454,16454,,,,https://wholesalebeautyhub.co.uk/wp-content/uploads/2025/12/IMG_9309.webp,2025/12/IMG_9309.webp,image/webp,webp,21402,929,820,86d1d440b56421c2,unused,unused-16454-img-9309.webp,webp,unassigned,False,NOT_REQUIRED,FOUND,PENDING,
unused,16458,16458,,,,https://wholesalebeautyhub.co.uk/wp-content/uploads/2025/12/IMG_9311.jpeg,2025/12/IMG_9311.webp,image/jpeg,webp,30744,857,873,ce5d19236fa0084c,unused,unused-16458-hegai-esther-flash-pan-highlighter-palette.webp,webp,unassigned,False,NOT_REQUIRED,FOUND,PENDING,
unused,16459,16459,,,,https://wholesalebeautyhub.co.uk/wp-content/uploads/2025/12/IMG_9310.webp,2025/12/IMG_9310.webp,image/webp,webp,39206,915,828,558f61efb369d96f,unused,unused-16459-img-9310.webp,webp,unassigned,False,NOT_REQUIRED,FOUND,PENDING,
unused,16488,16488,,,,https://wholesalebeautyhub.co.uk/wp-content/uploads/2025/12/eos-Travel-Body-Lotion-Vanilla-Cashmere.webp,2025/12/eos-Travel-Body-Lotion-Vanilla-Cashmere.webp,image/webp,webp,17206,900,1045,4f51c9b1aa67792d,unused,unused-16488-eos-travel-body-lotion-vanilla-cashmere.webp,webp,unassigned,False,NOT_REQUIRED,FOUND,PENDING,
unused,16554,16554,,,,https://wholesalebeautyhub.co.uk/wp-content/uploads/2025/12/A6074514-9205-4248-8702-33DB898A3810.webp,2025/12/A6074514-9205-4248-8702-33DB898A3810.webp,image/webp,webp,40836,1920,1920,dc85085327a46f90,unused,unused-16554-eyebrow-definer.webp,webp,unassigned,False,NOT_REQUIRED,FOUND,PENDING,
unused,16824,16824,,,,https://wholesalebeautyhub.co.uk/wp-content/uploads/2025/12/IMG_9509.webp,2025/12/IMG_9509.webp,image/webp,webp,25888,1023,1023,bba43ea6986aff09,unused,unused-16824-eucerin-baby-eczema-relief-cream-body-wash.webp,webp,unassigned,False,NOT_REQUIRED,FOUND,PENDING,
unused,17495,17495,,,,https://wholesalebeautyhub.co.uk/wp-content/uploads/2026/01/IMG_0912.jpeg,2026/01/IMG_0912-scaled.jpeg,image/jpeg,jpeg,328477,2560,2560,834e0de8c336ca4c,unused,unused-17495-neutrogena-oil-free-acne-wash-pink-grapefruit-foaming-scrub.jpeg,jpeg,unassigned,False,NOT_REQUIRED,FOUND,PENDING,
unused,17666,17666,,,,https://wholesalebeautyhub.co.uk/wp-content/uploads/2026/01/IMG_1091.webp,2026/01/IMG_1091.webp,image/webp,webp,32200,1200,1440,5d94781d7ef827fa,unused,unused-17666-sun-bum.webp,webp,unassigned,False,NOT_REQUIRED,FOUND,PENDING,
unused,18251,18251,,,,https://wholesalebeautyhub.co.uk/wp-content/uploads/2026/02/blue-striped-shoes-1.jpeg,2026/02/blue-striped-shoes-1.jpeg,image/jpeg,jpeg,46558,1024,1024,90e17650e2887ba0,unused,unused-18251-stylish-white-and-blue-sneakers.jpeg,jpeg,unassigned,False,NOT_REQUIRED,FOUND,PENDING,
unused,18252,18252,,,,https://wholesalebeautyhub.co.uk/wp-content/uploads/2026/02/blue-striped-shoes-1-1.jpeg,2026/02/blue-striped-shoes-1-1.jpeg,image/jpeg,jpeg,46558,1024,1024,5ae397c20eafe931,unused,unused-18252-stripe-1.jpeg,jpeg,unassigned,False,NOT_REQUIRED,FOUND,PENDING,
unused,18253,18253,,,,https://wholesalebeautyhub.co.uk/wp-content/uploads/2026/02/blue-striped-shoes-2.jpeg,2026/02/blue-striped-shoes-2.jpeg,image/jpeg,jpeg,47124,1024,1024,e94f60dbcec05dd2,unused,unused-18253-stripe-2.jpeg,jpeg,unassigned,False,NOT_REQUIRED,FOUND,PENDING,
unused,18254,18254,,,,https://wholesalebeautyhub.co.uk/wp-content/uploads/2026/02/blue-striped-shoes-3.jpeg,2026/02/blue-striped-shoes-3.jpeg,image/jpeg,jpeg,48298,1024,1024,2d422e9ecd30491c,unused,unused-18254-stripe-3.jpeg,jpeg,unassigned,False,NOT_REQUIRED,FOUND,PENDING,
unused,18255,18255,,,,https://wholesalebeautyhub.co.uk/wp-content/uploads/2026/02/blue-striped-shoes-4.jpeg,2026/02/blue-striped-shoes-4.jpeg,image/jpeg,jpeg,47861,1024,1024,64f36f8ec9737feb,unused,unused-18255-stripe-4.jpeg,jpeg,unassigned,False,NOT_REQUIRED,FOUND,PENDING,
unused,18256,18256,,,,https://wholesalebeautyhub.co.uk/wp-content/uploads/2026/02/blue-striped-shoes-5.jpeg,2026/02/blue-striped-shoes-5.jpeg,image/jpeg,jpeg,46462,1024,1024,a823505381aa903e,unused,unused-18256-stripe-5.jpeg,jpeg,unassigned,False,NOT_REQUIRED,FOUND,PENDING,
unused,18257,18257,,,,https://wholesalebeautyhub.co.uk/wp-content/uploads/2026/02/blue-striped-shoes-6.jpeg,2026/02/blue-striped-shoes-6.jpeg,image/jpeg,jpeg,46033,1024,1024,345f54cb9d0ca586,unused,unused-18257-stripe-6.jpeg,jpeg,unassigned,False,NOT_REQUIRED,FOUND,PENDING,
unused,18259,18259,,,,https://wholesalebeautyhub.co.uk/wp-content/uploads/2026/02/green-yellow-striped-sneakers-1.jpeg,2026/02/green-yellow-striped-sneakers-1.jpeg,image/jpeg,jpeg,52414,1024,1024,39e27013509e815f,unused,unused-18259-air-max-essential.jpeg,jpeg,unassigned,False,NOT_REQUIRED,FOUND,PENDING,
unused,18260,18260,,,,https://wholesalebeautyhub.co.uk/wp-content/uploads/2026/02/green-yellow-striped-sneakers-1-1.jpeg,2026/02/green-yellow-striped-sneakers-1-1.jpeg,image/jpeg,jpeg,52414,1024,1024,de161cc9aaab8591,unused,unused-18260-stripe-1.jpeg,jpeg,unassigned,False,NOT_REQUIRED,FOUND,PENDING,
unused,18261,18261,,,,https://wholesalebeautyhub.co.uk/wp-content/uploads/2026/02/green-yellow-striped-sneakers-2.jpeg,2026/02/green-yellow-striped-sneakers-2.jpeg,image/jpeg,jpeg,52989,1024,1024,414a82ed53b986e4,unused,unused-18261-stripe-2.jpeg,jpeg,unassigned,False,NOT_REQUIRED,FOUND,PENDING,
unused,18262,18262,,,,https://wholesalebeautyhub.co.uk/wp-content/uploads/2026/02/green-yellow-striped-sneakers-3.jpeg,2026/02/green-yellow-striped-sneakers-3.jpeg,image/jpeg,jpeg,49041,1024,1024,bc92b84b515fe5a2,unused,unused-18262-stripe-3.jpeg,jpeg,unassigned,False,NOT_REQUIRED,FOUND,PENDING,
unused,18263,18263,,,,https://wholesalebeautyhub.co.uk/wp-content/uploads/2026/02/green-yellow-striped-sneakers-4.jpeg,2026/02/green-yellow-striped-sneakers-4.jpeg,image/jpeg,jpeg,56697,1024,1024,ffcc65ef4922e56f,unused,unused-18263-stripe-4.jpeg,jpeg,unassigned,False,NOT_REQUIRED,FOUND,PENDING,
unused,18265,18265,,,,https://wholesalebeautyhub.co.uk/wp-content/uploads/2026/02/modern-black-white-shoes-1.jpeg,2026/02/modern-black-white-shoes-1.jpeg,image/jpeg,jpeg,43020,1024,1024,7b4562a8fb735dcd,unused,unused-18265-stylish-white-and-black-sneakers.jpeg,jpeg,unassigned,False,NOT_REQUIRED,FOUND,PENDING,
unused,18266,18266,,,,https://wholesalebeautyhub.co.uk/wp-content/uploads/2026/02/modern-black-white-shoes-1-1.jpeg,2026/02/modern-black-white-shoes-1-1.jpeg,image/jpeg,jpeg,43020,1024,1024,893a682c9f1e0249,unused,unused-18266-classy.jpeg,jpeg,unassigned,False,NOT_REQUIRED,FOUND,PENDING,
unused,18268,18268,,,,https://wholesalebeautyhub.co.uk/wp-content/uploads/2026/02/modern-black-white-shoes-3.jpeg,2026/02/modern-black-white-shoes-3.jpeg,image/jpeg,jpeg,47063,1024,1024,39ee3186bc357fcc,unused,unused-18268-modern.jpeg,jpeg,unassigned,False,NOT_REQUIRED,FOUND,PENDING,
unused,18315,18315,,,,https://wholesalebeautyhub.co.uk/wp-content/uploads/2026/02/white-navy-athletic-shoe-3.jpeg,2026/02/white-navy-athletic-shoe-3.jpeg,image/jpeg,jpeg,63341,1024,1024,8b3628da0a3f681b,unused,unused-18315-version-3.jpeg,jpeg,unassigned,False,NOT_REQUIRED,FOUND,PENDING,
unused,18316,18316,,,,https://wholesalebeautyhub.co.uk/wp-content/uploads/2026/02/white-navy-athletic-shoe-4.jpeg,2026/02/white-navy-athletic-shoe-4.jpeg,image/jpeg,jpeg,62574,1024,1024,5af4179159611970,unused,unused-18316-version-4.jpeg,jpeg,unassigned,False,NOT_REQUIRED,FOUND,PENDING,
unused,18394,18394,,,,https://wholesalebeautyhub.co.uk/wp-content/uploads/2026/02/Naturium-The-Perfector-Salicylic-Acid-Body-Wash-500Ml.webp,2026/02/Naturium-The-Perfector-Salicylic-Acid-Body-Wash-500Ml.webp,image/webp,webp,39390,2000,2000,0994c0b2f564c768,unused,unused-18394-naturium-the-perfector-salicylic-acid-body-wash-500ml.webp,webp,unassigned,False,NOT_REQUIRED,FOUND,PENDING,
unused,18484,18484,,,,https://wholesalebeautyhub.co.uk/wp-content/uploads/2026/02/IMG_1954.jpeg,2026/02/IMG_1954.jpeg,image/jpeg,jpeg,78049,692,938,5c7a21d5a30c5788,unused,unused-18484-screenshot.jpeg,jpeg,unassigned,False,NOT_REQUIRED,FOUND,PENDING,
unused,18629,18629,,,,https://wholesalebeautyhub.co.uk/wp-content/uploads/2026/02/IMG_1903.jpeg,2026/02/IMG_1903.jpeg,image/jpeg,jpeg,41728,800,800,95d0fdb81a560781,unused,unused-18629-tiam-vita-b3-mist-toner.jpeg,jpeg,unassigned,False,NOT_REQUIRED,FOUND,PENDING,
unused,18633,18633,,,,https://wholesalebeautyhub.co.uk/wp-content/uploads/2026/02/IMG_1903-1.jpeg,2026/02/IMG_1903-1.jpeg,image/jpeg,jpeg,41728,800,800,b0174322615254a3,unused,unused-18633-tiam-vita-b3-mist-toner.jpeg,jpeg,unassigned,False,NOT_REQUIRED,FOUND,PENDING,
unused,18646,18646,,,,https://wholesalebeautyhub.co.uk/wp-content/uploads/2026/02/IMG_1944.webp,2026/02/IMG_1944.webp,image/webp,webp,38658,300,300,ca017037999b7e9d,unused,unused-18646-dr-althea-63-vitamin-c-boosting-serum.webp,webp,unassigned,False,NOT_REQUIRED,FOUND,PENDING,
unused,18647,18647,,,,https://wholesalebeautyhub.co.uk/wp-content/uploads/2026/02/IMG_1945.webp,2026/02/IMG_1945.webp,image/webp,webp,13092,300,300,831c29a74429f053,unused,unused-18647-img-1945.webp,webp,unassigned,False,NOT_REQUIRED,FOUND,PENDING,
unused,18674,18674,,,,https://wholesalebeautyhub.co.uk/wp-content/uploads/2026/02/images.jpg,2026/02/images.jpg,image/jpeg,jpg,2884,290,174,b4a5e47027c3c936,unused,unused-18674-images.jpg,jpg,unassigned,False,NOT_REQUIRED,FOUND,PENDING,
unused,18737,18737,,,,https://wholesalebeautyhub.co.uk/wp-content/uploads/2026/02/IMG_2816.jpeg,2026/02/IMG_2816.jpeg,image/jpeg,jpeg,45120,900,1125,8e4b3538dcf5d4fe,unused,unused-18737-img-2816.jpeg,jpeg,unassigned,False,NOT_REQUIRED,FOUND,PENDING,
unused,18839,18839,,,,https://wholesalebeautyhub.co.uk/wp-content/uploads/2026/02/IMG_3058.webp,2026/02/IMG_3058.webp,image/webp,webp,64750,900,1009,152a2e2515464293,unused,unused-18839-img-3058.webp,webp,unassigned,False,NOT_REQUIRED,FOUND,PENDING,
unused,18840,18840,,,,https://wholesalebeautyhub.co.uk/wp-content/uploads/2026/02/IMG_3059.jpeg,2026/02/IMG_3059.jpeg,image/jpeg,jpeg,165450,900,1009,2fbd3eecc591eb0f,unused,unused-18840-img-3059.jpeg,jpeg,unassigned,False,NOT_REQUIRED,FOUND,PENDING,
unused,18841,18841,,,,https://wholesalebeautyhub.co.uk/wp-content/uploads/2026/02/IMG_3060.webp,2026/02/IMG_3060.webp,image/webp,webp,58592,900,1009,73106091e7990969,unused,unused-18841-img-3060.webp,webp,unassigned,False,NOT_REQUIRED,FOUND,PENDING,
unused,18842,18842,,,,https://wholesalebeautyhub.co.uk/wp-content/uploads/2026/02/IMG_3061.jpeg,2026/02/IMG_3061.jpeg,image/jpeg,jpeg,97042,900,1009,8e8f6d3ba2d8ad18,unused,unused-18842-img-3061.jpeg,jpeg,unassigned,False,NOT_REQUIRED,FOUND,PENDING,
unused,19564,19564,,,,https://wholesalebeautyhub.co.uk/wp-content/uploads/2025/12/0e72e18b-9ce1-44c4-9b65-7aa16e31a436.jpeg,2025/12/0e72e18b-9ce1-44c4-9b65-7aa16e31a436.jpeg,image/jpeg,jpeg,548141,1152,2048,5e07601a92ba0072,unused,unused-19564-0e72e18b-9ce1-44c4-9b65-7aa16e31a436.jpeg,jpeg,unassigned,False,NOT_REQUIRED,FOUND,PENDING,
unused,19565,19565,,,,https://wholesalebeautyhub.co.uk/wp-content/uploads/2025/12/ed7a4b82-8d9b-4240-97be-62effcbf3217.jpeg,2025/12/ed7a4b82-8d9b-4240-97be-62effcbf3217.jpeg,image/jpeg,jpeg,473141,1152,2048,6bb939eccc8a3ac4,unused,unused-19565-ed7a4b82-8d9b-4240-97be-62effcbf3217.jpeg,jpeg,unassigned,False,NOT_REQUIRED,FOUND,PENDING,
unused,19728,19728,,,,https://wholesalebeautyhub.co.uk/wp-content/uploads/2026/03/IMG_9887.png,2026/03/IMG_9887.png,image/png,png,1831791,1024,1536,20f7ffdc3ea170a2,unused,unused-19728-img-9887.png,png,unassigned,False,NOT_REQUIRED,FOUND,PENDING,
unused,19729,19729,,,,https://wholesalebeautyhub.co.uk/wp-content/uploads/2026/03/IMG_9891.png,2026/03/IMG_9891.png,image/png,png,2229305,1024,1536,0f69e4e5a3fd10da,unused,unused-19729-img-9891.png,png,unassigned,False,NOT_REQUIRED,FOUND,PENDING,
unused,19730,19730,,,,https://wholesalebeautyhub.co.uk/wp-content/uploads/2026/03/IMG_9891-1.png,2026/03/IMG_9891-1.png,image/png,png,2229305,1024,1536,c70ce7633d4c68a5,unused,unused-19730-img-9891.png,png,unassigned,False,NOT_REQUIRED,FOUND,PENDING,
unused,19734,19734,,,,https://wholesalebeautyhub.co.uk/wp-content/uploads/2026/03/IMG_9889.png,2026/03/IMG_9889.png,image/png,png,1968977,1024,1536,14e6d269de2065aa,unused,unused-19734-img-9889.png,png,unassigned,False,NOT_REQUIRED,FOUND,PENDING,
unused,20565,20565,,,,https://wholesalebeautyhub.co.uk/wp-content/uploads/2026/04/IMG_5535.jpeg,2026/04/IMG_5535.jpeg,image/jpeg,jpeg,1045870,1170,1309,2c096efe696ba7a8,unused,unused-20565-img-5535.jpeg,jpeg,unassigned,False,NOT_REQUIRED,FOUND,PENDING,
unused,20610,20610,,,,https://wholesalebeautyhub.co.uk/wp-content/uploads/2026/04/IMG_5545.webp,2026/04/IMG_5545.webp,image/webp,webp,17190,990,990,9f8f1667220d3cf0,unused,unused-20610-img-5545.webp,webp,unassigned,False,NOT_REQUIRED,FOUND,PENDING,
unused,20612,20612,,,,https://wholesalebeautyhub.co.uk/wp-content/uploads/2026/04/IMG_5546-1.webp,2026/04/IMG_5546-1.webp,image/webp,webp,17190,990,990,c5fea704a149b52b,unused,unused-20612-img-5546.webp,webp,unassigned,False,NOT_REQUIRED,FOUND,PENDING,
unused,20613,20613,,,,https://wholesalebeautyhub.co.uk/wp-content/uploads/2026/04/IMG_5547-1.webp,2026/04/IMG_5547-1.webp,image/webp,webp,22468,990,990,1cda7213e9354959,unused,unused-20613-img-5547.webp,webp,unassigned,False,NOT_REQUIRED,FOUND,PENDING,
unused,20645,20645,,,,https://wholesalebeautyhub.co.uk/wp-content/uploads/2026/04/WhatsApp-Image-2026-04-22-at-15.25.15-2.jpeg,2026/04/WhatsApp-Image-2026-04-22-at-15.25.15-2.jpeg,image/jpeg,jpeg,52244,1320,1650,c2c76bfaef079047,unused,unused-20645-whatsapp-image-2026-04-22-at-15-25-15.jpeg,jpeg,unassigned,False,NOT_REQUIRED,FOUND,PENDING,
unused,20772,20772,,,,https://wholesalebeautyhub.co.uk/wp-content/uploads/2026/04/IMG_5784.webp,2026/04/IMG_5784.webp,image/webp,webp,12180,1022,1022,7700e98a6b2bb10e,unused,unused-20772-img-5784.webp,webp,unassigned,False,NOT_REQUIRED,FOUND,PENDING,
unused,21861,21861,,,,https://wholesalebeautyhub.co.uk/wp-content/uploads/2026/05/IMG_7204.jpeg,2026/05/IMG_7204.jpeg,image/jpeg,jpeg,158920,321,760,ed7fc809cd2cf86b,unused,unused-21861-img-7204.jpeg,jpeg,unassigned,False,NOT_REQUIRED,FOUND,PENDING,
unused,21864,21864,,,,https://wholesalebeautyhub.co.uk/wp-content/uploads/2026/05/IMG_7205.webp,2026/05/IMG_7205.webp,image/webp,webp,27422,1024,1024,4ef7da96d97a547f,unused,unused-21864-img-7205.webp,webp,unassigned,False,NOT_REQUIRED,FOUND,PENDING,
unused,21865,21865,,,,https://wholesalebeautyhub.co.uk/wp-content/uploads/2026/05/IMG_7206.webp,2026/05/IMG_7206.webp,image/webp,webp,71862,1024,1024,4acab7b400395f05,unused,unused-21865-img-7206.webp,webp,unassigned,False,NOT_REQUIRED,FOUND,PENDING,
unused,21866,21866,,,,https://wholesalebeautyhub.co.uk/wp-content/uploads/2026/05/IMG_7207.webp,2026/05/IMG_7207.webp,image/webp,webp,48572,1024,1024,6a63c3f91a64c551,unused,unused-21866-img-7207.webp,webp,unassigned,False,NOT_REQUIRED,FOUND,PENDING,
unused,21927,21927,,,,https://wholesalebeautyhub.co.uk/wp-content/uploads/2026/05/New-Beauty-Bestselle.png,2026/05/New-Beauty-Bestselle-scaled.png,image/png,png,3513712,1429,2560,ba10d6afb7d794e8,unused,unused-21927-new-beauty-bestselle.png,png,unassigned,False,NOT_REQUIRED,FOUND,PENDING,
unused,21928,21928,,,,https://wholesalebeautyhub.co.uk/wp-content/uploads/2026/05/New-Beauty-Bestselle-1.png,2026/05/New-Beauty-Bestselle-1-scaled.png,image/png,png,3513712,1429,2560,130f61324b614540,unused,unused-21928-new-beauty-bestselle.png,png,unassigned,False,NOT_REQUIRED,FOUND,PENDING,
unused,21929,21929,,,,https://wholesalebeautyhub.co.uk/wp-content/uploads/2026/05/Beauty-Product-Offer.png,2026/05/Beauty-Product-Offer-scaled.png,image/png,png,3516471,2560,1429,a7a580bd1e6af80d,unused,unused-21929-beauty-product-offer.png,png,unassigned,False,NOT_REQUIRED,FOUND,PENDING,
unused,21930,21930,,,,https://wholesalebeautyhub.co.uk/wp-content/uploads/2026/05/Wbh-Logo.jpeg,2026/05/Wbh-Logo.jpeg,image/jpeg,jpeg,313824,1080,1080,4d9f3d282eb8c1f5,unused,unused-21930-wbh-logo.jpeg,jpeg,unassigned,False,NOT_REQUIRED,FOUND,PENDING,
unused,21931,21931,,,,https://wholesalebeautyhub.co.uk/wp-content/uploads/2026/05/New-Beauty-Bestselle-2.png,2026/05/New-Beauty-Bestselle-2-scaled.png,image/png,png,3513712,1429,2560,9a18c30289d4f544,unused,unused-21931-new-beauty-bestselle.png,png,unassigned,False,NOT_REQUIRED,FOUND,PENDING,
unused,21932,21932,,,,https://wholesalebeautyhub.co.uk/wp-content/uploads/2026/05/New-Beauty-Bestselle-3.png,2026/05/New-Beauty-Bestselle-3-scaled.png,image/png,png,3513712,1429,2560,fee2387faa238078,unused,unused-21932-new-beauty-bestselle.png,png,unassigned,False,NOT_REQUIRED,FOUND,PENDING,
unused,21974,21974,,,,https://wholesalebeautyhub.co.uk/wp-content/uploads/2026/05/IMG_7403.jpeg,2026/05/IMG_7403.jpeg,image/jpeg,jpeg,37324,1000,1000,f1999bc20fa9bc85,unused,unused-21974-img-7403.jpeg,jpeg,unassigned,False,NOT_REQUIRED,FOUND,PENDING,
unused,23522,23522,,,,https://wholesalebeautyhub.co.uk/wp-content/uploads/2026/06/Baobab-Glow-C-Serum-Vitamin-C-30ml-_-Uncoverskincare-–-Uncover-Skincare.html,2026/06/Baobab-Glow-C-Serum-Vitamin-C-30ml-_-Uncoverskincare-–-Uncover-Skincare.html,text/html,html,4632618,,,a0abcbec3d330fb9,unused,unused-23522-baobab-glow-c-serum-vitamin-c-30ml-uncoverskincare-uncover-s.html,html,unassigned,False,NOT_REQUIRED,FOUND,PENDING,
unused,25093,25093,,,,https://wholesalebeautyhub.co.uk/wp-content/uploads/2026/07/White-Minimalist-Product-Instagram-Post.png,2026/07/White-Minimalist-Product-Instagram-Post.png,image/png,png,607342,1080,1350,7b0a8d24e2f52627,unused,unused-25093-white-minimalist-product-instagram-post.png,png,unassigned,False,NOT_REQUIRED,FOUND,PENDING,
unused,25096,25096,,,,https://wholesalebeautyhub.co.uk/wp-content/uploads/2026/07/Blue-and-White-Minimalist-New-Product-Skincare-Facebook-Post.png,2026/07/Blue-and-White-Minimalist-New-Product-Skincare-Facebook-Post.png,image/png,png,408069,1080,1440,159325def5d98d48,unused,unused-25096-blue-and-white-minimalist-new-product-skincare-facebook-post.png,png,unassigned,False,NOT_REQUIRED,FOUND,PENDING,
unused,25199,25199,,,,https://wholesalebeautyhub.co.uk/wp-content/uploads/2026/07/Linq-logo-1.jpeg,2026/07/Linq-logo-1.jpeg,image/jpeg,jpeg,167647,1280,1600,75af119595a37b70,unused,unused-25199-linq-logo-1.jpeg,jpeg,unassigned,False,NOT_REQUIRED,FOUND,PENDING,
unused,25200,25200,,,,https://wholesalebeautyhub.co.uk/wp-content/uploads/2026/07/linq-logo.png,2026/07/linq-logo-scaled.png,image/png,png,73501,2560,971,d46645d1e548a71d,unused,unused-25200-linq-logo.png,png,unassigned,False,NOT_REQUIRED,FOUND,PENDING,
unused,25201,25201,,,,https://wholesalebeautyhub.co.uk/wp-content/uploads/2026/07/Wbh-Logo.jpeg,2026/07/Wbh-Logo.jpeg,image/jpeg,jpeg,313824,1080,1080,4d9f3d282eb8c1f5,unused,unused-25201-wbh-logo.jpeg,jpeg,unassigned,False,NOT_REQUIRED,FOUND,PENDING,
unused,25202,25202,,,,https://wholesalebeautyhub.co.uk/wp-content/uploads/2026/07/app-store_google-play.jpg,2026/07/app-store_google-play.jpg,image/jpeg,jpg,31776,577,577,375da0ecb5b0ed8e,unused,unused-25202-app-store-google-play.jpg,jpg,unassigned,False,NOT_REQUIRED,FOUND,PENDING,
unused,25203,25203,,,,https://wholesalebeautyhub.co.uk/wp-content/uploads/2026/07/Flyer.jpeg.jpeg,2026/07/Flyer.jpeg.jpeg,image/jpeg,jpeg,184438,904,1280,332eee492bbe68b3,unused,unused-25203-flyer-jpeg.jpeg,jpeg,unassigned,False,NOT_REQUIRED,FOUND,PENDING,
