product_id,variation_id,term_id,attachment_id,usage_type,target_filename
365,,,933,product_featured,product-933-razor-blade.webp
362,,,384,product_featured,product-384-luzta-eye-shadow-bougie-palette.jpg
359,,,386,product_featured,product-386-mabrook-brow-pencil.png
357,,,388,product_featured,product-388-becharm-clown-white.jpg
356,,,389,product_featured,product-389-beauty-line-by-didi-mascare-shield.webp
355,,,390,product_featured,product-390-beauty-line-by-didi-sharpner.jpg
354,,,391,product_featured,product-391-beauty-line-by-didi-ultra-matte-brow-gel.jpg
352,,,393,product_featured,product-393-beauty-line-by-didi-liquid-pen-eyeliner.jpg
351,,,394,product_featured,product-394-beauty-line-by-didi-inked-liquid-liner.webp
349,,,397,product_featured,product-397-beauty-line-by-didi-brow-gasm-eye-brow-pencil.webp
18,,,412,product_featured,product-412-vee-beauty-total-coverage-foundation.jpg
18,,,413,product_gallery,product-413-vee-beauty-total-coverage-foundation-02.jpg
18,,,5960,product_gallery,product-5960-vee-beauty-total-coverage-foundation-03.jpeg
341,,,418,product_featured,product-418-viccabel-deluxe-pro-brush-set.jpg
338,,,426,product_featured,product-426-yglam-eye-essential-brush.jpg
337,,,427,product_featured,product-427-yglam-grey-face-expert-brushes.jpg
336,,,428,product_featured,product-428-yglam-beauty-blender.jpg
335,,,18508,product_featured,product-18508-neutrogena-body-oil-fragrance-free.jpg
334,,,430,product_featured,product-430-dr-jart-vitamin-c-face-mask.webp
333,,,431,product_featured,product-431-dr-jart-hyaluronic-face-mask.webp
332,,,432,product_featured,product-432-the-ordinary-retinol-serum-30ml.jpg
331,,,3866,product_featured,product-3866-the-ordinary-lactic-acid.jpg
331,,,3866,product_featured,product-3866-the-ordinary-lactic-acid-02.jpg
65,,,438,product_featured,product-438-hegai-esther-matte-liquid-lipstick.jpg
62,,,459,product_featured,product-459-hegai-esther-eyebrow-definer.jpeg
61,,,467,product_featured,product-467-nuban-beauty-in-my-skin-foundation.webp
19,,,436,product_featured,product-436-vee-beauty-thirsty-lip-gloss.jpeg
19,,,484,product_gallery,product-484-vee-beauty-thirsty-lip-gloss-02.jpeg
17,,,485,product_featured,product-485-vee-beauty-second-skin-foundation.jpg
17,,,5961,product_gallery,product-5961-vee-beauty-second-skin-foundation-02.jpeg
17,,,5962,product_gallery,product-5962-vee-beauty-second-skin-foundation-03.jpeg
60,,,486,product_featured,product-486-nuban-beauty-in-my-skin-concealer.webp
20,,,517,product_featured,product-517-vee-beauty-magic-cover-concealer.jpg
20,,,522,product_gallery,product-522-vee-beauty-magic-cover-concealer-02.jpg
55,,,555,product_featured,product-555-nuban-beauty-d-glow-loose-highlighter.webp
54,,,556,product_featured,product-556-nuban-beauty-finishing-powder.webp
329,,,13894,product_featured,product-13894-the-ordinary-alpha-arbutin-30ml.webp
327,,,582,product_featured,product-582-the-ordinary-caffine-solution-30ml.jpg
53,,,578,product_featured,product-578-nuban-beauty-oil-control-setting-powder.webp
52,,,1953,product_featured,product-1953-yanga-beauty-smooth-match-concealer.webp
52,,,1953,product_featured,product-1953-yanga-beauty-smooth-match-concealer-02.webp
51,,,1831,product_featured,product-1831-yanga-beauty-blurfect-loose-powder.jpg
51,,,1831,product_featured,product-1831-yanga-beauty-blurfect-loose-powder-02.jpg
50,,,616,product_featured,product-616-merak-cosmetics-pencil-liner.jpg
49,,,623,product_featured,product-623-merak-cosmetics-setting-powder.jpg
35,,,760,product_featured,product-760-beauty-by-ad-lip-stain.jpg
34,,,762,product_featured,product-762-beauty-by-ad-lip-gloss.jpg
28,,,846,product_featured,product-846-tm-essential-bronzed-by-tm.jpg
25,,,917,product_featured,product-917-sylvimak-oil-free-foundation.jpg
25,,,5958,product_gallery,product-5958-sylvimak-oil-free-foundation-02.jpeg
24,,,919,product_featured,product-919-tehila-single-compact-blush.jpg
24,,,920,product_gallery,product-920-tehila-single-compact-blush-02.jpg
23,,,921,product_featured,product-921-tehila-blush-highlighter-palatte.jpg
22,,,928,product_featured,product-928-tehila-rosy-cheek-blush-palette.jpg
324,,,932,product_featured,product-932-some-by-mi-miracle-serum-50ml.webp
323,,,957,product_featured,product-957-some-by-mi-miracle-cream.webp
322,,,960,product_featured,product-960-some-by-mi-miracle-acne-clear-body-cleanser.webp
321,,,970,product_featured,product-970-heimish-all-clean-balm.jpg
320,,,992,product_featured,product-992-heimish-marine-care-face-oil.jpg
319,,,1031,product_featured,product-1031-e45-lotion.png
318,,,1032,product_featured,product-1032-e45-cream.jpeg
317,,,1042,product_featured,product-1042-timeless-vitamin-c-serum-20.jpg
316,,,1043,product_featured,product-1043-hadalabo-premium-blue-170ml.jpg
315,,,1044,product_featured,product-1044-hadalabo-premium-gold-170ml.jpg
307,,,1062,product_featured,product-1062-koji-san-135g-2in1-soap.jpg
120,,,1061,product_featured,product-1061-dammel-browmate-brow-tamer.jpg
120,,,1063,product_gallery,product-1063-dammel-browmate-brow-tamer-02.jpg
118,,,1070,product_featured,product-1070-luzta-eye-shadow.jpg
306,,,1071,product_featured,product-1071-koji-san-soap-135g.jpg
117,,,1075,product_featured,product-1075-paula-beauty-purple-eye-pencil.webp
117,,,1074,product_gallery,product-1074-paula-beauty-purple-eye-pencil-02.jpg
303,,,1086,product_featured,product-1086-koji-san-soap-100g-3in1.webp
298,,,1100,product_featured,product-1100-blackgirl-sunscreen-kids-spray.webp
297,,,1101,product_featured,product-1101-blackgirl-sunscreen-kids.jpg
296,,,1102,product_featured,product-1102-blackgirl-sunscreen-make-it-glow-spray.webp
295,,,1103,product_featured,product-1103-blackgirl-sunscreen-spf-30.webp
294,,,1104,product_featured,product-1104-beauty-of-joseon-glow-deep-serum-30ml.jpg
293,,,1105,product_featured,product-1105-beauty-of-joseon-radiance-cleansing-balm-100ml.jpg
292,,,1106,product_featured,product-1106-beauty-of-joseon-sunscreen-50ml.jpg
113,,,1107,product_featured,product-1107-classic-makeup-lip-gloss-clear.jpg
112,,,1111,product_featured,product-1111-becharm-ageless-skin-booster-concealer-palette.jpg
109,,,1129,product_featured,product-1129-yglam-beauty-pigment.jpg
108,,,1133,product_featured,product-1133-wynkkk-beauty-16-in-1-lashes.jpg
107,,,1136,product_featured,product-1136-wynkkk-beauty-10-in-1-lashes.jpg
107,,,3996,product_gallery,product-3996-wynkkk-beauty-10-in-1-lashes-02.jpeg
106,,,4008,product_featured,product-4008-wynkkk-beauty-20-in-1-lashes.jpeg
106,,,4008,product_featured,product-4008-wynkkk-beauty-20-in-1-lashes-02.jpeg
268,,,1160,product_featured,product-1160-cosrx-salicylic-gentle-cleanser-150ml.jpg
269,,,1161,product_featured,product-1161-cosrx-low-ph-gel-cleanser-150ml.jpg
271,,,1163,product_featured,product-1163-cosrx-oil-free-moisturizer-100ml.jpg
291,,,1171,product_featured,product-1171-beauty-of-joseon-cleansing-oil-210ml.jpg
290,,,1175,product_featured,product-1175-beauty-of-joseon-glow-serum-30ml.webp
289,,,1176,product_featured,product-1176-missha-essence-sunscreen-50ml.webp
287,,,1177,product_featured,product-1177-axis-y-dark-spot-correcting-serum.jpg
285,,,1178,product_featured,product-1178-isntree-fresh-emulsion.webp
284,,,1179,product_featured,product-1179-isntree-hyaluronic-sunstick.jpg
283,,,1180,product_featured,product-1180-isntree-green-tea-fresh-toner.webp
281,,,1182,product_featured,product-1182-isntree-hyaluronic-acid-toner.webp
282,,,1181,product_featured,product-1181-isntree-hyaluronic-acid-toner-plus.jpg
280,,,1183,product_featured,product-1183-isntree-hyaluronic-watery-sun-gel-50ml.jpg
265,,,1184,product_featured,product-1184-cosrx-bha-black-head-power-liquid-100ml.webp
263,,,1186,product_featured,product-1186-cosrx-snail-92-all-in-one-cream-100g.jpg
262,,,1187,product_featured,product-1187-cosrx-snail-mucin-essence-100ml.jpg
261,,,1188,product_featured,product-1188-cosrx-dual-essence.jpg
260,,,1189,product_featured,product-1189-cosrx-propolis-synergy-toner-150ml.jpg
259,,,1190,product_featured,product-1190-good-molecules-discoloration-serum-30ml.jpg
258,,,1192,product_featured,product-1192-good-molecules-niacinamide-brightening-toner-30ml.webp
257,,,1193,product_featured,product-1193-good-molecules-niacinamide-brightening-toner-120ml.jpg
256,,,1194,product_featured,product-1194-good-molecules-gentle-retinol-cream-30ml.webp
255,,,1195,product_featured,product-1195-good-molecules-overnight-treatment-30ml.jpg
254,,,1196,product_featured,product-1196-good-molecules-niacinamide-serum-30ml.jpg
253,,,1197,product_featured,product-1197-good-molecules-daily-brightening-serum-30ml.jpg
252,,,1198,product_featured,product-1198-nivea-uv-water-gel-sunscreen-140g.webp
250,,,1199,product_featured,product-1199-medix-5-5-retinol-cream-15floz-144m.webp
251,,,1200,product_featured,product-1200-hatomugi-sunscreen-250ml.jpg
249,,,1201,product_featured,product-1201-medix-5-5-vitamin-c-serum.jpg
248,,,4726,product_featured,product-4726-medix-5-5-vitamin-c-cream-15floz-144.jpeg
247,,,8681,product_featured,product-8681-amlactin-daily-moisturizing-lotion-567g.jpg
246,,,7790,product_featured,product-7790-amlactin-daily-moisturizing-improved-formula-scent-free.jpg
244,,,15179,product_featured,product-15179-amlactin-intensive-healing-lotion.webp
243,,,1207,product_featured,product-1207-medi-peel-vitamin-c-lotion.jpg
239,,,1209,product_featured,product-1209-dr-teals-citrus-sugar-scrub-19oz-538ml.jpg
240,,,1210,product_featured,product-1210-dr-teals-shea-butter-almond-oil-scrub-19oz-538ml.jpg
166,,,1211,product_featured,product-1211-msmetics-aqua-grip-primer-15ml.jpg
237,,,1215,product_featured,product-1215-dr-teals-vitamin-c-body-wash-24fl-710ml.jpg
236,,,1216,product_featured,product-1216-dr-teals-vitamin-c-lotion-18fl-oz-532ml.jpg
235,,,1217,product_featured,product-1217-touch-ingrown-hair-roll-on.webp
234,,,1218,product_featured,product-1218-touch-bright-and-clear-cream-2-oz-56-7.webp
233,,,1219,product_featured,product-1219-touch-acne-treatment-gel.jpg
232,,,1220,product_featured,product-1220-touch-kp-exfoliating-lotion.webp
231,,,1221,product_featured,product-1221-touch-kp-exfoliating-wash-8floz-237ml.png
227,,,8667,product_featured,product-8667-olay-vitamin-c-brightening-lotion-17floz-502ml.jpeg
227,,,8666,product_gallery,product-8666-olay-vitamin-c-brightening-lotion-17floz-502ml-02.jpeg
227,,,8668,product_gallery,product-8668-olay-vitamin-c-brightening-lotion-17floz-502ml-03.jpeg
226,,,19761,product_featured,product-19761-olay-retinol-body-wash-20floz-591ml.webp
224,,,1228,product_featured,product-1228-olay-vitamin-c-hydrating-body-wash-20fl-oz-591ml.jpg
223,,,1229,product_featured,product-1229-olay-shea-butter-body-wash-17floz-502ml.jpg
220,,,1232,product_featured,product-1232-olay-itch-dry-skin-body-wash-20fl-oz-591ml.jpg
180,,,1237,product_featured,product-1237-sooo-pro-hydrating-mist-setting-spray-150ml.jpg
182,,,1239,product_featured,product-1239-juba-cosmetics-setting-spray-150ml.jpg
183,,,1240,product_featured,product-1240-omaricode-bedew-hydrating-serum-30ml.jpeg
184,,,1241,product_featured,product-1241-omaricode-hydrating-moisture-maximize-50ml.jpg
187,,,1243,product_featured,product-1243-rummel-stay-matte-spray.jpg
188,,,1244,product_featured,product-1244-rimmel-stay-matte-primer.webp
189,,,1245,product_featured,product-1245-skin-by-zaron-vitamin-c-brightening-body-wash.jpg
190,,,1246,product_featured,product-1246-skin-by-zaron-micellar-cleansing-water.jpg
191,,,1247,product_featured,product-1247-skin-by-zaron-papaya-brightening-body-wash.jpg
192,,,13900,product_featured,product-13900-skin-by-zaron-brightening-toner.webp
193,,,1249,product_featured,product-1249-skin-by-zaron-vitamin-brightening-lotion.jpg
194,,,1250,product_featured,product-1250-skin-by-zaron-retinol-serum.jpg
195,,,1251,product_featured,product-1251-skin-by-zaron-vitamin-c-serum.jpg
196,,,7780,product_featured,product-7780-skin-by-zaron-exfoliating-amp-brightening-face-wash.webp
197,,,1253,product_featured,product-1253-skin-by-zaron-acne-control-glow-wash.webp
199,,,1254,product_featured,product-1254-zaron-long-wear-gel-eyeliner.jpg
200,,,1255,product_featured,product-1255-zaron-slain-regenerating-hydrating-serum.jpg
201,,,1256,product_featured,product-1256-zaron-lengthening-mascara.jpg
202,,,1257,product_featured,product-1257-zaron-4in1mascara.jpg
208,,,1258,product_featured,product-1258-wynkkk-beauty-lashes-at-first-sight-16ml.jpg
207,,,1259,product_featured,product-1259-wynkkk-beauty-single-lashes.jpg
214,,,1262,product_featured,product-1262-led-600-pro-with-tripod-stand.webp
213,,,1263,product_featured,product-1263-yn216-led-light.jpg
204,,,1267,product_featured,product-1267-zaron-sheer-powder-brush.jpg
218,,,1269,product_featured,product-1269-pvc-bag.jpg
203,,,1273,product_featured,product-1273-zaron-liquid-eyeliner.jpg
92,,,1427,product_featured,product-1427-omaricode-lip-moisturizing-oil.webp
91,,,1423,product_featured,product-1423-omaricode-hydrating-face-primer-30ml.webp
1424,,,1426,product_featured,product-1426-omaricode-matte-o-clock-primer-30ml.webp
90,,,1433,product_featured,product-1433-omaricode-skin-mist-100ml.jpg
165,,,1512,product_featured,product-1512-msmetics-moisture-potion-50ml.webp
164,,,1513,product_featured,product-1513-msmetics-moisture-bomb-50ml.webp
162,,,1515,product_featured,product-1515-hegai-esther-makeup-seal-it.jpg
161,,,1516,product_featured,product-1516-hegai-esther-flash-pan-highlighter-palette.jpeg
160,,,1517,product_featured,product-1517-nuban-beauty-11pcs-makeup-brush-set.webp
159,,,1518,product_featured,product-1518-nuban-beauty-powder-brush.webp
156,,,1520,product_featured,product-1520-yanga-beauty-foundation-brush.webp
155,,,1521,product_featured,product-1521-yanga-beauty-angled-flat-brush.jpg
154,,,1522,product_featured,product-1522-merak-cosmetics-flat-brush.jpg
153,,,1523,product_featured,product-1523-merak-cosmetics-angled-brush.jpg
146,,,1534,product_featured,product-1534-beauty-by-ad-setting-powder.jpg
136,,,1543,product_featured,product-1543-tm-essentials-cheek-glaze-palatte.jpg
132,,,1550,product_featured,product-1550-sylvimak-irresistable-eyeshadow-pallatte.jpg
131,,,1551,product_featured,product-1551-tehila-black-magic-gel-liner.webp
129,,,1553,product_featured,product-1553-blossom-afro-chic-lip-palette.jpg
128,,,1554,product_featured,product-1554-blossom-35-color-matte-and-cream-eyeshadow-palette.jpg
126,,,1555,product_featured,product-1555-blossom-african-queen-palette.jpg
125,,,1556,product_featured,product-1556-vee-beauty-12-in-1-powder-palette.jpg
124,,,1557,product_featured,product-1557-vee-beauty-9-in-1-powder-palette.jpg
123,,,1558,product_featured,product-1558-vee-beauty-be-my-val-palette.webp
87,,,1563,product_featured,product-1563-sooo-pro-lip-gloss.jpg
86,,,1569,product_featured,product-1569-sooo-pro-lipstain.jpg
85,,,1578,product_featured,product-1578-sooo-pro-highlighter.jpg
85,,,1578,product_featured,product-1578-sooo-pro-highlighter-02.jpg
84,,,1579,product_featured,product-1579-sooo-pro-seal-it-spray.webp
82,,,1583,product_featured,product-1583-milani-powder.png
82,,,1584,product_gallery,product-1584-milani-powder-02.jpg
76,,,1598,product_featured,product-1598-sephora-microsmooth-multi-tasking-baked-face-powder-foundati.jpg
76,,,1599,product_gallery,product-1599-sephora-microsmooth-multi-tasking-baked-face-powder-foundati-02.jpg
69,,,1608,product_featured,product-1608-msmetics-14in1-lash-set.jpg
68,,,1613,product_featured,product-1613-msmetics-power-seal-sweat-and-oil.webp
67,,,1617,product_featured,product-1617-msmetics-sealowatt.jpg
66,,,3975,product_featured,product-3975-msmetics-glazed-dewy-balm.jpeg
66,,,3975,product_featured,product-3975-msmetics-glazed-dewy-balm-02.jpeg
278,,,2753,product_featured,product-2753-skin-aqua-sunscreen-140g.jpg
277,,,2754,product_featured,product-2754-skin-aqua-sunscreen-110g.jpg
209,,,1643,product_featured,product-1643-wynkk-beauty-alabaster-box-16ml.jpg
186,,,1646,product_featured,product-1646-o-cosmetics-brush-bath.jpg
178,,,1647,product_featured,product-1647-ferrarucci-all-nighter-fixer-spray-200ml.jpg
1813,,,1417,product_featured,product-1417-zaron-luxurious-lip-gloss.jpeg
1821,,,1824,product_featured,product-1824-dr-teals-bath-amp-body-eucalyptus-and-spearmint-oil-8-7fl.webp
1820,,,1826,product_featured,product-1826-dr-teals-bath-amp-body-shea-butter-and-almond-oil-8-7fl.webp
1819,,,1827,product_featured,product-1827-dr-teals-bath-amp-body-lavender-oil-8-7fl.jpg
242,,,1825,product_featured,product-1825-dr-teals-bath-amp-amp-body-coconut-oil-8-7fl.jpg
1814,,,1828,product_featured,product-1828-zaron-powder-brush.jpg
1800,,,1829,product_featured,product-1829-vaseline-glutha-hya-flawless-glow-200ml.jpg
1806,,,1833,product_featured,product-1833-viange-eyeshadow-base.webp
1805,,,1835,product_featured,product-1835-vee-beauty-magic-cover-concealer.jpg
1804,,,24659,product_featured,product-24659-vee-beauty-paint-my-world-lip-palette-warm.webp
1803,,,1837,product_featured,product-1837-vee-beauty-girls-night-out-2-blush-palette.jpg
1802,,,1838,product_featured,product-1838-vee-beauty-8in1-powder-palette.jpg
1801,,,1839,product_featured,product-1839-vee-beauty-6in1-powder-palette.jpg
1799,,,11824,product_featured,product-11824-vaseline-glutha-hya-dewy-radiance-200ml.jpg
1798,,,1842,product_featured,product-1842-triangle-powder-puff.webp
1797,,,1843,product_featured,product-1843-tiam-vita-b3-source-40ml.jpg
1796,,,1844,product_featured,product-1844-tiam-snail-azulence-water-essence-180ml.jpg
1795,,,1845,product_featured,product-1845-the-ordinary-retinol-serum-0-5-30ml.webp
1794,,,1846,product_featured,product-1846-the-ordinary-multi-peptide-eye-serum-15ml.jpg
1793,,,1847,product_featured,product-1847-the-ordinary-glycolic-acid-toner-240ml.webp
1780,,,1848,product_featured,product-1848-simple-replenishing-rich-moisturizer-125ml.jpg
1778,,,1850,product_featured,product-1850-paula-beauty-green-pencil.jpg
1777,,,1851,product_featured,product-1851-paula-beauty-blue-pencil.jpg
1776,,,1852,product_featured,product-1852-paula-beauty-black-pencil.jpg
1775,,,1853,product_featured,product-1853-panoxyl-acne-creamy-wash-4-benzoyl-peroxide.jpg
1774,,,1854,product_featured,product-1854-panoxyl-acne-foaming-wash-10-benzoyl-peroxide.jpg
1773,,,1855,product_featured,product-1855-omaricode-skin-mist-matte.webp
1772,,,2425,product_featured,product-2425-olay-retinol-body-lotion-17floz-502ml.webp
1772,,,8669,product_gallery,product-8669-olay-retinol-body-lotion-17floz-502ml-02.jpeg
1772,,,8670,product_gallery,product-8670-olay-retinol-body-lotion-17floz-502ml-03.jpeg
1771,,,1858,product_featured,product-1858-olay-niacinamide-body-wash-20floz-591ml.jpg
1770,,,1859,product_featured,product-1859-olay-niacinamide-body-lotion-17floz-502ml.jpg
1763,,,1862,product_featured,product-1862-naturium-vit-c-complex-face-serum.webp
1762,,,1863,product_featured,product-1863-naturium-vit-c-complex-face-cleanser-210.webp
1761,,,1864,product_featured,product-1864-naturium-the-smoother-glycolic-acid-body-wash-500ml.webp
1760,,,1865,product_featured,product-1865-naturium-the-smoother-glycolic-acid-body-lotion-234ml.webp
1759,,,1867,product_featured,product-1867-naturium-the-perfector-salicylic-acid-body-wash-500ml.webp
1758,,,1869,product_featured,product-1869-naturium-the-brightener-vitamin-c-body-wash-500ml.webp
1757,,,1870,product_featured,product-1870-naturium-glow-getter-multi-oil-body-wash-500ml.jpg
1756,,,1871,product_featured,product-1871-naturium-glow-getter-multi-oil-body-butter-232ml.jpg
1755,,,1872,product_featured,product-1872-naturium-bio-lipid-restoring-body-lotion-414ml.jpg
1754,,,1873,product_featured,product-1873-msmetics-sealowatte-spray-velvet.jpg
1753,,,1874,product_featured,product-1874-msmetics-sealowatte-spray-matte.jpg
1752,,,1875,product_featured,product-1875-msmetics-power-seal-150ml.jpg
1750,,,1878,product_featured,product-1878-msmetics-aqua-grip-primer-50ml-matte.jpg
1746,,,1879,product_featured,product-1879-merak-green-pencil.jpg
1745,,,1880,product_featured,product-1880-merak-blue-pencil.jpeg
1809,,,1885,product_featured,product-1885-yglam-brown-brush-set.webp
1739,,,1889,product_featured,product-1889-mehron-skin-prep.jpeg
1738,,,1890,product_featured,product-1890-medix-15oz-glycolic-amp-lactic-acid-body-wash.jpg
1737,,,1891,product_featured,product-1891-mario-badescu-facial-spray-rosewater-236ml.webp
1736,,,1893,product_featured,product-1893-mabrook-black-pencil.jpg
1735,,,1894,product_featured,product-1894-la-roche-posay-anthelios-uvmune-400-invisible-fluid-spf-50-5.webp
1734,,,1896,product_featured,product-1896-kiss-beauty-spray.jpg
1732,,,1897,product_featured,product-1897-haruharu-wonder-black-rice-hyaluronic-anti-wrinkle-serum-50m.webp
1733,,,1898,product_featured,product-1898-heimish-all-clean-balm.jpg
1730,,,1899,product_featured,product-1899-good-molecules-light-weight-daily-moisturizer-100ml.webp
1731,,,1900,product_featured,product-1900-good-molecules-yerba-mate-wake-up-eye-gel-15ml.jpg
1729,,,1901,product_featured,product-1901-good-molecules-hydrating-facial-cleansing-gel-200ml.webp
1728,,,1902,product_featured,product-1902-good-molecules-discoloration-serum-75ml.webp
1727,,,1903,product_featured,product-1903-good-molecules-discoloration-correcting-body-treatment120ml.jpg
1726,,,1904,product_featured,product-1904-gele-pin-office-pin.jpg
1725,,,1905,product_featured,product-1905-frudia-ultra-uv-shield-essence-50.webp
1723,,,1906,product_featured,product-1906-topicals-faded-brightening-and-clearing-serum.jpg
1722,,,4720,product_featured,product-4720-topicals-faded-brightening-and-clearing-serum-30ml.jpeg
1721,,,1908,product_featured,product-1908-ezanic-azelaic-acid-gel-w-w-15g.jpg
1720,,,1909,product_featured,product-1909-eos-body-lotion-vanilla-cashmere.jpg
1719,,,1910,product_featured,product-1910-eos-body-lotion-pomegranate-raspberry-16fl-473ml.jpg
1718,,,1911,product_featured,product-1911-eos-body-lotion-jasmine-peach-16fl-473ml.webp
1717,,,1912,product_featured,product-1912-elastalift-15oz-vitamin-c-cream.jpg
1716,,,1913,product_featured,product-1913-elastalift-1-75oz-brightening-vitamin-c-anti-aging-face-seru.webp
1715,,,1914,product_featured,product-1914-elastalift-1-75oz-vitamin-c-turmeric-face-cream.jpg
1714,,,1915,product_featured,product-1915-davies-brow-pencil-colour-18-pack-of-12.jpg
1713,,,1916,product_featured,product-1916-davies-brow-pencil-03-pack-of-12.jpg
1712,,,1917,product_featured,product-1917-d-alba-first-spray-serum-100ml.webp
1711,,,1918,product_featured,product-1918-cpd-cream-blush-palette.jpg
1709,,,1920,product_featured,product-1920-classic-super-hold-lash-glue.jpg
1708,,,1921,product_featured,product-1921-candybeauty-line-pigment-glue.jpeg
1707,,,1922,product_featured,product-1922-candybeauty-line-pigment.jpeg
1688,,,1926,product_featured,product-1926-advanced-clinicals-2oz-vitamin-c-face-brightening-gel-cream.jpg
1687,,,5925,product_featured,product-5925-advanced-clinicals-16oz-vit-c-brightening-body-cream.jpeg
1687,,,5925,product_featured,product-5925-advanced-clinicals-16oz-vit-c-brightening-body-cream-02.jpeg
1687,,,5926,product_gallery,product-5926-advanced-clinicals-16oz-vit-c-brightening-body-cream-03.jpeg
1687,,,5927,product_gallery,product-5927-advanced-clinicals-16oz-vit-c-brightening-body-cream-04.jpeg
1686,,,1927,product_featured,product-1927-advanced-clinicals-16oz-retinol-lotion.webp
1685,,,1928,product_featured,product-1928-advanced-clinicals-16oz-hyaluronic-acid-skin-hydrating-lotio.webp
1684,,,1929,product_featured,product-1929-advanced-clinicals-1-75oz-vitamin-c-face-serum.webp
1683,,,4732,product_featured,product-4732-acwell-5-5-licorice-ph-balancing-cleansing-toner.jpeg
1682,,,1932,product_featured,product-1932-acwell-5-5-licorice-ph-balancing-advance-serum.webp
1698,,,1933,product_featured,product-1933-beautyby-ad-loose-setting-powder.webp
1697,,,1935,product_featured,product-1935-beautyby-ad-lippie.webp
1700,,,1938,product_featured,product-1938-becharm-ageless-18-in-1-matte-lip-paint-dream.jpg
1689,,,1941,product_featured,product-1941-advanced-clinicals-3-8oz-vitamin-c-body-oil.webp
1690,,,1943,product_featured,product-1943-advanced-clinicals-colagen-lotion-16oz-454g.jpg
1691,,,1944,product_featured,product-1944-amlactin-daily-moisturizing-225g-vit-c-amp-7-lactic-acid.webp
1692,,,1945,product_featured,product-1945-aveeno-baby-daily-moisture-body-lotion-for-delicate-skin-nat.webp
1693,,,1946,product_featured,product-1946-balance-active-vitamin-c-serum-30ml.webp
1694,,,1947,product_featured,product-1947-beauty-line-by-didi-lip-gloss.jpg
1695,,,1948,product_featured,product-1948-beauty-line-by-didi-lip-liner.webp
1696,,,1949,product_featured,product-1949-beauty-line-by-didi-velvet-matte-lip-stain.webp
360,,,1951,product_featured,product-1951-paula-beauty-gel-eye-liner.webp
1724,,,2773,product_featured,product-2773-flat-red-multipurpose-brush.jpeg
1703,,,1956,product_featured,product-1956-boj-cosmetics-eye-brush-set.jpg
1702,,,2774,product_featured,product-2774-becharm-ageless-concealer-palette.jpeg
286,,,1959,product_featured,product-1959-axis-y-spot-the-difference-blemish-treatment.webp
288,,,1960,product_featured,product-1960-missha-aqua-sunscreen-50ml.jpeg
63,,,1961,product_featured,product-1961-hegai-esther-lip-gloss.webp
2376,,,2380,product_featured,product-2380-ben-nye-clown-white.jpg
2321,,,2386,product_featured,product-2386-anua-niacinamide-10-x-txa-4-30ml.webp
2320,,,2387,product_featured,product-2387-anua-heartleaf-70-intense-calming-cream-50ml.webp
2319,,,2388,product_featured,product-2388-anua-heartleaf-77-soothing-toner-250ml.webp
2367,,,2389,product_featured,product-2389-absolute-lip-gloss-clear.png
2364,,,8644,product_featured,product-8644-elf-holy-hydration-face-cream-moisturizer-with-broad-spectru.jpeg
2364,,,8646,product_gallery,product-8646-elf-holy-hydration-face-cream-moisturizer-with-broad-spectru-02.jpeg
2363,,,2396,product_featured,product-2396-i-m-from-rice-toner-150ml.webp
2362,,,2395,product_featured,product-2395-palmers-cocoa-butter-massage-lotion-for-stretch-marks-250ml.webp
2361,,,2394,product_featured,product-2394-panoxyl-clarifying-exfoliant-2-salicylic-acid.jpg
2359,,,2393,product_featured,product-2393-panoxyl-acne-treatment-bar-113g.webp
2358,,,2391,product_featured,product-2391-panoxyl-balancing-repair-moisturizer-with-naicinamide-85g.webp
2357,,,2390,product_featured,product-2390-nip-fab-vitamin-c-fix-serum-5.webp
2355,,,2398,product_featured,product-2398-naturium-multi-bright-tranexamic-acid-treatment-5-30ml.webp
2354,,,2399,product_featured,product-2399-naturium-bha-liquid-exfoliant-2.jpg
2360,,,2402,product_featured,product-2402-panoxyl-adapalene-gel-usp-0-1-acne-treatment.webp
2353,,,2401,product_featured,product-2401-naturium-uv-reflect-antioxidant-spf-50.webp
2352,,,2400,product_featured,product-2400-naturium-tranexamic-topical-acid-5-30ml.webp
2350,,,3018,product_featured,product-3018-naturium-the-glow-getter-body-oil-100ml.jpeg
2349,,,2404,product_featured,product-2404-naturium-kp-body-scrub-amp-mask-226-g.png
2348,,,2406,product_featured,product-2406-merak-face-sculpt-glow-6-in-1-pallete.jpg
2343,,,2416,product_featured,product-2416-kojivit-ultra-gel-30g.webp
2341,,,2413,product_featured,product-2413-good-molecules-vitamin-c-serum-with-oryzanol-30ml.webp
2340,,,2414,product_featured,product-2414-good-moleculs-super-peptides-serum-30ml.webp
2339,,,2412,product_featured,product-2412-good-molecules-glycolic-exfoliating-toner-120ml.webp
2337,,,2418,product_featured,product-2418-dr-teals-body-lotion-ceramides-avocado-oil.jpg
2336,,,2411,product_featured,product-2411-dr-teals-body-wash-prebiotic-lemon-balm-710ml.jpg
2335,,,2419,product_featured,product-2419-dr-teals-body-wash-ceramides-avocado-oil-710ml.jpg
2334,,,2410,product_featured,product-2410-dr-teals-foaming-bath-vit-c-glow-radiance-1000ml.jpg
2332,,,2408,product_featured,product-2408-cosrx-salicylic-gentle-cleanser-50ml.jpg
2322,,,7787,product_featured,product-7787-aveeno-moisturizing-body-oil-mist-us-version.webp
2322,,,7787,product_featured,product-7787-aveeno-moisturizing-body-oil-mist-us-version-02.webp
2322,,,7786,product_gallery,product-7786-aveeno-moisturizing-body-oil-mist-us-version-03.png
2322,,,7785,product_gallery,product-7785-aveeno-moisturizing-body-oil-mist-us-version-04.png
2322,,,7784,product_gallery,product-7784-aveeno-moisturizing-body-oil-mist-us-version-05.png
2323,,,2422,product_featured,product-2422-beauty-of-joseon-dynasty-face-cream-moisturizer.jpg
2324,,,2420,product_featured,product-2420-becharm-ageless-18-in-1-matte-lip-paint-glamour.jpeg
2325,,,2421,product_featured,product-2421-boj-cosmetics-luxe-eye-lashes-5-in-1-vogue.jpg
2318,,,2424,product_featured,product-2424-alpha-skin-care-moisturizing-body-wash-sea-mist-340g.jpg
2317,,,8662,product_featured,product-8662-alpha-skin-care-renewal-body-lotion-12-glycolic-aha-12fl-oz.jpeg
2317,,,8663,product_gallery,product-8663-alpha-skin-care-renewal-body-lotion-12-glycolic-aha-12fl-oz-02.jpeg
2317,,,8664,product_gallery,product-8664-alpha-skin-care-renewal-body-lotion-12-glycolic-aha-12fl-oz-03.jpeg
2317,,,8665,product_gallery,product-8665-alpha-skin-care-renewal-body-lotion-12-glycolic-aha-12fl-oz-04.jpeg
2372,,,2431,product_featured,product-2431-tripod-stand.jpg
2371,,,2430,product_featured,product-2430-telescopic-makeup-chair-foldable.jpg
2370,,,2428,product_featured,product-2428-panel-light-l-3560.jpg
2369,,,2427,product_featured,product-2427-led-660-pro-sutefoto-light-with-tripod-stand.jpg
2368,,,2432,product_featured,product-2432-bs-mall-brush-set.jpg
2346,,,2721,product_featured,product-2721-merak-pro-ultimate-brush-set.webp
2366,,,2726,product_featured,product-2726-zaron-lip-liner-cappuccino.jpg
2345,,,2735,product_featured,product-2735-merak-beauty-blender.jpg
2347,,,2736,product_featured,product-2736-msmetics-blot-sticks-oil-eraser.webp
2338,,,2730,product_featured,product-2730-embryolisse-lait-cream-moisturizer-75-ml.jpg
2329,,,2731,product_featured,product-2731-boj-cosmetics-lux-eye-lashes-14-in-1-lady.jpg
2328,,,2734,product_featured,product-2734-boj-cosmetics-lux-eye-lashes-14-in-1-queen.jpg
2327,,,2732,product_featured,product-2732-boj-cosmeticslux-eye-lashes-5-in-1-posh-set-2.jpg
2326,,,2733,product_featured,product-2733-boj-cosmeticslux-eye-lashes-5-in-1-posh-set-3.jpg
1699,,,2728,product_featured,product-2728-becharm-ageless-powder-palette.jpg
1699,,,13933,product_gallery,product-13933-becharm-ageless-powder-palette-02.jpeg
2740,,,2755,product_featured,product-2755-laneige-lip-mask.jpg
2746,,,2747,product_featured,product-2747-yglam-blush-palette-bloom.jpg
2751,,,2749,product_featured,product-2749-yglam-blush-palette-rouge.jpg
127,,,2729,product_featured,product-2729-blossom-her-nude-story-palette.jpg
3571,,,3573,product_featured,product-3573-tonymoly-wonder-ceramide-mochi-toner-500ml.webp
3608,,,3609,product_featured,product-3609-frudia-pomegranate-honey-3in1-lip-balm-10ml.jpg
3608,,,3609,product_featured,product-3609-frudia-pomegranate-honey-3in1-lip-balm-10ml-02.jpg
3610,,,3611,product_featured,product-3611-frudia-my-orchard-hand-cream-pineapple-30g.jpg
3610,,,3611,product_featured,product-3611-frudia-my-orchard-hand-cream-pineapple-30g-02.jpg
3614,,,3615,product_featured,product-3615-frudia-my-orchard-hand-cream-dragon-fruit-30g.jpg
3614,,,3615,product_featured,product-3615-frudia-my-orchard-hand-cream-dragon-fruit-30g-02.jpg
3619,,,3621,product_featured,product-3621-illiyoon-hyaluronic-moisture-cream-100ml.jpeg
3619,,,3621,product_featured,product-3621-illiyoon-hyaluronic-moisture-cream-100ml-02.jpeg
3629,,,3628,product_featured,product-3628-cosrx-acne-pimple-master-patch.jpg
3629,,,3628,product_featured,product-3628-cosrx-acne-pimple-master-patch-02.jpg
3631,,,3633,product_featured,product-3633-cosrx-aha-bha-clarifying-treatment-toner-150ml.jpg
3635,,,3636,product_featured,product-3636-vaseline-cocoa-radiant-oil-gel-200ml.webp
3639,,,3645,product_featured,product-3645-olay-cleansing-amp-nourishing-body-wash-with-hyaluronic-acid.webp
3639,,,3646,product_gallery,product-3646-olay-cleansing-amp-nourishing-body-wash-with-hyaluronic-acid-02.webp
3648,,,19762,product_featured,product-19762-olay-collagen-peptide-b3-firming-hydrating-body-lotion-502ml.jpeg
3652,,,19765,product_featured,product-19765-olay-elasticity-boosting-collagen-peptide-body-wash.webp
3656,,,3658,product_featured,product-3658-olay-tone-evening-and-hydrating-body-lotion-deep-moisture-17.webp
3659,,,3660,product_featured,product-3660-olay-daily-recovery-hydration-body-lotion-with-shea-butter-1.jpg
3661,,,3662,product_featured,product-3662-exfoliating-bath-glove-sponge.jpg
3663,,,3665,product_featured,product-3665-biore-uv-aqua-rich-watery-essence-spf-50-pa-70g-sunscreen.webp
3666,,,3667,product_featured,product-3667-kose-suncut-uv-perfect-gel-spf-50-pa-80g-sunscreen.jpg
3689,,,3691,product_featured,product-3691-topicals-faded-brightening-cleansing-bar-for-dark-spots-disc.webp
3693,,,3694,product_featured,product-3694-topicals-faded-under-eye-masks-brightening-eye-masks.webp
3698,,,4716,product_featured,product-4716-eos-lip-balm.jpeg
3840,,,3841,product_featured,product-3841-naturium-the-energizer-mandelic-acid-body-wash-500ml.webp
3840,,,3841,product_featured,product-3841-naturium-the-energizer-mandelic-acid-body-wash-500ml-02.webp
3843,,,3844,product_featured,product-3844-naturium-mandelic-topical-acid-12-face-serum-30ml.webp
3843,,,3844,product_featured,product-3844-naturium-mandelic-topical-acid-12-face-serum-30ml-02.webp
3845,,,3846,product_featured,product-3846-naturium-azelaic-topical-acid-10-face-serum-30ml.webp
3845,,,3846,product_featured,product-3846-naturium-azelaic-topical-acid-10-face-serum-30ml-02.webp
3848,,,3849,product_featured,product-3849-anua-heartleaf-pore-control-cleansing-oil-200ml.jpg
3848,,,3849,product_featured,product-3849-anua-heartleaf-pore-control-cleansing-oil-200ml-02.jpg
3848,,,3850,product_gallery,product-3850-anua-heartleaf-pore-control-cleansing-oil-200ml-03.jpg
3851,,,3852,product_featured,product-3852-anua-heartleaf-lha-moisture-peeling-gel-gentle-face-cleanser.jpg
3851,,,3852,product_featured,product-3852-anua-heartleaf-lha-moisture-peeling-gel-gentle-face-cleanser-02.jpg
3853,,,3855,product_featured,product-3855-anua-bha-2-gentle-exfoliating-toner-150ml.jpg
3853,,,3855,product_featured,product-3855-anua-bha-2-gentle-exfoliating-toner-150ml-02.jpg
3856,,,3861,product_featured,product-3861-anua-peach-70-niacinamide-serum-30ml-brightening-hydrating-f.jpg
3856,,,3861,product_featured,product-3861-anua-peach-70-niacinamide-serum-30ml-brightening-hydrating-f-02.jpg
3867,,,3868,product_featured,product-3868-eos-body-lotion-pink-champagne-16fl-473ml.jpg
3867,,,3868,product_featured,product-3868-eos-body-lotion-pink-champagne-16fl-473ml-02.jpg
3869,,,3870,product_featured,product-3870-eos-body-lotion-fresh-cozy-16fl-473ml.jpg
3869,,,3870,product_featured,product-3870-eos-body-lotion-fresh-cozy-16fl-473ml-02.jpg
3871,,,3874,product_featured,product-3874-topicals-high-roller-ingrown-hair-serum-roll-on-tonic-50ml.jpg
3871,,,3874,product_featured,product-3874-topicals-high-roller-ingrown-hair-serum-roll-on-tonic-50ml-02.jpg
3876,,,3877,product_featured,product-3877-advanced-clinicals-5-in-1-multi-correction-anti-aging-eye-se.jpg
3876,,,3877,product_featured,product-3877-advanced-clinicals-5-in-1-multi-correction-anti-aging-eye-se-02.jpg
3878,,,3881,product_featured,product-3881-advanced-clinicals-dark-spot-brightening-face-moisturizer-lo.jpg
3878,,,3881,product_featured,product-3881-advanced-clinicals-dark-spot-brightening-face-moisturizer-lo-02.jpg
3885,,,3886,product_featured,product-3886-advanced-clinicals-vitamin-c-glow-facial-mist-toner.jpg
3885,,,3886,product_featured,product-3886-advanced-clinicals-vitamin-c-glow-facial-mist-toner-02.jpg
3887,,,3888,product_featured,product-3888-advanced-clinicals-vitamin-c-face-toner-w-ferulic-acid-rosew.jpg
3887,,,3888,product_featured,product-3888-advanced-clinicals-vitamin-c-face-toner-w-ferulic-acid-rosew-02.jpg
4013,,,4014,product_featured,product-4014-facefacts-ceramide-repairing-serum-cream-30ml.jpeg
4013,,,4014,product_featured,product-4014-facefacts-ceramide-repairing-serum-cream-30ml-02.jpeg
4015,,,4016,product_featured,product-4016-facefacts-vitamin-c-brightening-facial-serum-30ml.jpeg
4015,,,4016,product_featured,product-4016-facefacts-vitamin-c-brightening-facial-serum-30ml-02.jpeg
4020,,,4021,product_featured,product-4021-facefacts-ceramide-hydrating-gentle-cleanser-140ml.jpeg
4020,,,4021,product_featured,product-4021-facefacts-ceramide-hydrating-gentle-cleanser-140ml-02.jpeg
4022,,,4023,product_featured,product-4023-facefacts-collagen-amp-q10-replenishing-facial-serum.jpeg
4022,,,4023,product_featured,product-4023-facefacts-collagen-amp-q10-replenishing-facial-serum-02.jpeg
4022,,,4024,product_gallery,product-4024-facefacts-collagen-amp-q10-replenishing-facial-serum-03.jpeg
4025,,,4026,product_featured,product-4026-baby-dove-lotion-fragrance-free-moisture-200ml.jpeg
4025,,,4026,product_featured,product-4026-baby-dove-lotion-fragrance-free-moisture-200ml-02.jpeg
4027,,,4028,product_featured,product-4028-dove-shower-gel-nurturing-cocoa-butter-hibiscus-body-wash-22.png
4027,,,4028,product_featured,product-4028-dove-shower-gel-nurturing-cocoa-butter-hibiscus-body-wash-22-02.png
4030,,,4031,product_featured,product-4031-dove-revitalising-body-wash-225ml.jpeg
4030,,,4031,product_featured,product-4031-dove-revitalising-body-wash-225ml-02.jpeg
4032,,,4033,product_featured,product-4033-dove-pampering-body-wash-shea-butter-vanilla-225ml.jpeg
4032,,,4033,product_featured,product-4033-dove-pampering-body-wash-shea-butter-vanilla-225ml-02.jpeg
4034,,,4035,product_featured,product-4035-dove-almond-cream-hibiscus-body-wash-500ml.jpeg
4034,,,4035,product_featured,product-4035-dove-almond-cream-hibiscus-body-wash-500ml-02.jpeg
4036,,,4037,product_featured,product-4037-dove-indulging-bath-wash-500ml.png
4036,,,4037,product_featured,product-4037-dove-indulging-bath-wash-500ml-02.png
4038,,,4039,product_featured,product-4039-sooo-pro-extra-dimensions-highlighter-compact.png
4038,,,4039,product_featured,product-4039-sooo-pro-extra-dimensions-highlighter-compact-02.png
4673,,,4674,product_featured,product-4674-annies-beauty-meet-the-brown-eyeshadow-palette.jpeg
4680,,,4677,product_featured,product-4677-annies-beauty-party-girl-eyeshadow-palette.jpeg
4681,,,4675,product_featured,product-4675-annies-beauty-cheek-orgasm-blush-palette-vol-1.jpeg
4682,,,4684,product_featured,product-4684-tree-hut-foaming-gel-wash.jpeg
4697,,,4689,product_featured,product-4689-tree-hut-whipped-body-butter.jpeg
4702,,,4703,product_featured,product-4703-aveeno-baby-daily-moisturizing-cream-with-prebiotic-oat-with.jpeg
4706,,,4707,product_featured,product-4707-aveeno-baby-daily-care-gift-set-with-oat-extract-prebiotic-o.jpeg
4711,,,4712,product_featured,product-4712-timeless-skin-care-vitamin-c-serum-with-vitamin-e-amp-feruli.jpeg
4711,,,4712,product_featured,product-4712-timeless-skin-care-vitamin-c-serum-with-vitamin-e-amp-feruli-02.jpeg
5103,,,14962,product_featured,product-14962-vaseline-vitamin-b3-body-oil-200ml.jpeg
5110,,,5106,product_featured,product-5106-vaseline-healthy-plus-bar-soap-vit-b3-healthy-bright-3x75g.jpeg
5111,,,5109,product_featured,product-5109-cosrx-advanced-snail-92-all-in-one-cream-tube-100g.webp
5112,,,5114,product_featured,product-5114-zapzyt-acne-treatment-gel.jpeg
5115,,,5116,product_featured,product-5116-missha-vita-c-plus-brightening-toner-200ml.webp
5119,,,5123,product_featured,product-5123-mary-amp-may-tranexamic-eye-cream-special-set-pack-of-2.png
5355,,,5356,product_featured,product-5356-tola-banks-easy-blend-beauty-sponge-pack-of-4.jpeg
5362,,,5363,product_featured,product-5363-flawless-stay-on-spray-150ml.jpeg
5911,,,5913,product_featured,product-5913-good-molecules-brightening-amp-dark-spots-bar-85g.jpeg
5911,,,5912,product_gallery,product-5912-good-molecules-brightening-amp-dark-spots-bar-85g-02.jpeg
5911,,,5913,product_featured,product-5913-good-molecules-brightening-amp-dark-spots-bar-85g-03.jpeg
5911,,,5914,product_gallery,product-5914-good-molecules-brightening-amp-dark-spots-bar-85g-04.jpeg
5915,,,5916,product_featured,product-5916-nip-fab-retinol-fix-overnight-cream-50ml.png
5915,,,5916,product_featured,product-5916-nip-fab-retinol-fix-overnight-cream-50ml-02.png
5915,,,5917,product_gallery,product-5917-nip-fab-retinol-fix-overnight-cream-50ml-03.png
5918,,,5919,product_featured,product-5919-nip-fab-vitamin-c-fix-cleanser.jpeg
5918,,,5919,product_featured,product-5919-nip-fab-vitamin-c-fix-cleanser-02.jpeg
5921,,,5922,product_featured,product-5922-tiam-ac-fighting-aha-bha-pha-toner.jpeg
5921,,,5922,product_featured,product-5922-tiam-ac-fighting-aha-bha-pha-toner-02.jpeg
5921,,,5923,product_gallery,product-5923-tiam-ac-fighting-aha-bha-pha-toner-03.jpeg
5921,,,5924,product_gallery,product-5924-tiam-ac-fighting-aha-bha-pha-toner-04.jpeg
5935,,,5936,product_featured,product-5936-naturium-barrier-bounce-50ml.jpeg
5935,,,5936,product_featured,product-5936-naturium-barrier-bounce-50ml-02.jpeg
5935,,,5937,product_gallery,product-5937-naturium-barrier-bounce-50ml-03.jpeg
5935,,,5938,product_gallery,product-5938-naturium-barrier-bounce-50ml-04.jpeg
5935,,,5939,product_gallery,product-5939-naturium-barrier-bounce-50ml-05.jpeg
5940,,,5942,product_featured,product-5942-naturium-aha-exfoliating-mask-10.jpeg
5940,,,5941,product_gallery,product-5941-naturium-aha-exfoliating-mask-10-02.jpeg
5940,,,5942,product_featured,product-5942-naturium-aha-exfoliating-mask-10-03.jpeg
5940,,,5943,product_gallery,product-5943-naturium-aha-exfoliating-mask-10-04.jpeg
5940,,,5944,product_gallery,product-5944-naturium-aha-exfoliating-mask-10-05.jpeg
5945,,,5956,product_featured,product-5956-sylvimak-concealer.jpeg
5945,,,5956,product_featured,product-5956-sylvimak-concealer-02.jpeg
5945,,,5957,product_gallery,product-5957-sylvimak-concealer-03.jpeg
5989,,,5991,product_featured,product-5991-tree-hut-vitamin-c-shea-sugar-scrub.png
5989,,,5990,product_gallery,product-5990-tree-hut-vitamin-c-shea-sugar-scrub-02.png
5989,,,5991,product_featured,product-5991-tree-hut-vitamin-c-shea-sugar-scrub-03.png
6565,,,6566,product_featured,product-6566-olay-hyaluronic-acid-body-lotion.jpeg
7309,,,7314,product_featured,product-7314-eos-body-lotion-coconut-waters-16-fl-oz-473ml.jpg
7309,,,7314,product_featured,product-7314-eos-body-lotion-coconut-waters-16-fl-oz-473ml-02.jpg
7309,,,7313,product_gallery,product-7313-eos-body-lotion-coconut-waters-16-fl-oz-473ml-03.jpg
7309,,,7312,product_gallery,product-7312-eos-body-lotion-coconut-waters-16-fl-oz-473ml-04.jpg
7309,,,7311,product_gallery,product-7311-eos-body-lotion-coconut-waters-16-fl-oz-473ml-05.jpg
7323,,,7326,product_featured,product-7326-dr-teals-shea-sugar-prebiotic-lemon-balm-scrub.webp
7323,,,7327,product_gallery,product-7327-dr-teals-shea-sugar-prebiotic-lemon-balm-scrub-02.webp
7323,,,7326,product_featured,product-7326-dr-teals-shea-sugar-prebiotic-lemon-balm-scrub-03.webp
7323,,,7325,product_gallery,product-7325-dr-teals-shea-sugar-prebiotic-lemon-balm-scrub-04.webp
7323,,,7324,product_gallery,product-7324-dr-teals-shea-sugar-prebiotic-lemon-balm-scrub-05.webp
7328,,,7333,product_featured,product-7333-yglam-beauty-bronzer-pallete-bronzey.jpg
7328,,,7334,product_gallery,product-7334-yglam-beauty-bronzer-pallete-bronzey-02.jpg
7328,,,7335,product_gallery,product-7335-yglam-beauty-bronzer-pallete-bronzey-03.jpg
7515,,,7498,product_featured,product-7498-skincare-essentials-combo-deal-valentine-combo-deals.png
7515,,,7517,product_gallery,product-7517-skincare-essentials-combo-deal-valentine-combo-deals-02.jpg
7534,,,7500,product_featured,product-7500-hydartion-barrier-repair-combo-valentine-combo-deals.png
7534,,,7532,product_gallery,product-7532-hydartion-barrier-repair-combo-valentine-combo-deals-02.jpg
7535,,,7497,product_featured,product-7497-acne-blemish-fighter-set-valentine-combo-deals.png
7535,,,7526,product_gallery,product-7526-acne-blemish-fighter-set-valentine-combo-deals-02.jpg
7537,,,7494,product_featured,product-7494-exfoliating-and-moisturizing-body-combo-valentine-combo-deal.png
7537,,,7522,product_gallery,product-7522-exfoliating-and-moisturizing-body-combo-valentine-combo-deal-02.jpg
7539,,,7605,product_featured,product-7605-body-glow-brightening-combo-3-valentine-combo-deals.jpeg
7539,,,7523,product_gallery,product-7523-body-glow-brightening-combo-3-valentine-combo-deals-02.jpg
7542,,,7492,product_featured,product-7492-body-glow-brightening-combo-2-valentine-combo-deals.png
7542,,,7525,product_gallery,product-7525-body-glow-brightening-combo-2-valentine-combo-deals-02.jpg
7543,,,7499,product_featured,product-7499-body-glow-brightening-combo-1-bundle-deal.png
7543,,,7524,product_gallery,product-7524-body-glow-brightening-combo-1-bundle-deal-02.jpg
7544,,,7496,product_featured,product-7496-glow-radiance-bundle-for-hyperpigmentation-brightening-valen.png
7544,,,7529,product_gallery,product-7529-glow-radiance-bundle-for-hyperpigmentation-brightening-valen-02.jpg
7880,,,7883,product_featured,product-7883-eos-pink-champagne-body-wash.jpg
7885,,,7886,product_featured,product-7886-naturium-alpha-arbutin-serum-2-30ml.jpg
7885,,,7887,product_gallery,product-7887-naturium-alpha-arbutin-serum-2-30ml-02.jpg
7885,,,7888,product_gallery,product-7888-naturium-alpha-arbutin-serum-2-30ml-03.jpg
7885,,,7889,product_gallery,product-7889-naturium-alpha-arbutin-serum-2-30ml-04.jpg
7890,,,7928,product_featured,product-7928-tiam-vita-b3-mist-toner-6-76-fl-oz-200-ml.webp
7895,,,7897,product_featured,product-7897-vee-beauty-eyeshadow-palette-naked.jpg
7895,,,7898,product_gallery,product-7898-vee-beauty-eyeshadow-palette-naked-02.jpg
7899,,,7901,product_featured,product-7901-vee-beauty-eyeshadow-palette-nudes.jpg
7902,,,7909,product_featured,product-7909-eos-fresh-cozy-body-wash.jpg
7911,,,7906,product_featured,product-7906-eos-coconut-waters-body-wash.jpg
7912,,,7919,product_featured,product-7919-eos-shea-better-hand-cream.webp
7920,,,7922,product_featured,product-7922-eos-strawberry-dream-body-lotion.webp
7924,,,7926,product_featured,product-7926-tree-hut-shea-sugar-scrub-vanilla-510g.webp
7924,,,7927,product_gallery,product-7927-tree-hut-shea-sugar-scrub-vanilla-510g-02.webp
7924,,,7925,product_gallery,product-7925-tree-hut-shea-sugar-scrub-vanilla-510g-03.jpg
8533,,,8534,product_featured,product-8534-elastalift-dark-circle-eye-cream-collagen-peptide.jpeg
8618,,,8621,product_featured,product-8621-vee-beauty-concealer-palette.jpeg
8618,,,8622,product_gallery,product-8622-vee-beauty-concealer-palette-02.jpeg
8628,,,8630,product_featured,product-8630-eucerin-baby-eczema-relief-cream-body-wash-fragrance-free.jpeg
8628,,,8633,product_gallery,product-8633-eucerin-baby-eczema-relief-cream-body-wash-fragrance-free-02.jpeg
8628,,,8632,product_gallery,product-8632-eucerin-baby-eczema-relief-cream-body-wash-fragrance-free-03.jpeg
8628,,,8631,product_gallery,product-8631-eucerin-baby-eczema-relief-cream-body-wash-fragrance-free-04.jpeg
8634,,,11234,product_featured,product-11234-olay-super-serum-body-wash.jpeg
8634,,,8636,product_gallery,product-8636-olay-super-serum-body-wash-02.jpeg
8634,,,8637,product_gallery,product-8637-olay-super-serum-body-wash-03.jpeg
8634,,,8638,product_gallery,product-8638-olay-super-serum-body-wash-04.jpeg
8647,,,8643,product_featured,product-8643-la-roche-posay-lipikar-ap-triple-repair-moisturizing-cream.jpeg
8647,,,8641,product_gallery,product-8641-la-roche-posay-lipikar-ap-triple-repair-moisturizing-cream-02.jpeg
8647,,,8640,product_gallery,product-8640-la-roche-posay-lipikar-ap-triple-repair-moisturizing-cream-03.jpeg
8647,,,8642,product_gallery,product-8642-la-roche-posay-lipikar-ap-triple-repair-moisturizing-cream-04.jpeg
8648,,,8650,product_featured,product-8650-eos-vanilla-cashmere-body-wash.jpeg
8648,,,8651,product_gallery,product-8651-eos-vanilla-cashmere-body-wash-02.jpeg
8653,,,8655,product_featured,product-8655-eos-vanilla-cashmere-body-oil.jpeg
8659,,,8656,product_featured,product-8656-eos-vanilla-cashmere-whipped-oil-body-butter.jpeg
8659,,,8657,product_gallery,product-8657-eos-vanilla-cashmere-whipped-oil-body-butter-02.jpeg
8981,,,8982,product_featured,product-8982-kiss-beauty-makeup-fix-spray-green-tea.jpg
9187,,,19759,product_featured,product-19759-olay-tone-brightening-vitamin-c-serum-complex-body-wash.png
9678,,,10191,product_featured,product-10191-bm-pro-full-filter-foundation.jpeg
10216,,,10217,product_featured,product-10217-bm-pro-full-filter-pressed-powder.jpeg
10415,,,10416,product_featured,product-10416-anua-azelaic-acid-10-hyaluron.jpeg
10415,,,10418,product_gallery,product-10418-anua-azelaic-acid-10-hyaluron-02.jpeg
10419,,,10421,product_featured,product-10421-jumiso-brightening-balancing-facial-serum.webp
10419,,,10423,product_gallery,product-10423-jumiso-brightening-balancing-facial-serum-02.webp
10419,,,10422,product_gallery,product-10422-jumiso-brightening-balancing-facial-serum-03.webp
10476,,,10483,product_featured,product-10483-olay-aha-bha-body-wash.jpg
10476,,,10482,product_gallery,product-10482-olay-aha-bha-body-wash-02.jpg
10476,,,10480,product_gallery,product-10480-olay-aha-bha-body-wash-03.jpg
10476,,,10479,product_gallery,product-10479-olay-aha-bha-body-wash-04.jpg
10476,,,10478,product_gallery,product-10478-olay-aha-bha-body-wash-05.jpg
10476,,,10477,product_gallery,product-10477-olay-aha-bha-body-wash-06.jpg
10500,,,10503,product_featured,product-10503-bm-pro-24hrs-mattifying-makeup-primer.webp
10504,,,10510,product_featured,product-10510-bm-pro-gel-eyeliner-black-blue-green-wine.jpeg
10504,,,10514,product_gallery,product-10514-bm-pro-gel-eyeliner-black-blue-green-wine-02.jpeg
10504,,,10513,product_gallery,product-10513-bm-pro-gel-eyeliner-black-blue-green-wine-03.jpeg
10504,,,10512,product_gallery,product-10512-bm-pro-gel-eyeliner-black-blue-green-wine-04.jpeg
10504,,,10511,product_gallery,product-10511-bm-pro-gel-eyeliner-black-blue-green-wine-05.jpeg
10515,,,10517,product_featured,product-10517-bm-pro-volumizing-mascara.jpeg
10518,,,10519,product_featured,product-10519-bm-pro-vavavoom-mascara.jpeg
10522,,,10523,product_featured,product-10523-bm-pro-brow-shader-pencil.webp
10524,,,10525,product_featured,product-10525-bm-pro-coal-black-eye-pencil.jpeg
10532,,,10540,product_featured,product-10540-bm-pro-matte-lipstick.jpeg
10532,,,10542,product_gallery,product-10542-bm-pro-matte-lipstick-02.jpeg
10532,,,10541,product_gallery,product-10541-bm-pro-matte-lipstick-03.jpeg
10559,,,10560,product_featured,product-10560-bm-pro-creme-lipgloss.jpeg
10581,,,10582,product_featured,product-10582-bm-pro-longlasting-lipgloss.jpeg
10888,,,10893,product_featured,product-10893-medix-vitamin-c-niacinamide-body-wash.jpeg
10888,,,10891,product_gallery,product-10891-medix-vitamin-c-niacinamide-body-wash-02.webp
10888,,,10894,product_gallery,product-10894-medix-vitamin-c-niacinamide-body-wash-03.jpeg
10888,,,10896,product_gallery,product-10896-medix-vitamin-c-niacinamide-body-wash-04.jpeg
10888,,,10895,product_gallery,product-10895-medix-vitamin-c-niacinamide-body-wash-05.jpeg
11227,,,8635,product_featured,product-8635-olay-super-serum-body-wash-for.jpeg
11227,,,8636,product_gallery,product-8636-olay-super-serum-body-wash-for-02.jpeg
11227,,,8637,product_gallery,product-8637-olay-super-serum-body-wash-for-03.jpeg
11227,,,8638,product_gallery,product-8638-olay-super-serum-body-wash-for-04.jpeg
11341,,,11342,product_featured,product-11342-nineless-b-boost-1-kojic-acid-serum-30ml.jpeg
11341,,,11343,product_gallery,product-11343-nineless-b-boost-1-kojic-acid-serum-30ml-02.jpeg
11341,,,11344,product_gallery,product-11344-nineless-b-boost-1-kojic-acid-serum-30ml-03.jpeg
11341,,,11345,product_gallery,product-11345-nineless-b-boost-1-kojic-acid-serum-30ml-04.jpeg
11341,,,11346,product_gallery,product-11346-nineless-b-boost-1-kojic-acid-serum-30ml-05.jpeg
11348,,,11349,product_featured,product-11349-nineless-a-control-10-azelaic-acid-serum-30ml.jpeg
11348,,,11350,product_gallery,product-11350-nineless-a-control-10-azelaic-acid-serum-30ml-02.jpeg
11348,,,11351,product_gallery,product-11351-nineless-a-control-10-azelaic-acid-serum-30ml-03.jpeg
11348,,,11352,product_gallery,product-11352-nineless-a-control-10-azelaic-acid-serum-30ml-04.jpeg
11348,,,11353,product_gallery,product-11353-nineless-a-control-10-azelaic-acid-serum-30ml-05.jpeg
11698,,,19760,product_featured,product-19760-olay-vitamin-c-brightening-body-lotion.jpeg
11698,,,8668,product_gallery,product-8668-olay-vitamin-c-brightening-body-lotion-02.jpeg
11698,,,8667,product_gallery,product-8667-olay-vitamin-c-brightening-body-lotion-03.jpeg
11698,,,8666,product_gallery,product-8666-olay-vitamin-c-brightening-body-lotion-04.jpeg
11897,,,11899,product_featured,product-11899-viccabel-deluxe-pro-21-piece-makeup-brush-set.jpeg
11897,,,11898,product_gallery,product-11898-viccabel-deluxe-pro-21-piece-makeup-brush-set-02.jpeg
11901,,,11902,product_featured,product-11902-nineless-mela-pro-5-tranexamic-acid-serum-30ml.webp
11901,,,11903,product_gallery,product-11903-nineless-mela-pro-5-tranexamic-acid-serum-30ml-02.webp
11901,,,11904,product_gallery,product-11904-nineless-mela-pro-5-tranexamic-acid-serum-30ml-03.webp
11901,,,11905,product_gallery,product-11905-nineless-mela-pro-5-tranexamic-acid-serum-30ml-04.webp
12980,,,12981,product_featured,product-12981-eos-body-lotion-cr-me-de-pistachio.webp
13301,,,14506,product_featured,product-14506-skin-by-zaron-combo-deal.jpeg
13314,,,14515,product_featured,product-14515-dark-spots-hyperpigmentation-face-combo-deal-bundle.jpeg
13317,,,14511,product_featured,product-14511-medix-5-5-glow-bright-combo-deal.jpeg
13318,,,14509,product_featured,product-14509-acne-amp-blemish-fighter-combo-deal.jpeg
13319,,,14510,product_featured,product-14510-acne-amp-blemish-fighter-combo-deal-2.jpeg
13321,,,13322,product_featured,product-13322-eos-body-lotion-combo-deal.jpeg
13321,,,13322,product_featured,product-13322-eos-body-lotion-combo-deal-02.jpeg
13323,,,14508,product_featured,product-14508-good-molecules-blemish-discolouration-combo-deal-bundle.jpeg
13324,,,14507,product_featured,product-14507-hyperpigmentation-brightening-combo-deal-bundle.jpeg
13326,,,14514,product_featured,product-14514-hyperpigmentation-brightening-combo-deal-bundle.jpeg
13327,,,15777,product_featured,product-15777-olay-body-glow-combo-deal.jpeg
13327,,,13308,product_gallery,product-13308-olay-body-glow-combo-deal-02.jpeg
13887,,,13889,product_featured,product-13889-olay-brightening-exfoliating-face-cleanser-with-vitamin-c.jpg
13887,,,13891,product_gallery,product-13891-olay-brightening-exfoliating-face-cleanser-with-vitamin-c-02.jpg
13887,,,13890,product_gallery,product-13890-olay-brightening-exfoliating-face-cleanser-with-vitamin-c-03.jpg
13887,,,13892,product_gallery,product-13892-olay-brightening-exfoliating-face-cleanser-with-vitamin-c-04.jpg
13887,,,13893,product_gallery,product-13893-olay-brightening-exfoliating-face-cleanser-with-vitamin-c-05.jpg
13895,,,13897,product_featured,product-13897-skin-by-zaron-vitamin-c-face-cream.webp
13895,,,13896,product_gallery,product-13896-skin-by-zaron-vitamin-c-face-cream-02.webp
13895,,,13897,product_featured,product-13897-skin-by-zaron-vitamin-c-face-cream-03.webp
13901,,,13902,product_featured,product-13902-skin-by-zaron-2-alpha-arbutin-serum.webp
13903,,,13905,product_featured,product-13905-skin-by-zaron-7-glycolic-acid.webp
13903,,,13905,product_featured,product-13905-skin-by-zaron-7-glycolic-acid-02.webp
13903,,,13906,product_gallery,product-13906-skin-by-zaron-7-glycolic-acid-03.webp
13908,,,13909,product_featured,product-13909-skin-by-zaron-2-salicylic-acid-toner.webp
13917,,,13922,product_featured,product-13922-annies-beauty-eyeshadow-palettes.jpeg
13917,,,13923,product_gallery,product-13923-annies-beauty-eyeshadow-palettes-02.jpeg
13917,,,13922,product_featured,product-13922-annies-beauty-eyeshadow-palettes-03.jpeg
13917,,,13921,product_gallery,product-13921-annies-beauty-eyeshadow-palettes-04.jpeg
13917,,,13926,product_gallery,product-13926-annies-beauty-eyeshadow-palettes-05.jpeg
13917,,,13925,product_gallery,product-13925-annies-beauty-eyeshadow-palettes-06.jpeg
13917,,,13924,product_gallery,product-13924-annies-beauty-eyeshadow-palettes-07.jpeg
13917,,,13927,product_gallery,product-13927-annies-beauty-eyeshadow-palettes-08.jpeg
13917,,,13928,product_gallery,product-13928-annies-beauty-eyeshadow-palettes-09.jpeg
14352,,,14354,product_featured,product-14354-skin1004-madagascar-centella-tone-brightening-boosting-toner.webp
14352,,,14353,product_gallery,product-14353-skin1004-madagascar-centella-tone-brightening-boosting-toner-02.webp
15129,,,15132,product_featured,product-15132-olay-dark-spot-correcting-body-lotion-aha-vitamin-c.jpeg
15129,,,15131,product_gallery,product-15131-olay-dark-spot-correcting-body-lotion-aha-vitamin-c-02.jpeg
15129,,,15130,product_gallery,product-15130-olay-dark-spot-correcting-body-lotion-aha-vitamin-c-03.jpeg
15249,,,15252,product_featured,product-15252-la-roche-posay-effaclar-dual-acne-face-wash-with-4-benzoyl-p.jpeg
15249,,,15250,product_gallery,product-15250-la-roche-posay-effaclar-dual-acne-face-wash-with-4-benzoyl-p-02.jpeg
15249,,,15251,product_gallery,product-15251-la-roche-posay-effaclar-dual-acne-face-wash-with-4-benzoyl-p-03.jpeg
15249,,,15252,product_featured,product-15252-la-roche-posay-effaclar-dual-acne-face-wash-with-4-benzoyl-p-04.jpeg
15253,,,15254,product_featured,product-15254-la-roche-posay-lipikar-ap-gentle-foaming-moisturizing-wash.jpeg
15253,,,15254,product_featured,product-15254-la-roche-posay-lipikar-ap-gentle-foaming-moisturizing-wash-02.jpeg
15253,,,15255,product_gallery,product-15255-la-roche-posay-lipikar-ap-gentle-foaming-moisturizing-wash-03.jpeg
15253,,,15256,product_gallery,product-15256-la-roche-posay-lipikar-ap-gentle-foaming-moisturizing-wash-04.jpeg
15253,,,15257,product_gallery,product-15257-la-roche-posay-lipikar-ap-gentle-foaming-moisturizing-wash-05.jpeg
15253,,,15258,product_gallery,product-15258-la-roche-posay-lipikar-ap-gentle-foaming-moisturizing-wash-06.jpeg
15253,,,15259,product_gallery,product-15259-la-roche-posay-lipikar-ap-gentle-foaming-moisturizing-wash-07.jpeg
15467,,,15474,product_featured,product-15474-eos-cashmere-body-mist.webp
15467,,,15478,product_gallery,product-15478-eos-cashmere-body-mist-02.webp
15467,,,15477,product_gallery,product-15477-eos-cashmere-body-mist-03.webp
15467,,,15476,product_gallery,product-15476-eos-cashmere-body-mist-04.webp
15467,,,15475,product_gallery,product-15475-eos-cashmere-body-mist-05.webp
15467,,,15474,product_featured,product-15474-eos-cashmere-body-mist-06.webp
15467,,,15473,product_gallery,product-15473-eos-cashmere-body-mist-07.webp
15467,,,15472,product_gallery,product-15472-eos-cashmere-body-mist-08.webp
15467,,,15471,product_gallery,product-15471-eos-cashmere-body-mist-09.webp
15466,,,15747,product_featured,product-15747-25pskyn-liqueur-1-69fl-oz-50ml.jpeg
15466,,,15746,product_gallery,product-15746-25pskyn-liqueur-1-69fl-oz-50ml-02.jpeg
15466,,,15742,product_gallery,product-15742-25pskyn-liqueur-1-69fl-oz-50ml-03.jpeg
15752,,,15743,product_featured,product-15743-25pskyn-mandelactone-50ml.jpeg
15752,,,15749,product_gallery,product-15749-25pskyn-mandelactone-50ml-02.jpeg
15752,,,15742,product_gallery,product-15742-25pskyn-mandelactone-50ml-03.jpeg
15865,,,2730,product_featured,product-2730-embryolisse-lait-cream-moisturizer-30-ml.jpg
16331,,,16333,product_featured,product-16333-bolden-dark-spot-fix.webp
16438,,,16439,product_featured,product-16439-bolden-skin-clarifying-cleanser.webp
16438,,,16845,product_gallery,product-16845-bolden-skin-clarifying-cleanser-02.webp
16438,,,16846,product_gallery,product-16846-bolden-skin-clarifying-cleanser-03.webp
16438,,,16847,product_gallery,product-16847-bolden-skin-clarifying-cleanser-04.webp
16438,,,16848,product_gallery,product-16848-bolden-skin-clarifying-cleanser-05.webp
16438,,,16849,product_gallery,product-16849-bolden-skin-clarifying-cleanser-06.webp
16460,,,16461,product_featured,product-16461-hegai-esther-photo-perfect-pressed-powder.webp
16464,,,16453,product_featured,product-16453-hegai-esther-lipgloss.webp
16467,,,16468,product_featured,product-16468-hegai-esther-artstick-matte-liquid-lipstick.webp
16482,,,16498,product_featured,product-16498-eos-cashmere-body-lotion-holiday-collection.webp
16482,,,16499,product_gallery,product-16499-eos-cashmere-body-lotion-holiday-collection-02.webp
16482,,,16496,product_gallery,product-16496-eos-cashmere-body-lotion-holiday-collection-03.webp
16482,,,16495,product_gallery,product-16495-eos-cashmere-body-lotion-holiday-collection-04.webp
16482,,,16494,product_gallery,product-16494-eos-cashmere-body-lotion-holiday-collection-05.webp
16482,,,16493,product_gallery,product-16493-eos-cashmere-body-lotion-holiday-collection-06.webp
16482,,,16492,product_gallery,product-16492-eos-cashmere-body-lotion-holiday-collection-07.webp
16482,,,16491,product_gallery,product-16491-eos-cashmere-body-lotion-holiday-collection-08.webp
16482,,,16490,product_gallery,product-16490-eos-cashmere-body-lotion-holiday-collection-09.webp
16519,,,16520,product_featured,product-16520-hegai-esther-powder-foundation.webp
16529,,,16530,product_featured,product-16530-hegai-esther-photo-perfect-liquid-foundation.webp
16543,,,16544,product_featured,product-16544-hegai-esther-photo-perfect-concealer.webp
16557,,,16558,product_featured,product-16558-flash-drops-liquid-highlighter.jpeg
16555,,,16556,product_featured,product-16556-hegai-esther-lip-definer.jpeg
16441,,,16789,product_featured,product-16789-bolden-brightening-moisturizer-spf-30-with-vitamin-c.webp
16441,,,16790,product_gallery,product-16790-bolden-brightening-moisturizer-spf-30-with-vitamin-c-02.webp
16441,,,16792,product_gallery,product-16792-bolden-brightening-moisturizer-spf-30-with-vitamin-c-03.webp
16441,,,16791,product_gallery,product-16791-bolden-brightening-moisturizer-spf-30-with-vitamin-c-04.webp
16820,,,16819,product_featured,product-16819-eucerin-roughness-relief-smoothing-lotion.webp
16821,,,16822,product_featured,product-16822-eucerin-eczema-relief-cream.webp
16825,,,16826,product_featured,product-16826-eucerin-intensive-repair-lotion.webp
16443,,,16843,product_featured,product-16843-bolden-skin-brightening-toner.webp
16443,,,16841,product_gallery,product-16841-bolden-skin-brightening-toner-02.webp
16443,,,16842,product_gallery,product-16842-bolden-skin-brightening-toner-03.webp
16443,,,16843,product_featured,product-16843-bolden-skin-brightening-toner-04.webp
16443,,,16844,product_gallery,product-16844-bolden-skin-brightening-toner-05.webp
16445,,,16852,product_featured,product-16852-sylvimak-smooth-affair-finishing-powder-palette.webp
16445,,,16853,product_gallery,product-16853-sylvimak-smooth-affair-finishing-powder-palette-02.jpg
16445,,,16852,product_featured,product-16852-sylvimak-smooth-affair-finishing-powder-palette-03.webp
16966,,,16968,product_featured,product-16968-25pskyn-uv-warrior-spf-50-broad-spectrum-sunscreen-150ml.webp
16969,,,16970,product_featured,product-16970-yglam-cheeksy-cream-blush-palette.webp
16971,,,16972,product_featured,product-16972-yglam-cheesksy-powder-blush-palette.webp
17476,,,17477,product_featured,product-17477-vaseline-clinical-care-dry-hands-rescue.jpeg
17476,,,17477,product_featured,product-17477-vaseline-clinical-care-dry-hands-rescue-02.jpeg
17478,,,17479,product_featured,product-17479-vaseline-glazed-and-glisten-shimmering-oil.jpeg
17491,,,17544,product_featured,product-17544-aquaphor-immediate-relief-lip-repair-balm-2pack.webp
17494,,,17578,product_featured,product-17578-neutrogena-oil-free-acne-wash-pink-grapefruit-foaming-scrub.webp
17496,,,17502,product_featured,product-17502-neutrogena-oil-free-acne-wash-pink-grapefruit-facial-cleanse.jpeg
17503,,,17504,product_featured,product-17504-eos-shave-oil.jpeg
17503,,,17504,product_featured,product-17504-eos-shave-oil-02.jpeg
17503,,,17505,product_gallery,product-17505-eos-shave-oil-03.jpeg
17503,,,17506,product_gallery,product-17506-eos-shave-oil-04.jpeg
17510,,,17511,product_featured,product-17511-good-molecules-caffeine-energizing-hydrogel-eye-patches.jpeg
17487,,,17488,product_featured,product-17488-olay-super-serum-body-lotion.jpeg
17487,,,17489,product_gallery,product-17489-olay-super-serum-body-lotion-02.jpeg
16532,,,16533,product_featured,product-16533-hegai-esther-velvet-matte-lipstick.webp
17601,,,17499,product_featured,product-17499-neutrogena-oil-free-acne-wash-with-salicylic-acid-fragrance-.jpeg
17663,,,17664,product_featured,product-17664-sun-bum-kids-spf-50-clear-sunscreen-stick.webp
17665,,,17667,product_featured,product-17667-sun-bum-kids-spf-50-clear-sunscreen-lotion.jpeg
17860,,,17863,product_featured,product-17863-tola-banks-beauty-brush-set.jpeg
17860,,,17862,product_gallery,product-17862-tola-banks-beauty-brush-set-02.jpeg
17860,,,17863,product_featured,product-17863-tola-banks-beauty-brush-set-03.jpeg
17860,,,17864,product_gallery,product-17864-tola-banks-beauty-brush-set-04.jpeg
17860,,,17865,product_gallery,product-17865-tola-banks-beauty-brush-set-05.jpeg
17860,,,17866,product_gallery,product-17866-tola-banks-beauty-brush-set-06.jpeg
18359,,,18360,product_featured,product-18360-skin1004-madagascar-centella-tone-brightening-ampoule.webp
18407,,,18411,product_featured,product-18411-olay-salicylic-acid-body-wash-530ml.webp
18407,,,18408,product_gallery,product-18408-olay-salicylic-acid-body-wash-530ml-02.webp
18407,,,18409,product_gallery,product-18409-olay-salicylic-acid-body-wash-530ml-03.webp
18407,,,18411,product_featured,product-18411-olay-salicylic-acid-body-wash-530ml-04.webp
18407,,,18410,product_gallery,product-18410-olay-salicylic-acid-body-wash-530ml-05.webp
18477,,,18478,product_featured,product-18478-pan0xyl-blemish-aftercare-brightening-patches.jpeg
18477,,,18479,product_gallery,product-18479-pan0xyl-blemish-aftercare-brightening-patches-02.jpeg
18477,,,18480,product_gallery,product-18480-pan0xyl-blemish-aftercare-brightening-patches-03.jpeg
18477,,,18481,product_gallery,product-18481-pan0xyl-blemish-aftercare-brightening-patches-04.jpeg
18482,,,18483,product_featured,product-18483-panoxyl-overnight-spot-patches.jpeg
18488,,,18490,product_featured,product-18490-cosrx-the-6-peptide-skin-booster.jpeg
18632,,,18672,product_featured,product-18672-tiam-vita-b5-toner.webp
18636,,,18634,product_featured,product-18634-tiam-alpha-5-mela-care-cream.webp
18638,,,18639,product_featured,product-18639-tiam-snail-azulene-low-ph-cleanser.jpeg
18642,,,18643,product_featured,product-18643-dr-althea-345-relief-cream.jpeg
18642,,,18644,product_gallery,product-18644-dr-althea-345-relief-cream-02.jpeg
18642,,,18643,product_featured,product-18643-dr-althea-345-relief-cream-03.jpeg
18649,,,18650,product_featured,product-18650-25pskyn-trio-pskyn-cleanser-250ml.jpeg
18645,,,18675,product_featured,product-18675-dr-althea-gentle-vitamin-c-serum.webp
18645,,,18675,product_featured,product-18675-dr-althea-gentle-vitamin-c-serum-02.webp
18645,,,18676,product_gallery,product-18676-dr-althea-gentle-vitamin-c-serum-03.webp
18645,,,18677,product_gallery,product-18677-dr-althea-gentle-vitamin-c-serum-04.webp
18735,,,18736,product_featured,product-18736-cerave-renewing-sa-cleanser.webp
18738,,,18739,product_featured,product-18739-cerave-foaming-facial-cleanser.webp
18738,,,18740,product_gallery,product-18740-cerave-foaming-facial-cleanser-02.webp
18738,,,18741,product_gallery,product-18741-cerave-foaming-facial-cleanser-03.jpeg
18742,,,18744,product_featured,product-18744-cerave-hydrating-facial-cleanser.webp
18742,,,18744,product_featured,product-18744-cerave-hydrating-facial-cleanser-02.webp
18742,,,18745,product_gallery,product-18745-cerave-hydrating-facial-cleanser-03.webp
18742,,,18746,product_gallery,product-18746-cerave-hydrating-facial-cleanser-04.jpeg
18742,,,18747,product_gallery,product-18747-cerave-hydrating-facial-cleanser-05.webp
18748,,,18749,product_featured,product-18749-palmers-cocoa-butter-formula-tahitian-vanilla-body-lotion.jpeg
18748,,,18749,product_featured,product-18749-palmers-cocoa-butter-formula-tahitian-vanilla-body-lotion-02.jpeg
18748,,,18750,product_gallery,product-18750-palmers-cocoa-butter-formula-tahitian-vanilla-body-lotion-03.jpeg
18752,,,18753,product_featured,product-18753-roc-derm-correxion-retinol-firming-serum-stick.webp
18752,,,18753,product_featured,product-18753-roc-derm-correxion-retinol-firming-serum-stick-02.webp
18752,,,18754,product_gallery,product-18754-roc-derm-correxion-retinol-firming-serum-stick-03.webp
18752,,,18755,product_gallery,product-18755-roc-derm-correxion-retinol-firming-serum-stick-04.webp
18756,,,18757,product_featured,product-18757-differin-0-1-adapalene-gel-treatment.webp
18756,,,18757,product_featured,product-18757-differin-0-1-adapalene-gel-treatment-02.webp
18834,,,18835,product_featured,product-18835-cerave-resurfacing-retinol-serum.webp
18834,,,18835,product_featured,product-18835-cerave-resurfacing-retinol-serum-02.webp
18834,,,18836,product_gallery,product-18836-cerave-resurfacing-retinol-serum-03.webp
18834,,,18837,product_gallery,product-18837-cerave-resurfacing-retinol-serum-04.jpeg
18838,,,23923,product_featured,product-23923-cerave-acne-control-cleanser-16fl.jpeg
18843,,,18844,product_featured,product-18844-olay-super-serum-body-cream.jpeg
18893,,,18896,product_featured,product-18896-hegai-esther-culture-mix-palette.jpeg
18893,,,18894,product_gallery,product-18894-hegai-esther-culture-mix-palette-02.jpeg
18893,,,18895,product_gallery,product-18895-hegai-esther-culture-mix-palette-03.png
18893,,,18896,product_featured,product-18896-hegai-esther-culture-mix-palette-04.jpeg
18897,,,18901,product_featured,product-18901-hegai-esther-earthen-magic-palette.jpeg
18897,,,18901,product_featured,product-18901-hegai-esther-earthen-magic-palette-02.jpeg
18897,,,18899,product_gallery,product-18899-hegai-esther-earthen-magic-palette-03.jpeg
18897,,,18900,product_gallery,product-18900-hegai-esther-earthen-magic-palette-04.jpeg
19224,,,19225,product_featured,product-19225-isntree-hylauronic-acid-moist-cream.jpeg
19224,,,19225,product_featured,product-19225-isntree-hylauronic-acid-moist-cream-02.jpeg
19572,,,19573,product_featured,product-19573-25pskyn-pigma-blend-cream.webp
19575,,,19577,product_featured,product-19577-25pskyn-kojitrinol-pads.webp
19575,,,19576,product_gallery,product-19576-25pskyn-kojitrinol-pads-02.webp
19575,,,19577,product_featured,product-19577-25pskyn-kojitrinol-pads-03.webp
19579,,,19580,product_featured,product-19580-25pskyn-trinity-pads.webp
19653,,,19654,product_featured,product-19654-olay-total-effects-revitalizing-foaming-face-cleanser.jpeg
19653,,,19654,product_featured,product-19654-olay-total-effects-revitalizing-foaming-face-cleanser-02.jpeg
19653,,,19655,product_gallery,product-19655-olay-total-effects-revitalizing-foaming-face-cleanser-03.jpeg
19656,,,19657,product_featured,product-19657-olay-bump-erasing-exfoliating-body-wash.webp
19656,,,19657,product_featured,product-19657-olay-bump-erasing-exfoliating-body-wash-02.webp
19658,,,19659,product_featured,product-19659-annies-beauty-cheek-sensation-volume-2-blush-palette.webp
19658,,,19659,product_featured,product-19659-annies-beauty-cheek-sensation-volume-2-blush-palette-02.webp
19658,,,19660,product_gallery,product-19660-annies-beauty-cheek-sensation-volume-2-blush-palette-03.webp
19738,,,19739,product_featured,product-19739-zaron-longwear-gel-eyeliner.jpeg
19754,,,19755,product_featured,product-19755-mila-5-in-1-lashes.jpeg
19756,,,19757,product_featured,product-19757-wynkk-5-in-1-lashes-match-me-up.webp
19858,,,19859,product_featured,product-19859-la-roche-posay-toleriane-purifying-foaming-cleanser.jpeg
19860,,,19862,product_featured,product-19862-palmers-tahitian-vanilla-moisture-drenching-body-oil.jpeg
19863,,,19864,product_featured,product-19864-palmers-brazilian-coco-firming-bum-bust-body-oil.jpeg
20187,,,20189,product_featured,product-20189-panoxyl-acne-banishing-body-spray.jpeg
20187,,,20188,product_gallery,product-20188-panoxyl-acne-banishing-body-spray-02.jpeg
20187,,,20189,product_featured,product-20189-panoxyl-acne-banishing-body-spray-03.jpeg
20525,,,20526,product_featured,product-20526-beauty-by-ad-dew-drop-foundation.jpeg
20539,,,20541,product_featured,product-20541-beauty-by-ad-lip-luxe-potion-lip-oil.jpeg
20546,,,20547,product_featured,product-20547-beauty-by-ad-ethereal-essence-lipgloss.jpeg
20568,,,20569,product_featured,product-20569-tehila-air-brush-primer.webp
20595,,,20643,product_featured,product-20643-tola-banks-beauty-lipgloss.jpeg
20595,,,20643,product_featured,product-20643-tola-banks-beauty-lipgloss-02.jpeg
20595,,,20644,product_gallery,product-20644-tola-banks-beauty-lipgloss-03.jpeg
20616,,,20617,product_featured,product-20617-blossom-makeup-moist-essence-moisturizer.jpeg
20622,,,20624,product_featured,product-20624-uncover-green-tea-revitalizing-cleanser.jpeg
20625,,,20626,product_featured,product-20626-uncover-mini-green-tea-revitalizing-cleanser.webp
20627,,,20628,product_featured,product-20628-uncover-argan-hydrating-moisturizer.jpeg
20627,,,20629,product_gallery,product-20629-uncover-argan-hydrating-moisturizer-02.jpeg
20627,,,20630,product_gallery,product-20630-uncover-argan-hydrating-moisturizer-03.jpeg
20632,,,20633,product_featured,product-20633-uncover-mini-argan-hydrating-moisturizer.jpeg
20634,,,20636,product_featured,product-20636-uncover-mini-aloe-invincible-sunscreen.jpeg
20637,,,20638,product_featured,product-20638-uncover-aloe-invincible-sunscreen.jpeg
20637,,,20639,product_gallery,product-20639-uncover-aloe-invincible-sunscreen-02.jpeg
20637,,,20640,product_gallery,product-20640-uncover-aloe-invincible-sunscreen-03.jpeg
20637,,,20641,product_gallery,product-20641-uncover-aloe-invincible-sunscreen-04.jpeg
20647,,,20648,product_featured,product-20648-single-tray-makeup-chair.webp
20770,,,20868,product_featured,product-20868-classic-makeup-mattifying-face-primer.webp
20773,,,20774,product_featured,product-20774-blossom-makeup-pretty-pout-lip-palette.webp
21659,,,21665,product_featured,product-21665-skin-by-zaron-glow-hydrating-body-oil.webp
21659,,,21664,product_gallery,product-21664-skin-by-zaron-glow-hydrating-body-oil-02.webp
21659,,,21665,product_featured,product-21665-skin-by-zaron-glow-hydrating-body-oil-03.webp
21820,,,21821,product_featured,product-21821-eos-cr-me-de-pistachio-body-wash.jpeg
21822,,,21823,product_featured,product-21823-alpha-skincare-essential-renewal-cream-10-glycolic-aha.webp
21824,,,21825,product_featured,product-21825-alpha-skincare-intensive-renewal-serum-14-glycolic-aha.webp
21827,,,21828,product_featured,product-21828-topicrem-mela-unifying-ultra-moisturizing-milk-500ml.webp
21830,,,21831,product_featured,product-21831-naturium-urea-5-body-serum.webp
21854,,,21855,product_featured,product-21855-anua-niacinamide-5-txa-brightening-pad.webp
21856,,,21857,product_featured,product-21857-good-molecules-hydrating-gel-moisturizer-with-electrolytes.jpeg
21858,,,21859,product_featured,product-21859-acwell-licorice-ph-balancing-cleansing-toner-300ml.jpeg
21860,,,21869,product_featured,product-21869-topicrem-mela-unifying-ultra-moisturizing-milk-200ml.jpeg
21976,,,21977,product_featured,product-21977-good-molecules-yuzu-blemish-gel-cream.jpeg
23464,,,23467,product_featured,product-23467-la-roche-posay-cicaplast-balm-b5.jpeg
23464,,,23465,product_gallery,product-23465-la-roche-posay-cicaplast-balm-b5-02.jpeg
23464,,,23471,product_gallery,product-23471-la-roche-posay-cicaplast-balm-b5-03.jpeg
23464,,,23470,product_gallery,product-23470-la-roche-posay-cicaplast-balm-b5-04.jpeg
23464,,,23469,product_gallery,product-23469-la-roche-posay-cicaplast-balm-b5-05.jpeg
23464,,,23468,product_gallery,product-23468-la-roche-posay-cicaplast-balm-b5-06.jpeg
23464,,,23467,product_featured,product-23467-la-roche-posay-cicaplast-balm-b5-07.jpeg
23464,,,23466,product_gallery,product-23466-la-roche-posay-cicaplast-balm-b5-08.jpeg
23521,,,23523,product_featured,product-23523-uncover-baobab-glow-c-serum.jpg
23521,,,23524,product_gallery,product-23524-uncover-baobab-glow-c-serum-02.jpg
23521,,,23523,product_featured,product-23523-uncover-baobab-glow-c-serum-03.jpg
23868,,,23869,product_featured,product-23869-anua-rice-70-glow-milky-toner-250ml.webp
23957,,,14511,product_featured,product-14511-medix-5-5-glow-bright-combo-deal-copy.jpeg
24052,,,24053,product_featured,product-24053-25pskyn-hydragenesis-moisturizer.webp
24654,,,24655,product_featured,product-24655-acwell-licorice-ph-balancing-extreme-moisture-cream-55ml.jpeg
24654,,,24656,product_gallery,product-24656-acwell-licorice-ph-balancing-extreme-moisture-cream-55ml-02.jpeg
24654,,,24657,product_gallery,product-24657-acwell-licorice-ph-balancing-extreme-moisture-cream-55ml-03.jpeg
25089,,,25090,product_featured,product-25090-medix-glow-bundle.png
25092,,,25098,product_featured,product-25098-eos-bundle-deal.png
25095,,,25097,product_featured,product-25097-skin-by-zaron-body-glow-bundle.png
25099,,,25100,product_featured,product-25100-olay-body-glow-bundle-deal.png
25109,,,25110,product_featured,product-25110-25pskyn-grade-1-grade-2-acne-bundle.png
25111,,,25112,product_featured,product-25112-25pskyn-grade-3-4-acne-bundle.png
25113,,,25114,product_featured,product-25114-25pskyn-mixed-hyperpigmentation-bundle-deal.png
25115,,,25116,product_featured,product-25116-25pskyn-superficial-hyperpigmetation-bundle-deal.png
25117,,,25118,product_featured,product-25118-25pskyn-post-inflammatory-hyperpigmentation.png
25119,,,25120,product_featured,product-25120-skin-by-zaron-face-body-sun-block.webp
25122,,,25123,product_featured,product-25123-differin-epiduo-acne-gel.webp
25129,,,25130,product_featured,product-25130-differin-dark-spot-correcting-serum.webp
25217,,,25218,product_featured,product-25218-beauty-line-by-didi-lash-climax-mascara.webp
25219,,,25220,product_featured,product-25220-sylvimak-twinkle-town-eyeshadow-palette.jpeg
25366,,,25367,product_featured,product-25367-eos-body-lotion-beach-waves.jpeg
25372,,,25373,product_featured,product-25373-eos-cashmere-whipped-oil-butter-cr-me-de-pistachio.jpeg
25374,,,25375,product_featured,product-25375-eos-cashmere-whipped-oil-butter-pink-champagne.jpeg
25371,,,25416,product_featured,product-25416-eos-body-lotion-toasted-marshmallow.webp
65,440,,444,variant_image,variant-444-hegai-esther-matte-liquid-lipstick-variant.jpeg
65,441,,445,variant_image,variant-445-hegai-esther-matte-liquid-lipstick-variant-02.jpeg
65,442,,446,variant_image,variant-446-hegai-esther-matte-liquid-lipstick-variant-03.jpeg
65,443,,447,variant_image,variant-447-hegai-esther-matte-liquid-lipstick-variant-04.jpeg
65,448,,449,variant_image,variant-449-hegai-esther-matte-liquid-lipstick-variant-05.jpeg
63,451,,455,variant_image,variant-455-hegai-esther-lip-gloss-variant.jpg
63,452,,456,variant_image,variant-456-hegai-esther-lip-gloss-variant-02.jpeg
63,453,,457,variant_image,variant-457-hegai-esther-lip-gloss-variant-03.jpg
63,454,,458,variant_image,variant-458-hegai-esther-lip-gloss-variant-04.jpeg
62,461,,464,variant_image,variant-464-hegai-esther-eyebrow-definer-variant.jpeg
62,462,,465,variant_image,variant-465-hegai-esther-eyebrow-definer-variant-02.jpeg
62,463,,466,variant_image,variant-466-hegai-esther-eyebrow-definer-variant-03.jpeg
61,468,,475,variant_image,variant-475-nuban-beauty-in-my-skin-foundation-variant.webp
61,469,,476,variant_image,variant-476-nuban-beauty-in-my-skin-foundation-variant-02.webp
61,470,,477,variant_image,variant-477-nuban-beauty-in-my-skin-foundation-variant-03.webp
61,471,,478,variant_image,variant-478-nuban-beauty-in-my-skin-foundation-variant-04.webp
61,472,,479,variant_image,variant-479-nuban-beauty-in-my-skin-foundation-variant-05.webp
61,473,,480,variant_image,variant-480-nuban-beauty-in-my-skin-foundation-variant-06.webp
61,474,,481,variant_image,variant-481-nuban-beauty-in-my-skin-foundation-variant-07.webp
60,488,,498,variant_image,variant-498-nuban-beauty-in-my-skin-concealer-variant.webp
60,489,,499,variant_image,variant-499-nuban-beauty-in-my-skin-concealer-variant-02.webp
60,490,,500,variant_image,variant-500-nuban-beauty-in-my-skin-concealer-variant-03.webp
60,491,,501,variant_image,variant-501-nuban-beauty-in-my-skin-concealer-variant-04.webp
60,492,,502,variant_image,variant-502-nuban-beauty-in-my-skin-concealer-variant-05.webp
60,493,,503,variant_image,variant-503-nuban-beauty-in-my-skin-concealer-variant-06.webp
60,494,,504,variant_image,variant-504-nuban-beauty-in-my-skin-concealer-variant-07.webp
60,495,,505,variant_image,variant-505-nuban-beauty-in-my-skin-concealer-variant-08.webp
60,496,,506,variant_image,variant-506-nuban-beauty-in-my-skin-concealer-variant-09.webp
60,497,,507,variant_image,variant-507-nuban-beauty-in-my-skin-concealer-variant-10.webp
55,551,,553,variant_image,variant-553-nuban-beauty-d-glow-loose-highlighter-variant.webp
55,552,,554,variant_image,variant-554-nuban-beauty-d-glow-loose-highlighter-variant-02.webp
54,558,,568,variant_image,variant-568-nuban-beauty-finishing-powder-variant.webp
54,559,,569,variant_image,variant-569-nuban-beauty-finishing-powder-variant-02.webp
54,560,,570,variant_image,variant-570-nuban-beauty-finishing-powder-variant-03.webp
54,561,,571,variant_image,variant-571-nuban-beauty-finishing-powder-variant-04.webp
54,562,,572,variant_image,variant-572-nuban-beauty-finishing-powder-variant-05.webp
54,563,,573,variant_image,variant-573-nuban-beauty-finishing-powder-variant-06.webp
54,564,,574,variant_image,variant-574-nuban-beauty-finishing-powder-variant-07.webp
54,565,,575,variant_image,variant-575-nuban-beauty-finishing-powder-variant-08.webp
54,566,,576,variant_image,variant-576-nuban-beauty-finishing-powder-variant-09.webp
54,567,,577,variant_image,variant-577-nuban-beauty-finishing-powder-variant-10.webp
53,583,,586,variant_image,variant-586-nuban-beauty-oil-control-setting-powder-variant.webp
53,584,,587,variant_image,variant-587-nuban-beauty-oil-control-setting-powder-variant-02.webp
53,585,,588,variant_image,variant-588-nuban-beauty-oil-control-setting-powder-variant-03.webp
52,591,,597,variant_image,variant-597-yanga-beauty-smooth-match-concealer-variant.webp
52,592,,598,variant_image,variant-598-yanga-beauty-smooth-match-concealer-variant-02.webp
52,593,,599,variant_image,variant-599-yanga-beauty-smooth-match-concealer-variant-03.webp
52,594,,600,variant_image,variant-600-yanga-beauty-smooth-match-concealer-variant-04.webp
52,595,,601,variant_image,variant-601-yanga-beauty-smooth-match-concealer-variant-05.webp
52,596,,602,variant_image,variant-602-yanga-beauty-smooth-match-concealer-variant-06.webp
51,605,,608,variant_image,variant-608-yanga-beauty-blurfect-loose-powder-variant.jpg
51,606,,609,variant_image,variant-609-yanga-beauty-blurfect-loose-powder-variant-02.jpg
51,607,,610,variant_image,variant-610-yanga-beauty-blurfect-loose-powder-variant-03.jpg
49,619,,624,variant_image,variant-624-merak-cosmetics-setting-powder-variant.jpg
49,620,,625,variant_image,variant-625-merak-cosmetics-setting-powder-variant-02.jpg
49,621,,626,variant_image,variant-626-merak-cosmetics-setting-powder-variant-03.jpg
49,622,,627,variant_image,variant-627-merak-cosmetics-setting-powder-variant-04.jpg
35,757,,760,variant_image,variant-760-beauty-by-ad-lip-stain-variant.jpg
35,758,,761,variant_image,variant-761-beauty-by-ad-lip-stain-variant-02.jpg
35,759,,762,variant_image,variant-762-beauty-by-ad-lip-stain-variant-03.jpg
23,922,,924,variant_image,variant-924-tehila-blush-highlighter-palatte-variant.jpeg
23,923,,925,variant_image,variant-925-tehila-blush-highlighter-palatte-variant-02.webp
22,926,,928,variant_image,variant-928-tehila-rosy-cheek-blush-palette-variant.jpg
22,927,,929,variant_image,variant-929-tehila-rosy-cheek-blush-palette-variant-02.jpg
118,1067,,1070,variant_image,variant-1070-luzta-eye-shadow-variant.jpg
118,1068,,1069,variant_image,variant-1069-luzta-eye-shadow-variant-02.jpg
108,1131,,1134,variant_image,variant-1134-wynkkk-beauty-16-in-1-lashes-variant.jpg
108,1132,,1135,variant_image,variant-1135-wynkkk-beauty-16-in-1-lashes-variant-02.jpg
106,1141,,4009,variant_image,variant-4009-wynkkk-beauty-20-in-1-lashes-variant.jpeg
106,1142,,4007,variant_image,variant-4007-wynkkk-beauty-20-in-1-lashes-variant-02.jpeg
92,1419,,1428,variant_image,variant-1428-omaricode-lip-moisturizing-oil-variant.webp
92,1420,,1429,variant_image,variant-1429-omaricode-lip-moisturizing-oil-variant-02.webp
90,1430,,1432,variant_image,variant-1432-omaricode-skin-mist-100ml-variant.jpg
90,1431,,1433,variant_image,variant-1433-omaricode-skin-mist-100ml-variant-02.jpg
87,1443,,1564,variant_image,variant-1564-sooo-pro-lip-gloss-variant.jpg
87,1444,,1565,variant_image,variant-1565-sooo-pro-lip-gloss-variant-02.jpg
87,1445,,1566,variant_image,variant-1566-sooo-pro-lip-gloss-variant-03.jpg
87,1446,,1567,variant_image,variant-1567-sooo-pro-lip-gloss-variant-04.jpg
87,1447,,1568,variant_image,variant-1568-sooo-pro-lip-gloss-variant-05.jpg
86,1448,,1571,variant_image,variant-1571-sooo-pro-lipstain-variant.jpg
86,1449,,1572,variant_image,variant-1572-sooo-pro-lipstain-variant-02.jpg
86,1450,,1573,variant_image,variant-1573-sooo-pro-lipstain-variant-03.jpg
86,1451,,1574,variant_image,variant-1574-sooo-pro-lipstain-variant-04.jpg
86,1452,,1575,variant_image,variant-1575-sooo-pro-lipstain-variant-05.jpg
86,1453,,1576,variant_image,variant-1576-sooo-pro-lipstain-variant-06.jpg
69,1505,,1608,variant_image,variant-1608-msmetics-14in1-lash-set-variant.jpg
69,1506,,1609,variant_image,variant-1609-msmetics-14in1-lash-set-variant-02.jpg
69,1507,,1610,variant_image,variant-1610-msmetics-14in1-lash-set-variant-03.jpg
69,1508,,1611,variant_image,variant-1611-msmetics-14in1-lash-set-variant-04.jpg
69,1509,,1612,variant_image,variant-1612-msmetics-14in1-lash-set-variant-05.jpg
67,1615,,1616,variant_image,variant-1616-msmetics-sealowatt-variant.jpg
66,1618,,1629,variant_image,variant-1629-msmetics-glazed-dewy-balm-variant.jpg
66,1619,,1628,variant_image,variant-1628-msmetics-glazed-dewy-balm-variant-02.jpg
66,1620,,1626,variant_image,variant-1626-msmetics-glazed-dewy-balm-variant-03.jpg
66,1621,,1625,variant_image,variant-1625-msmetics-glazed-dewy-balm-variant-04.jpg
66,1622,,1624,variant_image,variant-1624-msmetics-glazed-dewy-balm-variant-05.jpg
25,909,,5958,variant_image,variant-5958-sylvimak-oil-free-foundation-variant.jpeg
25,910,,5958,variant_image,variant-5958-sylvimak-oil-free-foundation-variant-02.jpeg
25,911,,5958,variant_image,variant-5958-sylvimak-oil-free-foundation-variant-03.jpeg
25,912,,5958,variant_image,variant-5958-sylvimak-oil-free-foundation-variant-04.jpeg
25,913,,5958,variant_image,variant-5958-sylvimak-oil-free-foundation-variant-05.jpeg
25,914,,5958,variant_image,variant-5958-sylvimak-oil-free-foundation-variant-06.jpeg
25,915,,5958,variant_image,variant-5958-sylvimak-oil-free-foundation-variant-07.jpeg
25,916,,5958,variant_image,variant-5958-sylvimak-oil-free-foundation-variant-08.jpeg
2376,2378,,2380,variant_image,variant-2380-ben-nye-clown-white-variant.jpg
2376,2377,,2379,variant_image,variant-2379-ben-nye-clown-white-variant-02.jpg
66,3972,,3974,variant_image,variant-3974-msmetics-glazed-dewy-balm-variant-06.jpeg
107,3995,,3996,variant_image,variant-3996-wynkkk-beauty-10-in-1-lashes-variant.jpeg
107,3999,,3997,variant_image,variant-3997-wynkkk-beauty-10-in-1-lashes-variant-02.jpeg
106,4003,,4006,variant_image,variant-4006-wynkkk-beauty-20-in-1-lashes-variant-03.jpeg
106,4002,,4010,variant_image,variant-4010-wynkkk-beauty-20-in-1-lashes-variant-04.jpeg
106,4001,,4005,variant_image,variant-4005-wynkkk-beauty-20-in-1-lashes-variant-05.jpeg
4038,4040,,4042,variant_image,variant-4042-sooo-pro-extra-dimensions-highlighter-compact-variant.jpeg
4038,4041,,4043,variant_image,variant-4043-sooo-pro-extra-dimensions-highlighter-compact-variant-02.jpeg
1813,4668,,1817,variant_image,variant-1817-zaron-luxurious-lip-gloss-variant.jpg
1813,4669,,1414,variant_image,variant-1414-zaron-luxurious-lip-gloss-variant-02.jpg
4682,4693,,4678,variant_image,variant-4678-tree-hut-foaming-gel-wash-variant.jpeg
4682,4694,,4691,variant_image,variant-4691-tree-hut-foaming-gel-wash-variant-02.jpeg
4682,4695,,4692,variant_image,variant-4692-tree-hut-foaming-gel-wash-variant-03.jpeg
4682,4696,,4686,variant_image,variant-4686-tree-hut-foaming-gel-wash-variant-04.jpeg
4697,4698,,4687,variant_image,variant-4687-tree-hut-whipped-body-butter-variant.jpeg
4697,4699,,4689,variant_image,variant-4689-tree-hut-whipped-body-butter-variant-02.jpeg
86,5928,,5929,variant_image,variant-5929-sooo-pro-lipstain-variant-07.jpeg
86,5930,,5929,variant_image,variant-5929-sooo-pro-lipstain-variant-08.jpeg
86,5931,,5929,variant_image,variant-5929-sooo-pro-lipstain-variant-09.jpeg
86,5932,,5929,variant_image,variant-5929-sooo-pro-lipstain-variant-10.jpeg
86,5933,,5929,variant_image,variant-5929-sooo-pro-lipstain-variant-11.jpeg
86,5934,,5929,variant_image,variant-5929-sooo-pro-lipstain-variant-12.jpeg
5945,5946,,5948,variant_image,variant-5948-sylvimak-concealer-variant.jpeg
5945,5949,,5948,variant_image,variant-5948-sylvimak-concealer-variant-02.jpeg
5945,5950,,5948,variant_image,variant-5948-sylvimak-concealer-variant-03.jpeg
5945,5951,,5948,variant_image,variant-5948-sylvimak-concealer-variant-04.jpeg
5945,5952,,5948,variant_image,variant-5948-sylvimak-concealer-variant-05.jpeg
5945,5953,,5948,variant_image,variant-5948-sylvimak-concealer-variant-06.jpeg
5945,5954,,5948,variant_image,variant-5948-sylvimak-concealer-variant-07.jpeg
5945,5955,,5948,variant_image,variant-5948-sylvimak-concealer-variant-08.jpeg
9678,10193,,10194,variant_image,variant-10194-bm-pro-full-filter-foundation-variant.jpeg
9678,10195,,10196,variant_image,variant-10196-bm-pro-full-filter-foundation-variant-02.jpeg
9678,10197,,10198,variant_image,variant-10198-bm-pro-full-filter-foundation-variant-03.jpeg
9678,10199,,10200,variant_image,variant-10200-bm-pro-full-filter-foundation-variant-04.jpeg
9678,10201,,10202,variant_image,variant-10202-bm-pro-full-filter-foundation-variant-05.jpeg
9678,10203,,10204,variant_image,variant-10204-bm-pro-full-filter-foundation-variant-06.jpeg
9678,10205,,10206,variant_image,variant-10206-bm-pro-full-filter-foundation-variant-07.jpeg
9678,10208,,10209,variant_image,variant-10209-bm-pro-full-filter-foundation-variant-08.jpeg
9678,10210,,10211,variant_image,variant-10211-bm-pro-full-filter-foundation-variant-09.jpeg
9678,10212,,10213,variant_image,variant-10213-bm-pro-full-filter-foundation-variant-10.jpeg
9678,10214,,10215,variant_image,variant-10215-bm-pro-full-filter-foundation-variant-11.jpeg
10216,10218,,10238,variant_image,variant-10238-bm-pro-full-filter-pressed-powder-variant.jpeg
10216,10219,,10237,variant_image,variant-10237-bm-pro-full-filter-pressed-powder-variant-02.jpeg
10216,10220,,10239,variant_image,variant-10239-bm-pro-full-filter-pressed-powder-variant-03.jpeg
10216,10221,,10487,variant_image,variant-10487-bm-pro-full-filter-pressed-powder-variant-04.jpeg
10216,10222,,10488,variant_image,variant-10488-bm-pro-full-filter-pressed-powder-variant-05.jpeg
10216,10223,,10240,variant_image,variant-10240-bm-pro-full-filter-pressed-powder-variant-06.jpeg
10216,10224,,10242,variant_image,variant-10242-bm-pro-full-filter-pressed-powder-variant-07.jpeg
10216,10225,,10244,variant_image,variant-10244-bm-pro-full-filter-pressed-powder-variant-08.jpeg
10216,10226,,10489,variant_image,variant-10489-bm-pro-full-filter-pressed-powder-variant-09.jpeg
10216,10227,,10246,variant_image,variant-10246-bm-pro-full-filter-pressed-powder-variant-10.jpeg
10216,10228,,10247,variant_image,variant-10247-bm-pro-full-filter-pressed-powder-variant-11.jpeg
10216,10229,,10245,variant_image,variant-10245-bm-pro-full-filter-pressed-powder-variant-12.jpeg
10216,10230,,10248,variant_image,variant-10248-bm-pro-full-filter-pressed-powder-variant-13.jpeg
10216,10231,,10249,variant_image,variant-10249-bm-pro-full-filter-pressed-powder-variant-14.jpeg
10216,10232,,10490,variant_image,variant-10490-bm-pro-full-filter-pressed-powder-variant-15.jpeg
10216,10236,,10492,variant_image,variant-10492-bm-pro-full-filter-pressed-powder-variant-16.jpeg
10216,10235,,10251,variant_image,variant-10251-bm-pro-full-filter-pressed-powder-variant-17.jpeg
10216,10234,,10491,variant_image,variant-10491-bm-pro-full-filter-pressed-powder-variant-18.jpeg
10216,10233,,10250,variant_image,variant-10250-bm-pro-full-filter-pressed-powder-variant-19.jpeg
10504,10505,,10510,variant_image,variant-10510-bm-pro-gel-eyeliner-black-blue-green-wine-variant.jpeg
10504,10506,,10511,variant_image,variant-10511-bm-pro-gel-eyeliner-black-blue-green-wine-variant-02.jpeg
10504,10507,,10512,variant_image,variant-10512-bm-pro-gel-eyeliner-black-blue-green-wine-variant-03.jpeg
10504,10508,,10513,variant_image,variant-10513-bm-pro-gel-eyeliner-black-blue-green-wine-variant-04.jpeg
10504,10509,,10514,variant_image,variant-10514-bm-pro-gel-eyeliner-black-blue-green-wine-variant-05.jpeg
10532,10558,,10867,variant_image,variant-10867-bm-pro-matte-lipstick-variant.jpeg
10532,10557,,10866,variant_image,variant-10866-bm-pro-matte-lipstick-variant-02.jpeg
10532,10556,,10865,variant_image,variant-10865-bm-pro-matte-lipstick-variant-03.jpeg
10532,10555,,10864,variant_image,variant-10864-bm-pro-matte-lipstick-variant-04.jpeg
10532,10554,,10863,variant_image,variant-10863-bm-pro-matte-lipstick-variant-05.jpeg
10532,10553,,10862,variant_image,variant-10862-bm-pro-matte-lipstick-variant-06.jpeg
10532,10551,,10861,variant_image,variant-10861-bm-pro-matte-lipstick-variant-07.jpeg
10532,10550,,10860,variant_image,variant-10860-bm-pro-matte-lipstick-variant-08.jpeg
10532,10549,,10859,variant_image,variant-10859-bm-pro-matte-lipstick-variant-09.jpeg
10532,10547,,10858,variant_image,variant-10858-bm-pro-matte-lipstick-variant-10.jpeg
10532,10546,,10857,variant_image,variant-10857-bm-pro-matte-lipstick-variant-11.jpeg
10532,10544,,10856,variant_image,variant-10856-bm-pro-matte-lipstick-variant-12.jpeg
10532,10543,,10855,variant_image,variant-10855-bm-pro-matte-lipstick-variant-13.jpeg
10559,10580,,10853,variant_image,variant-10853-bm-pro-creme-lipgloss-variant.jpeg
10559,10572,,10848,variant_image,variant-10848-bm-pro-creme-lipgloss-variant-02.jpeg
10559,10573,,10849,variant_image,variant-10849-bm-pro-creme-lipgloss-variant-03.jpeg
10559,10574,,10850,variant_image,variant-10850-bm-pro-creme-lipgloss-variant-04.jpeg
10559,10575,,10851,variant_image,variant-10851-bm-pro-creme-lipgloss-variant-05.jpeg
10559,10576,,10852,variant_image,variant-10852-bm-pro-creme-lipgloss-variant-06.jpeg
10559,10571,,10847,variant_image,variant-10847-bm-pro-creme-lipgloss-variant-07.jpeg
10559,10570,,10846,variant_image,variant-10846-bm-pro-creme-lipgloss-variant-08.jpeg
10559,10565,,10841,variant_image,variant-10841-bm-pro-creme-lipgloss-variant-09.jpeg
10559,10566,,10842,variant_image,variant-10842-bm-pro-creme-lipgloss-variant-10.jpeg
10559,10567,,10843,variant_image,variant-10843-bm-pro-creme-lipgloss-variant-11.jpeg
10559,10568,,10844,variant_image,variant-10844-bm-pro-creme-lipgloss-variant-12.jpeg
10559,10569,,10845,variant_image,variant-10845-bm-pro-creme-lipgloss-variant-13.jpeg
10559,10564,,10840,variant_image,variant-10840-bm-pro-creme-lipgloss-variant-14.jpeg
10559,10562,,10838,variant_image,variant-10838-bm-pro-creme-lipgloss-variant-15.jpeg
10559,10561,,10839,variant_image,variant-10839-bm-pro-creme-lipgloss-variant-16.jpeg
10581,10602,,10832,variant_image,variant-10832-bm-pro-longlasting-lipgloss-variant.jpeg
10581,10603,,10834,variant_image,variant-10834-bm-pro-longlasting-lipgloss-variant-02.jpeg
10581,10604,,10835,variant_image,variant-10835-bm-pro-longlasting-lipgloss-variant-03.jpeg
10581,10605,,10836,variant_image,variant-10836-bm-pro-longlasting-lipgloss-variant-04.jpeg
10581,10607,,10837,variant_image,variant-10837-bm-pro-longlasting-lipgloss-variant-05.jpeg
10581,10601,,10831,variant_image,variant-10831-bm-pro-longlasting-lipgloss-variant-06.jpeg
10581,10599,,10830,variant_image,variant-10830-bm-pro-longlasting-lipgloss-variant-07.jpeg
10581,10598,,10829,variant_image,variant-10829-bm-pro-longlasting-lipgloss-variant-08.jpeg
10581,10596,,10828,variant_image,variant-10828-bm-pro-longlasting-lipgloss-variant-09.jpeg
10581,10595,,10827,variant_image,variant-10827-bm-pro-longlasting-lipgloss-variant-10.jpeg
10581,10588,,10821,variant_image,variant-10821-bm-pro-longlasting-lipgloss-variant-11.jpeg
10581,10589,,10822,variant_image,variant-10822-bm-pro-longlasting-lipgloss-variant-12.jpeg
10581,10590,,10823,variant_image,variant-10823-bm-pro-longlasting-lipgloss-variant-13.jpeg
10581,10592,,10824,variant_image,variant-10824-bm-pro-longlasting-lipgloss-variant-14.jpeg
10581,10593,,10825,variant_image,variant-10825-bm-pro-longlasting-lipgloss-variant-15.jpeg
10581,10594,,10826,variant_image,variant-10826-bm-pro-longlasting-lipgloss-variant-16.jpeg
10581,10586,,10820,variant_image,variant-10820-bm-pro-longlasting-lipgloss-variant-17.jpeg
10581,10585,,10819,variant_image,variant-10819-bm-pro-longlasting-lipgloss-variant-18.jpeg
10581,10584,,10818,variant_image,variant-10818-bm-pro-longlasting-lipgloss-variant-19.jpeg
10581,10583,,10817,variant_image,variant-10817-bm-pro-longlasting-lipgloss-variant-20.jpeg
8634,11229,,11232,variant_image,variant-11232-olay-super-serum-body-wash-variant.jpeg
8634,11230,,11233,variant_image,variant-11233-olay-super-serum-body-wash-variant-02.jpeg
246,13742,,15242,variant_image,variant-15242-amlactin-daily-moisturizing-improved-formula-scent-free-vari.jpeg
246,13744,,15241,variant_image,variant-15241-amlactin-daily-moisturizing-improved-formula-scent-free-vari-02.jpeg
4673,13914,,13911,variant_image,variant-13911-annies-beauty-meet-the-brown-eyeshadow-palette-variant.webp
4673,13915,,13911,variant_image,variant-13911-annies-beauty-meet-the-brown-eyeshadow-palette-variant-02.webp
13917,13918,,13925,variant_image,variant-13925-annies-beauty-eyeshadow-palettes-variant.jpeg
13917,13919,,13928,variant_image,variant-13928-annies-beauty-eyeshadow-palettes-variant-02.jpeg
13917,13920,,13929,variant_image,variant-13929-annies-beauty-eyeshadow-palettes-variant-03.jpeg
1699,13935,,20563,variant_image,variant-20563-becharm-ageless-powder-palette-variant.jpeg
1699,13936,,13933,variant_image,variant-13933-becharm-ageless-powder-palette-variant-02.jpeg
69,14142,,19753,variant_image,variant-19753-msmetics-14in1-lash-set-variant-06.jpeg
69,14143,,19751,variant_image,variant-19751-msmetics-14in1-lash-set-variant-07.jpeg
1720,14780,,14781,variant_image,variant-14781-eos-body-lotion-vanilla-cashmere-variant.webp
244,15236,,15179,variant_image,variant-15179-amlactin-intensive-healing-lotion-variant.webp
244,15237,,15239,variant_image,variant-15239-amlactin-intensive-healing-lotion-variant-02.jpeg
246,15240,,15243,variant_image,variant-15243-amlactin-daily-moisturizing-improved-formula-scent-free-vari-03.jpeg
7912,15247,,15248,variant_image,variant-15248-eos-shea-better-hand-cream-variant.jpeg
15467,15468,,15474,variant_image,variant-15474-eos-cashmere-body-mist-variant.webp
15467,15469,,15477,variant_image,variant-15477-eos-cashmere-body-mist-variant-02.webp
15467,15470,,15471,variant_image,variant-15471-eos-cashmere-body-mist-variant-03.webp
16482,16497,,16490,variant_image,variant-16490-eos-cashmere-body-lotion-holiday-collection-variant.webp
16482,16484,,16493,variant_image,variant-16493-eos-cashmere-body-lotion-holiday-collection-variant-02.webp
16482,16485,,16494,variant_image,variant-16494-eos-cashmere-body-lotion-holiday-collection-variant-03.webp
16482,16486,,16491,variant_image,variant-16491-eos-cashmere-body-lotion-holiday-collection-variant-04.webp
15467,16500,,16501,variant_image,variant-16501-eos-cashmere-body-mist-variant-04.webp
16460,16463,,17379,variant_image,variant-17379-hegai-esther-photo-perfect-pressed-powder-variant.jpeg
16519,16522,,17370,variant_image,variant-17370-hegai-esther-powder-foundation-variant.jpeg
16519,16523,,17371,variant_image,variant-17371-hegai-esther-powder-foundation-variant-02.jpeg
16519,16524,,17373,variant_image,variant-17373-hegai-esther-powder-foundation-variant-03.jpeg
16519,16525,,17374,variant_image,variant-17374-hegai-esther-powder-foundation-variant-04.jpeg
16519,16526,,17375,variant_image,variant-17375-hegai-esther-powder-foundation-variant-05.jpeg
16519,16527,,17376,variant_image,variant-17376-hegai-esther-powder-foundation-variant-06.jpeg
16519,16528,,17378,variant_image,variant-17378-hegai-esther-powder-foundation-variant-07.jpeg
16543,16546,,17362,variant_image,variant-17362-hegai-esther-photo-perfect-concealer-variant.jpeg
16543,16547,,17363,variant_image,variant-17363-hegai-esther-photo-perfect-concealer-variant-02.jpeg
16543,16548,,17365,variant_image,variant-17365-hegai-esther-photo-perfect-concealer-variant-03.jpeg
16543,16549,,17366,variant_image,variant-17366-hegai-esther-photo-perfect-concealer-variant-04.jpeg
16543,16550,,17367,variant_image,variant-17367-hegai-esther-photo-perfect-concealer-variant-05.jpeg
16543,16551,,17368,variant_image,variant-17368-hegai-esther-photo-perfect-concealer-variant-06.jpeg
16543,16552,,17369,variant_image,variant-17369-hegai-esther-photo-perfect-concealer-variant-07.jpeg
16557,16559,,17088,variant_image,variant-17088-flash-drops-liquid-highlighter-variant.jpeg
16557,16560,,17089,variant_image,variant-17089-flash-drops-liquid-highlighter-variant-02.jpeg
16557,16561,,17090,variant_image,variant-17090-flash-drops-liquid-highlighter-variant-03.jpeg
16557,16562,,17091,variant_image,variant-17091-flash-drops-liquid-highlighter-variant-04.jpeg
16557,16563,,17092,variant_image,variant-17092-flash-drops-liquid-highlighter-variant-05.jpeg
16445,16850,,16852,variant_image,variant-16852-sylvimak-smooth-affair-finishing-powder-palette-variant.webp
16445,16851,,16853,variant_image,variant-16853-sylvimak-smooth-affair-finishing-powder-palette-variant-02.jpg
16529,16934,,17360,variant_image,variant-17360-hegai-esther-photo-perfect-liquid-foundation-variant.jpeg
16464,16983,,17061,variant_image,variant-17061-hegai-esther-lipgloss-variant.jpeg
16464,16984,,17062,variant_image,variant-17062-hegai-esther-lipgloss-variant-02.jpeg
16464,16985,,17063,variant_image,variant-17063-hegai-esther-lipgloss-variant-03.jpeg
16464,16986,,17064,variant_image,variant-17064-hegai-esther-lipgloss-variant-04.jpeg
16464,16987,,17065,variant_image,variant-17065-hegai-esther-lipgloss-variant-05.jpeg
16464,16988,,17066,variant_image,variant-17066-hegai-esther-lipgloss-variant-06.jpeg
16464,16989,,17068,variant_image,variant-17068-hegai-esther-lipgloss-variant-07.jpeg
16464,16990,,17067,variant_image,variant-17067-hegai-esther-lipgloss-variant-08.jpeg
16464,16991,,17069,variant_image,variant-17069-hegai-esther-lipgloss-variant-09.jpeg
16464,16992,,17070,variant_image,variant-17070-hegai-esther-lipgloss-variant-10.jpeg
16464,16993,,17071,variant_image,variant-17071-hegai-esther-lipgloss-variant-11.jpeg
16464,16994,,17072,variant_image,variant-17072-hegai-esther-lipgloss-variant-12.jpeg
16467,16974,,17073,variant_image,variant-17073-hegai-esther-artstick-matte-liquid-lipstick-variant.jpeg
16467,16975,,17075,variant_image,variant-17075-hegai-esther-artstick-matte-liquid-lipstick-variant-02.jpeg
16467,16976,,17076,variant_image,variant-17076-hegai-esther-artstick-matte-liquid-lipstick-variant-03.jpeg
16467,16977,,17077,variant_image,variant-17077-hegai-esther-artstick-matte-liquid-lipstick-variant-04.jpeg
16467,16978,,17078,variant_image,variant-17078-hegai-esther-artstick-matte-liquid-lipstick-variant-05.jpeg
16467,16979,,17079,variant_image,variant-17079-hegai-esther-artstick-matte-liquid-lipstick-variant-06.jpeg
16467,16980,,17080,variant_image,variant-17080-hegai-esther-artstick-matte-liquid-lipstick-variant-07.jpeg
16467,16981,,17081,variant_image,variant-17081-hegai-esther-artstick-matte-liquid-lipstick-variant-08.jpeg
16467,16982,,17074,variant_image,variant-17074-hegai-esther-artstick-matte-liquid-lipstick-variant-09.jpeg
16555,16757,,17082,variant_image,variant-17082-hegai-esther-lip-definer-variant.jpeg
16555,16758,,17083,variant_image,variant-17083-hegai-esther-lip-definer-variant-02.jpeg
16555,16759,,17084,variant_image,variant-17084-hegai-esther-lip-definer-variant-03.jpeg
16555,16760,,17085,variant_image,variant-17085-hegai-esther-lip-definer-variant-04.jpeg
16555,16761,,17086,variant_image,variant-17086-hegai-esther-lip-definer-variant-05.jpeg
16555,16762,,17087,variant_image,variant-17087-hegai-esther-lip-definer-variant-06.jpeg
,17093,,17097,variant_image,variant-17097-variation-17093.jpeg
,17094,,17098,variant_image,variant-17098-variation-17094.jpeg
,17095,,17099,variant_image,variant-17099-variation-17095.jpeg
16529,16945,,17349,variant_image,variant-17349-hegai-esther-photo-perfect-liquid-foundation-variant-02.jpeg
16529,16944,,17351,variant_image,variant-17351-hegai-esther-photo-perfect-liquid-foundation-variant-03.jpeg
16529,16943,,17352,variant_image,variant-17352-hegai-esther-photo-perfect-liquid-foundation-variant-04.jpeg
16529,16942,,17353,variant_image,variant-17353-hegai-esther-photo-perfect-liquid-foundation-variant-05.jpeg
16529,16941,,17354,variant_image,variant-17354-hegai-esther-photo-perfect-liquid-foundation-variant-06.jpeg
16529,16940,,17355,variant_image,variant-17355-hegai-esther-photo-perfect-liquid-foundation-variant-07.jpeg
16529,16939,,17356,variant_image,variant-17356-hegai-esther-photo-perfect-liquid-foundation-variant-08.jpeg
16529,16938,,17357,variant_image,variant-17357-hegai-esther-photo-perfect-liquid-foundation-variant-09.jpeg
16529,16937,,17358,variant_image,variant-17358-hegai-esther-photo-perfect-liquid-foundation-variant-10.jpeg
16529,16936,,17359,variant_image,variant-17359-hegai-esther-photo-perfect-liquid-foundation-variant-11.jpeg
17478,17484,,17486,variant_image,variant-17486-vaseline-glazed-and-glisten-shimmering-oil-variant.jpeg
17478,17485,,17479,variant_image,variant-17479-vaseline-glazed-and-glisten-shimmering-oil-variant-02.jpeg
17503,17507,,17505,variant_image,variant-17505-eos-shave-oil-variant.jpeg
17503,17508,,17506,variant_image,variant-17506-eos-shave-oil-variant-02.jpeg
17503,17509,,17504,variant_image,variant-17504-eos-shave-oil-variant-03.jpeg
15467,17559,,19869,variant_image,variant-19869-eos-cashmere-body-mist-variant-05.jpeg
16532,17580,,17589,variant_image,variant-17589-hegai-esther-velvet-matte-lipstick-variant.jpeg
16532,17581,,17590,variant_image,variant-17590-hegai-esther-velvet-matte-lipstick-variant-02.jpeg
16532,17582,,17591,variant_image,variant-17591-hegai-esther-velvet-matte-lipstick-variant-03.jpeg
16532,17583,,17592,variant_image,variant-17592-hegai-esther-velvet-matte-lipstick-variant-04.jpeg
16532,17584,,17593,variant_image,variant-17593-hegai-esther-velvet-matte-lipstick-variant-05.jpeg
16532,17585,,17594,variant_image,variant-17594-hegai-esther-velvet-matte-lipstick-variant-06.jpeg
16532,17586,,17595,variant_image,variant-17595-hegai-esther-velvet-matte-lipstick-variant-07.jpeg
16532,17587,,17596,variant_image,variant-17596-hegai-esther-velvet-matte-lipstick-variant-08.jpeg
16532,17588,,17597,variant_image,variant-17597-hegai-esther-velvet-matte-lipstick-variant-09.jpeg
16464,19727,,19737,variant_image,variant-19737-hegai-esther-lipgloss-variant-13.png
16464,19726,,19736,variant_image,variant-19736-hegai-esther-lipgloss-variant-14.png
16464,19725,,19735,variant_image,variant-19735-hegai-esther-lipgloss-variant-15.png
16464,19724,,19733,variant_image,variant-19733-hegai-esther-lipgloss-variant-16.png
16464,19723,,19732,variant_image,variant-19732-hegai-esther-lipgloss-variant-17.png
69,19742,,19748,variant_image,variant-19748-msmetics-14in1-lash-set-variant-08.jpeg
69,19743,,19747,variant_image,variant-19747-msmetics-14in1-lash-set-variant-09.jpeg
69,19744,,19746,variant_image,variant-19746-msmetics-14in1-lash-set-variant-10.jpeg
15467,19793,,19866,variant_image,variant-19866-eos-cashmere-body-mist-variant-06.jpeg
15467,19794,,19867,variant_image,variant-19867-eos-cashmere-body-mist-variant-07.jpeg
15467,19795,,19865,variant_image,variant-19865-eos-cashmere-body-mist-variant-08.jpeg
15467,19796,,19868,variant_image,variant-19868-eos-cashmere-body-mist-variant-09.jpeg
16464,19991,,20190,variant_image,variant-20190-hegai-esther-lipgloss-variant-18.png
16464,19992,,20191,variant_image,variant-20191-hegai-esther-lipgloss-variant-19.jpeg
16464,19993,,20193,variant_image,variant-20193-hegai-esther-lipgloss-variant-20.jpeg
16464,19994,,20192,variant_image,variant-20192-hegai-esther-lipgloss-variant-21.jpeg
16464,19995,,20194,variant_image,variant-20194-hegai-esther-lipgloss-variant-22.jpeg
20525,20533,,20527,variant_image,variant-20527-beauty-by-ad-dew-drop-foundation-variant.jpeg
20525,20534,,20528,variant_image,variant-20528-beauty-by-ad-dew-drop-foundation-variant-02.jpeg
20525,20535,,20529,variant_image,variant-20529-beauty-by-ad-dew-drop-foundation-variant-03.jpeg
20525,20536,,20530,variant_image,variant-20530-beauty-by-ad-dew-drop-foundation-variant-04.jpeg
20525,20537,,20531,variant_image,variant-20531-beauty-by-ad-dew-drop-foundation-variant-05.jpeg
20539,20542,,20544,variant_image,variant-20544-beauty-by-ad-lip-luxe-potion-lip-oil-variant.jpeg
20539,20543,,20545,variant_image,variant-20545-beauty-by-ad-lip-luxe-potion-lip-oil-variant-02.jpeg
20546,20548,,20553,variant_image,variant-20553-beauty-by-ad-ethereal-essence-lipgloss-variant.jpeg
20546,20549,,20554,variant_image,variant-20554-beauty-by-ad-ethereal-essence-lipgloss-variant-02.jpeg
20546,20550,,20555,variant_image,variant-20555-beauty-by-ad-ethereal-essence-lipgloss-variant-03.jpeg
20546,20551,,20556,variant_image,variant-20556-beauty-by-ad-ethereal-essence-lipgloss-variant-04.jpeg
20546,20552,,20557,variant_image,variant-20557-beauty-by-ad-ethereal-essence-lipgloss-variant-05.jpeg
53,20560,,20561,variant_image,variant-20561-nuban-beauty-oil-control-setting-powder-variant-04.webp
20595,20598,,20605,variant_image,variant-20605-tola-banks-beauty-lipgloss-variant.webp
20595,20599,,20606,variant_image,variant-20606-tola-banks-beauty-lipgloss-variant-02.webp
20595,20600,,20607,variant_image,variant-20607-tola-banks-beauty-lipgloss-variant-03.webp
20595,20601,,20608,variant_image,variant-20608-tola-banks-beauty-lipgloss-variant-04.webp
20595,20602,,20609,variant_image,variant-20609-tola-banks-beauty-lipgloss-variant-05.webp
20595,20603,,20611,variant_image,variant-20611-tola-banks-beauty-lipgloss-variant-06.webp
20595,20604,,20597,variant_image,variant-20597-tola-banks-beauty-lipgloss-variant-07.webp
25122,25124,,25126,variant_image,variant-25126-differin-epiduo-acne-gel-variant.png
25122,25125,,25123,variant_image,variant-25123-differin-epiduo-acne-gel-variant-02.webp
106,,,4011,product_body_content,product_body-4011-wynkkk-beauty-20-in-1-lashes.jpeg
3571,,,3572,product_body_content,product_body-3572-tonymoly-wonder-ceramide-mochi-toner-500ml.png
3689,,,3690,product_body_content,product_body-3690-topicals-faded-brightening-cleansing-bar-for-dark-spots-disc.webp
3693,,,3695,product_body_content,product_body-3695-topicals-faded-under-eye-masks-brightening-eye-masks.webp
3693,,,3696,product_body_content,product_body-3696-topicals-faded-under-eye-masks-brightening-eye-masks-02.webp
4681,,,4676,product_body_content,product_body-4676-annies-beauty-cheek-orgasm-blush-palette-vol-1.jpeg
4702,,,4704,product_body_content,product_body-4704-aveeno-baby-daily-moisturizing-cream-with-prebiotic-oat-with.jpeg
4702,,,4705,product_body_content,product_body-4705-aveeno-baby-daily-moisturizing-cream-with-prebiotic-oat-with-02.jpeg
4706,,,4708,product_body_content,product_body-4708-aveeno-baby-daily-care-gift-set-with-oat-extract-prebiotic-o.jpeg
4706,,,4709,product_body_content,product_body-4709-aveeno-baby-daily-care-gift-set-with-oat-extract-prebiotic-o-02.jpeg
4711,,,4713,product_body_content,product_body-4713-timeless-skin-care-vitamin-c-serum-with-vitamin-e-amp-feruli.jpeg
4711,,,4714,product_body_content,product_body-4714-timeless-skin-care-vitamin-c-serum-with-vitamin-e-amp-feruli-02.jpeg
4711,,,4715,product_body_content,product_body-4715-timeless-skin-care-vitamin-c-serum-with-vitamin-e-amp-feruli-03.jpeg
5111,,,5107,product_body_content,product_body-5107-cosrx-advanced-snail-92-all-in-one-cream-tube-100g.jpeg
5111,,,5108,product_body_content,product_body-5108-cosrx-advanced-snail-92-all-in-one-cream-tube-100g-02.webp
5115,,,5117,product_body_content,product_body-5117-missha-vita-c-plus-brightening-toner-200ml.webp
5115,,,5118,product_body_content,product_body-5118-missha-vita-c-plus-brightening-toner-200ml-02.webp
16445,,,16446,product_body_content,product_body-16446-sylvimak-smooth-affair-finishing-powder-palette.webp
16460,,,,product_body_content,product_body-16460-hegai-esther-photo-perfect-pressed-powder.jpeg
16467,,,16469,product_body_content,product_body-16469-hegai-esther-artstick-matte-liquid-lipstick.webp
16519,,,16521,product_body_content,product_body-16521-hegai-esther-powder-foundation.webp
16529,,,,product_body_content,product_body-16529-hegai-esther-photo-perfect-liquid-foundation.jpeg
16529,,,16531,product_body_content,product_body-16531-hegai-esther-photo-perfect-liquid-foundation-02.webp
16543,,,16545,product_body_content,product_body-16545-hegai-esther-photo-perfect-concealer.webp
16971,,,,product_body_content,product_body-16971-yglam-cheesksy-powder-blush-palette.webp
17487,,,8622,product_body_content,product_body-8622-olay-super-serum-body-lotion.jpeg
17491,,,17492,product_body_content,product_body-17492-aquaphor-immediate-relief-lip-repair-balm-2pack.webp
18488,,,18489,product_body_content,product_body-18489-cosrx-the-6-peptide-skin-booster.jpeg
20187,,,,product_body_content,product_body-20187-panoxyl-acne-banishing-body-spray.svg
20187,,,,product_body_content,product_body-20187-panoxyl-acne-banishing-body-spray-02.svg
20187,,,,product_body_content,product_body-20187-panoxyl-acne-banishing-body-spray-03.svg
20187,,,,product_body_content,product_body-20187-panoxyl-acne-banishing-body-spray-04.svg
