reason,entity_type,entity_id,title,old_url,status
not_published,product,19,Vee Beauty Thirsty Lip Gloss,https://wholesalebeautyhub.co.uk/shop/vee-beauty-thirsty-lip-gloss/,draft
not_published,product,20,Vee Beauty Magic Cover Concealer,https://wholesalebeautyhub.co.uk/shop/vee-beauty-magic-cover-concealer-2/,draft
not_published,product,54,Nuban Beauty Finishing Powder,https://wholesalebeautyhub.co.uk/shop/nuban-beauty-finishing-powder/,draft
not_published,product,61,Nuban Beauty In My Skin Foundation,https://wholesalebeautyhub.co.uk/shop/nuban-beauty-in-my-skin-foundation-2/,draft
not_published,product,63,Hegai & Esther Lip Gloss,https://wholesalebeautyhub.co.uk/shop/hegai-esther-lip-gloss/,draft
not_published,product,65,Hegai & Esther Matte Liquid Lipstick,https://wholesalebeautyhub.co.uk/shop/hegai-esther-matte-liquid-lipstick/,draft
not_published,product,67,Msmetics Sealowatt,https://wholesalebeautyhub.co.uk/shop/msmetics-sealowatt/,draft
not_published,product,91,Omaricode Hydrating Face Primer 30Ml,https://wholesalebeautyhub.co.uk/shop/omaricode-face-primer-30ml/,draft
not_published,product,107,Wynkkk Beauty 10 In 1 Lashes,https://wholesalebeautyhub.co.uk/shop/wynkkk-beauty-10-in-1-lashes/,draft
not_published,product,112,Becharm Ageless Skin Booster Concealer Palette,https://wholesalebeautyhub.co.uk/shop/becharm-ageless-skin-booster-concealer/,draft
not_published,product,123,Vee Beauty Be My Val Palette,https://wholesalebeautyhub.co.uk/shop/vee-beauty-be-my-val-palatte/,draft
not_published,product,126,Blossom African Queen Palette,https://wholesalebeautyhub.co.uk/shop/blossom-african-queen-palatte/,draft
not_published,product,128,Blossom 35 Color Matte And Cream Eyeshadow Palette,https://wholesalebeautyhub.co.uk/shop/blossom-35-color-matte-and-cream/,draft
not_published,product,129,Blossom Afro Chic Lip Palette,https://wholesalebeautyhub.co.uk/shop/blossom-afro-chic-lip-palatte/,draft
not_published,product,136,Tm Essentials Cheek Glaze Palatte,https://wholesalebeautyhub.co.uk/shop/tm-essential-cheek-glaze-palatte/,draft
not_published,product,160,Nuban Beauty 11Pcs Makeup Brush Set,https://wholesalebeautyhub.co.uk/shop/nuban-beauty-11pcs-makeup-brush-set/,draft
not_published,product,187,Rummel Stay Matte Spray,https://wholesalebeautyhub.co.uk/shop/rummel-stay-matte-spray/,draft
not_published,product,190,Skin By Zaron Micellar Cleansing Water,https://wholesalebeautyhub.co.uk/shop/skin-by-zaron-micellar-cleansing-water/,draft
not_published,product,191,Skin By Zaron Papaya Brightening Body Wash,https://wholesalebeautyhub.co.uk/shop/skin-by-zaron-papaya-brightening-body-wash/,draft
not_published,product,199,Zaron Long Wear Gel Eyeliner,https://wholesalebeautyhub.co.uk/shop/zaron-long-wear-gel-eyeliner/,draft
not_published,product,207,Wynkkk Beauty Single Lashes,https://wholesalebeautyhub.co.uk/shop/wynkkk-beauty-single-lashes/,draft
not_published,product,208,Wynkkk Beauty Lashes At First Sight 16Ml,https://wholesalebeautyhub.co.uk/shop/wynkkk-beauty-lashes-at-first-sight-16ml/,draft
not_published,product,209,Wynkk Beauty Alabaster Box 16Ml,https://wholesalebeautyhub.co.uk/shop/wynkkk-beauty-alabaster-box-16ml/,draft
not_published,product,220,Olay Itch Dry Skin Body Wash 20Fl Oz /591Ml,https://wholesalebeautyhub.co.uk/shop/olay-itch-dry-skin-body-wash-20fl-oz-591ml/,draft
not_published,product,224,Olay Vitamin C Hydrating Body Wash 20Fl Oz /591Ml,https://wholesalebeautyhub.co.uk/shop/olay-vitamin-c-hydrating-body-wash-20fl-oz-591ml/,draft
not_published,product,227,Olay Vitamin C Brightening Lotion 17Floz/502Ml,https://wholesalebeautyhub.co.uk/shop/olay-vitamin-c-brightening-lotion-17floz-502ml/,draft
not_published,product,243,Medi-Peel Vitamin C Lotion,https://wholesalebeautyhub.co.uk/shop/medi-peel-vitamin-c-lotion/,draft
not_published,product,247,Amlactin Daily Moisturizing Lotion 567g,https://wholesalebeautyhub.co.uk/shop/amlactin-daily-moisturizing-576g/,draft
not_published,product,249,Medix 5.5 Vitamin C Serum,https://wholesalebeautyhub.co.uk/shop/medix-5-5-vitamin-c-serum/,draft
not_published,product,258,Good Molecules Niacinamide Brightening Toner 30Ml,https://wholesalebeautyhub.co.uk/shop/good-molecules-niacinamide-brightening-toner-30ml/,draft
not_published,product,265,Cosrx Bha Black Head Power Liquid 100Ml,https://wholesalebeautyhub.co.uk/shop/cosrx-bha-black-head-power-liquid-100ml/,draft
not_published,product,277,Skin Aqua Sunscreen 110G,https://wholesalebeautyhub.co.uk/shop/skin-aqua-sunscreen-110g/,draft
not_published,product,282,Isntree Hyaluronic Acid Toner Plus,https://wholesalebeautyhub.co.uk/shop/isntree-hyaluronic-acid-toner-plus/,draft
not_published,product,283,Isntree Green Tea Fresh Toner,https://wholesalebeautyhub.co.uk/shop/isntree-green-tea-fresh-toner/,draft
not_published,product,285,Isntree Fresh Emulsion,https://wholesalebeautyhub.co.uk/shop/isntree-fresh-emulsion/,draft
not_published,product,289,Missha Essence Sunscreen 50Ml,https://wholesalebeautyhub.co.uk/shop/missha-essence-sunscreen-50ml/,draft
not_published,product,316,Hadalabo Premium Blue 170Ml,https://wholesalebeautyhub.co.uk/shop/hadalabo-premium-blue-170ml/,draft
not_published,product,317,Timeless Vitamin C Serum 20%,https://wholesalebeautyhub.co.uk/shop/timeless-vitamin-c-serum-20/,draft
not_published,product,320,Heimish Marine Care Face Oil,https://wholesalebeautyhub.co.uk/shop/heimish-marine-care-face-oil/,draft
not_published,product,321,Heimish All Clean Balm,https://wholesalebeautyhub.co.uk/shop/heimish-all-clean-balm-2/,draft
not_published,product,322,Some By Mi Miracle Acne Clear Body Cleanser,https://wholesalebeautyhub.co.uk/shop/some-by-mi-miracle-acne-clear-body-cleanser/,draft
not_published,product,323,Some By Mi Miracle Cream,https://wholesalebeautyhub.co.uk/shop/some-by-mi-miracle-cream/,draft
not_published,product,324,Some By Mi Miracle Serum 50Ml,https://wholesalebeautyhub.co.uk/shop/some-by-mi-miracle-serum-50ml/,draft
not_published,product,327,The Ordinary Caffine Solution 30Ml,https://wholesalebeautyhub.co.uk/shop/the-ordinary-caffine-solution-30ml/,draft
not_published,product,333,Dr Jart Hyaluronic Face Mask,https://wholesalebeautyhub.co.uk/shop/dr-jart-hyaluronic-face-mask/,draft
not_published,product,334,Dr Jart Vitamin C Face Mask,https://wholesalebeautyhub.co.uk/shop/dr-jart-vitamin-c-face-mask/,draft
not_published,product,337,Yglam Grey Face Expert Brushes,https://wholesalebeautyhub.co.uk/shop/yglam-grey-face-expert-brushes/,draft
not_published,product,341,Viccabel Deluxe Pro Brush Set,https://wholesalebeautyhub.co.uk/shop/viccabel-deluxe-pro-brush-set/,draft
not_published,product,1682,Acwell 5.5 Licorice Ph Balancing Advance Serum,https://wholesalebeautyhub.co.uk/shop/acwell-5-5-licorice-ph-balancing-advance-serum/,draft
not_published,product,1685,Advanced Clinicals 16Oz Hyaluronic Acid Skin Hydrating Lotion,https://wholesalebeautyhub.co.uk/shop/advanced-clinicals-16oz-hyaluronic-acid-skin-hydrating-lotion/,draft
not_published,product,1686,Advanced Clinicals 16Oz Retinol Lotion,https://wholesalebeautyhub.co.uk/shop/advanced-clinicals-16oz-retinol-lotion/,draft
not_published,product,1692,"Aveeno Baby Daily Moisture Body Lotion for Delicate Skin, Natural Oatmeal & Dimethicone Moisturizing Lotion, 18FL",https://wholesalebeautyhub.co.uk/shop/aveeno-baby-daily-moisture-cream-12fl-354ml/,draft
not_published,product,1693,Balance Active Vitamin C Serum 30Ml,https://wholesalebeautyhub.co.uk/shop/balance-active-vitamin-c-serum-30ml/,draft
not_published,product,1716,Elastalift 1.75Oz. Brightening Vitamin C Anti Aging Face Serum,https://wholesalebeautyhub.co.uk/shop/elastalift-1-75oz-brightening-vitamin-c-anti-aging-face-serum/,draft
not_published,product,1717,Elastalift 15Oz Vitamin C Cream,https://wholesalebeautyhub.co.uk/shop/elastalift-15oz-vitamin-c-cream/,draft
not_published,product,1722,Topicals Faded Brightening And Clearing Serum 30Ml,https://wholesalebeautyhub.co.uk/shop/faded-topicals-brightening-and-clearing-serum-30ml/,draft
not_published,product,1725,Frudia Ultra Uv Shield Essence 50+,https://wholesalebeautyhub.co.uk/shop/frudia-ultra-uv-shield-essence-50/,draft
not_published,product,1733,Heimish All Clean Balm,https://wholesalebeautyhub.co.uk/shop/heimish-all-clean-balm/,draft
not_published,product,1752,Msmetics Power Seal 150Ml,https://wholesalebeautyhub.co.uk/shop/msmetics-power-seal-150ml/,draft
not_published,product,1754,Msmetics Sealowatte Spray Velvet,https://wholesalebeautyhub.co.uk/shop/msmetics-sealowatte-spray-velvet/,draft
not_published,product,1773,Omaricode Skin Mist Matte,https://wholesalebeautyhub.co.uk/shop/omaricode-skin-mist-matte/,draft
not_published,product,1802,Vee Beauty 8In1 Powder Palette,https://wholesalebeautyhub.co.uk/shop/vee-beauty-8in1-powder-palette/,draft
not_published,product,1805,Vee Beauty Magic Cover Concealer,https://wholesalebeautyhub.co.uk/shop/vee-beauty-magic-cover-concealer/,draft
not_published,product,1806,Viange Eyeshadow Base,https://wholesalebeautyhub.co.uk/shop/viange-eyeshadow-base/,draft
not_published,product,2324,Becharm Ageless 18 In 1 Matte Lip Paint - Glamour,https://wholesalebeautyhub.co.uk/shop/becharm-ageless-18-in-1-matte-lip-paint-glamour/,draft
not_published,product,2332,Cosrx Salicylic Gentle Cleanser 50Ml,https://wholesalebeautyhub.co.uk/shop/cosrx-salicylic-gentle-cleanser-50ml/,draft
not_published,product,2376,Ben Nye Clown White,https://wholesalebeautyhub.co.uk/shop/ben-nye-clown-white/,draft
not_published,product,3610,FRUDIA - My Orchard Hand Cream (pineapple) - 30g,https://wholesalebeautyhub.co.uk/shop/frudia-my-orchard-hand-cream-pineapple-30g/,draft
not_published,product,3614,FRUDIA - My Orchard Hand Cream (Dragon fruit) - 30g,https://wholesalebeautyhub.co.uk/shop/frudia-my-orchard-hand-cream-pineapple-30g-copy/,draft
not_published,product,3629,COSRX - Acne Pimple Master Patch,https://wholesalebeautyhub.co.uk/shop/cosrx-acne-pimple-master-patch/,draft
not_published,product,3656,"Olay Tone Evening and Hydrating Body Lotion, Deep Moisture, 17oz",https://wholesalebeautyhub.co.uk/shop/olay-tone-evening-and-hydrating-body-lotion-deep-moisture-17oz/,draft
not_published,product,3659,Olay Daily Recovery & Hydration Body Lotion with Shea Butter | 17 oz,https://wholesalebeautyhub.co.uk/shop/olay-daily-recovery-hydration-body-lotion-with-shea-butter-17-oz/,draft
not_published,product,4027,Dove Shower Gel Nurturing Cocoa Butter & Hibiscus Body Wash 225ml,https://wholesalebeautyhub.co.uk/shop/dove-shower-gel-nurturing-cocoa-butter-hibiscus-body-wash-225ml/,draft
not_published,product,4030,Dove Revitalising Body Wash 225ml,https://wholesalebeautyhub.co.uk/shop/dove-revitalising-body-wash-225ml/,draft
not_published,product,4032,"Dove, Pampering, Body Wash, Shea Butter & Vanilla 225ml",https://wholesalebeautyhub.co.uk/shop/dove-pampering-body-wash-shea-butter-vanilla-225ml/,draft
not_published,product,4034,Dove Almond Cream & Hibiscus Body Wash 500ml,https://wholesalebeautyhub.co.uk/shop/dove-almond-cream-hibiscus-body-wash-500ml/,draft
not_published,product,5111,Cosrx Advanced Snail 92 All in one Cream Tube 100g,https://wholesalebeautyhub.co.uk/shop/cosrx-advanced-snail-92-all-in-one-cream-tube-100g/,draft
not_published,product,11227,Olay Super Serum Body Wash for,https://wholesalebeautyhub.co.uk/shop//,draft
not_published,product,11698,Olay Vitamin C Brightening Body Lotion,https://wholesalebeautyhub.co.uk/shop/0lay-vitamin-c-brightening-body-lotion/,draft
not_published,product,13327,Olay Body Glow Combo Deal,https://wholesalebeautyhub.co.uk/shop/olay-body-glow-combo-deal/,draft
not_published,product,21973,Paula’s Choice BHA liquid exfoliant-  2%,https://wholesalebeautyhub.co.uk/shop/paulas-choice-2-bha-liquid-exfoliant/,draft
not_published,product,23957,Medix 5.5 Glow Bright Combo Deal (Copy),https://wholesalebeautyhub.co.uk/shop//,draft
not_published,product,25089,MEDIX GLOW BUNDLE,https://wholesalebeautyhub.co.uk/shop//,draft
not_published,product,25092,EOS  Bundle Deal,https://wholesalebeautyhub.co.uk/shop//,draft
not_published,product,25109,25Pskyn Grade 1 & Grade 2 Acne bundle,https://wholesalebeautyhub.co.uk/shop//,draft
not_published,product,25111,25Pskyn Grade 3 & 4 Acne Bundle,https://wholesalebeautyhub.co.uk/shop//,draft
not_published,product,25113,25Pskyn Mixed Hyperpigmentation Bundle Deal,https://wholesalebeautyhub.co.uk/shop//,draft
not_published,product,25115,25Pskyn Superficial Hyperpigmetation Bundle Deal,https://wholesalebeautyhub.co.uk/shop//,draft
not_published,product,25117,25Pskyn Post inflammatory Hyperpigmentation,https://wholesalebeautyhub.co.uk/shop//,draft
not_published,product,25217,Beauty Line By Didi Lash Climax Mascara,https://wholesalebeautyhub.co.uk/shop//,draft
not_published,product,25219,Sylvimak Twinkle Town Eyeshadow Palette,https://wholesalebeautyhub.co.uk/shop//,draft
not_published,product,25369,Eos Body Lotion Toasted Marshmallow,https://wholesalebeautyhub.co.uk/shop//,draft
not_published,page,18872,Best selling Products,https://wholesalebeautyhub.co.uk//,draft
not_published,page,19017,Elementor #19017,https://wholesalebeautyhub.co.uk//,draft
not_published,blog_post,26097,Auto Draft,https://wholesalebeautyhub.co.uk//,auto-draft
not_in_nav_menu_reached_via_category_browsing_normally,product,17,Vee Beauty Second Skin Foundation,https://wholesalebeautyhub.co.uk/shop/vee-beauty-second-skin-foundation/,publish
not_in_nav_menu_reached_via_category_browsing_normally,product,18,Vee Beauty Total Coverage Foundation,https://wholesalebeautyhub.co.uk/shop/vee-beauty-total-coverage-foundation/,publish
not_in_nav_menu_reached_via_category_browsing_normally,product,22,Tehila Rosy Cheek Blush Palette,https://wholesalebeautyhub.co.uk/shop/tehila-rosy-cheek-blush-palatte/,publish
not_in_nav_menu_reached_via_category_browsing_normally,product,23,Tehila Blush/Highlighter Palatte,https://wholesalebeautyhub.co.uk/shop/tehila-blush-highlighter-palatte/,publish
not_in_nav_menu_reached_via_category_browsing_normally,product,24,Tehila Single Compact Blush,https://wholesalebeautyhub.co.uk/shop/tehila-single-compact-blush/,publish
not_in_nav_menu_reached_via_category_browsing_normally,product,25,Sylvimak Oil-Free Foundation,https://wholesalebeautyhub.co.uk/shop/sylvimak-oil-free-foundation/,publish
not_in_nav_menu_reached_via_category_browsing_normally,product,28,Tm Essential Bronzed By Tm,https://wholesalebeautyhub.co.uk/shop/tm-essential-bronzed-by-tm/,publish
not_in_nav_menu_reached_via_category_browsing_normally,product,34,Beauty By Ad Lip Gloss,https://wholesalebeautyhub.co.uk/shop/beauty-by-ad-lip-gloss/,publish
not_in_nav_menu_reached_via_category_browsing_normally,product,35,Beauty By Ad Lip Stain,https://wholesalebeautyhub.co.uk/shop/beauty-by-ad-lip-stain/,publish
not_in_nav_menu_reached_via_category_browsing_normally,product,49,Merak Cosmetics Setting Powder,https://wholesalebeautyhub.co.uk/shop/merak-cosmetics-setting-powder/,publish
not_in_nav_menu_reached_via_category_browsing_normally,product,50,Merak Cosmetics Pencil Liner,https://wholesalebeautyhub.co.uk/shop/merak-cosmetics-pencil-liner/,publish
not_in_nav_menu_reached_via_category_browsing_normally,product,51,Yanga Beauty Blurfect Loose Powder,https://wholesalebeautyhub.co.uk/shop/yanga-beauty-blurfect-loose-powder/,publish
not_in_nav_menu_reached_via_category_browsing_normally,product,52,Yanga Beauty Smooth Match Concealer,https://wholesalebeautyhub.co.uk/shop/yanga-beauty-smooth-match-concealer/,publish
not_in_nav_menu_reached_via_category_browsing_normally,product,53,Nuban Beauty Oil Control Setting Powder,https://wholesalebeautyhub.co.uk/shop/nuban-beauty-oil-control-setting-powder/,publish
not_in_nav_menu_reached_via_category_browsing_normally,product,55,Nuban Beauty D' Glow Loose Highlighter,https://wholesalebeautyhub.co.uk/shop/nuban-beauty-d-glow-loose-highlighter/,publish
not_in_nav_menu_reached_via_category_browsing_normally,product,60,Nuban Beauty In My Skin Concealer,https://wholesalebeautyhub.co.uk/shop/nuban-beauty-in-my-skin-concealer/,publish
not_in_nav_menu_reached_via_category_browsing_normally,product,62,Hegai & Esther Eyebrow Definer,https://wholesalebeautyhub.co.uk/shop/hegai-esther-eyebrow-definer/,publish
not_in_nav_menu_reached_via_category_browsing_normally,product,66,Msmetics Glazed Dewy Balm,https://wholesalebeautyhub.co.uk/shop/msmetics-glazed-balm/,publish
not_in_nav_menu_reached_via_category_browsing_normally,product,68,Msmetics Power Seal Sweat And Oil,https://wholesalebeautyhub.co.uk/shop/msmetics-power-seal-sweat-and-oil/,publish
not_in_nav_menu_reached_via_category_browsing_normally,product,69,Msmetics 14In1 Lash Set,https://wholesalebeautyhub.co.uk/shop/msmetics-14in1-lash-set/,publish
not_in_nav_menu_reached_via_category_browsing_normally,product,70,Msmetics Diy Lashes,https://wholesalebeautyhub.co.uk/shop/msmetics-diy-lashes/,publish
not_in_nav_menu_reached_via_category_browsing_normally,product,76,Sephora Microsmooth Multi-Tasking Baked Face Powder Foundation,https://wholesalebeautyhub.co.uk/shop/sephora-powder/,publish
not_in_nav_menu_reached_via_category_browsing_normally,product,82,Milani Powder,https://wholesalebeautyhub.co.uk/shop/milani-powder/,publish
not_in_nav_menu_reached_via_category_browsing_normally,product,84,Sooo Pro Seal It Spray,https://wholesalebeautyhub.co.uk/shop/sooo-pro-seal-it-spray/,publish
not_in_nav_menu_reached_via_category_browsing_normally,product,85,Sooo Pro Highlighter,https://wholesalebeautyhub.co.uk/shop/sooo-pro-highlighter/,publish
not_in_nav_menu_reached_via_category_browsing_normally,product,86,Sooo Pro Lipstain,https://wholesalebeautyhub.co.uk/shop/sooo-pro-lipstain/,publish
not_in_nav_menu_reached_via_category_browsing_normally,product,87,Sooo Pro Lip Gloss,https://wholesalebeautyhub.co.uk/shop/sooo-pro-lip-gloss/,publish
not_in_nav_menu_reached_via_category_browsing_normally,product,90,Omaricode Skin Mist 100Ml,https://wholesalebeautyhub.co.uk/shop/omaricode-skin-mist-100ml/,publish
not_in_nav_menu_reached_via_category_browsing_normally,product,92,Omaricode Lip Moisturizing Oil,https://wholesalebeautyhub.co.uk/shop/omaricode-lip-moisturizing-oil/,publish
not_in_nav_menu_reached_via_category_browsing_normally,product,106,Wynkkk Beauty 20 In 1 Lashes,https://wholesalebeautyhub.co.uk/shop/wynkkk-beauty-8-in-1-lashes/,publish
not_in_nav_menu_reached_via_category_browsing_normally,product,108,Wynkkk Beauty 16 In 1 Lashes,https://wholesalebeautyhub.co.uk/shop/wynkkk-beauty-16-in-1/,publish
not_in_nav_menu_reached_via_category_browsing_normally,product,109,Yglam Beauty Pigment,https://wholesalebeautyhub.co.uk/shop/yglam-beauty-pigment/,publish
not_in_nav_menu_reached_via_category_browsing_normally,product,113,Classic Makeup Lip Gloss clear,https://wholesalebeautyhub.co.uk/shop/classic-makeup-lip-gloss-clear/,publish
not_in_nav_menu_reached_via_category_browsing_normally,product,117,Paula Beauty Purple Eye Pencil,https://wholesalebeautyhub.co.uk/shop/paula-beauty-water-proof-eye-liner/,publish
not_in_nav_menu_reached_via_category_browsing_normally,product,118,Luzta Eye Shadow,https://wholesalebeautyhub.co.uk/shop/luzta-eye-shadow/,publish
not_in_nav_menu_reached_via_category_browsing_normally,product,120,Dammel Browmate Brow Tamer,https://wholesalebeautyhub.co.uk/shop/dammel-browmate-brow-tamer/,publish
not_in_nav_menu_reached_via_category_browsing_normally,product,124,Vee Beauty 9 In 1 Powder Palette,https://wholesalebeautyhub.co.uk/shop/vee-beauty-9-in-1-powder-palatte/,publish
not_in_nav_menu_reached_via_category_browsing_normally,product,125,Vee Beauty 12 In 1 Powder Palette,https://wholesalebeautyhub.co.uk/shop/vee-beauty-12-in-1-powder-palatte/,publish
not_in_nav_menu_reached_via_category_browsing_normally,product,127,Blossom Her Nude Story Palette,https://wholesalebeautyhub.co.uk/shop/blossom-her-nude-story-palatte/,publish
not_in_nav_menu_reached_via_category_browsing_normally,product,131,Tehila Black Magic Gel Liner,https://wholesalebeautyhub.co.uk/shop/tehila-black-magic-gel-liner/,publish
not_in_nav_menu_reached_via_category_browsing_normally,product,132,Sylvimak Irresistable Eyeshadow Pallatte,https://wholesalebeautyhub.co.uk/shop/sylvimak-irresistable-eyeshadow-pallatte/,publish
not_in_nav_menu_reached_via_category_browsing_normally,product,146,Beauty By Ad Setting Powder,https://wholesalebeautyhub.co.uk/shop/beauty-by-ad-setting-powder-tawny/,publish
not_in_nav_menu_reached_via_category_browsing_normally,product,153,Merak Cosmetics Angled Brush,https://wholesalebeautyhub.co.uk/shop/merak-cosmetics-angled-brush/,publish
not_in_nav_menu_reached_via_category_browsing_normally,product,154,Merak Cosmetics Flat Brush,https://wholesalebeautyhub.co.uk/shop/merak-cosmetics-flat-brush/,publish
not_in_nav_menu_reached_via_category_browsing_normally,product,155,Yanga Beauty Angled Flat Brush,https://wholesalebeautyhub.co.uk/shop/yanga-beauty-angled-flat-brush/,publish
not_in_nav_menu_reached_via_category_browsing_normally,product,156,Yanga Beauty Foundation Brush,https://wholesalebeautyhub.co.uk/shop/yanga-beauty-foundation-brush/,publish
not_in_nav_menu_reached_via_category_browsing_normally,product,159,Nuban Beauty Powder Brush,https://wholesalebeautyhub.co.uk/shop/nuban-beauty-nuban-powder-brush/,publish
not_in_nav_menu_reached_via_category_browsing_normally,product,161,Hegai & Esther Flash Pan Highlighter Palette,https://wholesalebeautyhub.co.uk/shop/hegai-esther-flash-pan-highlighter-palatte/,publish
not_in_nav_menu_reached_via_category_browsing_normally,product,162,Hegai & Esther Makeup Seal It,https://wholesalebeautyhub.co.uk/shop/hegai-esther-makeup-seal-it/,publish
not_in_nav_menu_reached_via_category_browsing_normally,product,164,Msmetics Moisture Bomb 50Ml,https://wholesalebeautyhub.co.uk/shop/msmetics-moisture-bomb-50ml/,publish
not_in_nav_menu_reached_via_category_browsing_normally,product,165,Msmetics Moisture Potion 50Ml,https://wholesalebeautyhub.co.uk/shop/msmetics-moisture-potion-50ml/,publish
not_in_nav_menu_reached_via_category_browsing_normally,product,166,Msmetics Aqua Grip Primer 15ML,https://wholesalebeautyhub.co.uk/shop/msmetics-aqua-grip-primer-50ml/,publish
not_in_nav_menu_reached_via_category_browsing_normally,product,178,Ferrarucci All Nighter Fixer Spray 200Ml,https://wholesalebeautyhub.co.uk/shop/ferrarucci-all-nighter-fixed-spray-200ml/,publish
not_in_nav_menu_reached_via_category_browsing_normally,product,180,Sooo Pro Hydrating Mist Setting Spray 150Ml,https://wholesalebeautyhub.co.uk/shop/sooo-pro-hydrating-mist-setting-spray-150ml/,publish
not_in_nav_menu_reached_via_category_browsing_normally,product,182,Juba Cosmetics Setting Spray 150Ml,https://wholesalebeautyhub.co.uk/shop/juba-cosmetics-setting-spray-150ml/,publish
not_in_nav_menu_reached_via_category_browsing_normally,product,183,Omaricode Bedew Hydrating Serum 30Ml,https://wholesalebeautyhub.co.uk/shop/omaricode-bedew-hydrating-serum-30ml/,publish
not_in_nav_menu_reached_via_category_browsing_normally,product,184,Omaricode Hydrating Moisture Maximize 50Ml,https://wholesalebeautyhub.co.uk/shop/omaricode-hydrating-moisture-maximize-50ml/,publish
not_in_nav_menu_reached_via_category_browsing_normally,product,186,O'Cosmetics Brush Bath,https://wholesalebeautyhub.co.uk/shop/ocosmetics-brush-bath/,publish
not_in_nav_menu_reached_via_category_browsing_normally,product,188,Rimmel Stay Matte Primer,https://wholesalebeautyhub.co.uk/shop/rimmel-stay-matte-primer/,publish
not_in_nav_menu_reached_via_category_browsing_normally,product,189,Skin By Zaron Vitamin C Brightening Body Wash,https://wholesalebeautyhub.co.uk/shop/skin-by-zaron-vitamin-c-brightening-body-wash/,publish
not_in_nav_menu_reached_via_category_browsing_normally,product,192,Skin By Zaron Brightening Toner,https://wholesalebeautyhub.co.uk/shop/skin-by-zaron-brightening-toner/,publish
not_in_nav_menu_reached_via_category_browsing_normally,product,193,Skin By Zaron Vitamin Brightening Lotion,https://wholesalebeautyhub.co.uk/shop/skin-by-zaron-vitamin-brightening-lotion/,publish
not_in_nav_menu_reached_via_category_browsing_normally,product,194,Skin By Zaron Retinol Serum,https://wholesalebeautyhub.co.uk/shop/skin-by-zaron-retinol-serum/,publish
not_in_nav_menu_reached_via_category_browsing_normally,product,195,Skin By Zaron Vitamin C Serum,https://wholesalebeautyhub.co.uk/shop/skin-by-zaron-vitamin-serum/,publish
not_in_nav_menu_reached_via_category_browsing_normally,product,196,Skin By Zaron Exfoliating &amp; Brightening Face Wash,https://wholesalebeautyhub.co.uk/shop/skin-by-zaron-exfoliating-brightening-face-wash/,publish
not_in_nav_menu_reached_via_category_browsing_normally,product,197,Skin By Zaron Acne Control Glow Wash,https://wholesalebeautyhub.co.uk/shop/skin-by-zaron-acne-control-glow-wash/,publish
not_in_nav_menu_reached_via_category_browsing_normally,product,200,Zaron Slain Regenerating Hydrating Serum,https://wholesalebeautyhub.co.uk/shop/zaron-slain-regenerating-hydrating-serum/,publish
not_in_nav_menu_reached_via_category_browsing_normally,product,201,Zaron Lengthening Mascara,https://wholesalebeautyhub.co.uk/shop/zaron-lengthening-mascara/,publish
not_in_nav_menu_reached_via_category_browsing_normally,product,202,Zaron 4in1Mascara,https://wholesalebeautyhub.co.uk/shop/zaron-4in1mascara/,publish
not_in_nav_menu_reached_via_category_browsing_normally,product,203,Zaron Liquid Eyeliner,https://wholesalebeautyhub.co.uk/shop/zaron-liquid-eyeliner/,publish
not_in_nav_menu_reached_via_category_browsing_normally,product,204,Zaron Sheer Powder Brush,https://wholesalebeautyhub.co.uk/shop/zaron-sheer-powder-brush/,publish
not_in_nav_menu_reached_via_category_browsing_normally,product,213,Yn216 Led Light,https://wholesalebeautyhub.co.uk/shop/yn216-led-light/,publish
not_in_nav_menu_reached_via_category_browsing_normally,product,214,Led 600 Pro with Tripod stand,https://wholesalebeautyhub.co.uk/shop/led-600-pro/,publish
not_in_nav_menu_reached_via_category_browsing_normally,product,218,Pvc Bag,https://wholesalebeautyhub.co.uk/shop/pvc-bag/,publish
not_in_nav_menu_reached_via_category_browsing_normally,product,223,Olay Shea Butter Body Wash 17Floz/ 502Ml,https://wholesalebeautyhub.co.uk/shop/olay-shea-butter-body-wash-17floz-502ml/,publish
not_in_nav_menu_reached_via_category_browsing_normally,product,226,Olay Retinol Body Wash 20Floz/591Ml,https://wholesalebeautyhub.co.uk/shop/olay-retinol-body-wash-20floz-591ml/,publish
not_in_nav_menu_reached_via_category_browsing_normally,product,231,Touch Kp Exfoliating Wash 8Floz/237Ml,https://wholesalebeautyhub.co.uk/shop/touch-kp-exfoliating-wash-8floz-237ml/,publish
not_in_nav_menu_reached_via_category_browsing_normally,product,232,Touch Kp Exfoliating Lotion,https://wholesalebeautyhub.co.uk/shop/touch-kp-exfoliating-lotion/,publish
not_in_nav_menu_reached_via_category_browsing_normally,product,233,Touch Acne Treatment Gel,https://wholesalebeautyhub.co.uk/shop/touch-acne-treatment-gel/,publish
not_in_nav_menu_reached_via_category_browsing_normally,product,234,Touch Bright And Clear Cream 2 Oz /56.7,https://wholesalebeautyhub.co.uk/shop/touch-bright-and-clear-cream-2-oz-56-7/,publish
not_in_nav_menu_reached_via_category_browsing_normally,product,235,Touch Ingrown Hair Roll On,https://wholesalebeautyhub.co.uk/shop/touch-ingrown-hair-roll-on/,publish
not_in_nav_menu_reached_via_category_browsing_normally,product,236,Dr Teals Vitamin C Lotion 18Fl Oz/532Ml,https://wholesalebeautyhub.co.uk/shop/dr-teals-vitamin-c-lotion-18fl-oz-532ml/,publish
not_in_nav_menu_reached_via_category_browsing_normally,product,237,Dr Teals Vitamin C Body Wash 24Fl/710Ml,https://wholesalebeautyhub.co.uk/shop/dr-teals-vitamin-c-body-wash-24fl-710ml/,publish
not_in_nav_menu_reached_via_category_browsing_normally,product,239,Dr Teals Citrus Sugar Scrub 19Oz/ 538Ml,https://wholesalebeautyhub.co.uk/shop/dr-teals-citrus-sugar-scrub-19oz-538ml/,publish
not_in_nav_menu_reached_via_category_browsing_normally,product,240,Dr Teals Shea Butter & Almond oil Scrub 19Oz /538Ml,https://wholesalebeautyhub.co.uk/shop/dr-teals-elderberry-scrub-19oz-538ml/,publish
not_in_nav_menu_reached_via_category_browsing_normally,product,242,Dr Teals Bath &amp;Amp; Body Coconut Oil 8.7Fl,https://wholesalebeautyhub.co.uk/shop/dr-teals-bath-body-oil-8-7fl/,publish
not_in_nav_menu_reached_via_category_browsing_normally,product,244,Amlactin Intensive Healing Lotion,https://wholesalebeautyhub.co.uk/shop/amlactin-intensive-healing-lotion-225g/,publish
not_in_nav_menu_reached_via_category_browsing_normally,product,246,Amlactin Daily Moisturizing (Improved Formula Scent Free),https://wholesalebeautyhub.co.uk/shop/amlactin-daily-moisturizing/,publish
not_in_nav_menu_reached_via_category_browsing_normally,product,248,Medix 5.5 Vitamin C Cream 15Floz/144,https://wholesalebeautyhub.co.uk/shop/medix-5-5-vitamin-c-cream-15floz-144/,publish
not_in_nav_menu_reached_via_category_browsing_normally,product,250,Medix 5.5 Retinol Cream 15Floz/144M,https://wholesalebeautyhub.co.uk/shop/medix-5-5-retinol-cream-15floz-144ml/,publish
not_in_nav_menu_reached_via_category_browsing_normally,product,251,Hatomugi Sunscreen 250Ml,https://wholesalebeautyhub.co.uk/shop/hatomugi-sunscreen-250ml/,publish
not_in_nav_menu_reached_via_category_browsing_normally,product,252,Nivea Uv Water Gel Sunscreen 140G,https://wholesalebeautyhub.co.uk/shop/nivea-uv-water-gel-sunscreen-140g/,publish
not_in_nav_menu_reached_via_category_browsing_normally,product,253,Good Molecules Daily Brightening Serum 30Ml,https://wholesalebeautyhub.co.uk/shop/good-molecules-daily-brightening-serum-30ml/,publish
not_in_nav_menu_reached_via_category_browsing_normally,product,254,Good Molecules Niacinamide Serum 30Ml,https://wholesalebeautyhub.co.uk/shop/good-molecules-niacinamide-serum-30ml/,publish
not_in_nav_menu_reached_via_category_browsing_normally,product,255,Good Molecules Overnight Treatment 30Ml,https://wholesalebeautyhub.co.uk/shop/good-molecules-overnight-treatment-30ml/,publish
not_in_nav_menu_reached_via_category_browsing_normally,product,256,Good Molecules Gentle Retinol Cream 30Ml,https://wholesalebeautyhub.co.uk/shop/good-molecules-gentle-retinol-cream-30ml/,publish
not_in_nav_menu_reached_via_category_browsing_normally,product,257,Good Molecules Niacinamide Brightening Toner 120Ml,https://wholesalebeautyhub.co.uk/shop/good-molecules-niacinamide-brightening-toner-120ml/,publish
not_in_nav_menu_reached_via_category_browsing_normally,product,259,Good Molecules Discoloration Serum 30Ml,https://wholesalebeautyhub.co.uk/shop/good-molecules-discoloration-serum-30ml/,publish
not_in_nav_menu_reached_via_category_browsing_normally,product,260,Cosrx Propolis Synergy Toner 150Ml,https://wholesalebeautyhub.co.uk/shop/cosrx-propolis-synergy-toner-150ml/,publish
not_in_nav_menu_reached_via_category_browsing_normally,product,261,Cosrx Dual Essence,https://wholesalebeautyhub.co.uk/shop/cosrx-dual-essence/,publish
not_in_nav_menu_reached_via_category_browsing_normally,product,262,Cosrx Snail Mucin Essence 100Ml,https://wholesalebeautyhub.co.uk/shop/cosrx-snail-mucin-essence-100ml/,publish
not_in_nav_menu_reached_via_category_browsing_normally,product,263,Cosrx Snail 92 All In One Cream 100G,https://wholesalebeautyhub.co.uk/shop/cosrx-snail-92-all-in-one-cream-100g/,publish
not_in_nav_menu_reached_via_category_browsing_normally,product,268,Cosrx Salicylic Gentle Cleanser 150Ml,https://wholesalebeautyhub.co.uk/shop/cosrx-salicylic-gentle-cleanser-150ml/,publish
not_in_nav_menu_reached_via_category_browsing_normally,product,269,Cosrx Low Ph Gel Cleanser 150Ml,https://wholesalebeautyhub.co.uk/shop/cosrx-low-ph-gel-cleanser-150ml/,publish
not_in_nav_menu_reached_via_category_browsing_normally,product,271,Cosrx Oil-Free Moisturizer 100Ml,https://wholesalebeautyhub.co.uk/shop/cosrx-oil-free-moisturizer-100ml/,publish
not_in_nav_menu_reached_via_category_browsing_normally,product,278,Skin Aqua Sunscreen 140G,https://wholesalebeautyhub.co.uk/shop/skin-aqua-sunscreen-140g/,publish
not_in_nav_menu_reached_via_category_browsing_normally,product,280,Isntree Hyaluronic Watery Sun Gel 50Ml,https://wholesalebeautyhub.co.uk/shop/isntree-hyaluronic-watery-sun-gel-50ml/,publish
not_in_nav_menu_reached_via_category_browsing_normally,product,281,Isntree Hyaluronic Acid Toner,https://wholesalebeautyhub.co.uk/shop/isntree-hyaluronic-acid-toner/,publish
not_in_nav_menu_reached_via_category_browsing_normally,product,284,Isntree Hyaluronic Sunstick,https://wholesalebeautyhub.co.uk/shop/isntree-hyaluronic-sunstick/,publish
not_in_nav_menu_reached_via_category_browsing_normally,product,286,Axis-Y Spot The Difference Blemish Treatment,https://wholesalebeautyhub.co.uk/shop/axis-y-blemish-treatment/,publish
not_in_nav_menu_reached_via_category_browsing_normally,product,287,Axis-Y Dark Spot Correcting Serum,https://wholesalebeautyhub.co.uk/shop/axis-y-dark-spot-correcting-serum/,publish
not_in_nav_menu_reached_via_category_browsing_normally,product,288,Missha Aqua Sunscreen 50Ml,https://wholesalebeautyhub.co.uk/shop/missha-aqua-sunscreen-50ml/,publish
not_in_nav_menu_reached_via_category_browsing_normally,product,290,Beauty Of Joseon Glow Serum 30Ml,https://wholesalebeautyhub.co.uk/shop/beauty-of-joseon-glow-serum-30ml/,publish
not_in_nav_menu_reached_via_category_browsing_normally,product,291,Beauty Of Joseon Cleansing Oil 210Ml,https://wholesalebeautyhub.co.uk/shop/beauty-of-joseon-cleansing-oil-210ml/,publish
not_in_nav_menu_reached_via_category_browsing_normally,product,292,Beauty Of Joseon Sunscreen 50Ml,https://wholesalebeautyhub.co.uk/shop/beauty-of-joseon-sunscreen-50ml/,publish
not_in_nav_menu_reached_via_category_browsing_normally,product,293,Beauty Of Joseon Radiance Cleansing Balm 100Ml,https://wholesalebeautyhub.co.uk/shop/beauty-of-joseon-radiance-cleansing-balm-100ml/,publish
not_in_nav_menu_reached_via_category_browsing_normally,product,294,Beauty Of Joseon Glow Deep Serum 30Ml,https://wholesalebeautyhub.co.uk/shop/beauty-of-joseon-glow-deep-serum-30ml/,publish
not_in_nav_menu_reached_via_category_browsing_normally,product,295,Blackgirl Sunscreen Spf 30,https://wholesalebeautyhub.co.uk/shop/blackgirl-sunscreen-spf-30/,publish
not_in_nav_menu_reached_via_category_browsing_normally,product,296,Blackgirl Sunscreen Make It Glow Spray,https://wholesalebeautyhub.co.uk/shop/blackgirl-sunscreen-make-it-glow-spray/,publish
not_in_nav_menu_reached_via_category_browsing_normally,product,297,Blackgirl Sunscreen Kids,https://wholesalebeautyhub.co.uk/shop/blackgirl-sunscreen-kids/,publish
not_in_nav_menu_reached_via_category_browsing_normally,product,298,Blackgirl Sunscreen Kids Spray,https://wholesalebeautyhub.co.uk/shop/blackgirl-sunscreen-kids-spray/,publish
not_in_nav_menu_reached_via_category_browsing_normally,product,303,Koji San Soap 100G 3In1,https://wholesalebeautyhub.co.uk/shop/koji-san-soap-100g-3in1/,publish
not_in_nav_menu_reached_via_category_browsing_normally,product,306,Koji San Soap 135G,https://wholesalebeautyhub.co.uk/shop/koji-san-soap-135g/,publish
not_in_nav_menu_reached_via_category_browsing_normally,product,307,Koji San 135G 2In1 Soap,https://wholesalebeautyhub.co.uk/shop/koji-san-135g-2in1-soap/,publish
not_in_nav_menu_reached_via_category_browsing_normally,product,315,Hadalabo Premium Gold 170Ml,https://wholesalebeautyhub.co.uk/shop/hadalabo-premium-gold-170ml/,publish
not_in_nav_menu_reached_via_category_browsing_normally,product,318,E45 Cream,https://wholesalebeautyhub.co.uk/shop/e45-cream/,publish
not_in_nav_menu_reached_via_category_browsing_normally,product,319,E45 Lotion,https://wholesalebeautyhub.co.uk/shop/e45-lotion/,publish
not_in_nav_menu_reached_via_category_browsing_normally,product,329,The Ordinary Alpha Arbutin 30Ml,https://wholesalebeautyhub.co.uk/shop/the-ordinary-alpha-arbutin-30ml/,publish
not_in_nav_menu_reached_via_category_browsing_normally,product,331,The Ordinary Lactic Acid,https://wholesalebeautyhub.co.uk/shop/the-ordinary-glycolic-acid/,publish
not_in_nav_menu_reached_via_category_browsing_normally,product,332,The Ordinary Retinol Serum 30Ml,https://wholesalebeautyhub.co.uk/shop/the-ordinary-retinol-serum-30ml/,publish
not_in_nav_menu_reached_via_category_browsing_normally,product,335,Neutrogena Body Oil (fragrance free),https://wholesalebeautyhub.co.uk/shop/neutrogena-body-oil/,publish
not_in_nav_menu_reached_via_category_browsing_normally,product,336,Yglam Beauty Blender,https://wholesalebeautyhub.co.uk/shop/yglam-beauty-blender/,publish
not_in_nav_menu_reached_via_category_browsing_normally,product,338,Yglam Eye Essential Brush,https://wholesalebeautyhub.co.uk/shop/yglam-eye-essential-brush/,publish
not_in_nav_menu_reached_via_category_browsing_normally,product,349,Beauty Line By Didi Brow Gasm Eye Brow Pencil,https://wholesalebeautyhub.co.uk/shop/beauty-line-by-didi-brow-gasm-eye-brow-pencil/,publish
not_in_nav_menu_reached_via_category_browsing_normally,product,351,Beauty Line By Didi Inked Liquid Liner,https://wholesalebeautyhub.co.uk/shop/beauty-line-by-didi-inked-liquid-liner/,publish
not_in_nav_menu_reached_via_category_browsing_normally,product,352,Beauty Line By Didi Liquid Pen Eyeliner,https://wholesalebeautyhub.co.uk/shop/beauty-line-by-didi-liquid-pen-eyeliner/,publish
not_in_nav_menu_reached_via_category_browsing_normally,product,354,Beauty Line By Didi Ultra Matte Brow Gel,https://wholesalebeautyhub.co.uk/shop/beauty-line-by-didi-ultra-matte-brow-gel/,publish
not_in_nav_menu_reached_via_category_browsing_normally,product,355,Beauty Line By Didi Sharpner,https://wholesalebeautyhub.co.uk/shop/beauty-line-by-didi-sharpner/,publish
not_in_nav_menu_reached_via_category_browsing_normally,product,356,Beauty Line By Didi Mascare Shield,https://wholesalebeautyhub.co.uk/shop/beauty-line-by-didi-mascare-shield/,publish
not_in_nav_menu_reached_via_category_browsing_normally,product,357,Becharm Clown White,https://wholesalebeautyhub.co.uk/shop/becharm-clown-white/,publish
not_in_nav_menu_reached_via_category_browsing_normally,product,359,Mabrook Brow Pencil,https://wholesalebeautyhub.co.uk/shop/mabrook-brow-pencil/,publish
not_in_nav_menu_reached_via_category_browsing_normally,product,360,Paula Beauty Gel Eye Liner,https://wholesalebeautyhub.co.uk/shop/paula-beauty-gel-eye-liner/,publish
not_in_nav_menu_reached_via_category_browsing_normally,product,362,Luzta Eye Shadow Bougie Palette,https://wholesalebeautyhub.co.uk/shop/luzta-eye-shadow-bougie-palette/,publish
not_in_nav_menu_reached_via_category_browsing_normally,product,365,Razor Blade,https://wholesalebeautyhub.co.uk/shop/razor-blade/,publish
not_in_nav_menu_reached_via_category_browsing_normally,product,1424,Omaricode Matte O Clock Primer 30Ml,https://wholesalebeautyhub.co.uk/shop/omaricode-matte-o-clock-primer-30ml/,publish
not_in_nav_menu_reached_via_category_browsing_normally,product,1683,Acwell 5.5 Licorice Ph Balancing Cleansing Toner,https://wholesalebeautyhub.co.uk/shop/acwell-5-5-licorice-ph-balancing-cleansing-toner/,publish
not_in_nav_menu_reached_via_category_browsing_normally,product,1684,Advanced Clinicals 1.75Oz Vitamin C Face Serum,https://wholesalebeautyhub.co.uk/shop/advanced-clinicals-1-75oz-vitamin-c-face-serum/,publish
not_in_nav_menu_reached_via_category_browsing_normally,product,1687,Advanced Clinicals 16Oz Vit C Brightening Body Cream,https://wholesalebeautyhub.co.uk/shop/advanced-clinicals-16oz-vit-c-brightening-body-cream/,publish
not_in_nav_menu_reached_via_category_browsing_normally,product,1688,Advanced Clinicals 2Oz Vitamin C Face Brightening Gel Cream,https://wholesalebeautyhub.co.uk/shop/advanced-clinicals-2oz-vitamin-c-face-brightening-gel-cream/,publish
not_in_nav_menu_reached_via_category_browsing_normally,product,1689,Advanced Clinicals 3.8Oz.Vitamin C Body Oil,https://wholesalebeautyhub.co.uk/shop/advanced-clinicals-3-8oz-vitamin-c-body-oil/,publish
not_in_nav_menu_reached_via_category_browsing_normally,product,1690,Advanced Clinicals Colagen Lotion 16Oz/454G,https://wholesalebeautyhub.co.uk/shop/advanced-clinicals-colagen-lotion-16oz-454g/,publish
not_in_nav_menu_reached_via_category_browsing_normally,product,1691,Amlactin Daily Moisturizing 225G Vit C&amp; 7% Lactic Acid,https://wholesalebeautyhub.co.uk/shop/amlactin-daily-moisturizing-225g-vit-c-7-lactic-acid/,publish
not_in_nav_menu_reached_via_category_browsing_normally,product,1694,Beauty Line By Didi Lip Gloss,https://wholesalebeautyhub.co.uk/shop/beauty-line-by-didi-lip-gloss-2/,publish
not_in_nav_menu_reached_via_category_browsing_normally,product,1695,Beauty Line By Didi Lip Liner,https://wholesalebeautyhub.co.uk/shop/beauty-line-by-didi-lip-liner/,publish
not_in_nav_menu_reached_via_category_browsing_normally,product,1696,Beauty Line By Didi Velvet Matte Lip Stain,https://wholesalebeautyhub.co.uk/shop/beauty-line-by-didi-velvet-matte-lip-stain/,publish
not_in_nav_menu_reached_via_category_browsing_normally,product,1697,Beautyby Ad Lippie,https://wholesalebeautyhub.co.uk/shop/beautyby-ad-lippie/,publish
not_in_nav_menu_reached_via_category_browsing_normally,product,1698,Beautyby Ad Loose Setting Powder,https://wholesalebeautyhub.co.uk/shop/beautyby-ad-loose-setting-powder/,publish
not_in_nav_menu_reached_via_category_browsing_normally,product,1699,Becharm Ageless Powder Palette,https://wholesalebeautyhub.co.uk/shop/becharm-ageless-13in1-powder-palette/,publish
not_in_nav_menu_reached_via_category_browsing_normally,product,1700,Becharm Ageless 18 In 1 Matte Lip Paint Dream,https://wholesalebeautyhub.co.uk/shop/becharm-ageless-18in1-matte-lip-paint/,publish
not_in_nav_menu_reached_via_category_browsing_normally,product,1702,Becharm Ageless Concealer Palette,https://wholesalebeautyhub.co.uk/shop/becharm-ageless-concealer-palette/,publish
not_in_nav_menu_reached_via_category_browsing_normally,product,1703,Boj Cosmetics Eye Brush Set,https://wholesalebeautyhub.co.uk/shop/boj-cosmetics-eye-brush-set/,publish
not_in_nav_menu_reached_via_category_browsing_normally,product,1704,Boj Cosmetics Eye Brush Set (eye blending brush) 4Pcs,https://wholesalebeautyhub.co.uk/shop/boj-cosmetics-eye-brush-set-4pcs/,publish
not_in_nav_menu_reached_via_category_browsing_normally,product,1707,Candybeauty Line Pigment,https://wholesalebeautyhub.co.uk/shop/candybeauty-line-pigment/,publish
not_in_nav_menu_reached_via_category_browsing_normally,product,1708,Candybeauty Line Pigment Glue,https://wholesalebeautyhub.co.uk/shop/candybeauty-line-pigment-glue/,publish
not_in_nav_menu_reached_via_category_browsing_normally,product,1709,Classic Super Hold Lash Glue,https://wholesalebeautyhub.co.uk/shop/classic-super-hold-lash-glue/,publish
not_in_nav_menu_reached_via_category_browsing_normally,product,1711,Cpd Cream Blush Palette,https://wholesalebeautyhub.co.uk/shop/cpd-cream-blush-palette/,publish
not_in_nav_menu_reached_via_category_browsing_normally,product,1712,D'Alba First Spray Serum 100Ml,https://wholesalebeautyhub.co.uk/shop/dalba-first-spray-serum-100ml/,publish
not_in_nav_menu_reached_via_category_browsing_normally,product,1713,Davies Brow Pencil 03 (Pack Of 12),https://wholesalebeautyhub.co.uk/shop/davies-brow-pencil-03-pack-of-12/,publish
not_in_nav_menu_reached_via_category_browsing_normally,product,1714,Davies Brow Pencil Colour 18 (Pack Of 12),https://wholesalebeautyhub.co.uk/shop/davies-brow-pencil-colour-18-pack-of-12/,publish
not_in_nav_menu_reached_via_category_browsing_normally,product,1715,Elastalift 1.75Oz Vitamin C & Turmeric Face Cream,https://wholesalebeautyhub.co.uk/shop/elastalift-1-75oz-vitamin-c-turmeric-face-cream/,publish
not_in_nav_menu_reached_via_category_browsing_normally,product,1718,Eos Body Lotion Jasmine Peach 16Fl/473Ml,https://wholesalebeautyhub.co.uk/shop/eos-body-lotion-jasmine-peach-16fl-473ml/,publish
not_in_nav_menu_reached_via_category_browsing_normally,product,1719,Eos Body Lotion Pomegranate Raspberry 16Fl/473Ml,https://wholesalebeautyhub.co.uk/shop/eos-body-lotion-pomegranate-raspberry-16fl-473ml/,publish
not_in_nav_menu_reached_via_category_browsing_normally,product,1720,Eos Body Lotion Vanilla Cashmere,https://wholesalebeautyhub.co.uk/shop/eos-body-lotion-vanilla-16fl-473ml/,publish
not_in_nav_menu_reached_via_category_browsing_normally,product,1721,Ezanic Azelaic Acid Gel W/W 15G,https://wholesalebeautyhub.co.uk/shop/ezanic-azelaic-acid-gel-20-w-w-15g/,publish
not_in_nav_menu_reached_via_category_browsing_normally,product,1723,Topicals Faded Brightening And Clearing Serum,https://wholesalebeautyhub.co.uk/shop/faded-topicals-brightening-and-clearing-serum-50ml/,publish
not_in_nav_menu_reached_via_category_browsing_normally,product,1724,Flat Red Multipurpose Brush,https://wholesalebeautyhub.co.uk/shop/flat-red-multipurpose-brush/,publish
not_in_nav_menu_reached_via_category_browsing_normally,product,1726,Gele Pin (Office Pin),https://wholesalebeautyhub.co.uk/shop/gele-pin-office-pin/,publish
not_in_nav_menu_reached_via_category_browsing_normally,product,1727,Good Molecules Discoloration Correcting Body Treatment120Ml,https://wholesalebeautyhub.co.uk/shop/good-molecules-discoloration-correcting-body-treatment120ml/,publish
not_in_nav_menu_reached_via_category_browsing_normally,product,1728,Good Molecules Discoloration Serum 75Ml,https://wholesalebeautyhub.co.uk/shop/good-molecules-discoloration-serum-75ml/,publish
not_in_nav_menu_reached_via_category_browsing_normally,product,1729,Good Molecules Hydrating Facial Cleansing Gel 200Ml,https://wholesalebeautyhub.co.uk/shop/good-molecules-hydrating-facial-cleansing-gel-200ml/,publish
not_in_nav_menu_reached_via_category_browsing_normally,product,1730,Good Molecules Light Weight Daily Moisturizer 100Ml,https://wholesalebeautyhub.co.uk/shop/good-molecules-light-weight-daily-moisturizer-100ml/,publish
not_in_nav_menu_reached_via_category_browsing_normally,product,1731,Good Molecules Yerba Mate Wake Up Eye Gel 15Ml,https://wholesalebeautyhub.co.uk/shop/good-molecules-yerba-mate-wake-up-eye-gel-15ml/,publish
not_in_nav_menu_reached_via_category_browsing_normally,product,1732,Haruharu Wonder Black Rice Hyaluronic Anti Wrinkle Serum 50Ml,https://wholesalebeautyhub.co.uk/shop/haruharu-wonder-black-rice-hyaluronic-anti-wrinkle-serum-50ml/,publish
not_in_nav_menu_reached_via_category_browsing_normally,product,1734,Kiss Beauty Spray,https://wholesalebeautyhub.co.uk/shop/kiss-beauty-spray/,publish
not_in_nav_menu_reached_via_category_browsing_normally,product,1735,La Roche-Posay Anthelios Uvmune 400 Invisible Fluid Spf 50+ 50Ml,https://wholesalebeautyhub.co.uk/shop/la-roche-posay-anthelios-uvmune-400-spf-50-50ml/,publish
not_in_nav_menu_reached_via_category_browsing_normally,product,1736,Mabrook Black Pencil,https://wholesalebeautyhub.co.uk/shop/mabrook-black-pencil/,publish
not_in_nav_menu_reached_via_category_browsing_normally,product,1737,Mario Badescu Facial Spray Rosewater 236Ml,https://wholesalebeautyhub.co.uk/shop/mario-badescu-facial-spray-rosewater-236ml/,publish
not_in_nav_menu_reached_via_category_browsing_normally,product,1738,Medix 15Oz.Glycolic &amp; Lactic Acid Body Wash,https://wholesalebeautyhub.co.uk/shop/medix-15oz-glycolic-lactic-acid-body-wash/,publish
not_in_nav_menu_reached_via_category_browsing_normally,product,1739,Mehron Skin Prep,https://wholesalebeautyhub.co.uk/shop/mehron-skin-prep/,publish
not_in_nav_menu_reached_via_category_browsing_normally,product,1745,Merak Blue Pencil,https://wholesalebeautyhub.co.uk/shop/merak-blue-pencil/,publish
not_in_nav_menu_reached_via_category_browsing_normally,product,1746,Merak Green Pencil,https://wholesalebeautyhub.co.uk/shop/merak-green-pencil/,publish
not_in_nav_menu_reached_via_category_browsing_normally,product,1750,Msmetics Aqua Grip Primer 50Ml Matte,https://wholesalebeautyhub.co.uk/shop/msmetics-aqua-grip-primer-50ml-matte/,publish
not_in_nav_menu_reached_via_category_browsing_normally,product,1753,Msmetics Sealowatte Spray Matte,https://wholesalebeautyhub.co.uk/shop/msmetics-sealowatte-spray-matte/,publish
not_in_nav_menu_reached_via_category_browsing_normally,product,1755,Naturium Bio Lipid Restoring Body Lotion 414Ml,https://wholesalebeautyhub.co.uk/shop/naturium-bio-lipid-restoring-body-lotion-414ml/,publish
not_in_nav_menu_reached_via_category_browsing_normally,product,1756,Naturium Glow Getter Multi Oil Body Butter 232Ml,https://wholesalebeautyhub.co.uk/shop/naturium-glow-getter-multi-oil-body-butter-232ml/,publish
not_in_nav_menu_reached_via_category_browsing_normally,product,1757,Naturium Glow Getter Multi Oil Body Wash 500Ml,https://wholesalebeautyhub.co.uk/shop/naturium-glow-getter-multi-oil-body-wash-500ml/,publish
not_in_nav_menu_reached_via_category_browsing_normally,product,1758,Naturium The Brightener Vitamin C Body Wash 500Ml,https://wholesalebeautyhub.co.uk/shop/naturium-the-brightener-vitamin-c-body-wash-500ml/,publish
not_in_nav_menu_reached_via_category_browsing_normally,product,1759,Naturium The Perfector Salicylic Acid Body Wash 500Ml,https://wholesalebeautyhub.co.uk/shop/naturium-the-perfector-salicylic-acid-body-wash-500ml/,publish
not_in_nav_menu_reached_via_category_browsing_normally,product,1760,Naturium The Smoother Glycolic Acid Body Lotion 234Ml,https://wholesalebeautyhub.co.uk/shop/naturium-the-smoother-glycolic-acid-body-lotion-234ml/,publish
not_in_nav_menu_reached_via_category_browsing_normally,product,1761,Naturium The Smoother Glycolic Acid Body Wash 500Ml,https://wholesalebeautyhub.co.uk/shop/naturium-the-smoother-glycolic-acid-body-wash-500ml/,publish
not_in_nav_menu_reached_via_category_browsing_normally,product,1762,Naturium Vit C Complex Face Cleanser 210,https://wholesalebeautyhub.co.uk/shop/naturium-vit-c-complex-cleanser-210/,publish
not_in_nav_menu_reached_via_category_browsing_normally,product,1763,Naturium Vit C Complex Face Serum,https://wholesalebeautyhub.co.uk/shop/naturium-vit-c-complex-face-serum-30ml/,publish
not_in_nav_menu_reached_via_category_browsing_normally,product,1770,Olay Niacinamide Body Lotion 17Floz/502Ml,https://wholesalebeautyhub.co.uk/shop/olay-naicinamide-body-lotion-17floz-502ml/,publish
not_in_nav_menu_reached_via_category_browsing_normally,product,1771,Olay Niacinamide Body Wash 20Floz/591Ml,https://wholesalebeautyhub.co.uk/shop/olay-naicinamide-body-wash-20floz-591ml/,publish
not_in_nav_menu_reached_via_category_browsing_normally,product,1772,Olay Retinol Body Lotion 17Floz/502Ml,https://wholesalebeautyhub.co.uk/shop/olay-retinol-body-lotion-17floz-502ml/,publish
not_in_nav_menu_reached_via_category_browsing_normally,product,1774,Panoxyl Acne Foaming Wash 10% Benzoyl Peroxide,https://wholesalebeautyhub.co.uk/shop/panoxyl-acne-creamy-wash-10-benzoyl-peroxide/,publish
not_in_nav_menu_reached_via_category_browsing_normally,product,1775,Panoxyl Acne Creamy Wash 4% Benzoyl Peroxide,https://wholesalebeautyhub.co.uk/shop/panoxyl-acne-creamy-wash-4-benzoyl-peroxide/,publish
not_in_nav_menu_reached_via_category_browsing_normally,product,1776,Paula Beauty Black Pencil,https://wholesalebeautyhub.co.uk/shop/paula-beauty-black-pencil/,publish
not_in_nav_menu_reached_via_category_browsing_normally,product,1777,Paula Beauty Blue Pencil,https://wholesalebeautyhub.co.uk/shop/paula-beauty-blue-pencil/,publish
not_in_nav_menu_reached_via_category_browsing_normally,product,1778,Paula Beauty Green Pencil,https://wholesalebeautyhub.co.uk/shop/paula-beauty-green-pencil/,publish
not_in_nav_menu_reached_via_category_browsing_normally,product,1780,Simple Replenishing Rich Moisturizer 125Ml,https://wholesalebeautyhub.co.uk/shop/simple-hydrating-light-moisturizer-125ml/,publish
not_in_nav_menu_reached_via_category_browsing_normally,product,1793,The Ordinary Glycolic Acid Toner 240Ml,https://wholesalebeautyhub.co.uk/shop/the-ordinary-glycolic-acid-100ml/,publish
not_in_nav_menu_reached_via_category_browsing_normally,product,1794,The Ordinary Multi Peptide Eye Serum 15Ml,https://wholesalebeautyhub.co.uk/shop/the-ordinary-multi-peptide-eye-serum-15ml/,publish
not_in_nav_menu_reached_via_category_browsing_normally,product,1795,The Ordinary Retinol Serum 0.5% 30Ml,https://wholesalebeautyhub.co.uk/shop/the-ordinary-retinol-serum-1-30ml/,publish
not_in_nav_menu_reached_via_category_browsing_normally,product,1796,Tiam Snail Azulence Water Essence 180Ml,https://wholesalebeautyhub.co.uk/shop/tiam-snail-azulence-water-essence-180ml/,publish
not_in_nav_menu_reached_via_category_browsing_normally,product,1797,Tiam Vita B3 Source 40Ml,https://wholesalebeautyhub.co.uk/shop/tiam-vita-b3-source-40ml/,publish
not_in_nav_menu_reached_via_category_browsing_normally,product,1798,Triangle Powder Puff,https://wholesalebeautyhub.co.uk/shop/traingle-powder-puff/,publish
not_in_nav_menu_reached_via_category_browsing_normally,product,1799,Vaseline Glutha Hya Dewy Radiance 200Ml,https://wholesalebeautyhub.co.uk/shop/vaseline-glutha-hya-dewy-radiance-300ml/,publish
not_in_nav_menu_reached_via_category_browsing_normally,product,1800,Vaseline Glutha Hya Flawless Glow 200Ml,https://wholesalebeautyhub.co.uk/shop/vaseline-glutha-hya-flawless-glow-200ml/,publish
not_in_nav_menu_reached_via_category_browsing_normally,product,1801,Vee Beauty 6In1 Powder Palette,https://wholesalebeautyhub.co.uk/shop/vee-beauty-6in1-powder-palette/,publish
not_in_nav_menu_reached_via_category_browsing_normally,product,1803,Vee Beauty Girls Night Out 2 Blush Palette,https://wholesalebeautyhub.co.uk/shop/vee-beauty-girls-night-out-2-blush-palette/,publish
not_in_nav_menu_reached_via_category_browsing_normally,product,1804,Vee Beauty Paint My World Lip  Palette(warm),https://wholesalebeautyhub.co.uk/shop/vee-beauty-lip-cheek-palette/,publish
not_in_nav_menu_reached_via_category_browsing_normally,product,1809,Yglam Brown Brush Set,https://wholesalebeautyhub.co.uk/shop/yglam-brown-brush-set/,publish
not_in_nav_menu_reached_via_category_browsing_normally,product,1813,Zaron Luxurious Lip Gloss -,https://wholesalebeautyhub.co.uk/shop/zaron-luxurious-lip-gloss/,publish
not_in_nav_menu_reached_via_category_browsing_normally,product,1814,Zaron Powder Brush,https://wholesalebeautyhub.co.uk/shop/zaron-powder-brush/,publish
not_in_nav_menu_reached_via_category_browsing_normally,product,1819,Dr Teals Bath &Amp; Body Lavender Oil 8.7Fl,https://wholesalebeautyhub.co.uk/shop/dr-teals-bath-body-oil-8-7fl-copy-2/,publish
not_in_nav_menu_reached_via_category_browsing_normally,product,1820,Dr Teals Bath &Amp; Body Shea Butter And Almond Oil 8.7Fl,https://wholesalebeautyhub.co.uk/shop/dr-teals-bath-body-oil-8-7fl-copy-3/,publish
not_in_nav_menu_reached_via_category_browsing_normally,product,1821,Dr Teals Bath &Amp; Body Eucalyptus And Spearmint Oil 8.7Fl,https://wholesalebeautyhub.co.uk/shop/dr-teals-bath-body-oil-8-7fl-copy/,publish
not_in_nav_menu_reached_via_category_browsing_normally,product,2317,Alpha Skin Care Renewal Body Lotion 12% Glycolic Aha - 12FL oz,https://wholesalebeautyhub.co.uk/shop/alpha-skin-care-renewal-body-lotion-12-glycolic-aha-340g/,publish
not_in_nav_menu_reached_via_category_browsing_normally,product,2318,Alpha Skin Care Moisturizing Body Wash Sea Mist - 340G,https://wholesalebeautyhub.co.uk/shop/alpha-skin-care-moisturizing-body-wash-sea-mist-340g/,publish
not_in_nav_menu_reached_via_category_browsing_normally,product,2319,Anua Heartleaf 77% Soothing Toner - 250Ml,https://wholesalebeautyhub.co.uk/shop/anua-heartleaf-77-soothing-toner-250ml/,publish
not_in_nav_menu_reached_via_category_browsing_normally,product,2320,Anua Heartleaf 70 Intense Calming Cream - 50Ml,https://wholesalebeautyhub.co.uk/shop/anua-heartleaf-70-intense-calming-cream-50ml/,publish
not_in_nav_menu_reached_via_category_browsing_normally,product,2321,Anua Niacinamide 10% X Txa 4% - 30Ml,https://wholesalebeautyhub.co.uk/shop/anua-niacinamide-10-x-txa-4-30ml/,publish
not_in_nav_menu_reached_via_category_browsing_normally,product,2322,Aveeno Moisturizing Body Oil Mist (US Version),https://wholesalebeautyhub.co.uk/shop/avenno-moisturizing-bodu-oil-mist-us-version/,publish
not_in_nav_menu_reached_via_category_browsing_normally,product,2323,Beauty Of Joseon Dynasty Face Cream Moisturizer,https://wholesalebeautyhub.co.uk/shop/beauty-of-joseon-dynasty-face-cream-moisturizer/,publish
not_in_nav_menu_reached_via_category_browsing_normally,product,2325,Boj Cosmetics Luxe Eye Lashes 5 In 1 ( Vogue),https://wholesalebeautyhub.co.uk/shop/boj-cosmeticslux-eye-lashes-5-in-1-vogue/,publish
not_in_nav_menu_reached_via_category_browsing_normally,product,2326,Boj Cosmeticslux Eye Lashes 5 In 1 ( Posh ) - Set 3,https://wholesalebeautyhub.co.uk/shop/boj-cosmeticslux-eye-lashes-5-in-1-posh-set-3/,publish
not_in_nav_menu_reached_via_category_browsing_normally,product,2327,Boj Cosmeticslux Eye Lashes 5 In 1 ( Posh ) - Set 2,https://wholesalebeautyhub.co.uk/shop/boj-cosmeticslux-eye-lashes-5-in-1-posh-set-2/,publish
not_in_nav_menu_reached_via_category_browsing_normally,product,2328,Boj Cosmetics Lux Eye Lashes 14 In 1 (Queen),https://wholesalebeautyhub.co.uk/shop/boj-cosmetics-lux-eye-lashes-14-in-1-queen/,publish
not_in_nav_menu_reached_via_category_browsing_normally,product,2329,Boj Cosmetics Lux Eye Lashes 14 In 1 (Lady),https://wholesalebeautyhub.co.uk/shop/boj-cosmetics-lux-eye-lashes-14-in-1-lady/,publish
not_in_nav_menu_reached_via_category_browsing_normally,product,2334,Dr Teals Foaming Bath Vit C Glow & Radiance 1000Ml,https://wholesalebeautyhub.co.uk/shop/dr-teals-foaming-bath-vit-c-1000ml/,publish
not_in_nav_menu_reached_via_category_browsing_normally,product,2335,"Dr Teals Body Wash Ceramides, Avocado Oil 710Ml",https://wholesalebeautyhub.co.uk/shop/dr-teals-body-wash-ceramides-avocado-oil-710ml/,publish
not_in_nav_menu_reached_via_category_browsing_normally,product,2336,Dr Teals Body Wash Prebiotic Lemon Balm 710Ml,https://wholesalebeautyhub.co.uk/shop/dr-teals-body-wash-prebiotic-lemon-balm-710ml/,publish
not_in_nav_menu_reached_via_category_browsing_normally,product,2337,"Dr Teals Body Lotion Ceramides , Avocado Oil",https://wholesalebeautyhub.co.uk/shop/dr-teals-body-lotion-ceramides-avocado-oil/,publish
not_in_nav_menu_reached_via_category_browsing_normally,product,2338,Embryolisse Lait Cream Moisturizer - 75 Ml,https://wholesalebeautyhub.co.uk/shop/embryolisse-lait-cream-moisturizer-75-ml/,publish
not_in_nav_menu_reached_via_category_browsing_normally,product,2339,Good Molecules Glycolic Exfoliating Toner - 120Ml,https://wholesalebeautyhub.co.uk/shop/good-molecules-glycolic-exfoliating-toner-120ml/,publish
not_in_nav_menu_reached_via_category_browsing_normally,product,2340,Good Moleculs Super Peptides Serum - 30Ml,https://wholesalebeautyhub.co.uk/shop/good-moleculs-super-peptides-serum-30ml/,publish
not_in_nav_menu_reached_via_category_browsing_normally,product,2341,Good Molecules Vitamin C Serum With Oryzanol - 30Ml,https://wholesalebeautyhub.co.uk/shop/good-molecules-vitamin-c-serum-with-oryzanol-30ml/,publish
not_in_nav_menu_reached_via_category_browsing_normally,product,2343,Kojivit Ultra Gel 30G,https://wholesalebeautyhub.co.uk/shop/kojivit-ultra-gel-30g/,publish
not_in_nav_menu_reached_via_category_browsing_normally,product,2345,Merak Beauty Blender,https://wholesalebeautyhub.co.uk/shop/merak-beauty-blender/,publish
not_in_nav_menu_reached_via_category_browsing_normally,product,2346,Merak Pro Ultimate Brush Set,https://wholesalebeautyhub.co.uk/shop/merak-pro-ulimate-brush-set/,publish
not_in_nav_menu_reached_via_category_browsing_normally,product,2347,Msmetics Blot Sticks Oil Eraser,https://wholesalebeautyhub.co.uk/shop/msmetics-blot-sticks-oil-eraser/,publish
not_in_nav_menu_reached_via_category_browsing_normally,product,2348,Merak Face Sculpt & Glow 6 In 1 Pallete,https://wholesalebeautyhub.co.uk/shop/merak-face-sculpt-glow-6-in-1-pallete/,publish
not_in_nav_menu_reached_via_category_browsing_normally,product,2349,Naturium Kp Body Scrub &amp; Mask - 226 G,https://wholesalebeautyhub.co.uk/shop/naturium-kp-body-scrub-mask-226-g/,publish
not_in_nav_menu_reached_via_category_browsing_normally,product,2350,Naturium The Glow Getter Body Oil - 100Ml,https://wholesalebeautyhub.co.uk/shop/naturium-the-glow-getter-body-oil-100ml/,publish
not_in_nav_menu_reached_via_category_browsing_normally,product,2352,Naturium Tranexamic Topical Acid 5% - 30Ml,https://wholesalebeautyhub.co.uk/shop/naturium-tranexamic-topical-acid-5-30ml/,publish
not_in_nav_menu_reached_via_category_browsing_normally,product,2353,Naturium Uv Reflect Antioxidant Spf 50,https://wholesalebeautyhub.co.uk/shop/naturium-uv-reflect-antioxidant-spf-50/,publish
not_in_nav_menu_reached_via_category_browsing_normally,product,2354,Naturium Bha Liquid Exfoliant 2%,https://wholesalebeautyhub.co.uk/shop/naturium-bha-liquid-exfoliant-2/,publish
not_in_nav_menu_reached_via_category_browsing_normally,product,2355,Naturium Multi Bright Tranexamic Acid Treatment  5% - 30Ml,https://wholesalebeautyhub.co.uk/shop/naturium-multi-tranexamic-acid-treatment-5-30ml/,publish
not_in_nav_menu_reached_via_category_browsing_normally,product,2357,Nip + Fab Vitamin C Fix Serum 5%,https://wholesalebeautyhub.co.uk/shop/nip-fab-illuminate-vit-c-fix-serum-1/,publish
not_in_nav_menu_reached_via_category_browsing_normally,product,2358,Panoxyl Balancing Repair Moisturizer With Naicinamide 85G,https://wholesalebeautyhub.co.uk/shop/panoxyl-balancing-repair-moisturizer-with-naicinamide-85g/,publish
not_in_nav_menu_reached_via_category_browsing_normally,product,2359,Panoxyl Acne Treatment Bar 113G,https://wholesalebeautyhub.co.uk/shop/panoxyl-acne-treatment-bar-113g/,publish
not_in_nav_menu_reached_via_category_browsing_normally,product,2360,Panoxyl Adapalene Gel Usp 0.1% Acne Treatment,https://wholesalebeautyhub.co.uk/shop/panoxyl-adapalene-gel-usp-0-1-acne-treatment/,publish
not_in_nav_menu_reached_via_category_browsing_normally,product,2361,Panoxyl Clarifying Exfoliant 2% Salicylic Acid,https://wholesalebeautyhub.co.uk/shop/panoxyl-clarifyingexfoliant-2-salicylic-acid-118g/,publish
not_in_nav_menu_reached_via_category_browsing_normally,product,2362,Palmers Cocoa Butter Massage Lotion For Stretch Marks 250Ml,https://wholesalebeautyhub.co.uk/shop/palmers-cocoa-butter-massage-lotion-for-stretch-marks-250ml/,publish
not_in_nav_menu_reached_via_category_browsing_normally,product,2363,I'M From Rice Toner 150Ml,https://wholesalebeautyhub.co.uk/shop/im-from-rice-toner-150ml/,publish
not_in_nav_menu_reached_via_category_browsing_normally,product,2364,ELF Holy Hydration! Face Cream Moisturizer with Broad Spectrum SPF 30,https://wholesalebeautyhub.co.uk/shop/elf-skin-holy-hydration-face-cream-with-hyaluronic-acid-peptides-50g/,publish
not_in_nav_menu_reached_via_category_browsing_normally,product,2366,Zaron Lip Liner Cappuccino,https://wholesalebeautyhub.co.uk/shop/zaron-lip-liner-cappuccino/,publish
not_in_nav_menu_reached_via_category_browsing_normally,product,2367,Absolute Lip Gloss Clear,https://wholesalebeautyhub.co.uk/shop/absolute-lip-gloss-clear/,publish
not_in_nav_menu_reached_via_category_browsing_normally,product,2368,Bs-Mall Brush Set,https://wholesalebeautyhub.co.uk/shop/bs-mall-brush-set/,publish
not_in_nav_menu_reached_via_category_browsing_normally,product,2369,Led 660 Pro Sutefoto Light With Tripod Stand,https://wholesalebeautyhub.co.uk/shop/led-660-pro-sutefoto-light-with-tripod-stand/,publish
not_in_nav_menu_reached_via_category_browsing_normally,product,2370,Panel Light L-3560,https://wholesalebeautyhub.co.uk/shop/panel-light-l-3560/,publish
not_in_nav_menu_reached_via_category_browsing_normally,product,2371,Telescopic Makeup Chair Foldable,https://wholesalebeautyhub.co.uk/shop/telescopic-makeup-chair-foldable/,publish
not_in_nav_menu_reached_via_category_browsing_normally,product,2372,Tripod Stand,https://wholesalebeautyhub.co.uk/shop/tripod-stand/,publish
not_in_nav_menu_reached_via_category_browsing_normally,product,2740,Laneige Lip Mask,https://wholesalebeautyhub.co.uk/shop/laneige-lip-mask/,publish
not_in_nav_menu_reached_via_category_browsing_normally,product,2746,Yglam Blush Palette (Bloom),https://wholesalebeautyhub.co.uk/shop/yglam-blush-palette-bloom/,publish
not_in_nav_menu_reached_via_category_browsing_normally,product,2751,Yglam Blush Palette (Rouge),https://wholesalebeautyhub.co.uk/shop/yglam-blush-palette-rouge/,publish
not_in_nav_menu_reached_via_category_browsing_normally,product,3571,TONYMOLY- Wonder Ceramide Mochi Toner- 500ML,https://wholesalebeautyhub.co.uk/shop/tonymoly-wonder-ceramide-mochi-toner-500ml/,publish
not_in_nav_menu_reached_via_category_browsing_normally,product,3608,FRUDIA - Pomegranate Honey 3in1 Lip Balm - 10ml,https://wholesalebeautyhub.co.uk/shop/frudia-pomegranate-honey-3in1-lip-balm-10ml/,publish
not_in_nav_menu_reached_via_category_browsing_normally,product,3619,ILLIYOON - Hyaluronic Moisture Cream- 100ml,https://wholesalebeautyhub.co.uk/shop/illiyoon-hyaluronic-moisture-cream-100ml/,publish
not_in_nav_menu_reached_via_category_browsing_normally,product,3631,COSRX - AHA/BHA Clarifying Treatment Toner 150ml,https://wholesalebeautyhub.co.uk/shop/cosrx-aha-bha-clarifying-treatment-toner-150ml/,publish
not_in_nav_menu_reached_via_category_browsing_normally,product,3635,Vaseline Cocoa Radiant Oil Gel 200ml,https://wholesalebeautyhub.co.uk/shop/vaseline-cocoa-radiant-oil-gel-200ml/,publish
not_in_nav_menu_reached_via_category_browsing_normally,product,3639,Olay Cleansing &amp; Nourishing Body Wash with Hyaluronic Acid &amp; Vitamin B3 Complex 20 fl oz,https://wholesalebeautyhub.co.uk/shop/olay-cleansing-nourishing-body-wash-with-hyaluronic-acid-vitamin-b3-complex-20-fl-oz/,publish
not_in_nav_menu_reached_via_category_browsing_normally,product,3648,Olay Collagen Peptide B3 Firming & Hydrating Body Lotion 502ml,https://wholesalebeautyhub.co.uk/shop/olay-collagen-peptide-b3-firming-hydrating-body-lotion-502ml/,publish
not_in_nav_menu_reached_via_category_browsing_normally,product,3652,Olay elasticity boosting collagen peptide body wash,https://wholesalebeautyhub.co.uk/shop/olay-collagen-vitamin-b3-body-wash-cleansing-firming-530ml/,publish
not_in_nav_menu_reached_via_category_browsing_normally,product,3661,Exfoliating Bath Glove Sponge,https://wholesalebeautyhub.co.uk/shop/exfoliating-bath-glove-sponge/,publish
not_in_nav_menu_reached_via_category_browsing_normally,product,3663,Biore UV Aqua Rich Watery Essence SPF 50+/PA++++ (70g) Sunscreen,https://wholesalebeautyhub.co.uk/shop/biore-uv-aqua-rich-watery-essence-spf-50-pa-70g-sunscreen/,publish
not_in_nav_menu_reached_via_category_browsing_normally,product,3666,Kose Suncut UV Perfect Gel SPF 50+ PA++++ (80g) Sunscreen,https://wholesalebeautyhub.co.uk/shop/kose-suncut-uv-perfect-gel-spf-50-pa-80g-sunscreen/,publish
not_in_nav_menu_reached_via_category_browsing_normally,product,3689,Topicals Faded Brightening Cleansing Bar For Dark Spots + Discoloration net wt 3.5oz (2 bars),https://wholesalebeautyhub.co.uk/shop/faded-brightening-cleansing-bar-for-dark-spots-discoloration-net-wt-3-5oz-2-bars/,publish
not_in_nav_menu_reached_via_category_browsing_normally,product,3693,Topicals Faded Under Eye Masks Brightening Eye Masks,https://wholesalebeautyhub.co.uk/shop/topicals-faded-under-eye-masks-brightening-eye-masks/,publish
not_in_nav_menu_reached_via_category_browsing_normally,product,3698,EOS -Lip Balm,https://wholesalebeautyhub.co.uk/shop/eos-lip-balm/,publish
not_in_nav_menu_reached_via_category_browsing_normally,product,3840,Naturium The Energizer Mandelic Acid Body Wash 500ml,https://wholesalebeautyhub.co.uk/shop/naturium-the-energizer-mandelic-acid-body-wash-500ml/,publish
not_in_nav_menu_reached_via_category_browsing_normally,product,3843,Naturium Mandelic Topical Acid 12% Face Serum 30ml,https://wholesalebeautyhub.co.uk/shop/naturium-mandelic-topical-acid-12-face-serum-30ml/,publish
not_in_nav_menu_reached_via_category_browsing_normally,product,3845,Naturium Azelaic Topical Acid 10% Face Serum 30ml,https://wholesalebeautyhub.co.uk/shop/naturium-azelaic-topical-acid-10-face-serum-30ml/,publish
not_in_nav_menu_reached_via_category_browsing_normally,product,3848,Anua Heartleaf Pore Control Cleansing Oil 200ml,https://wholesalebeautyhub.co.uk/shop/anua-heartleaf-pore-control-cleansing-oil-200ml/,publish
not_in_nav_menu_reached_via_category_browsing_normally,product,3851,ANUA Heartleaf LHA Moisture Peeling Gel Gentle Face Cleanser (120ml),https://wholesalebeautyhub.co.uk/shop/anua-heartleaf-lha-moisture-peeling-gel-gentle-face-cleanser-120ml/,publish
not_in_nav_menu_reached_via_category_browsing_normally,product,3853,ANUA BHA 2% Gentle Exfoliating Toner (150ml ),https://wholesalebeautyhub.co.uk/shop/anua-bha-2-gentle-exfoliating-toner-150ml/,publish
not_in_nav_menu_reached_via_category_browsing_normally,product,3856,Anua Peach 70 Niacinamide Serum 30ml / brightening hydrating face serum,https://wholesalebeautyhub.co.uk/shop/anua-peach-70-niacinamide-serum-30ml-brightening-hydrating-face-serum/,publish
not_in_nav_menu_reached_via_category_browsing_normally,product,3867,Eos Body Lotion Pink Champagne 16Fl/473Ml,https://wholesalebeautyhub.co.uk/shop/eos-body-lotion-pink-champagne-16fl-473ml/,publish
not_in_nav_menu_reached_via_category_browsing_normally,product,3869,Eos Body Lotion Fresh +Cozy 16Fl/473Ml,https://wholesalebeautyhub.co.uk/shop/eos-body-lotion-fresh-cozy-16fl-473ml/,publish
not_in_nav_menu_reached_via_category_browsing_normally,product,3871,Topicals High Roller Ingrown Hair Serum Roll-on Tonic 50ML,https://wholesalebeautyhub.co.uk/shop/topicals-high-roller-ingrown-hair-serum-roll-on-tonic-50ml/,publish
not_in_nav_menu_reached_via_category_browsing_normally,product,3876,Advanced Clinicals 5-in-1 Multi Correction Anti Aging Eye Serum,https://wholesalebeautyhub.co.uk/shop/advanced-clinicals-5-in-1-multi-correction-anti-aging-eye-serum/,publish
not_in_nav_menu_reached_via_category_browsing_normally,product,3878,Advanced Clinicals Dark Spot Brightening Face Moisturizer Lotion,https://wholesalebeautyhub.co.uk/shop/advanced-clinicals-dark-spot-brightening-face-moisturizer-lotion/,publish
not_in_nav_menu_reached_via_category_browsing_normally,product,3885,Advanced Clinicals Vitamin C Glow Facial Mist Toner,https://wholesalebeautyhub.co.uk/shop/advanced-clinicals-vitamin-c-glow-facial-mist-toner/,publish
not_in_nav_menu_reached_via_category_browsing_normally,product,3887,"Advanced Clinicals Vitamin C Face Toner W/Ferulic Acid & Rosewater, Antioxidant Facial Mist Spray 8 Fl Oz",https://wholesalebeautyhub.co.uk/shop/advanced-clinicals-vitamin-c-face-toner-w-ferulic-acid-rosewater-antioxidant-facial-mist-spray-8-fl-oz/,publish
not_in_nav_menu_reached_via_category_browsing_normally,product,4013,FaceFacts Ceramide Repairing Serum Cream 30ml,https://wholesalebeautyhub.co.uk/shop/face-facts-ceramide-repairing-serum-cream-30ml/,publish
not_in_nav_menu_reached_via_category_browsing_normally,product,4015,FaceFacts Vitamin C Brightening Facial Serum 30ml,https://wholesalebeautyhub.co.uk/shop/face-facts-vitamin-c-brightening-facial-serum-30ml/,publish
not_in_nav_menu_reached_via_category_browsing_normally,product,4020,FaceFacts Ceramide Hydrating Gentle Cleanser 140ml,https://wholesalebeautyhub.co.uk/shop/face-facts-ceramide-hydrating-gentle-cleanser/,publish
not_in_nav_menu_reached_via_category_browsing_normally,product,4022,FaceFacts Collagen &amp; Q10 Replenishing Facial Serum,https://wholesalebeautyhub.co.uk/shop/face-facts-collagen-q10-replenishing-facial-serum/,publish
not_in_nav_menu_reached_via_category_browsing_normally,product,4025,Baby Dove Lotion Fragrance Free Moisture 200ml,https://wholesalebeautyhub.co.uk/shop/baby-dove-lotion-fragrance-free-moisture-200ml/,publish
not_in_nav_menu_reached_via_category_browsing_normally,product,4036,Dove Indulging Bath Wash 500ml,https://wholesalebeautyhub.co.uk/shop/dove-indulging-bath-wash-500ml/,publish
not_in_nav_menu_reached_via_category_browsing_normally,product,4038,Sooo Pro Extra Dimensions Highlighter compact,https://wholesalebeautyhub.co.uk/shop/sooo-pro-extra-dimensions-highlighter-compact/,publish
not_in_nav_menu_reached_via_category_browsing_normally,product,4673,Annies Beauty Meet The Brown Eyeshadow Palette,https://wholesalebeautyhub.co.uk/shop/annies-beauty-meet-the-brown-eyeshadow-palette/,publish
not_in_nav_menu_reached_via_category_browsing_normally,product,4680,Annies Beauty Party Girl Eyeshadow Palette,https://wholesalebeautyhub.co.uk/shop/annies-beauty-party-girl-eyeshadow-palette/,publish
not_in_nav_menu_reached_via_category_browsing_normally,product,4681,Annies Beauty Cheek Orgasm Blush Palette Vol 1,https://wholesalebeautyhub.co.uk/shop/annies-beauty-cheek-orgasm-blush-palette/,publish
not_in_nav_menu_reached_via_category_browsing_normally,product,4682,Tree Hut Foaming Gel Wash,https://wholesalebeautyhub.co.uk/shop/tree-hut-foaming-gel-wash/,publish
not_in_nav_menu_reached_via_category_browsing_normally,product,4697,Tree Hut Whipped Body Butter,https://wholesalebeautyhub.co.uk/shop/tree-hut-whipped-body-butter/,publish
not_in_nav_menu_reached_via_category_browsing_normally,product,4702,"Aveeno Baby Daily Moisturizing Cream with Prebiotic Oat, with Coconut Oil & Shea Butter  15fl",https://wholesalebeautyhub.co.uk/shop/aveeno-baby-daily-moisturizing-cream-with-prebiotic-oat-with-coconut-oil-shea-butter-12fl/,publish
not_in_nav_menu_reached_via_category_browsing_normally,product,4706,"Aveeno Baby Daily Care Gift Set with Oat Extract & Prebiotic Oat, Contains Daily Moisturizing Body Lotion & Gentle 2-in-1 Baby Bath Wash & Shampoo (Pack of 2)",https://wholesalebeautyhub.co.uk/shop/aveeno-baby-daily-care-gift-set-with-oat-extract-prebiotic-oat-contains-daily-moisturizing-body-lotion-gentle-2-in-1-baby-bath-wash-shampoo-pack-of-2/,publish
not_in_nav_menu_reached_via_category_browsing_normally,product,4711,Timeless Skin Care Vitamin C Serum with Vitamin E &amp; Ferulic Acid - 20% Vitamin C Brightening Serum - 1 oz,https://wholesalebeautyhub.co.uk/shop/timeless-skin-care-vitamin-c-serum-with-vitamin-e-ferulic-acid-20-vitamin-c-brightening-serum-1-oz/,publish
not_in_nav_menu_reached_via_category_browsing_normally,product,5103,Vaseline Vitamin B3 Body oil 200ml,https://wholesalebeautyhub.co.uk/shop/vaseline-vitamin-b3-body-oil-200ml/,publish
not_in_nav_menu_reached_via_category_browsing_normally,product,5110,Vaseline Healthy Plus Bar Soap Vit B3 Healthy Bright (3x75g),https://wholesalebeautyhub.co.uk/shop/vaseline-healthy-plus-bar-soap-vit-b3-healthy-bright-3x75g/,publish
not_in_nav_menu_reached_via_category_browsing_normally,product,5112,ZAPZYT Acne Treatment Gel,https://wholesalebeautyhub.co.uk/shop/zapzyt-acne-treatment-gel/,publish
not_in_nav_menu_reached_via_category_browsing_normally,product,5115,Missha Vita C Plus Brightening Toner 200ml,https://wholesalebeautyhub.co.uk/shop/missha-vita-c-plus-brightening-toner-200ml/,publish
not_in_nav_menu_reached_via_category_browsing_normally,product,5119,Mary &amp; May Tranexamic Eye Cream (Special set - pack of 2),https://wholesalebeautyhub.co.uk/shop/mary-may-tranexamic-eye-cream-30g/,publish
not_in_nav_menu_reached_via_category_browsing_normally,product,5355,Tola Banks Easy Blend Beauty Sponge ( Pack of 4),https://wholesalebeautyhub.co.uk/shop/tola-banks-easy-blend-beauty-sponge-pack-of-4/,publish
not_in_nav_menu_reached_via_category_browsing_normally,product,5362,Flawless Stay On Spray 150ml,https://wholesalebeautyhub.co.uk/shop/flawless-stay-on-spray-150ml/,publish
not_in_nav_menu_reached_via_category_browsing_normally,product,5911,Good Molecules Brightening &amp; Dark Spots Bar 85g,https://wholesalebeautyhub.co.uk/shop/good-molecules-brightening-dark-spots-bar-85g/,publish
not_in_nav_menu_reached_via_category_browsing_normally,product,5915,Nip + Fab Retinol Fix Overnight Cream 50ml,https://wholesalebeautyhub.co.uk/shop/nip-fab-retinol-fix-overnight-cream-50ml/,publish
not_in_nav_menu_reached_via_category_browsing_normally,product,5918,Nip + Fab Vitamin C Fix Cleanser,https://wholesalebeautyhub.co.uk/shop/nip-fab-vitamin-c-fix-cleanser/,publish
not_in_nav_menu_reached_via_category_browsing_normally,product,5921,Tiam AC Fighting AHA BHA PHA TONER,https://wholesalebeautyhub.co.uk/shop/tiam-ac-fighting-aha-bha-pha-toner/,publish
not_in_nav_menu_reached_via_category_browsing_normally,product,5935,Naturium Barrier Bounce 50ml,https://wholesalebeautyhub.co.uk/shop/naturium-barrier-bounce-50ml/,publish
not_in_nav_menu_reached_via_category_browsing_normally,product,5940,Naturium AHA Exfoliating Mask 10%,https://wholesalebeautyhub.co.uk/shop/naturium-aha-exfoliating-mask-10/,publish
not_in_nav_menu_reached_via_category_browsing_normally,product,5945,Sylvimak Concealer,https://wholesalebeautyhub.co.uk/shop/sylvimak-concealer/,publish
not_in_nav_menu_reached_via_category_browsing_normally,product,5989,Tree Hut vitamin c shea sugar scrub,https://wholesalebeautyhub.co.uk/shop/tree-hut-vitamin-c-shea-sugar-scrub/,publish
not_in_nav_menu_reached_via_category_browsing_normally,product,6565,Olay Hyaluronic Acid Body Lotion,https://wholesalebeautyhub.co.uk/shop/olay-hyaluronic-acid-body-lotion/,publish
not_in_nav_menu_reached_via_category_browsing_normally,product,7309,Eos Body Lotion Coconut Waters  - 16 fl oz/473ml,https://wholesalebeautyhub.co.uk/shop/eos-coconut-waters-body-lotion-16-fl-oz-473ml/,publish
not_in_nav_menu_reached_via_category_browsing_normally,product,7323,Dr Teals Shea Sugar Prebiotic Lemon Balm Scrub,https://wholesalebeautyhub.co.uk/shop/dr-teals-shea-sugar-prebiotic-lemon-balm-scrub/,publish
not_in_nav_menu_reached_via_category_browsing_normally,product,7328,YGLAM Beauty Bronzer Pallete (BRONZEY),https://wholesalebeautyhub.co.uk/shop/yglam-beauty-bronzer-pallete-bronzey/,publish
not_in_nav_menu_reached_via_category_browsing_normally,product,7515,SKINCARE ESSENTIALS COMBO DEAL -VALENTINE COMBO DEALS,https://wholesalebeautyhub.co.uk/shop/skincare-essentials-combo-deal-valentine-combo-deals/,publish
not_in_nav_menu_reached_via_category_browsing_normally,product,7534,HYDARTION & BARRIER REPAIR COMBO- VALENTINE COMBO DEALS,https://wholesalebeautyhub.co.uk/shop/hydartion-barrier-repair-combo-valentine-combo-deals/,publish
not_in_nav_menu_reached_via_category_browsing_normally,product,7535,ACNE & BLEMISH FIGHTER SET - VALENTINE COMBO DEALS,https://wholesalebeautyhub.co.uk/shop/acne-blemish-fighter-set-valentine-combo-deals/,publish
not_in_nav_menu_reached_via_category_browsing_normally,product,7537,EXFOLIATING AND MOISTURIZING BODY COMBO- VALENTINE COMBO DEALS,https://wholesalebeautyhub.co.uk/shop/exfoliating-and-moisturizing-body-combo-valentine-combo-deals/,publish
not_in_nav_menu_reached_via_category_browsing_normally,product,7539,BODY GLOW & BRIGHTENING COMBO 3- VALENTINE COMBO DEALS,https://wholesalebeautyhub.co.uk/shop/body-glow-brightening-combo-3-valentine-combo-sales/,publish
not_in_nav_menu_reached_via_category_browsing_normally,product,7542,BODY GLOW & BRIGHTENING COMBO 2- VALENTINE COMBO DEALS,https://wholesalebeautyhub.co.uk/shop/body-glow-brightening-combo-2-valentine-combo-deals/,publish
not_in_nav_menu_reached_via_category_browsing_normally,product,7543,BODY GLOW & BRIGHTENING COMBO 1- BUNDLE DEAL,https://wholesalebeautyhub.co.uk/shop/body-glow-brightening-combo-1-valentine-combo-deals/,publish
not_in_nav_menu_reached_via_category_browsing_normally,product,7544,GLOW & RADIANCE BUNDLE (For Hyperpigmentation & Brightening)- Valentine Combo Deal,https://wholesalebeautyhub.co.uk/shop/glow-radiance-bundle-for-hyperpigmentation-brightening-valentine-combo-deal/,publish
not_in_nav_menu_reached_via_category_browsing_normally,product,7880,EOS Pink Champagne Body Wash,https://wholesalebeautyhub.co.uk/shop/eos-pink-champagne-body-wash/,publish
not_in_nav_menu_reached_via_category_browsing_normally,product,7885,NATURIUM Alpha Arbutin Serum 2%  30ML,https://wholesalebeautyhub.co.uk/shop/naturium-alpha-arbutin-serum-2-30ml/,publish
not_in_nav_menu_reached_via_category_browsing_normally,product,7890,"Tiam Vita B3 Mist Toner, 6.76 fl oz (200 ml)",https://wholesalebeautyhub.co.uk/shop/tiam-vita-b3-mist-toner-6-76-fl-oz-200-ml/,publish
not_in_nav_menu_reached_via_category_browsing_normally,product,7895,Vee Beauty Eyeshadow Palette (NAKED),https://wholesalebeautyhub.co.uk/shop/vee-beauty-eyeshadow-palette-naked/,publish
not_in_nav_menu_reached_via_category_browsing_normally,product,7899,Vee Beauty Eyeshadow Palette (NUDES),https://wholesalebeautyhub.co.uk/shop/vee-beauty-eyeshadow-palette-nudes/,publish
not_in_nav_menu_reached_via_category_browsing_normally,product,7902,EOS Fresh & Cozy Body Wash-,https://wholesalebeautyhub.co.uk/shop/eos-fresh-cozy-body-wash/,publish
not_in_nav_menu_reached_via_category_browsing_normally,product,7911,EOS Coconut Waters Body Wash,https://wholesalebeautyhub.co.uk/shop/eos-coconut-waters-body-wash/,publish
not_in_nav_menu_reached_via_category_browsing_normally,product,7912,EOS Shea Better Hand Cream,https://wholesalebeautyhub.co.uk/shop/eos-hand-cream-vanilla-cashmere/,publish
not_in_nav_menu_reached_via_category_browsing_normally,product,7920,EOS Strawberry Dream Body Lotion,https://wholesalebeautyhub.co.uk/shop/eos-strawberry-dream-body-lotion/,publish
not_in_nav_menu_reached_via_category_browsing_normally,product,7924,Tree Hut - Shea Sugar Scrub - Vanilla 510g,https://wholesalebeautyhub.co.uk/shop/tree-hut-shea-sugar-scrub-vanilla-510g/,publish
not_in_nav_menu_reached_via_category_browsing_normally,product,8533,Elastalift Dark Circle Eye Cream (Collagen + peptide),https://wholesalebeautyhub.co.uk/shop/elastalift-dark-circle-eye-cream-collagen-peptide/,publish
not_in_nav_menu_reached_via_category_browsing_normally,product,8618,Vee Beauty Concealer Palette,https://wholesalebeautyhub.co.uk/shop/vee-beauty-concealer-palette/,publish
not_in_nav_menu_reached_via_category_browsing_normally,product,8628,"Eucerin Baby Eczema Relief Cream Body Wash, Fragrance Free",https://wholesalebeautyhub.co.uk/shop/eucerin-baby-eczema-relief-cream-body-wash-fragrance-free/,publish
not_in_nav_menu_reached_via_category_browsing_normally,product,8634,Olay Super Serum Body Wash,https://wholesalebeautyhub.co.uk/shop/olay-super-serum-body-wash-for-extra-dry-skin/,publish
not_in_nav_menu_reached_via_category_browsing_normally,product,8647,La Roche-Posay Lipikar AP+ Triple Repair Moisturizing Cream,https://wholesalebeautyhub.co.uk/shop/la-roche-posay-lipikar-ap-triple-repair-moisturizing-cream/,publish
not_in_nav_menu_reached_via_category_browsing_normally,product,8648,EOS Vanilla Cashmere Body Wash,https://wholesalebeautyhub.co.uk/shop/eos-vanilla-cashmere-body-wash/,publish
not_in_nav_menu_reached_via_category_browsing_normally,product,8653,EOS Vanilla Cashmere Body Oil,https://wholesalebeautyhub.co.uk/shop/eos-vanilla-cashmere-body-oil/,publish
not_in_nav_menu_reached_via_category_browsing_normally,product,8659,EOS Vanilla Cashmere Whipped Oil Body Butter,https://wholesalebeautyhub.co.uk/shop/eos-vanilla-cashmere-whipped-oil-body-butter/,publish
not_in_nav_menu_reached_via_category_browsing_normally,product,8981,Kiss Beauty Makeup Fix Spray (Green Tea),https://wholesalebeautyhub.co.uk/shop/kiss-beauty-makeup-fix-spray-green-tea/,publish
not_in_nav_menu_reached_via_category_browsing_normally,product,9187,Olay Tone Brightening Vitamin C serum complex Body Wash,https://wholesalebeautyhub.co.uk/shop/olay-tone-brightening-vitamin-c-serum-complex-body-wash/,publish
not_in_nav_menu_reached_via_category_browsing_normally,product,9678,BM PRO FULL FILTER FOUNDATION,https://wholesalebeautyhub.co.uk/shop/bm-pro-full-filter-foundation/,publish
not_in_nav_menu_reached_via_category_browsing_normally,product,10216,BM PRO FULL FILTER PRESSED POWDER,https://wholesalebeautyhub.co.uk/shop/bm-pro-full-filter-pressed-powder/,publish
not_in_nav_menu_reached_via_category_browsing_normally,product,10415,Anua Azelaic Acid 10 Hyaluron,https://wholesalebeautyhub.co.uk/shop/anua-azelaic-acid-10-hyaluron/,publish
not_in_nav_menu_reached_via_category_browsing_normally,product,10419,Jumiso Brightening & Balancing Facial Serum,https://wholesalebeautyhub.co.uk/shop/jumiso-brightening-balancing-facial-serum/,publish
not_in_nav_menu_reached_via_category_browsing_normally,product,10476,Olay AHA/BHA Body Wash,https://wholesalebeautyhub.co.uk/shop/olay-aha-bha-body-wash/,publish
not_in_nav_menu_reached_via_category_browsing_normally,product,10500,BM PRO 24HRS MATTIFYING MAKEUP PRIMER,https://wholesalebeautyhub.co.uk/shop/bm-pro-24hrs-mattifying-makeup-primer/,publish
not_in_nav_menu_reached_via_category_browsing_normally,product,10504,"BM PRO Gel Eyeliner (Black, Blue, Green, Wine)",https://wholesalebeautyhub.co.uk/shop/bm-pro-gel-eyeliner-black-blue-green-wine/,publish
not_in_nav_menu_reached_via_category_browsing_normally,product,10515,BM PRO Volumizing Mascara,https://wholesalebeautyhub.co.uk/shop/bm-pro-volumizing-mascara/,publish
not_in_nav_menu_reached_via_category_browsing_normally,product,10518,BM PRO Vavavoom Mascara,https://wholesalebeautyhub.co.uk/shop/bm-pro-vavavoom-mascara/,publish
not_in_nav_menu_reached_via_category_browsing_normally,product,10522,BM PRO Brow Shader Pencil,https://wholesalebeautyhub.co.uk/shop/bm-pro-brow-shader-pencil/,publish
not_in_nav_menu_reached_via_category_browsing_normally,product,10524,BM PRO Coal Black Eye Pencil,https://wholesalebeautyhub.co.uk/shop/bm-pro-coal-black-eye-pencil/,publish
not_in_nav_menu_reached_via_category_browsing_normally,product,10532,BM PRO Matte Lipstick,https://wholesalebeautyhub.co.uk/shop/bm-pro-matte-lipstick/,publish
not_in_nav_menu_reached_via_category_browsing_normally,product,10559,BM PRO CREME LIPGLOSS,https://wholesalebeautyhub.co.uk/shop/bm-pro-creme-lipgloss/,publish
not_in_nav_menu_reached_via_category_browsing_normally,product,10581,BM PRO Longlasting Lipgloss,https://wholesalebeautyhub.co.uk/shop/bm-pro-longlasting-lipgloss/,publish
not_in_nav_menu_reached_via_category_browsing_normally,product,10888,Medix Vitamin C + Niacinamide Body Wash,https://wholesalebeautyhub.co.uk/shop/medix-vitamin-c-niacinamide-body-wash/,publish
not_in_nav_menu_reached_via_category_browsing_normally,product,11341,NINELESS B-Boost 1% Kojic Acid Serum 30ml,https://wholesalebeautyhub.co.uk/shop/nineless-b-boost-1-kojic-acid-serum-30ml/,publish
not_in_nav_menu_reached_via_category_browsing_normally,product,11348,NINELESS A-Control 10% Azelaic Acid Serum 30ml,https://wholesalebeautyhub.co.uk/shop/nineless-a-control-10-azelaic-acid-serum-30ml/,publish
not_in_nav_menu_reached_via_category_browsing_normally,product,11897,Viccabel Deluxe pro 21 piece Makeup Brush Set,https://wholesalebeautyhub.co.uk/shop/viccabel-deluxe-pro-21-piece-makeup-brush-set/,publish
not_in_nav_menu_reached_via_category_browsing_normally,product,11901,Nineless MELA-PRO 5% Tranexamic Acid Serum 30ml,https://wholesalebeautyhub.co.uk/shop/nineless-mela-pro-5-tranexamic-acid-serum-30ml/,publish
not_in_nav_menu_reached_via_category_browsing_normally,product,12980,Eos Body Lotion Crème de Pistachio,https://wholesalebeautyhub.co.uk/shop/eos-body-lotion-creme-de-pistachio/,publish
not_in_nav_menu_reached_via_category_browsing_normally,product,13301,Skin By Zaron Combo Deal,https://wholesalebeautyhub.co.uk/shop/skin-by-zaron-combo-deal/,publish
not_in_nav_menu_reached_via_category_browsing_normally,product,13314,Dark Spots & Hyperpigmentation Face Combo Deal- Bundle,https://wholesalebeautyhub.co.uk/shop/dark-spots-hyperpigmentation-face-combo-deal/,publish
not_in_nav_menu_reached_via_category_browsing_normally,product,13317,Medix 5.5 Glow Bright Combo Deal,https://wholesalebeautyhub.co.uk/shop/medix-5-5-glow-bright-combo-deal/,publish
not_in_nav_menu_reached_via_category_browsing_normally,product,13318,Acne &amp; Blemish Fighter combo deal,https://wholesalebeautyhub.co.uk/shop/acne-blemish-fighter-combo-deal/,publish
not_in_nav_menu_reached_via_category_browsing_normally,product,13319,Acne &amp; Blemish Fighter combo deal (2),https://wholesalebeautyhub.co.uk/shop/acne-blemish-fighter-combo-deal-2/,publish
not_in_nav_menu_reached_via_category_browsing_normally,product,13321,EOS Body Lotion Combo Deal,https://wholesalebeautyhub.co.uk/shop/eos-body-lotion-combo-deal/,publish
not_in_nav_menu_reached_via_category_browsing_normally,product,13323,Good Molecules Blemish & Discolouration Combo Deal- Bundle,https://wholesalebeautyhub.co.uk/shop/good-molecules-blemish-discoloration-combo-deal/,publish
not_in_nav_menu_reached_via_category_browsing_normally,product,13324,Hyperpigmentation & Brightening Combo Deal- Bundle,https://wholesalebeautyhub.co.uk/shop/hyperpigmentation-brightening-combo-deal/,publish
not_in_nav_menu_reached_via_category_browsing_normally,product,13326,Hyperpigmentation & Brightening Combo Deal - Bundle,https://wholesalebeautyhub.co.uk/shop/hyperpigmentation-brightening-combo-deal-2/,publish
not_in_nav_menu_reached_via_category_browsing_normally,product,13887,Olay Brightening Exfoliating Face Cleanser with Vitamin C,https://wholesalebeautyhub.co.uk/shop/olay-brightening-exfoliating-cleanser-with-vitamin-c/,publish
not_in_nav_menu_reached_via_category_browsing_normally,product,13895,Skin By Zaron Vitamin C Face Cream,https://wholesalebeautyhub.co.uk/shop/skin-by-zaron-vitamin-c-face-cream/,publish
not_in_nav_menu_reached_via_category_browsing_normally,product,13901,Skin By Zaron 2% Alpha-Arbutin serum,https://wholesalebeautyhub.co.uk/shop/skin-by-zaron-2-alpha-arbutin-serum/,publish
not_in_nav_menu_reached_via_category_browsing_normally,product,13903,Skin By Zaron 7% Glycolic Acid,https://wholesalebeautyhub.co.uk/shop/skin-by-zaron-7-glycolic-acid/,publish
not_in_nav_menu_reached_via_category_browsing_normally,product,13908,Skin By Zaron 2% Salicylic Acid Toner,https://wholesalebeautyhub.co.uk/shop/skin-by-zaron-2-salicylic-acid-toner/,publish
not_in_nav_menu_reached_via_category_browsing_normally,product,13917,Annies Beauty Eyeshadow Palettes,https://wholesalebeautyhub.co.uk/shop/annies-beauty-eyeshadow-palettes/,publish
not_in_nav_menu_reached_via_category_browsing_normally,product,14352,SKIN1004 Madagascar Centella Tone Brightening Boosting Toner,https://wholesalebeautyhub.co.uk/shop/skin1004-madagascar-centella-tone-brightening-boosting-toner/,publish
not_in_nav_menu_reached_via_category_browsing_normally,product,15129,Olay Dark Spot Correcting Body Lotion (AHA &VITAMIN C),https://wholesalebeautyhub.co.uk/shop/olay-dark-spot-correcting-body-lotion-aha-vitamin-c/,publish
not_in_nav_menu_reached_via_category_browsing_normally,product,15249,La Roche-Posay Effaclar Dual Acne Face Wash With 4% Benzoyl Peroxide,https://wholesalebeautyhub.co.uk/shop/la-roche-posay-effaclar-dual-acne-face-wash-with-4-benzoyl-peroxide/,publish
not_in_nav_menu_reached_via_category_browsing_normally,product,15253,La Roche-Posay Lipikar AP+ Gentle Foaming Moisturizing Wash,https://wholesalebeautyhub.co.uk/shop/la-roche-posay-lipikar-ap-gentle-foaming-moisturizing-wash/,publish
not_in_nav_menu_reached_via_category_browsing_normally,product,15466,25Pskyn Liqueur 1.69fl oz / 50ml,https://wholesalebeautyhub.co.uk/shop/25pskyn-liqueur-1-69fl-oz-50ml/,publish
not_in_nav_menu_reached_via_category_browsing_normally,product,15467,EOS Cashmere Body Mist,https://wholesalebeautyhub.co.uk/shop/eos-body-mist/,publish
not_in_nav_menu_reached_via_category_browsing_normally,product,15752,25pskyn Mandelactone 50ml,https://wholesalebeautyhub.co.uk/shop/25pskyn-mandelactone-50ml/,publish
not_in_nav_menu_reached_via_category_browsing_normally,product,15865,Embryolisse Lait Cream Moisturizer - 30 Ml,https://wholesalebeautyhub.co.uk/shop/embryolisse-lait-cream-moisturizer-30-ml/,publish
not_in_nav_menu_reached_via_category_browsing_normally,product,16331,Bolden Dark spot fix,https://wholesalebeautyhub.co.uk/shop/bolden-dark-spot-fix-2/,publish
not_in_nav_menu_reached_via_category_browsing_normally,product,16438,Bolden Skin Clarifying Cleanser,https://wholesalebeautyhub.co.uk/shop/bolden-clarifying-cleanser/,publish
not_in_nav_menu_reached_via_category_browsing_normally,product,16441,Bolden Brightening Moisturizer | SPF 30 with Vitamin C,https://wholesalebeautyhub.co.uk/shop/bolden-sunscreen-moisturizer-spf-30-with-vitamin-c/,publish
not_in_nav_menu_reached_via_category_browsing_normally,product,16443,Bolden Skin Brightening Toner,https://wholesalebeautyhub.co.uk/shop/bolden-brightening-toner/,publish
not_in_nav_menu_reached_via_category_browsing_normally,product,16445,Sylvimak Smooth Affair Finishing Powder Palette,https://wholesalebeautyhub.co.uk/shop/sylvimak-smooth-affair-finishing-powder-palette/,publish
not_in_nav_menu_reached_via_category_browsing_normally,product,16460,Hegai & Esther photo perfect pressed powder,https://wholesalebeautyhub.co.uk/shop/hegai-esther-photo-perfect-pressed-powder/,publish
not_in_nav_menu_reached_via_category_browsing_normally,product,16464,Hegai & Esther lipgloss,https://wholesalebeautyhub.co.uk/shop/hegai-esther-lipgloss/,publish
not_in_nav_menu_reached_via_category_browsing_normally,product,16467,Hegai & Esther Artstick matte liquid lipstick,https://wholesalebeautyhub.co.uk/shop/artstick-matte-liquid-lipstick/,publish
not_in_nav_menu_reached_via_category_browsing_normally,product,16482,EOS Cashmere Body Lotion (Holiday Collection),https://wholesalebeautyhub.co.uk/shop/eos-cashmere-body-lotion-holiday-collection/,publish
not_in_nav_menu_reached_via_category_browsing_normally,product,16519,Hegai & Esther powder foundation,https://wholesalebeautyhub.co.uk/shop/hegai-esther-powder-foundation/,publish
not_in_nav_menu_reached_via_category_browsing_normally,product,16529,Hegai & Esther photo perfect liquid foundation,https://wholesalebeautyhub.co.uk/shop/hegai-esther-photo-perfect-liquid-foundation/,publish
not_in_nav_menu_reached_via_category_browsing_normally,product,16532,Hegai & Esther Velvet Matte Lipstick,https://wholesalebeautyhub.co.uk/shop/velvet-matte-lipstick/,publish
not_in_nav_menu_reached_via_category_browsing_normally,product,16543,Hegai & Esther Photo Perfect Concealer,https://wholesalebeautyhub.co.uk/shop/photo-perfect-concealer/,publish
not_in_nav_menu_reached_via_category_browsing_normally,product,16555,Hegai & Esther Lip Definer,https://wholesalebeautyhub.co.uk/shop/lip-definer/,publish
not_in_nav_menu_reached_via_category_browsing_normally,product,16557,Flash Drops Liquid Highlighter,https://wholesalebeautyhub.co.uk/shop/flash-drops-liquid-highlighter/,publish
not_in_nav_menu_reached_via_category_browsing_normally,product,16820,Eucerin Roughness Relief smoothing Lotion,https://wholesalebeautyhub.co.uk/shop/eucerin-roughness-relief-lotion/,publish
not_in_nav_menu_reached_via_category_browsing_normally,product,16821,Eucerin Eczema Relief Cream,https://wholesalebeautyhub.co.uk/shop/eucerin-eczema-relief-cream/,publish
not_in_nav_menu_reached_via_category_browsing_normally,product,16825,Eucerin Intensive Repair Lotion,https://wholesalebeautyhub.co.uk/shop/eucerin-advanced-repair-lotion/,publish
not_in_nav_menu_reached_via_category_browsing_normally,product,16966,25pskyn UV Warrior SPF 50+ Broad Spectrum Sunscreen 150ml,https://wholesalebeautyhub.co.uk/shop/25-pskyn-uv-warrior-sunscreen/,publish
not_in_nav_menu_reached_via_category_browsing_normally,product,16969,Yglam cheeksy cream blush palette,https://wholesalebeautyhub.co.uk/shop/yglam-cheeksy-cream-blush-palette/,publish
not_in_nav_menu_reached_via_category_browsing_normally,product,16971,Yglam cheesksy powder blush palette,https://wholesalebeautyhub.co.uk/shop/yglam-cheesksy-powder-blush-palette/,publish
not_in_nav_menu_reached_via_category_browsing_normally,product,17476,Vaseline Clinical Care Dry Hands Rescue,https://wholesalebeautyhub.co.uk/shop/vaseline-clinical-care-dry-hands-rescue/,publish
not_in_nav_menu_reached_via_category_browsing_normally,product,17478,Vaseline Glazed and Glisten Shimmering Oil,https://wholesalebeautyhub.co.uk/shop/vaseline-glazed-and-glisten-shimmering-oil/,publish
not_in_nav_menu_reached_via_category_browsing_normally,product,17487,Olay Super Serum Body Lotion,https://wholesalebeautyhub.co.uk/shop/olay-super-serum-body-lotion/,publish
not_in_nav_menu_reached_via_category_browsing_normally,product,17491,Aquaphor Immediate Relief Lip Repair Balm 2pack,https://wholesalebeautyhub.co.uk/shop/aquaphor-lip-repair-2pack/,publish
not_in_nav_menu_reached_via_category_browsing_normally,product,17494,Neutrogena Oil Free Acne Wash Pink Grapefruit Foaming Scrub,https://wholesalebeautyhub.co.uk/shop/neutrogena-oil-free-acne-wash-pink-grapefruit-foaming-scrub/,publish
not_in_nav_menu_reached_via_category_browsing_normally,product,17496,Neutrogena Oil Free Acne Wash Pink Grapefruit Facial Cleanser,https://wholesalebeautyhub.co.uk/shop/neutrogena-oil-free-acne-wash-fragrance-free/,publish
not_in_nav_menu_reached_via_category_browsing_normally,product,17503,Eos Shave Oil,https://wholesalebeautyhub.co.uk/shop/eos-shave-oil/,publish
not_in_nav_menu_reached_via_category_browsing_normally,product,17510,Good Molecules Caffeine Energizing Hydrogel Eye Patches,https://wholesalebeautyhub.co.uk/shop/good-molecules-caffeine-energizing-hydrogel-eye-patches/,publish
not_in_nav_menu_reached_via_category_browsing_normally,product,17601,Neutrogena Oil Free Acne Wash With Salicylic acid Fragrance Free,https://wholesalebeautyhub.co.uk/shop/oil-free-acne-wash-with-salicylic-acid-fragrance-free/,publish
not_in_nav_menu_reached_via_category_browsing_normally,product,17663,Sun bum kids SPF 50 Clear Sunscreen Stick,https://wholesalebeautyhub.co.uk/shop/sun-bum-kids-spf-50-clear-sunscreen-stick/,publish
not_in_nav_menu_reached_via_category_browsing_normally,product,17665,Sun bum Kids SPF 50 Clear Sunscreen Lotion,https://wholesalebeautyhub.co.uk/shop/sun-bum-kids-spf-50-clear-sunscreen-lotion/,publish
not_in_nav_menu_reached_via_category_browsing_normally,product,17860,Tola Banks Beauty Brush Set,https://wholesalebeautyhub.co.uk/shop/tola-banks-beauty-brush-set/,publish
not_in_nav_menu_reached_via_category_browsing_normally,product,18359,Skin1004 Madagascar Centella Tone Brightening Ampoule,https://wholesalebeautyhub.co.uk/shop/skin1004-madagascar-centella-tone-brightening-ampoule/,publish
not_in_nav_menu_reached_via_category_browsing_normally,product,18407,Olay Salicylic Acid Body Wash (530ml),https://wholesalebeautyhub.co.uk/shop/olay-salicylic-acid-body-wash-530ml/,publish
not_in_nav_menu_reached_via_category_browsing_normally,product,18477,Pan0xyl Blemish Aftercare Brightening Patches,https://wholesalebeautyhub.co.uk/shop/pan0xyl-blemish-aftercare-brightening-patches/,publish
not_in_nav_menu_reached_via_category_browsing_normally,product,18482,Panoxyl overnight spot patches,https://wholesalebeautyhub.co.uk/shop/panoxyl-overnight-spot-patches/,publish
not_in_nav_menu_reached_via_category_browsing_normally,product,18488,Cosrx The 6 Peptide Skin Booster,https://wholesalebeautyhub.co.uk/shop/cosrx-the-6-peptide-skin-booster/,publish
not_in_nav_menu_reached_via_category_browsing_normally,product,18632,Tiam Vita B5 Toner,https://wholesalebeautyhub.co.uk/shop/tiam-vita-b5-toner/,publish
not_in_nav_menu_reached_via_category_browsing_normally,product,18636,Tiam Alpha-5 Mela Care Cream,https://wholesalebeautyhub.co.uk/shop/tiam-alpha-5-mela-care-cream/,publish
not_in_nav_menu_reached_via_category_browsing_normally,product,18638,Tiam Snail & Azulene Low Ph Cleanser,https://wholesalebeautyhub.co.uk/shop/tiam-snail-azulene-low-ph-cleanser/,publish
not_in_nav_menu_reached_via_category_browsing_normally,product,18642,Dr Althea 345 Relief Cream,https://wholesalebeautyhub.co.uk/shop/dr-althea-345-relief-cream/,publish
not_in_nav_menu_reached_via_category_browsing_normally,product,18645,Dr Althea Gentle Vitamin C Serum,https://wholesalebeautyhub.co.uk/shop/dr-althea-gentle-vitamin-c-serum/,publish
not_in_nav_menu_reached_via_category_browsing_normally,product,18649,25pskyn Trio Pskyn Cleanser 250ml,https://wholesalebeautyhub.co.uk/shop/25-pskyn-trio-pskyn-cleanser/,publish
not_in_nav_menu_reached_via_category_browsing_normally,product,18735,Cerave Renewing SA Cleanser,https://wholesalebeautyhub.co.uk/shop/cerave-renewing-sa-cleanser/,publish
not_in_nav_menu_reached_via_category_browsing_normally,product,18738,Cerave Foaming Facial cleanser,https://wholesalebeautyhub.co.uk/shop/cerave-foaming-facial-cleanser/,publish
not_in_nav_menu_reached_via_category_browsing_normally,product,18742,Cerave Hydrating Facial Cleanser,https://wholesalebeautyhub.co.uk/shop/cerave-hydrating-facial-cleanser/,publish
not_in_nav_menu_reached_via_category_browsing_normally,product,18748,Palmers Cocoa Butter Formula Tahitian Vanilla Body Lotion.,https://wholesalebeautyhub.co.uk/shop/palmers-cocoa-butter-formula-tahitian-vanilla-body-lotion/,publish
not_in_nav_menu_reached_via_category_browsing_normally,product,18752,ROC Derm Correxion Retinol Firming Serum Stick,https://wholesalebeautyhub.co.uk/shop/roc-derm-correxion-retinol-firming-serum-stick/,publish
not_in_nav_menu_reached_via_category_browsing_normally,product,18756,Differin 0.1% Adapalene Gel Treatment,https://wholesalebeautyhub.co.uk/shop/differin-0-1-adapalene-gel-treatment-15g/,publish
not_in_nav_menu_reached_via_category_browsing_normally,product,18834,Cerave Resurfacing Retinol Serum,https://wholesalebeautyhub.co.uk/shop/cerave-resurfacing-retinol-serum/,publish
not_in_nav_menu_reached_via_category_browsing_normally,product,18838,Cerave Acne Control Cleanser 16fL,https://wholesalebeautyhub.co.uk/shop/cerave-acne-foaming-cream-cleanser/,publish
not_in_nav_menu_reached_via_category_browsing_normally,product,18843,Olay Super Serum Body Cream,https://wholesalebeautyhub.co.uk/shop/olay-super-serum-body-cream/,publish
not_in_nav_menu_reached_via_category_browsing_normally,product,18893,Hegai & Esther culture mix palette,https://wholesalebeautyhub.co.uk/shop/hegai-esther-culture-mix-palette/,publish
not_in_nav_menu_reached_via_category_browsing_normally,product,18897,Hegai & Esther Earthen Magic Palette,https://wholesalebeautyhub.co.uk/shop/hegai-esther-earthen-magic-palette/,publish
not_in_nav_menu_reached_via_category_browsing_normally,product,19224,Isntree Hylauronic Acid Moist Cream,https://wholesalebeautyhub.co.uk/shop/isntree-hylauronic-acid-moist-cream/,publish
not_in_nav_menu_reached_via_category_browsing_normally,product,19572,25Pskyn Pigma Blend Cream,https://wholesalebeautyhub.co.uk/shop/25pskyn-pigma-blend-cream/,publish
not_in_nav_menu_reached_via_category_browsing_normally,product,19575,25Pskyn Kojitrinol Pads,https://wholesalebeautyhub.co.uk/shop/25pskyn-kojitrinol-pads/,publish
not_in_nav_menu_reached_via_category_browsing_normally,product,19579,25Pskyn Trinity Pads,https://wholesalebeautyhub.co.uk/shop/25pskyn-trinity-pads/,publish
not_in_nav_menu_reached_via_category_browsing_normally,product,19653,Olay Total Effects Revitalizing Foaming Face Cleanser,https://wholesalebeautyhub.co.uk/shop/olay-total-effects-revitalizing-foaming-face-cleanser/,publish
not_in_nav_menu_reached_via_category_browsing_normally,product,19656,Olay Bump Erasing Exfoliating Body Wash,https://wholesalebeautyhub.co.uk/shop/olay-bump-erasing-exfoliating-body-wash/,publish
not_in_nav_menu_reached_via_category_browsing_normally,product,19658,Annies beauty Cheek Sensation Volume 2 Blush palette,https://wholesalebeautyhub.co.uk/shop/annies-beauty-cheek-sensation-volume-2-blush-palette/,publish
not_in_nav_menu_reached_via_category_browsing_normally,product,19738,Zaron Longwear Gel Eyeliner,https://wholesalebeautyhub.co.uk/shop/zaron-longwear-gel-eyeliner/,publish
not_in_nav_menu_reached_via_category_browsing_normally,product,19754,Mila 5 in 1 lashes,https://wholesalebeautyhub.co.uk/shop/mila-5-in-1-lashes/,publish
not_in_nav_menu_reached_via_category_browsing_normally,product,19756,Wynkk 5 in 1 lashes Match me up,https://wholesalebeautyhub.co.uk/shop/wynkk-5-in-1-lashes-match-me-up/,publish
not_in_nav_menu_reached_via_category_browsing_normally,product,19858,La roche Posay Toleriane Purifying Foaming Cleanser,https://wholesalebeautyhub.co.uk/shop/la-roche-posay-toleriane-purifying-foaming-cleanser/,publish
not_in_nav_menu_reached_via_category_browsing_normally,product,19860,Palmers Tahitian Vanilla Moisture Drenching Body Oil,https://wholesalebeautyhub.co.uk/shop/palmers-tahitian-vanilla-moisture-drenching-body-oil/,publish
not_in_nav_menu_reached_via_category_browsing_normally,product,19863,"Palmers Brazilian Coco Firming Bum, Bust & Body Oil.",https://wholesalebeautyhub.co.uk/shop/palmers-brazilian-coco-firming-bum-bust-body-oil/,publish
not_in_nav_menu_reached_via_category_browsing_normally,product,20187,Panoxyl Acne Banishing Body Spray,https://wholesalebeautyhub.co.uk/shop/panoxyl-acne-banishing-body-spray/,publish
not_in_nav_menu_reached_via_category_browsing_normally,product,20525,Beauty By Ad Dew Drop Foundation,https://wholesalebeautyhub.co.uk/shop/beauty-by-ad-dew-drop-foundation/,publish
not_in_nav_menu_reached_via_category_browsing_normally,product,20539,Beauty By Ad Lip Luxe Potion Lip Oil,https://wholesalebeautyhub.co.uk/shop/beauty-by-ad-lip-luxe-potion-lip-oil/,publish
not_in_nav_menu_reached_via_category_browsing_normally,product,20546,Beauty By Ad Ethereal Essence Lipgloss,https://wholesalebeautyhub.co.uk/shop/beauty-by-ad-ethereal-essence-lipgloss/,publish
not_in_nav_menu_reached_via_category_browsing_normally,product,20568,Tehila Air Brush Primer,https://wholesalebeautyhub.co.uk/shop/tehila-air-brush-primer/,publish
not_in_nav_menu_reached_via_category_browsing_normally,product,20595,Tola Banks  Beauty Lipgloss,https://wholesalebeautyhub.co.uk/shop/tolabanks-beauty-lipgloss/,publish
not_in_nav_menu_reached_via_category_browsing_normally,product,20616,Blossom makeup moist essence moisturizer,https://wholesalebeautyhub.co.uk/shop/blossom-makeup-moist-essence-moisturizer/,publish
not_in_nav_menu_reached_via_category_browsing_normally,product,20622,Uncover Green Tea Revitalizing Cleanser,https://wholesalebeautyhub.co.uk/shop/uncover-green-tea-revitalizing-cleanser/,publish
not_in_nav_menu_reached_via_category_browsing_normally,product,20625,Uncover Mini Green Tea Revitalizing cleanser,https://wholesalebeautyhub.co.uk/shop/uncover-mini-green-tea-revitalizing-cleanser/,publish
not_in_nav_menu_reached_via_category_browsing_normally,product,20627,Uncover Argan Hydrating Moisturizer,https://wholesalebeautyhub.co.uk/shop/uncover-argan-hydrating-moisturizer/,publish
not_in_nav_menu_reached_via_category_browsing_normally,product,20632,Uncover Mini Argan Hydrating Moisturizer,https://wholesalebeautyhub.co.uk/shop/uncover-mini-argan-hydrating-cleanser/,publish
not_in_nav_menu_reached_via_category_browsing_normally,product,20634,Uncover Mini Aloe Invincible Sunscreen,https://wholesalebeautyhub.co.uk/shop/uncover-mini-aloe-invincible-sunscreen/,publish
not_in_nav_menu_reached_via_category_browsing_normally,product,20637,Uncover Aloe Invincible Sunscreen,https://wholesalebeautyhub.co.uk/shop/uncover-aloe-invincible-sunscreen/,publish
not_in_nav_menu_reached_via_category_browsing_normally,product,20647,Single Tray makeup chair,https://wholesalebeautyhub.co.uk/shop/single-tray-makeup-chair/,publish
not_in_nav_menu_reached_via_category_browsing_normally,product,20770,Classic Makeup Mattifying Face Primer,https://wholesalebeautyhub.co.uk/shop/classic-makeup-mattifying-face-primer/,publish
not_in_nav_menu_reached_via_category_browsing_normally,product,20773,Blossom Makeup Pretty Pout Lip Palette,https://wholesalebeautyhub.co.uk/shop/blossom-makeup-pretty-pout-lip-palette/,publish
not_in_nav_menu_reached_via_category_browsing_normally,product,21659,Skin by Zaron Glow & Hydrating Body Oil,https://wholesalebeautyhub.co.uk/shop/skin-by-zaron-glow-hydrating-body-oil/,publish
not_in_nav_menu_reached_via_category_browsing_normally,product,21820,Eos Crème De Pistachio Body Wash,https://wholesalebeautyhub.co.uk/shop/eos-creme-de-pistachio-body-wash/,publish
not_in_nav_menu_reached_via_category_browsing_normally,product,21822,Alpha Skincare Essential Renewal Cream 10% Glycolic AHA,https://wholesalebeautyhub.co.uk/shop/alpha-skincare-essential-renewal-cream-10-glycolic-aha/,publish
not_in_nav_menu_reached_via_category_browsing_normally,product,21824,Alpha Skincare Intensive Renewal Serum 14% Glycolic AHA,https://wholesalebeautyhub.co.uk/shop/alpha-skincare-intensive-renewal-serum-14-glycolic-aha/,publish
not_in_nav_menu_reached_via_category_browsing_normally,product,21827,Topicrem Mela Unifying Ultra-Moisturizing Milk 500ml,https://wholesalebeautyhub.co.uk/shop/tropicrem-mela-unifying-ultra-moisturizing-milk-500ml/,publish
not_in_nav_menu_reached_via_category_browsing_normally,product,21830,Naturium Urea 5% Body Serum,https://wholesalebeautyhub.co.uk/shop/naturium-urea-5-body-serum/,publish
not_in_nav_menu_reached_via_category_browsing_normally,product,21854,Anua Niacinamide 5% TXA Brightening Pad,https://wholesalebeautyhub.co.uk/shop/anua-niacinamide-5-txa-brightening-pad/,publish
not_in_nav_menu_reached_via_category_browsing_normally,product,21856,Good Molecules Hydrating Gel Moisturizer With Electrolytes,https://wholesalebeautyhub.co.uk/shop/good-molecules-hydrating-gel-moisturizer-with-electrolytes/,publish
not_in_nav_menu_reached_via_category_browsing_normally,product,21858,Acwell Licorice PH Balancing Cleansing Toner 300ML,https://wholesalebeautyhub.co.uk/shop/acwell-licorice-ph-balancing-cleansing-toner-300ml/,publish
not_in_nav_menu_reached_via_category_browsing_normally,product,21860,Topicrem Mela Unifying Ultra-Moisturizing Milk 200ml,https://wholesalebeautyhub.co.uk/shop/topicrem-mela-unifying-ultra-moisturizing-milk-200ml/,publish
not_in_nav_menu_reached_via_category_browsing_normally,product,21976,Good molecules yuzu blemish gel cream,https://wholesalebeautyhub.co.uk/shop/good-molecules-yuzu-blemish-gel-cream/,publish
not_in_nav_menu_reached_via_category_browsing_normally,product,23464,La Roche-Posay Cicaplast Balm B5+,https://wholesalebeautyhub.co.uk/shop/la-roche-posay-cicaplast-balm-b5/,publish
not_in_nav_menu_reached_via_category_browsing_normally,product,23521,Uncover Baobab Glow-C Serum,https://wholesalebeautyhub.co.uk/shop/uncover-baobab-glow-c-serum/,publish
not_in_nav_menu_reached_via_category_browsing_normally,product,23868,Anua Rice 70+ Glow Milky Toner 250ml,https://wholesalebeautyhub.co.uk/shop/anua-rice-70-glow-milky-toner-250ml/,publish
not_in_nav_menu_reached_via_category_browsing_normally,product,24052,25Pskyn Hydragenesis Moisturizer,https://wholesalebeautyhub.co.uk/shop/25-pskyn-hydragenesis-moisturizer/,publish
not_in_nav_menu_reached_via_category_browsing_normally,product,24654,ACWELL Licorice pH Balancing Extreme Moisture Cream 55ml,https://wholesalebeautyhub.co.uk/shop/acwell-licorice-ph-balancing-extreme-moisture-cream-55ml/,publish
not_in_nav_menu_reached_via_category_browsing_normally,product,25095,Skin by Zaron body glow bundle,https://wholesalebeautyhub.co.uk/shop/skin-by-zaron-body-glow-bundle/,publish
not_in_nav_menu_reached_via_category_browsing_normally,product,25099,Olay Body Glow Bundle Deal,https://wholesalebeautyhub.co.uk/shop/olay-body-glow-bundle-deal/,publish
not_in_nav_menu_reached_via_category_browsing_normally,product,25119,Skin By Zaron Face & Body Sun Block,https://wholesalebeautyhub.co.uk/shop/skin-by-zaron-face-body-sun-block/,publish
not_in_nav_menu_reached_via_category_browsing_normally,product,25122,Differin Epiduo Acne Gel,https://wholesalebeautyhub.co.uk/shop/differin-epiduo-acne-gel/,publish
not_in_nav_menu_reached_via_category_browsing_normally,product,25129,Differin Dark Spot Correcting Serum,https://wholesalebeautyhub.co.uk/shop/differin-dark-spot-correcting-serum/,publish
not_in_nav_menu_reached_via_category_browsing_normally,product,25366,Eos Body Lotion Beach Waves,https://wholesalebeautyhub.co.uk/shop/eos-body-lotion-beach-waves/,publish
not_in_nav_menu_reached_via_category_browsing_normally,product,25371,Eos Body Lotion Toasted Marshmallow,https://wholesalebeautyhub.co.uk/shop/eos-body-lotion-toasted-marshmallow/,publish
not_in_nav_menu_reached_via_category_browsing_normally,product,25372,Eos Cashmere Whipped Oil Butter Crème de pistachio,https://wholesalebeautyhub.co.uk/shop/eos-cashmere-whipped-oil-butter-creme-de-pistachio/,publish
not_in_nav_menu_reached_via_category_browsing_normally,product,25374,Eos Cashmere Whipped Oil Butter Pink Champagne,https://wholesalebeautyhub.co.uk/shop/eos-cashmere-whipped-oil-butter-pink-champagne/,publish
not_reachable_via_menu_or_content_link,product_cat,15,Uncategorized,https://wholesalebeautyhub.co.uk/product-category/uncategorized/,publish
not_reachable_via_menu_or_content_link,product_cat,163,Bath &amp; Body Care,https://wholesalebeautyhub.co.uk/product-category/bath-body-care/,publish
not_reachable_via_menu_or_content_link,product_cat,170,Body Moisturizers,https://wholesalebeautyhub.co.uk/product-category/body-moisturizers/,publish
not_reachable_via_menu_or_content_link,product_cat,171,Body Scrubs,https://wholesalebeautyhub.co.uk/product-category/body-scrubs/,publish
not_reachable_via_menu_or_content_link,product_cat,172,Body Wash,https://wholesalebeautyhub.co.uk/product-category/body-wash/,publish
not_reachable_via_menu_or_content_link,brand,220,Medix 5.5,https://wholesalebeautyhub.co.uk/brand/medix-5-5/,publish
not_reachable_via_menu_or_content_link,brand,222,Milani,https://wholesalebeautyhub.co.uk/brand/milani/,publish
not_reachable_via_menu_or_content_link,brand,223,Missha,https://wholesalebeautyhub.co.uk/brand/missha/,publish
not_reachable_via_menu_or_content_link,brand,224,Morphe,https://wholesalebeautyhub.co.uk/brand/morphe/,publish
not_reachable_via_menu_or_content_link,brand,225,Msmetics,https://wholesalebeautyhub.co.uk/brand/msmetics/,publish
not_reachable_via_menu_or_content_link,brand,226,Neutrogena,https://wholesalebeautyhub.co.uk/brand/neutrogena/,publish
not_reachable_via_menu_or_content_link,brand,227,Nivea,https://wholesalebeautyhub.co.uk/brand/nivea/,publish
not_reachable_via_menu_or_content_link,brand,229,NYX,https://wholesalebeautyhub.co.uk/brand/nyx/,publish
not_reachable_via_menu_or_content_link,brand,230,O'Cosmetics,https://wholesalebeautyhub.co.uk/brand/ocosmetics/,publish
not_reachable_via_menu_or_content_link,brand,231,Olay,https://wholesalebeautyhub.co.uk/brand/olay/,publish
not_reachable_via_menu_or_content_link,brand,232,Omaricode,https://wholesalebeautyhub.co.uk/brand/omaricode/,publish
not_reachable_via_menu_or_content_link,brand,233,Paula Beauty,https://wholesalebeautyhub.co.uk/brand/paula-beauty/,publish
not_reachable_via_menu_or_content_link,brand,234,Ponds,https://wholesalebeautyhub.co.uk/brand/ponds/,publish
not_reachable_via_menu_or_content_link,brand,235,Rlg Cosmetics,https://wholesalebeautyhub.co.uk/brand/rlg-cosmetics/,publish
not_reachable_via_menu_or_content_link,brand,236,Rimmel,https://wholesalebeautyhub.co.uk/brand/rimmel/,publish
not_reachable_via_menu_or_content_link,brand,237,Sephora,https://wholesalebeautyhub.co.uk/brand/sephora/,publish
not_reachable_via_menu_or_content_link,brand,238,Skin Aqua,https://wholesalebeautyhub.co.uk/brand/skin-aqua/,publish
not_reachable_via_menu_or_content_link,brand,239,Skindinavia,https://wholesalebeautyhub.co.uk/brand/skindinavia/,publish
not_reachable_via_menu_or_content_link,brand,240,Some by Mi,https://wholesalebeautyhub.co.uk/brand/some-by-mi/,publish
not_reachable_via_menu_or_content_link,brand,241,Sooo Pro,https://wholesalebeautyhub.co.uk/brand/sooo-pro/,publish
not_reachable_via_menu_or_content_link,brand,242,St Ives,https://wholesalebeautyhub.co.uk/brand/st-ives/,publish
not_reachable_via_menu_or_content_link,brand,243,Sylvimak,https://wholesalebeautyhub.co.uk/brand/sylvimak/,publish
not_reachable_via_menu_or_content_link,brand,244,Tarte,https://wholesalebeautyhub.co.uk/brand/tarte/,publish
not_reachable_via_menu_or_content_link,brand,246,The Ordinary,https://wholesalebeautyhub.co.uk/brand/the-ordinary/,publish
not_reachable_via_menu_or_content_link,brand,247,Timeless,https://wholesalebeautyhub.co.uk/brand/timeless/,publish
not_reachable_via_menu_or_content_link,brand,248,TM Essentials,https://wholesalebeautyhub.co.uk/brand/tm-essential/,publish
not_reachable_via_menu_or_content_link,brand,615,Tiger,https://wholesalebeautyhub.co.uk/brand/tiger/,publish
not_reachable_via_menu_or_content_link,product_cat,625,Body Lotion,https://wholesalebeautyhub.co.uk/product-category/body-lotion/,publish
not_reachable_via_menu_or_content_link,product_cat,626,Body Oil,https://wholesalebeautyhub.co.uk/product-category/body-oil/,publish
not_reachable_via_menu_or_content_link,product_cat,627,Roll On,https://wholesalebeautyhub.co.uk/product-category/roll-on/,publish
not_reachable_via_menu_or_content_link,product_cat,628,Cotton Pad,https://wholesalebeautyhub.co.uk/product-category/cotton-pad/,publish
not_reachable_via_menu_or_content_link,brand,631,Ruba Beauty,https://wholesalebeautyhub.co.uk/brand/ruba-beauty/,publish
not_reachable_via_menu_or_content_link,brand,663,Mehron,https://wholesalebeautyhub.co.uk/brand/mehron/,publish
not_reachable_via_menu_or_content_link,brand,664,Menarini,https://wholesalebeautyhub.co.uk/brand/menarini/,publish
not_reachable_via_menu_or_content_link,brand,665,Merak,https://wholesalebeautyhub.co.uk/brand/merak/,publish
not_reachable_via_menu_or_content_link,brand,666,Naturium,https://wholesalebeautyhub.co.uk/brand/naturium/,publish
not_reachable_via_menu_or_content_link,brand,667,Nuban,https://wholesalebeautyhub.co.uk/brand/nuban/,publish
not_reachable_via_menu_or_content_link,brand,668,Panoxyl,https://wholesalebeautyhub.co.uk/brand/panoxyl/,publish
not_reachable_via_menu_or_content_link,brand,669,Simple,https://wholesalebeautyhub.co.uk/brand/simple/,publish
not_reachable_via_menu_or_content_link,brand,670,Tehila,https://wholesalebeautyhub.co.uk/brand/tehila/,publish
not_reachable_via_menu_or_content_link,brand,671,Tiam,https://wholesalebeautyhub.co.uk/brand/tiam/,publish
not_reachable_via_menu_or_content_link,brand,691,Nip + Fab,https://wholesalebeautyhub.co.uk/brand/nip-fab/,publish
not_reachable_via_menu_or_content_link,brand,692,Palmer's,https://wholesalebeautyhub.co.uk/brand/palmers/,publish
not_in_nav_menu_woocommerce_tags_rarely_are,product_tag,699,Brush set,https://wholesalebeautyhub.co.uk/product-tag/brush-set/,publish
not_in_nav_menu_woocommerce_tags_rarely_are,product_tag,700,makeup,https://wholesalebeautyhub.co.uk/product-tag/makeup/,publish
not_in_nav_menu_woocommerce_tags_rarely_are,product_tag,701,face,https://wholesalebeautyhub.co.uk/product-tag/face/,publish
not_in_nav_menu_woocommerce_tags_rarely_are,product_tag,703,led light,https://wholesalebeautyhub.co.uk/product-tag/led-light/,publish
not_in_nav_menu_woocommerce_tags_rarely_are,product_tag,705,toner,https://wholesalebeautyhub.co.uk/product-tag/toner/,publish
not_in_nav_menu_woocommerce_tags_rarely_are,product_tag,706,hydration,https://wholesalebeautyhub.co.uk/product-tag/hydration/,publish
not_in_nav_menu_woocommerce_tags_rarely_are,product_tag,707,ceramide,https://wholesalebeautyhub.co.uk/product-tag/ceramide/,publish
not_in_nav_menu_woocommerce_tags_rarely_are,product_tag,708,lips,https://wholesalebeautyhub.co.uk/product-tag/lips/,publish
not_in_nav_menu_woocommerce_tags_rarely_are,product_tag,709,lip balm,https://wholesalebeautyhub.co.uk/product-tag/lip-balm/,publish
not_in_nav_menu_woocommerce_tags_rarely_are,product_tag,710,moisturizing lip balm,https://wholesalebeautyhub.co.uk/product-tag/moisturizing-lip-balm/,publish
not_reachable_via_menu_or_content_link,product_cat,711,Hand cream,https://wholesalebeautyhub.co.uk/product-category/hand-cream/,publish
not_in_nav_menu_woocommerce_tags_rarely_are,product_tag,712,hand cream,https://wholesalebeautyhub.co.uk/product-tag/hand-cream/,publish
not_in_nav_menu_woocommerce_tags_rarely_are,product_tag,713,moisturizer,https://wholesalebeautyhub.co.uk/product-tag/moisturizer/,publish
not_in_nav_menu_woocommerce_tags_rarely_are,product_tag,716,hyaluronic,https://wholesalebeautyhub.co.uk/product-tag/hyaluronic/,publish
not_reachable_via_menu_or_content_link,product_cat,717,acne treatment,https://wholesalebeautyhub.co.uk/product-category/acne-patch-pimples/,publish
not_in_nav_menu_woocommerce_tags_rarely_are,product_tag,718,acne treatment,https://wholesalebeautyhub.co.uk/product-tag/acne-treatment/,publish
not_in_nav_menu_woocommerce_tags_rarely_are,product_tag,719,pimples patch,https://wholesalebeautyhub.co.uk/product-tag/pimples-patch/,publish
not_in_nav_menu_woocommerce_tags_rarely_are,product_tag,720,FIRMING,https://wholesalebeautyhub.co.uk/product-tag/firming/,publish
not_in_nav_menu_woocommerce_tags_rarely_are,product_tag,721,HYDRATING,https://wholesalebeautyhub.co.uk/product-tag/hydrating/,publish
not_in_nav_menu_woocommerce_tags_rarely_are,product_tag,722,CLEANSING,https://wholesalebeautyhub.co.uk/product-tag/cleansing/,publish
not_in_nav_menu_woocommerce_tags_rarely_are,product_tag,723,EXFOLIATING,https://wholesalebeautyhub.co.uk/product-tag/exfoliating/,publish
not_in_nav_menu_woocommerce_tags_rarely_are,product_tag,724,MOISTURISING,https://wholesalebeautyhub.co.uk/product-tag/moisturising/,publish
not_in_nav_menu_woocommerce_tags_rarely_are,product_tag,725,EVEN TONE,https://wholesalebeautyhub.co.uk/product-tag/even-tone/,publish
not_in_nav_menu_woocommerce_tags_rarely_are,product_tag,726,BRIGHTENING,https://wholesalebeautyhub.co.uk/product-tag/brightening/,publish
not_in_nav_menu_woocommerce_tags_rarely_are,product_tag,727,MOISTURIZING,https://wholesalebeautyhub.co.uk/product-tag/moisturizing/,publish
not_in_nav_menu_woocommerce_tags_rarely_are,product_tag,728,skin repair,https://wholesalebeautyhub.co.uk/product-tag/skin-repair/,publish
not_in_nav_menu_woocommerce_tags_rarely_are,product_tag,729,shea butter,https://wholesalebeautyhub.co.uk/product-tag/shea-butter/,publish
not_reachable_via_menu_or_content_link,product_cat,730,sponge,https://wholesalebeautyhub.co.uk/product-category/sponge/,publish
not_in_nav_menu_woocommerce_tags_rarely_are,product_tag,731,sponge,https://wholesalebeautyhub.co.uk/product-tag/sponge/,publish
not_in_nav_menu_woocommerce_tags_rarely_are,product_tag,733,sunscreen,https://wholesalebeautyhub.co.uk/product-tag/sunscreen/,publish
not_in_nav_menu_woocommerce_tags_rarely_are,product_tag,736,spf50,https://wholesalebeautyhub.co.uk/product-tag/spf50/,publish
not_in_nav_menu_woocommerce_tags_rarely_are,product_tag,739,under eye,https://wholesalebeautyhub.co.uk/product-tag/under-eye/,publish
not_in_nav_menu_woocommerce_tags_rarely_are,product_tag,740,hyperpigmentation,https://wholesalebeautyhub.co.uk/product-tag/hyperpigmentation/,publish
not_in_nav_menu_woocommerce_tags_rarely_are,product_tag,741,dark spots,https://wholesalebeautyhub.co.uk/product-tag/dark-spots/,publish
not_reachable_via_menu_or_content_link,product_cat,742,Glow serum,https://wholesalebeautyhub.co.uk/product-category/glow-serum/,publish
not_reachable_via_menu_or_content_link,product_cat,743,Dark spots &amp; Discoloration serums,https://wholesalebeautyhub.co.uk/product-category/dark-spots-discoloration-serums/,publish
not_reachable_via_menu_or_content_link,product_cat,744,Eye cream,https://wholesalebeautyhub.co.uk/product-category/eye-cream/,publish
not_in_nav_menu_woocommerce_tags_rarely_are,product_tag,745,anti aging,https://wholesalebeautyhub.co.uk/product-tag/anti-aging/,publish
not_reachable_via_menu_or_content_link,product_cat,746,Glow spray,https://wholesalebeautyhub.co.uk/product-category/glow-spray/,publish
not_in_nav_menu_woocommerce_tags_rarely_are,product_tag,747,Glow spray,https://wholesalebeautyhub.co.uk/product-tag/glow-spray/,publish
not_in_nav_menu_woocommerce_tags_rarely_are,product_tag,748,facial mist,https://wholesalebeautyhub.co.uk/product-tag/facial-mist/,publish
not_in_nav_menu_woocommerce_tags_rarely_are,product_tag,753,Setting powder,https://wholesalebeautyhub.co.uk/product-tag/setting-powder/,publish
not_in_nav_menu_woocommerce_tags_rarely_are,product_tag,757,Lashes,https://wholesalebeautyhub.co.uk/product-tag/lashes/,publish
not_reachable_via_menu_or_content_link,product_cat,764,Baby wash &amp; lotion,https://wholesalebeautyhub.co.uk/product-category/baby-wash-lotion/,publish
not_in_nav_menu_woocommerce_tags_rarely_are,product_tag,769,Face Highlighter,https://wholesalebeautyhub.co.uk/product-tag/face-highlighter/,publish
not_reachable_via_menu_or_content_link,product_cat,782,Body Body,https://wholesalebeautyhub.co.uk/product-category/body-body/,publish
not_reachable_via_menu_or_content_link,product_cat,783,Body Butter,https://wholesalebeautyhub.co.uk/product-category/body-butter/,publish
not_reachable_via_menu_or_content_link,brand,787,Tola Banks,https://wholesalebeautyhub.co.uk/brand/tola-banks/,publish
not_in_nav_menu_woocommerce_tags_rarely_are,product_tag,789,Vit c Face cleanser,https://wholesalebeautyhub.co.uk/product-tag/vit-c-face-cleanser/,publish
not_in_nav_menu_woocommerce_tags_rarely_are,product_tag,790,brightening face wash,https://wholesalebeautyhub.co.uk/product-tag/brightening-face-wash/,publish
not_in_nav_menu_woocommerce_tags_rarely_are,product_tag,797,Barrier repair,https://wholesalebeautyhub.co.uk/product-tag/barrier-repair/,publish
not_reachable_via_menu_or_content_link,product_cat,806,VALENTINE COMBO DEALS,https://wholesalebeautyhub.co.uk/product-category/valentine-combo-deals/,publish
not_reachable_via_menu_or_content_link,product_cat,807,HYPERPIGMENTATION,https://wholesalebeautyhub.co.uk/product-category/hyperpigmentation/,publish
not_reachable_via_menu_or_content_link,product_cat,808,BRIGHTENING,https://wholesalebeautyhub.co.uk/product-category/brightening/,publish
not_in_nav_menu_woocommerce_tags_rarely_are,product_tag,810,VALENTINE COMBO DEALS,https://wholesalebeautyhub.co.uk/product-tag/valentine-combo-deals/,publish
not_in_nav_menu_woocommerce_tags_rarely_are,product_tag,811,BLEMISH TREATMENT,https://wholesalebeautyhub.co.uk/product-tag/blemish-treatment/,publish
not_in_nav_menu_woocommerce_tags_rarely_are,product_tag,812,VALEN,https://wholesalebeautyhub.co.uk/product-tag/valen/,publish
not_in_nav_menu_woocommerce_tags_rarely_are,product_tag,813,exfolia,https://wholesalebeautyhub.co.uk/product-tag/exfolia/,publish
not_in_nav_menu_woocommerce_tags_rarely_are,product_tag,814,BODY GLOW,https://wholesalebeautyhub.co.uk/product-tag/body-glow/,publish
not_in_nav_menu_woocommerce_tags_rarely_are,product_tag,815,valentine glow,https://wholesalebeautyhub.co.uk/product-tag/valentine-glow/,publish
not_in_nav_menu_woocommerce_tags_rarely_are,product_tag,816,Eye cream,https://wholesalebeautyhub.co.uk/product-tag/eye-cream/,publish
not_in_nav_menu_woocommerce_tags_rarely_are,product_tag,817,Moisturizering,https://wholesalebeautyhub.co.uk/product-tag/moisturizering/,publish
not_in_nav_menu_woocommerce_tags_rarely_are,product_tag,818,body oil,https://wholesalebeautyhub.co.uk/product-tag/body-oil/,publish
not_in_nav_menu_woocommerce_tags_rarely_are,product_tag,819,Vitamin c,https://wholesalebeautyhub.co.uk/product-tag/vitamin-c/,publish
not_in_nav_menu_woocommerce_tags_rarely_are,product_tag,820,body wash,https://wholesalebeautyhub.co.uk/product-tag/body-wash/,publish
not_reachable_via_menu_or_content_link,brand,822,PRO MAKEUP AND BEAUTY,https://wholesalebeautyhub.co.uk/brand/pro-makeup-and-beauty/,publish
not_in_nav_menu_woocommerce_tags_rarely_are,product_tag,836,Foundation,https://wholesalebeautyhub.co.uk/product-tag/foundation/,publish
not_in_nav_menu_woocommerce_tags_rarely_are,product_tag,844,Powder,https://wholesalebeautyhub.co.uk/product-tag/powder/,publish
not_in_nav_menu_woocommerce_tags_rarely_are,product_tag,846,face serum,https://wholesalebeautyhub.co.uk/product-tag/face-serum/,publish
not_in_nav_menu_woocommerce_tags_rarely_are,product_tag,847,PRIMER,https://wholesalebeautyhub.co.uk/product-tag/primer/,publish
not_in_nav_menu_woocommerce_tags_rarely_are,product_tag,853,MASCARA,https://wholesalebeautyhub.co.uk/product-tag/mascara/,publish
not_in_nav_menu_woocommerce_tags_rarely_are,product_tag,854,MASACARA,https://wholesalebeautyhub.co.uk/product-tag/masacara/,publish
not_in_nav_menu_woocommerce_tags_rarely_are,product_tag,855,BROW PENCIL,https://wholesalebeautyhub.co.uk/product-tag/brow-pencil/,publish
not_in_nav_menu_woocommerce_tags_rarely_are,product_tag,856,BLACK EYE PENCIL,https://wholesalebeautyhub.co.uk/product-tag/black-eye-pencil/,publish
not_in_nav_menu_woocommerce_tags_rarely_are,product_tag,857,EYE PENCIL,https://wholesalebeautyhub.co.uk/product-tag/eye-pencil/,publish
not_in_nav_menu_woocommerce_tags_rarely_are,product_tag,874,Lipstick,https://wholesalebeautyhub.co.uk/product-tag/lipstick/,publish
not_in_nav_menu_woocommerce_tags_rarely_are,product_tag,875,lipstain,https://wholesalebeautyhub.co.uk/product-tag/lipstain/,publish
not_in_nav_menu_woocommerce_tags_rarely_are,product_tag,876,matte velvet lipstick,https://wholesalebeautyhub.co.uk/product-tag/matte-velvet-lipstick/,publish
not_in_nav_menu_woocommerce_tags_rarely_are,product_tag,896,Lipgloss,https://wholesalebeautyhub.co.uk/product-tag/lipgloss/,publish
not_in_nav_menu_woocommerce_tags_rarely_are,product_tag,923,lipglos,https://wholesalebeautyhub.co.uk/product-tag/lipglos/,publish
not_in_nav_menu_woocommerce_tags_rarely_are,product_tag,924,Azelaic acid,https://wholesalebeautyhub.co.uk/product-tag/azelaic-acid/,publish
not_reachable_via_menu_or_content_link,brand,928,NINELESS,https://wholesalebeautyhub.co.uk/brand/nineless/,publish
not_reachable_via_menu_or_content_link,brand,929,Merak Cosmetics,https://wholesalebeautyhub.co.uk/brand/merak-cosmetics/,publish
not_reachable_via_menu_or_content_link,brand,930,Nuban Beauty,https://wholesalebeautyhub.co.uk/brand/nuban-beauty/,publish
not_reachable_via_menu_or_content_link,product_cat,933,TRADEFAIR COMBO DEAL,https://wholesalebeautyhub.co.uk/product-category/tradefair-combo-deal/,publish
not_in_nav_menu_woocommerce_tags_rarely_are,product_tag,935,TRADEFAIR COMBO DEAL,https://wholesalebeautyhub.co.uk/product-tag/tradefair-combo-deal/,publish
not_reachable_via_menu_or_content_link,brand,941,SKIN1004,https://wholesalebeautyhub.co.uk/brand/skin1004/,publish
not_reachable_via_menu_or_content_link,product_cat,943,Body Mist,https://wholesalebeautyhub.co.uk/product-category/body-mist/,publish
not_reachable_via_menu_or_content_link,product_cat,945,Combo Deals,https://wholesalebeautyhub.co.uk/product-category/combo-deals/,publish
not_in_nav_menu_woocommerce_tags_rarely_are,product_tag,975,EOS,https://wholesalebeautyhub.co.uk/product-tag/eos/,publish
not_in_nav_menu_woocommerce_tags_rarely_are,product_tag,976,BODY LOTION,https://wholesalebeautyhub.co.uk/product-tag/body-lotion/,publish
not_in_nav_menu_woocommerce_tags_rarely_are,product_tag,1024,dark spot,https://wholesalebeautyhub.co.uk/product-tag/dark-spot/,publish
not_in_nav_menu_woocommerce_tags_rarely_are,product_tag,1025,eczema,https://wholesalebeautyhub.co.uk/product-tag/eczema/,publish
not_in_nav_menu_woocommerce_tags_rarely_are,product_tag,1026,Dry skin,https://wholesalebeautyhub.co.uk/product-tag/dry-skin/,publish
not_in_nav_menu_woocommerce_tags_rarely_are,product_tag,1037,shimmering oil,https://wholesalebeautyhub.co.uk/product-tag/shimmering-oil/,publish
not_in_nav_menu_woocommerce_tags_rarely_are,product_tag,1038,eye patches,https://wholesalebeautyhub.co.uk/product-tag/eye-patches/,publish
not_in_nav_menu_woocommerce_tags_rarely_are,product_tag,1039,eye mask,https://wholesalebeautyhub.co.uk/product-tag/eye-mask/,publish
not_in_nav_menu_woocommerce_tags_rarely_are,product_tag,1040,Acne wash,https://wholesalebeautyhub.co.uk/product-tag/acne-wash/,publish
not_in_nav_menu_woocommerce_tags_rarely_are,product_tag,1041,shave oil,https://wholesalebeautyhub.co.uk/product-tag/shave-oil/,publish
not_reachable_via_menu_or_content_link,brand,1042,Sun bum,https://wholesalebeautyhub.co.uk/brand/sun-bum/,publish
not_in_nav_menu_woocommerce_tags_rarely_are,product_tag,1043,kids sunscreen,https://wholesalebeautyhub.co.uk/product-tag/kids-sunscreen/,publish
not_in_nav_menu_woocommerce_tags_rarely_are,product_tag,1056,face wash,https://wholesalebeautyhub.co.uk/product-tag/face-wash/,publish
not_in_nav_menu_woocommerce_tags_rarely_are,product_tag,1057,Face Cleanser,https://wholesalebeautyhub.co.uk/product-tag/face-cleanser/,publish
not_in_nav_menu_woocommerce_tags_rarely_are,product_tag,1058,Snail mucin,https://wholesalebeautyhub.co.uk/product-tag/snail-mucin/,publish
not_in_nav_menu_woocommerce_tags_rarely_are,product_tag,1059,acne marks,https://wholesalebeautyhub.co.uk/product-tag/acne-marks/,publish
not_in_nav_menu_woocommerce_tags_rarely_are,product_tag,1060,dull skin,https://wholesalebeautyhub.co.uk/product-tag/dull-skin/,publish
not_in_nav_menu_woocommerce_tags_rarely_are,product_tag,1061,uneven skin tone,https://wholesalebeautyhub.co.uk/product-tag/uneven-skin-tone/,publish
not_in_nav_menu_woocommerce_tags_rarely_are,product_tag,1062,relief cream,https://wholesalebeautyhub.co.uk/product-tag/relief-cream/,publish
not_in_nav_menu_woocommerce_tags_rarely_are,product_tag,1063,post acne cream,https://wholesalebeautyhub.co.uk/product-tag/post-acne-cream/,publish
not_in_nav_menu_woocommerce_tags_rarely_are,product_tag,1064,pigmentation,https://wholesalebeautyhub.co.uk/product-tag/pigmentation/,publish
not_in_nav_menu_woocommerce_tags_rarely_are,product_tag,1065,blemish prone skin,https://wholesalebeautyhub.co.uk/product-tag/blemish-prone-skin/,publish
not_in_nav_menu_woocommerce_tags_rarely_are,product_tag,1066,oily skin,https://wholesalebeautyhub.co.uk/product-tag/oily-skin/,publish
not_reachable_via_menu_or_content_link,brand,1067,ROC,https://wholesalebeautyhub.co.uk/brand/roc/,publish
not_in_nav_menu_woocommerce_tags_rarely_are,product_tag,1068,acne face wash,https://wholesalebeautyhub.co.uk/product-tag/acne-face-wash/,publish
not_in_nav_menu_woocommerce_tags_rarely_are,product_tag,1069,acne face cleanser,https://wholesalebeautyhub.co.uk/product-tag/acne-face-cleanser/,publish
not_in_nav_menu_woocommerce_tags_rarely_are,product_tag,1070,acne prone skin,https://wholesalebeautyhub.co.uk/product-tag/acne-prone-skin/,publish
not_in_nav_menu_woocommerce_tags_rarely_are,product_tag,1071,salicylic acid wash,https://wholesalebeautyhub.co.uk/product-tag/salicylic-acid-wash/,publish
not_in_nav_menu_woocommerce_tags_rarely_are,product_tag,1073,daily face wash,https://wholesalebeautyhub.co.uk/product-tag/daily-face-wash/,publish
not_in_nav_menu_woocommerce_tags_rarely_are,product_tag,1074,body loton,https://wholesalebeautyhub.co.uk/product-tag/body-loton/,publish
not_in_nav_menu_woocommerce_tags_rarely_are,product_tag,1075,vanilla body lotion,https://wholesalebeautyhub.co.uk/product-tag/vanilla-body-lotion/,publish
not_in_nav_menu_woocommerce_tags_rarely_are,product_tag,1076,adapalene gel,https://wholesalebeautyhub.co.uk/product-tag/adapalene-gel/,publish
not_in_nav_menu_woocommerce_tags_rarely_are,product_tag,1077,retinoid,https://wholesalebeautyhub.co.uk/product-tag/retinoid/,publish
not_in_nav_menu_woocommerce_tags_rarely_are,product_tag,1078,retinol cream,https://wholesalebeautyhub.co.uk/product-tag/retinol-cream/,publish
not_reachable_via_menu_or_content_link,product_cat,1100,Lip oil,https://wholesalebeautyhub.co.uk/product-category/lip-oil/,publish
not_reachable_via_menu_or_content_link,brand,1119,Skin by Zaron,https://wholesalebeautyhub.co.uk/brand/skin-by-zaron/,publish
not_in_nav_menu_woocommerce_tags_rarely_are,product_tag,1120,brightening body oil,https://wholesalebeautyhub.co.uk/product-tag/brightening-body-oil/,publish
not_in_nav_menu_woocommerce_tags_rarely_are,product_tag,1122,EOS body wash,https://wholesalebeautyhub.co.uk/product-tag/eos-body-wash/,publish
not_in_nav_menu_woocommerce_tags_rarely_are,product_tag,1123,naturium,https://wholesalebeautyhub.co.uk/product-tag/naturium/,publish
not_reachable_via_menu_or_content_link,brand,1125,Paula’s choice,https://wholesalebeautyhub.co.uk/brand/paulas-choice/,publish
not_in_nav_menu_woocommerce_tags_rarely_are,product_tag,1133,milky toner,https://wholesalebeautyhub.co.uk/product-tag/milky-toner/,publish
confirmed_reachable_via_theme_footer_not_wp_menu,page,3,Privacy Policy,https://wholesalebeautyhub.co.uk/privacy-policy/,publish
woocommerce_utility_page_reachable_via_header_ui,page,8,Shopping Cart,https://wholesalebeautyhub.co.uk/woocommerce_cart/,publish
woocommerce_utility_page_reachable_via_header_ui,page,9,Checkout,https://wholesalebeautyhub.co.uk/checkout/,publish
woocommerce_utility_page_reachable_via_header_ui,page,10,My account,https://wholesalebeautyhub.co.uk/my-account/,publish
confirmed_reachable_via_theme_footer_not_wp_menu,page,11,Refund and Returns Policy,https://wholesalebeautyhub.co.uk/refund_returns/,publish
confirmed_reachable_via_theme_footer_not_wp_menu,page,794,About,https://wholesalebeautyhub.co.uk/about/,publish
not_reachable_via_menu_or_content_link,page,895,Contact,https://wholesalebeautyhub.co.uk/contact/,publish
confirmed_reachable_via_theme_footer_not_wp_menu,page,935,Terms and Condition,https://wholesalebeautyhub.co.uk/wholesalebeautyhub-2/,publish
confirmed_reachable_via_theme_footer_not_wp_menu,page,2448,Shipping Policy,https://wholesalebeautyhub.co.uk/shipping-policy/,publish
not_reachable_via_menu_or_content_link,page,2449,Cookie Policy,https://wholesalebeautyhub.co.uk/cookie-policy/,publish
woocommerce_utility_page_reachable_via_header_ui,page,3465,Reviews,https://wholesalebeautyhub.co.uk/reviews/,publish
woocommerce_utility_page_reachable_via_header_ui,page,3802,Wishlist,https://wholesalebeautyhub.co.uk/wishlist/,publish
woocommerce_utility_page_reachable_via_header_ui,page,18248,Receipt,https://wholesalebeautyhub.co.uk/receipt/,publish
woocommerce_utility_page_reachable_via_header_ui,page,18249,Receipt,https://wholesalebeautyhub.co.uk/receipt-2/,publish
woocommerce_utility_page_reachable_via_header_ui,page,18319,Dashboard,https://wholesalebeautyhub.co.uk/customer-dashboard/,publish
woocommerce_utility_page_reachable_via_header_ui,page,18977,Buy Again,https://wholesalebeautyhub.co.uk/bya-buy-again/,publish
not_reachable_via_menu_or_content_link,blog_post,1,Hello world!,https://wholesalebeautyhub.co.uk/hello-world/,publish
not_reachable_via_menu_or_content_link,blog_post,19346,Welcome to the Wholesale Beauty Hub Blog,https://wholesalebeautyhub.co.uk/beauty-tips-uk/,publish
not_reachable_via_menu_or_content_link,blog_index,19339,WBH Beauty Blog,https://wholesalebeautyhub.co.uk/wbh-beauty-blog/,publish
