woo_product_id,shopify_handle,title,status,vendor,product_type,tags,sku,price,compare_at_price,collection_handles,image_count,variant_count,legacy_woo_id_metafield,seo_title_source,seo_description_source
17,vee-beauty-second-skin-foundation,Vee Beauty Second Skin Foundation,active,Vee Beauty,Foundation,"Face, Foundation",,20.0,,face|vee-beauty,3,9,17,product title (no per-product SEO override found in source),"product description, truncated (no per-product SEO override found in source)"
18,vee-beauty-total-coverage-foundation,Vee Beauty Total Coverage Foundation,active,Vee Beauty,Foundation,"Face, Foundation, Makeup",,15.0,,face|vee-beauty,3,10,18,product title (no per-product SEO override found in source),"product description, truncated (no per-product SEO override found in source)"
19,vee-beauty-thirsty-lip-gloss,Vee Beauty Thirsty Lip Gloss,draft,Vee Beauty,Lip Gloss,"Lips, Lip Gloss, Makeup",,5.0,,lips|vee-beauty,2,3,19,product title (no per-product SEO override found in source),"product description, truncated (no per-product SEO override found in source)"
20,vee-beauty-magic-cover-concealer-2,Vee Beauty Magic Cover Concealer,draft,Vee Beauty,Concealer,"Face, Concealer, Makeup",,10.0,,face|vee-beauty,2,6,20,product title (no per-product SEO override found in source),"product description, truncated (no per-product SEO override found in source)"
22,tehila-rosy-cheek-blush-palatte,Tehila Rosy Cheek Blush Palette,active,Tehila,Blushes,"Face, Blushes, Makeup",,20.0,,face|tehila,1,2,22,product title (no per-product SEO override found in source),"product description, truncated (no per-product SEO override found in source)"
23,tehila-blush-highlighter-palatte,Tehila Blush/Highlighter Palatte,active,Tehila,Highlight &amp; Contour,"Face, Highlight &amp; Contour, Makeup",,10.0,,face|tehila,1,2,23,product title (no per-product SEO override found in source),"product description, truncated (no per-product SEO override found in source)"
24,tehila-single-compact-blush,Tehila Single Compact Blush,active,Tehila,Blushes,"Face, Blushes, Makeup",463-1-item,5.0,,face|tehila,2,1,24,product title (no per-product SEO override found in source),"product description, truncated (no per-product SEO override found in source)"
25,sylvimak-oil-free-foundation,Sylvimak Oil-Free Foundation,active,Sylvimak,Foundation,"Face, Foundation, Makeup",,18.0,,face|sylvimak,2,8,25,product title (no per-product SEO override found in source),"product description, truncated (no per-product SEO override found in source)"
28,tm-essential-bronzed-by-tm,Tm Essential Bronzed By Tm,active,TM Essentials,Bronzers &amp; Highlighters,"Face, Bronzers &amp; Highlighters, Makeup",,10.0,,face|tm-essential,1,4,28,product title (no per-product SEO override found in source),"product description, truncated (no per-product SEO override found in source)"
34,beauty-by-ad-lip-gloss,Beauty By Ad Lip Gloss,active,Beauty by AD,Lip Gloss,"Lips, Lip Gloss, Makeup",,10.0,,lips|beauty-by-ad,1,3,34,product title (no per-product SEO override found in source),"product description, truncated (no per-product SEO override found in source)"
35,beauty-by-ad-lip-stain,Beauty By Ad Lip Stain,active,Beauty by AD,Lipstain,"Lips, Lipstain, Makeup",,10.0,,lips|beauty-by-ad,1,3,35,product title (no per-product SEO override found in source),"product description, truncated (no per-product SEO override found in source)"
49,merak-cosmetics-setting-powder,Merak Cosmetics Setting Powder,active,Merak,Powder,"Face, Makeup, Powder",,25.0,,face|merak,1,4,49,product title (no per-product SEO override found in source),"product description, truncated (no per-product SEO override found in source)"
50,merak-cosmetics-pencil-liner,Merak Cosmetics Pencil Liner,active,Merak,Eyeliner,"Eyes, Eyeliner, Makeup",,10.0,,eyes|merak,1,3,50,product title (no per-product SEO override found in source),"product description, truncated (no per-product SEO override found in source)"
51,yanga-beauty-blurfect-loose-powder,Yanga Beauty Blurfect Loose Powder,active,Yanga Beauty,Powder,"Face, Makeup, Powder, Setting powder",,15.99,,face|yanga-beauty,1,3,51,product title (no per-product SEO override found in source),"product description, truncated (no per-product SEO override found in source)"
52,yanga-beauty-smooth-match-concealer,Yanga Beauty Smooth Match Concealer,active,Yanga Beauty,Concealer,"Face, Concealer, Makeup",,10.0,,face|yanga-beauty,1,6,52,product title (no per-product SEO override found in source),"product description, truncated (no per-product SEO override found in source)"
53,nuban-beauty-oil-control-setting-powder,Nuban Beauty Oil Control Setting Powder,active,Nuban,Powder,"Face, Makeup, Powder",,15.99,,face|nuban,1,4,53,product title (no per-product SEO override found in source),"product description, truncated (no per-product SEO override found in source)"
54,nuban-beauty-finishing-powder,Nuban Beauty Finishing Powder,draft,Nuban,Powder,"Face, Makeup, Powder, Setting &amp; Finishing Spray",,16.0,,face|nuban,1,10,54,product title (no per-product SEO override found in source),"product description, truncated (no per-product SEO override found in source)"
55,nuban-beauty-d-glow-loose-highlighter,Nuban Beauty D' Glow Loose Highlighter,active,Nuban,Bronzers &amp; Highlighters,"Face, Bronzers &amp; Highlighters, Makeup",,15.0,,face|nuban,1,2,55,product title (no per-product SEO override found in source),"product description, truncated (no per-product SEO override found in source)"
60,nuban-beauty-in-my-skin-concealer,Nuban Beauty In My Skin Concealer,active,Nuban,Concealer,"Face, Concealer, Makeup",,10.0,,face|nuban,1,12,60,product title (no per-product SEO override found in source),"product description, truncated (no per-product SEO override found in source)"
61,nuban-beauty-in-my-skin-foundation-2,Nuban Beauty In My Skin Foundation,draft,,Foundation,"Face, Foundation, Makeup",,20.0,,face,1,8,61,product title (no per-product SEO override found in source),"product description, truncated (no per-product SEO override found in source)"
62,hegai-esther-eyebrow-definer,Hegai & Esther Eyebrow Definer,active,Hegai &amp; Esther,Eyebrow Products,"Eyes, Eyebrow Products, Makeup",,10.0,,eyes|hegai-esther,1,3,62,product title (no per-product SEO override found in source),"product description, truncated (no per-product SEO override found in source)"
63,hegai-esther-lip-gloss,Hegai & Esther Lip Gloss,draft,Hegai &amp; Esther,Lip Gloss,"Lips, Lip Gloss, Makeup",,10.0,,lips|hegai-esther,1,4,63,product title (no per-product SEO override found in source),"product description, truncated (no per-product SEO override found in source)"
65,hegai-esther-matte-liquid-lipstick,Hegai & Esther Matte Liquid Lipstick,draft,Hegai &amp; Esther,Lipstick,"Lips, Lipstick, Makeup",,10.0,,lips|hegai-esther,1,5,65,product title (no per-product SEO override found in source),"product description, truncated (no per-product SEO override found in source)"
66,msmetics-glazed-balm,Msmetics Glazed Dewy Balm,active,Msmetics,Blushes,"Face, Blushes, Makeup",,12.99,,face|msmetics,1,6,66,product title (no per-product SEO override found in source),"product description, truncated (no per-product SEO override found in source)"
67,msmetics-sealowatt,Msmetics Sealowatt,draft,Msmetics,Setting &amp; Finishing Spray,"Face, Makeup, Setting &amp; Finishing Spray",,10.0,,face|msmetics,1,2,67,product title (no per-product SEO override found in source),"product description, truncated (no per-product SEO override found in source)"
68,msmetics-power-seal-sweat-and-oil,Msmetics Power Seal Sweat And Oil,active,Msmetics,Primers,"Face, Primers",,18.0,,face|msmetics,1,2,68,product title (no per-product SEO override found in source),"product description, truncated (no per-product SEO override found in source)"
69,msmetics-14in1-lash-set,Msmetics 14In1 Lash Set,active,Msmetics,Eyelash Extensions &amp; Glue,"Eyes, Eyelash Extensions &amp; Glue, Makeup",,35.0,,eyes|msmetics,1,11,69,product title (no per-product SEO override found in source),"product description, truncated (no per-product SEO override found in source)"
70,msmetics-diy-lashes,Msmetics Diy Lashes,active,Msmetics,Eyelash Extensions &amp; Glue,"Eyes, Eyelash Extensions &amp; Glue, Makeup",,5.0,,eyes|msmetics,0,5,70,product title (no per-product SEO override found in source),"product description, truncated (no per-product SEO override found in source)"
76,sephora-powder,Sephora Microsmooth Multi-Tasking Baked Face Powder Foundation,active,Sephora,Powder,"Face, Makeup, Powder",,25.0,,face|sephora,2,12,76,product title (no per-product SEO override found in source),"product description, truncated (no per-product SEO override found in source)"
82,milani-powder,Milani Powder,active,Milani,Powder,"Face, Makeup, Powder",,15.0,,face|milani,2,3,82,product title (no per-product SEO override found in source),"product description, truncated (no per-product SEO override found in source)"
84,sooo-pro-seal-it-spray,Sooo Pro Seal It Spray,active,Sooo Pro,Setting &amp; Finishing Spray,"Face, Makeup, Setting &amp; Finishing Spray",,22.0,,face|sooo-pro,1,3,84,product title (no per-product SEO override found in source),"product description, truncated (no per-product SEO override found in source)"
85,sooo-pro-highlighter,Sooo Pro Highlighter,active,Sooo Pro,Highlight &amp; Contour,"Face, Highlight &amp; Contour, Makeup",,16.0,,face|sooo-pro,1,5,85,product title (no per-product SEO override found in source),"product description, truncated (no per-product SEO override found in source)"
86,sooo-pro-lipstain,Sooo Pro Lipstain,active,Sooo Pro,Lipstain,"Lips, Lipstain, Makeup",,6.99,,lips|sooo-pro,1,14,86,product title (no per-product SEO override found in source),"product description, truncated (no per-product SEO override found in source)"
87,sooo-pro-lip-gloss,Sooo Pro Lip Gloss,active,Sooo Pro,Lip Gloss,"Lips, Lip Gloss, Makeup",,10.0,,lips|sooo-pro,1,5,87,product title (no per-product SEO override found in source),"product description, truncated (no per-product SEO override found in source)"
90,omaricode-skin-mist-100ml,Omaricode Skin Mist 100Ml,active,Omaricode,Uncategorized,Uncategorized,,16.0,,omaricode,1,2,90,product title (no per-product SEO override found in source),"product description, truncated (no per-product SEO override found in source)"
91,omaricode-face-primer-30ml,Omaricode Hydrating Face Primer 30Ml,draft,Omaricode,Primers,"Face, Makeup, Primers",,1.0,,face|omaricode,1,1,91,product title (no per-product SEO override found in source),"product description, truncated (no per-product SEO override found in source)"
92,omaricode-lip-moisturizing-oil,Omaricode Lip Moisturizing Oil,active,Omaricode,Lip Gloss,"Lips, Lip Gloss, Makeup",,10.0,,lips|omaricode,1,2,92,product title (no per-product SEO override found in source),"product description, truncated (no per-product SEO override found in source)"
106,wynkkk-beauty-8-in-1-lashes,Wynkkk Beauty 20 In 1 Lashes,active,Wynkk Beauty,Eyelash Extensions &amp; Glue,"Eyes, Eyelash Extensions &amp; Glue, Makeup",,25.0,,eyes|wynkk-beauty,1,6,106,product title (no per-product SEO override found in source),"product description, truncated (no per-product SEO override found in source)"
107,wynkkk-beauty-10-in-1-lashes,Wynkkk Beauty 10 In 1 Lashes,draft,Wynkk Beauty,Eyelash Extensions &amp; Glue,"Eyes, Eyelash Extensions &amp; Glue, Makeup, Lashes",,15.0,,eyes|wynkk-beauty,2,2,107,product title (no per-product SEO override found in source),"product description, truncated (no per-product SEO override found in source)"
108,wynkkk-beauty-16-in-1,Wynkkk Beauty 16 In 1 Lashes,active,Wynkk Beauty,Eyelash Extensions &amp; Glue,"Eyes, Eyelash Extensions &amp; Glue, Makeup",,25.0,,eyes|wynkk-beauty,1,2,108,product title (no per-product SEO override found in source),"product description, truncated (no per-product SEO override found in source)"
109,yglam-beauty-pigment,Yglam Beauty Pigment,active,Yglam,"Pigment, Glitter &amp; Base","Eyes, Pigment, Glitter &amp; Base, Makeup",343-1-item,5.0,,eyes|yglam,1,15,109,product title (no per-product SEO override found in source),"product description, truncated (no per-product SEO override found in source)"
112,becharm-ageless-skin-booster-concealer,Becharm Ageless Skin Booster Concealer Palette,draft,Becharm,Concealer,"Face, Concealer, Makeup",,17.0,,face|becharm,1,1,112,product title (no per-product SEO override found in source),"product description, truncated (no per-product SEO override found in source)"
113,classic-makeup-lip-gloss-clear,Classic Makeup Lip Gloss clear,active,Classic Makeup,Lip Gloss,"Lips, Lip Gloss, Makeup",,5.0,,lips|classic-makeup,1,1,113,product title (no per-product SEO override found in source),"product description, truncated (no per-product SEO override found in source)"
117,paula-beauty-water-proof-eye-liner,Paula Beauty Purple Eye Pencil,active,Paula Beauty,Eyeliner,"Eyes, Eyeliner, Makeup",326-1-item,5.0,,eyes|paula-beauty,2,1,117,product title (no per-product SEO override found in source),"product description, truncated (no per-product SEO override found in source)"
118,luzta-eye-shadow,Luzta Eye Shadow,active,Luzta,Eyeshadow,"Eyes, Eyeshadow, Makeup",,23.0,,eyes|luzta,1,2,118,product title (no per-product SEO override found in source),"product description, truncated (no per-product SEO override found in source)"
120,dammel-browmate-brow-tamer,Dammel Browmate Brow Tamer,active,Dammel,Eyebrow Products,"Eyes, Eyebrow Products, Makeup",,6.0,,eyes|dammel,2,2,120,product title (no per-product SEO override found in source),"product description, truncated (no per-product SEO override found in source)"
123,vee-beauty-be-my-val-palatte,Vee Beauty Be My Val Palette,draft,Vee Beauty,Eyeshadow,"Eyes, Eyeshadow, Makeup",327-1-item,17.0,,eyes|vee-beauty,1,1,123,product title (no per-product SEO override found in source),"product description, truncated (no per-product SEO override found in source)"
124,vee-beauty-9-in-1-powder-palatte,Vee Beauty 9 In 1 Powder Palette,active,Vee Beauty,Powder,"Face, Makeup, Powder",328-1-item,16.0,,face|vee-beauty,1,1,124,product title (no per-product SEO override found in source),"product description, truncated (no per-product SEO override found in source)"
125,vee-beauty-12-in-1-powder-palatte,Vee Beauty 12 In 1 Powder Palette,active,Vee Beauty,Powder,"Face, Makeup, Powder",329-1-item,18.0,,face|vee-beauty,1,1,125,product title (no per-product SEO override found in source),"product description, truncated (no per-product SEO override found in source)"
126,blossom-african-queen-palatte,Blossom African Queen Palette,draft,Blossom,Eyeshadow,"Eyes, Eyeshadow, Makeup",,16.0,,eyes|blossom,1,1,126,product title (no per-product SEO override found in source),"product description, truncated (no per-product SEO override found in source)"
127,blossom-her-nude-story-palatte,Blossom Her Nude Story Palette,active,Blossom,Uncategorized,Uncategorized,324-1-item,15.0,,blossom,1,1,127,product title (no per-product SEO override found in source),"product description, truncated (no per-product SEO override found in source)"
128,blossom-35-color-matte-and-cream,Blossom 35 Color Matte And Cream Eyeshadow Palette,draft,Blossom,Eyeshadow,"Eyes, Eyeshadow, Makeup",,17.0,,eyes|blossom,1,1,128,product title (no per-product SEO override found in source),"product description, truncated (no per-product SEO override found in source)"
129,blossom-afro-chic-lip-palatte,Blossom Afro Chic Lip Palette,draft,Blossom,Lip Pallet,"Lips, Lip Pallet, Makeup",,15.0,,lips|blossom,1,1,129,product title (no per-product SEO override found in source),"product description, truncated (no per-product SEO override found in source)"
131,tehila-black-magic-gel-liner,Tehila Black Magic Gel Liner,active,Tehila,Eyeliner,"Eyes, Eyeliner, Makeup",,10.0,,eyes|tehila,1,1,131,product title (no per-product SEO override found in source),"product description, truncated (no per-product SEO override found in source)"
132,sylvimak-irresistable-eyeshadow-pallatte,Sylvimak Irresistable Eyeshadow Pallatte,active,Sylvimak,Eyeshadow,"Eyes, Eyeshadow, Makeup",325-1-item,17.0,,eyes|sylvimak,1,1,132,product title (no per-product SEO override found in source),"product description, truncated (no per-product SEO override found in source)"
136,tm-essential-cheek-glaze-palatte,Tm Essentials Cheek Glaze Palatte,draft,TM Essentials,Blushes,"Face, Blushes, Makeup",,15.0,,face|tm-essential,1,1,136,product title (no per-product SEO override found in source),"product description, truncated (no per-product SEO override found in source)"
146,beauty-by-ad-setting-powder-tawny,Beauty By Ad Setting Powder,active,Beauty by AD,Powder,"Face, Makeup, Powder",,25.0,,face|beauty-by-ad,1,3,146,product title (no per-product SEO override found in source),"product description, truncated (no per-product SEO override found in source)"
153,merak-cosmetics-angled-brush,Merak Cosmetics Angled Brush,active,Merak,Brushes &amp; Beauty Blenders,Brushes &amp; Beauty Blenders,514-1-item,6.0,,brushes-beauty-blenders|merak,1,1,153,product title (no per-product SEO override found in source),"product description, truncated (no per-product SEO override found in source)"
154,merak-cosmetics-flat-brush,Merak Cosmetics Flat Brush,active,Merak,Brushes &amp; Beauty Blenders,Brushes &amp; Beauty Blenders,515-1-item,6.0,,brushes-beauty-blenders|merak,1,1,154,product title (no per-product SEO override found in source),"product description, truncated (no per-product SEO override found in source)"
155,yanga-beauty-angled-flat-brush,Yanga Beauty Angled Flat Brush,active,Yanga Beauty,Brushes &amp; Beauty Blenders,Brushes &amp; Beauty Blenders,316-1-item,5.0,,brushes-beauty-blenders|yanga-beauty,1,1,155,product title (no per-product SEO override found in source),"product description, truncated (no per-product SEO override found in source)"
156,yanga-beauty-foundation-brush,Yanga Beauty Foundation Brush,active,Yanga Beauty,Brushes &amp; Beauty Blenders,Brushes &amp; Beauty Blenders,317-1-item,5.0,,brushes-beauty-blenders|yanga-beauty,1,1,156,product title (no per-product SEO override found in source),"product description, truncated (no per-product SEO override found in source)"
159,nuban-beauty-nuban-powder-brush,Nuban Beauty Powder Brush,active,Nuban,Tools &amp; Accessories,"Makeup, Tools &amp; Accessories, Beauty Tools",318-1-item,6.0,,tools-accessories|nuban,1,1,159,product title (no per-product SEO override found in source),"product description, truncated (no per-product SEO override found in source)"
160,nuban-beauty-11pcs-makeup-brush-set,Nuban Beauty 11Pcs Makeup Brush Set,draft,Nuban,Tools &amp; Accessories,"Makeup, Tools &amp; Accessories, Beauty Tools",,1.0,,tools-accessories|nuban,1,1,160,product title (no per-product SEO override found in source),"product description, truncated (no per-product SEO override found in source)"
161,hegai-esther-flash-pan-highlighter-palatte,Hegai & Esther Flash Pan Highlighter Palette,active,Hegai &amp; Esther,Highlight &amp; Contour,"Face, Highlight &amp; Contour, Makeup",,15.0,,face|hegai-esther,1,1,161,product title (no per-product SEO override found in source),"product description, truncated (no per-product SEO override found in source)"
162,hegai-esther-makeup-seal-it,Hegai & Esther Makeup Seal It,active,Hegai &amp; Esther,Tools &amp; Accessories,"Makeup, Tools &amp; Accessories, Beauty Tools",319-1-item,6.0,,tools-accessories|hegai-esther,1,1,162,product title (no per-product SEO override found in source),"product description, truncated (no per-product SEO override found in source)"
164,msmetics-moisture-bomb-50ml,Msmetics Moisture Bomb 50Ml,active,Msmetics,Primers,"Face, Makeup, Primers",320-1-item,15.0,,face|msmetics,1,1,164,product title (no per-product SEO override found in source),"product description, truncated (no per-product SEO override found in source)"
165,msmetics-moisture-potion-50ml,Msmetics Moisture Potion 50Ml,active,Msmetics,Primers,"Face, Makeup, Primers",321-1-item,15.0,,face|msmetics,1,1,165,product title (no per-product SEO override found in source),"product description, truncated (no per-product SEO override found in source)"
166,msmetics-aqua-grip-primer-50ml,Msmetics Aqua Grip Primer 15ML,active,Msmetics,Primers,"Face, Makeup, Primers",322-1-item,8.0,,face|msmetics,1,1,166,product title (no per-product SEO override found in source),"product description, truncated (no per-product SEO override found in source)"
178,ferrarucci-all-nighter-fixed-spray-200ml,Ferrarucci All Nighter Fixer Spray 200Ml,active,Ferrarucci,Setting &amp; Finishing Spray,"Face, Makeup, Setting &amp; Finishing Spray",312-1-item,15.0,,face|ferrarucci,1,1,178,product title (no per-product SEO override found in source),"product description, truncated (no per-product SEO override found in source)"
180,sooo-pro-hydrating-mist-setting-spray-150ml,Sooo Pro Hydrating Mist Setting Spray 150Ml,active,Sooo Pro,Setting &amp; Finishing Spray,"Face, Makeup, Setting &amp; Finishing Spray",313-1-item,17.0,,face|sooo-pro,1,1,180,product title (no per-product SEO override found in source),"product description, truncated (no per-product SEO override found in source)"
182,juba-cosmetics-setting-spray-150ml,Juba Cosmetics Setting Spray 150Ml,active,Juba Cosmetics,Setting &amp; Finishing Spray,"Face, Makeup, Setting &amp; Finishing Spray",314-1-item,17.0,,face|juba-cosmetics,1,1,182,product title (no per-product SEO override found in source),"product description, truncated (no per-product SEO override found in source)"
183,omaricode-bedew-hydrating-serum-30ml,Omaricode Bedew Hydrating Serum 30Ml,active,Omaricode,Serums &amp; Treatment,"Skin Care, Serums &amp; Treatment",315-1-item,15.0,,serums-treatment|omaricode,1,1,183,product title (no per-product SEO override found in source),"product description, truncated (no per-product SEO override found in source)"
184,omaricode-hydrating-moisture-maximize-50ml,Omaricode Hydrating Moisture Maximize 50Ml,active,Omaricode,Moisturizers &amp; Cream,"Skin Care, Moisturizers &amp; Cream",305-1-item,15.0,,moisturizers|omaricode,1,1,184,product title (no per-product SEO override found in source),"product description, truncated (no per-product SEO override found in source)"
186,ocosmetics-brush-bath,O'Cosmetics Brush Bath,active,O'Cosmetics,Tools &amp; Accessories,"Makeup, Tools &amp; Accessories, Beauty Tools",513-1-item,10.0,,tools-accessories|ocosmetics,1,1,186,product title (no per-product SEO override found in source),"product description, truncated (no per-product SEO override found in source)"
187,rummel-stay-matte-spray,Rummel Stay Matte Spray,draft,Rimmel,Setting &amp; Finishing Spray,"Face, Makeup, Setting &amp; Finishing Spray",,1.0,,face|rimmel,1,1,187,product title (no per-product SEO override found in source),"product description, truncated (no per-product SEO override found in source)"
188,rimmel-stay-matte-primer,Rimmel Stay Matte Primer,active,Rimmel,Primers,"Face, Makeup, Primers",306-1-item,12.0,,face|rimmel,1,1,188,product title (no per-product SEO override found in source),"product description, truncated (no per-product SEO override found in source)"
189,skin-by-zaron-vitamin-c-brightening-body-wash,Skin By Zaron Vitamin C Brightening Body Wash,active,Zaron,Body Wash,"Bath &amp; Body Care, Body Wash",307-1-item,20.0,,body-wash|zaron,1,1,189,product title (no per-product SEO override found in source),"product description, truncated (no per-product SEO override found in source)"
190,skin-by-zaron-micellar-cleansing-water,Skin By Zaron Micellar Cleansing Water,draft,Zaron,Face,"Face, Skin Care, Face Cleansers &amp; Wash",,1.0,,face|face-cleansers-wash|zaron,1,1,190,product title (no per-product SEO override found in source),"product description, truncated (no per-product SEO override found in source)"
191,skin-by-zaron-papaya-brightening-body-wash,Skin By Zaron Papaya Brightening Body Wash,draft,Zaron,Body Wash,"Bath &amp; Body Care, Body Wash",,18.0,,body-wash|zaron,1,1,191,product title (no per-product SEO override found in source),"product description, truncated (no per-product SEO override found in source)"
192,skin-by-zaron-brightening-toner,Skin By Zaron Brightening Toner,active,Zaron,"Face Toners, Mist &amp; Essence","Skin Care, Face Toners, Mist &amp; Essence",308-1-item,15.0,,face-toners-mist-essence|zaron,1,1,192,product title (no per-product SEO override found in source),"product description, truncated (no per-product SEO override found in source)"
193,skin-by-zaron-vitamin-brightening-lotion,Skin By Zaron Vitamin Brightening Lotion,active,Zaron,Body Lotion,"Bath &amp; Body Care, Body Lotion",309-1-item,20.0,,body-lotion|zaron,1,1,193,product title (no per-product SEO override found in source),"product description, truncated (no per-product SEO override found in source)"
194,skin-by-zaron-retinol-serum,Skin By Zaron Retinol Serum,active,Zaron,Serums &amp; Treatment,"Skin Care, Serums &amp; Treatment",310-1-item,12.0,,serums-treatment|zaron,1,1,194,product title (no per-product SEO override found in source),"product description, truncated (no per-product SEO override found in source)"
195,skin-by-zaron-vitamin-serum,Skin By Zaron Vitamin C Serum,active,Zaron,Face,"Face, Skin Care, Serums &amp; Treatment",,13.0,,face|serums-treatment|zaron,1,1,195,product title (no per-product SEO override found in source),"product description, truncated (no per-product SEO override found in source)"
196,skin-by-zaron-exfoliating-brightening-face-wash,Skin By Zaron Exfoliating &amp; Brightening Face Wash,active,Zaron,Face Cleansers &amp; Wash,"Skin Care, Face Cleansers &amp; Wash, Exfoliators, Peels &amp; Scrubs",311-1-item,16.0,,face-cleansers-wash|exfoliators-peels-scrubs|zaron,1,1,196,product title (no per-product SEO override found in source),"product description, truncated (no per-product SEO override found in source)"
197,skin-by-zaron-acne-control-glow-wash,Skin By Zaron Acne Control Glow Wash,active,Zaron,Face Cleansers &amp; Wash,"Skin Care, Face Cleansers &amp; Wash",304-1-item,16.0,,face-cleansers-wash|zaron,1,1,197,product title (no per-product SEO override found in source),"product description, truncated (no per-product SEO override found in source)"
199,zaron-long-wear-gel-eyeliner,Zaron Long Wear Gel Eyeliner,draft,Zaron,Eyeliner,"Eyes, Eyeliner, Makeup",297-1-item,10.0,,eyes|zaron,1,1,199,product title (no per-product SEO override found in source),"product description, truncated (no per-product SEO override found in source)"
200,zaron-slain-regenerating-hydrating-serum,Zaron Slain Regenerating Hydrating Serum,active,Zaron,Face,"Face, Serums &amp; Treatment",298-1-item,10.0,,face|serums-treatment|zaron,1,1,200,product title (no per-product SEO override found in source),"product description, truncated (no per-product SEO override found in source)"
201,zaron-lengthening-mascara,Zaron Lengthening Mascara,active,Zaron,Mascara,"Eyes, Face, Mascara, Makeup",299-1-item,8.0,,eyes|face|zaron,1,1,201,product title (no per-product SEO override found in source),"product description, truncated (no per-product SEO override found in source)"
202,zaron-4in1mascara,Zaron 4in1Mascara,active,Zaron,Mascara,"Eyes, Face, Mascara, Makeup",300-1-item,10.0,,eyes|face|zaron,1,1,202,product title (no per-product SEO override found in source),"product description, truncated (no per-product SEO override found in source)"
203,zaron-liquid-eyeliner,Zaron Liquid Eyeliner,active,Zaron,Eyeliner,"Eyes, Eyeliner, Makeup",301-1-item,10.0,,eyes|zaron,1,1,203,product title (no per-product SEO override found in source),"product description, truncated (no per-product SEO override found in source)"
204,zaron-sheer-powder-brush,Zaron Sheer Powder Brush,active,Zaron,Face,"Face, Makeup, Tools &amp; Accessories, Beauty Tools",511-1-item,5.0,,face|tools-accessories|zaron,1,1,204,product title (no per-product SEO override found in source),"product description, truncated (no per-product SEO override found in source)"
207,wynkkk-beauty-single-lashes,Wynkkk Beauty Single Lashes,draft,Wynkk Beauty,Eyelash Extensions &amp; Glue,"Eyes, Eyelash Extensions &amp; Glue, Makeup",,1.0,,eyes|wynkk-beauty,1,1,207,product title (no per-product SEO override found in source),"product description, truncated (no per-product SEO override found in source)"
208,wynkkk-beauty-lashes-at-first-sight-16ml,Wynkkk Beauty Lashes At First Sight 16Ml,draft,Wynkk Beauty,Eyelash Extensions &amp; Glue,"Eyes, Eyelash Extensions &amp; Glue, Makeup",512-1-item,35.0,,eyes|wynkk-beauty,1,1,208,product title (no per-product SEO override found in source),"product description, truncated (no per-product SEO override found in source)"
209,wynkkk-beauty-alabaster-box-16ml,Wynkk Beauty Alabaster Box 16Ml,draft,Wynkk Beauty,Eyelash Extensions &amp; Glue,"Eyes, Eyelash Extensions &amp; Glue, Makeup",,1.0,,eyes|wynkk-beauty,1,1,209,product title (no per-product SEO override found in source),"product description, truncated (no per-product SEO override found in source)"
213,yn216-led-light,Yn216 Led Light,active,,Tools &amp; Accessories,"Makeup, Tools &amp; Accessories, Beauty Tools",302-1-item,100.0,,tools-accessories,1,1,213,product title (no per-product SEO override found in source),"product description, truncated (no per-product SEO override found in source)"
214,led-600-pro,Led 600 Pro with Tripod stand,active,,Tools &amp; Accessories,"Makeup, Tools &amp; Accessories, Beauty Tools",303-1-item,55.0,,tools-accessories,1,1,214,product title (no per-product SEO override found in source),"product description, truncated (no per-product SEO override found in source)"
218,pvc-bag,Pvc Bag,active,,Tools &amp; Accessories,"Makeup, Tools &amp; Accessories, Beauty Tools",294-1-item,6.0,,tools-accessories,1,1,218,product title (no per-product SEO override found in source),"product description, truncated (no per-product SEO override found in source)"
220,olay-itch-dry-skin-body-wash-20fl-oz-591ml,Olay Itch Dry Skin Body Wash 20Fl Oz /591Ml,draft,Olay,Body Wash,"Bath &amp; Body Care, Body Wash",,1.0,,body-wash|olay,1,1,220,product title (no per-product SEO override found in source),"product description, truncated (no per-product SEO override found in source)"
223,olay-shea-butter-body-wash-17floz-502ml,Olay Shea Butter Body Wash 17Floz/ 502Ml,active,Olay,Body Wash,"Bath &amp; Body Care, Body Wash",575-1-item,17.0,,body-wash|olay,1,1,223,product title (no per-product SEO override found in source),"product description, truncated (no per-product SEO override found in source)"
224,olay-vitamin-c-hydrating-body-wash-20fl-oz-591ml,Olay Vitamin C Hydrating Body Wash 20Fl Oz /591Ml,draft,Olay,Body Wash,"Bath &amp; Body Care, Body Wash",295-1-item,20.0,,body-wash|olay,1,1,224,product title (no per-product SEO override found in source),"product description, truncated (no per-product SEO override found in source)"
226,olay-retinol-body-wash-20floz-591ml,Olay Retinol Body Wash 20Floz/591Ml,active,Olay,Body Wash,"Bath &amp; Body Care, Body Wash",296-1-item,20.0,,body-wash|olay,1,1,226,product title (no per-product SEO override found in source),"product description, truncated (no per-product SEO override found in source)"
227,olay-vitamin-c-brightening-lotion-17floz-502ml,Olay Vitamin C Brightening Lotion 17Floz/502Ml,draft,Olay,Body Lotion,"Bath &amp; Body Care, Body Lotion",287-1-item,20.0,,body-lotion|olay,3,1,227,product title (no per-product SEO override found in source),"product description, truncated (no per-product SEO override found in source)"
231,touch-kp-exfoliating-wash-8floz-237ml,Touch Kp Exfoliating Wash 8Floz/237Ml,active,Touch,Face Cleansers &amp; Wash,"Skin Care, Face Cleansers &amp; Wash, Exfoliators, Peels &amp; Scrubs",288-1-item,30.0,,face-cleansers-wash|exfoliators-peels-scrubs|touch,1,1,231,product title (no per-product SEO override found in source),"product description, truncated (no per-product SEO override found in source)"
232,touch-kp-exfoliating-lotion,Touch Kp Exfoliating Lotion,active,Touch,Moisturizers &amp; Cream,"Skin Care, Moisturizers &amp; Cream, Exfoliators, Peels &amp; Scrubs",510-1-item,30.0,,moisturizers|exfoliators-peels-scrubs|touch,1,1,232,product title (no per-product SEO override found in source),"product description, truncated (no per-product SEO override found in source)"
233,touch-acne-treatment-gel,Touch Acne Treatment Gel,active,Touch,Moisturizers &amp; Cream,"Skin Care, Moisturizers &amp; Cream",289-1-item,30.0,,moisturizers|touch,1,1,233,product title (no per-product SEO override found in source),"product description, truncated (no per-product SEO override found in source)"
234,touch-bright-and-clear-cream-2-oz-56-7,Touch Bright And Clear Cream 2 Oz /56.7,active,Touch,Moisturizers &amp; Cream,"Skin Care, Moisturizers &amp; Cream, Dark spots &amp; Discoloration serums",290-1-item,30.0,,moisturizers|serums-treatment|touch,1,1,234,product title (no per-product SEO override found in source),"product description, truncated (no per-product SEO override found in source)"
235,touch-ingrown-hair-roll-on,Touch Ingrown Hair Roll On,active,Touch,Roll On,"Bath &amp; Body Care, Roll On",291-1-item,25.0,,roll-on|touch,1,1,235,product title (no per-product SEO override found in source),"product description, truncated (no per-product SEO override found in source)"
236,dr-teals-vitamin-c-lotion-18fl-oz-532ml,Dr Teals Vitamin C Lotion 18Fl Oz/532Ml,active,Dr Teal's,Body Lotion,"Bath &amp; Body Care, Body Lotion",292-1-item,18.0,,body-lotion|dr-teals,1,1,236,product title (no per-product SEO override found in source),"product description, truncated (no per-product SEO override found in source)"
237,dr-teals-vitamin-c-body-wash-24fl-710ml,Dr Teals Vitamin C Body Wash 24Fl/710Ml,active,Dr Teal's,Body Wash,"Bath &amp; Body Care, Body Wash",293-1-item,18.0,,body-wash|dr-teals,1,1,237,product title (no per-product SEO override found in source),"product description, truncated (no per-product SEO override found in source)"
239,dr-teals-citrus-sugar-scrub-19oz-538ml,Dr Teals Citrus Sugar Scrub 19Oz/ 538Ml,active,Dr Teal's,Body Scrubs,"Bath &amp; Body Care, Body Scrubs",276-1-item,18.0,,body-scrubs|dr-teals,1,1,239,product title (no per-product SEO override found in source),"product description, truncated (no per-product SEO override found in source)"
240,dr-teals-elderberry-scrub-19oz-538ml,Dr Teals Shea Butter & Almond oil Scrub 19Oz /538Ml,active,Dr Teal's,Body Scrubs,"Bath &amp; Body Care, Body Scrubs",277-1-item,16.0,,body-scrubs|dr-teals,1,1,240,product title (no per-product SEO override found in source),"product description, truncated (no per-product SEO override found in source)"
242,dr-teals-bath-body-oil-8-7fl,Dr Teals Bath &amp;Amp; Body Coconut Oil 8.7Fl,active,Dr Teal's,Body Oil,"Bath &amp; Body Care, Body Oil",278-1-item,18.0,,body-oil|dr-teals,1,1,242,product title (no per-product SEO override found in source),"product description, truncated (no per-product SEO override found in source)"
243,medi-peel-vitamin-c-lotion,Medi-Peel Vitamin C Lotion,draft,Medi Peel,Body Lotion,"Bath &amp; Body Care, Body Lotion",,1.0,,body-lotion|medi-peel,1,1,243,product title (no per-product SEO override found in source),"product description, truncated (no per-product SEO override found in source)"
244,amlactin-intensive-healing-lotion-225g,Amlactin Intensive Healing Lotion,active,Amlactin,Body Lotion,"Bath &amp; Body Care, Body Lotion",279-1-item,38.0,,body-lotion|amlactin,1,2,244,product title (no per-product SEO override found in source),"product description, truncated (no per-product SEO override found in source)"
246,amlactin-daily-moisturizing,Amlactin Daily Moisturizing (Improved Formula Scent Free),active,Amlactin,Body Lotion,"Bath &amp; Body Care, Body Lotion",280-1-item,40.0,,body-lotion|amlactin,1,3,246,product title (no per-product SEO override found in source),"product description, truncated (no per-product SEO override found in source)"
247,amlactin-daily-moisturizing-576g,Amlactin Daily Moisturizing Lotion 567g,draft,Amlactin,Body Lotion,"Bath &amp; Body Care, Body Lotion",,40.0,,body-lotion|amlactin,1,1,247,product title (no per-product SEO override found in source),"product description, truncated (no per-product SEO override found in source)"
248,medix-5-5-vitamin-c-cream-15floz-144,Medix 5.5 Vitamin C Cream 15Floz/144,active,Medix 5.5,Body Lotion,"Bath &amp; Body Care, Body Lotion",281-1-item,25.0,,body-lotion|medix-5-5,1,1,248,product title (no per-product SEO override found in source),"product description, truncated (no per-product SEO override found in source)"
249,medix-5-5-vitamin-c-serum,Medix 5.5 Vitamin C Serum,draft,Medix 5.5,Serums &amp; Treatment,"Skin Care, Serums &amp; Treatment",509-1-item,16.0,,serums-treatment|medix-5-5,1,1,249,product title (no per-product SEO override found in source),"product description, truncated (no per-product SEO override found in source)"
250,medix-5-5-retinol-cream-15floz-144ml,Medix 5.5 Retinol Cream 15Floz/144M,active,Medix 5.5,Body Lotion,"Bath &amp; Body Care, Body Lotion",282-1-item,25.0,,body-lotion|medix-5-5,1,1,250,product title (no per-product SEO override found in source),"product description, truncated (no per-product SEO override found in source)"
251,hatomugi-sunscreen-250ml,Hatomugi Sunscreen 250Ml,active,Hatomugi,Sunscreen,"Skin Care, Sunscreen",283-1-item,18.0,,sunscreen|hatomugi,1,1,251,product title (no per-product SEO override found in source),"product description, truncated (no per-product SEO override found in source)"
252,nivea-uv-water-gel-sunscreen-140g,Nivea Uv Water Gel Sunscreen 140G,active,Nivea,Sunscreen,"Skin Care, Sunscreen",284-1-item,18.0,,sunscreen|nivea,1,1,252,product title (no per-product SEO override found in source),"product description, truncated (no per-product SEO override found in source)"
253,good-molecules-daily-brightening-serum-30ml,Good Molecules Daily Brightening Serum 30Ml,active,Good Molecules,Serums &amp; Treatment,"Skin Care, Serums &amp; Treatment",285-1-item,16.0,,serums-treatment|good-molecules,1,1,253,product title (no per-product SEO override found in source),"product description, truncated (no per-product SEO override found in source)"
254,good-molecules-niacinamide-serum-30ml,Good Molecules Niacinamide Serum 30Ml,active,Good Molecules,Serums &amp; Treatment,"Skin Care, Serums &amp; Treatment",286-1-item,15.0,,serums-treatment|good-molecules,1,1,254,product title (no per-product SEO override found in source),"product description, truncated (no per-product SEO override found in source)"
255,good-molecules-overnight-treatment-30ml,Good Molecules Overnight Treatment 30Ml,active,Good Molecules,Serums &amp; Treatment,"Skin Care, Serums &amp; Treatment",274-1-item,15.0,,serums-treatment|good-molecules,1,1,255,product title (no per-product SEO override found in source),"product description, truncated (no per-product SEO override found in source)"
256,good-molecules-gentle-retinol-cream-30ml,Good Molecules Gentle Retinol Cream 30Ml,active,Good Molecules,Moisturizers &amp; Cream,"Skin Care, Moisturizers &amp; Cream",275-1-item,15.0,,moisturizers|good-molecules,1,1,256,product title (no per-product SEO override found in source),"product description, truncated (no per-product SEO override found in source)"
257,good-molecules-niacinamide-brightening-toner-120ml,Good Molecules Niacinamide Brightening Toner 120Ml,active,Good Molecules,"Face Toners, Mist &amp; Essence","Skin Care, Face Toners, Mist &amp; Essence",269-1-item,18.0,,face-toners-mist-essence|good-molecules,1,1,257,product title (no per-product SEO override found in source),"product description, truncated (no per-product SEO override found in source)"
258,good-molecules-niacinamide-brightening-toner-30ml,Good Molecules Niacinamide Brightening Toner 30Ml,draft,Good Molecules,"Face Toners, Mist &amp; Essence","Skin Care, Face Toners, Mist &amp; Essence",,12.0,,face-toners-mist-essence|good-molecules,1,1,258,product title (no per-product SEO override found in source),"product description, truncated (no per-product SEO override found in source)"
259,good-molecules-discoloration-serum-30ml,Good Molecules Discoloration Serum 30Ml,active,Good Molecules,Serums &amp; Treatment,"Skin Care, Serums &amp; Treatment",270-1-item,18.0,,serums-treatment|good-molecules,1,1,259,product title (no per-product SEO override found in source),"product description, truncated (no per-product SEO override found in source)"
260,cosrx-propolis-synergy-toner-150ml,Cosrx Propolis Synergy Toner 150Ml,active,Cosrx,Face Cleansers &amp; Wash,"Skin Care, Face Cleansers &amp; Wash, Face Toners, Mist &amp; Essence",271-1-item,17.0,,face-cleansers-wash|face-toners-mist-essence|cosrx,1,1,260,product title (no per-product SEO override found in source),"product description, truncated (no per-product SEO override found in source)"
261,cosrx-dual-essence,Cosrx Dual Essence,active,Cosrx,Serums &amp; Treatment,"Skin Care, Serums &amp; Treatment",272-1-item,27.0,,serums-treatment|cosrx,1,1,261,product title (no per-product SEO override found in source),"product description, truncated (no per-product SEO override found in source)"
262,cosrx-snail-mucin-essence-100ml,Cosrx Snail Mucin Essence 100Ml,active,Cosrx,"Face Toners, Mist &amp; Essence","Skin Care, Face Toners, Mist &amp; Essence",273-1-item,18.99,,face-toners-mist-essence|cosrx,1,1,262,product title (no per-product SEO override found in source),"product description, truncated (no per-product SEO override found in source)"
263,cosrx-snail-92-all-in-one-cream-100g,Cosrx Snail 92 All In One Cream 100G,active,Cosrx,Moisturizers &amp; Cream,"Skin Care, Moisturizers &amp; Cream",,18.99,,moisturizers|cosrx,1,1,263,product title (no per-product SEO override found in source),"product description, truncated (no per-product SEO override found in source)"
265,cosrx-bha-black-head-power-liquid-100ml,Cosrx Bha Black Head Power Liquid 100Ml,draft,Cosrx,"Face Toners, Mist &amp; Essence","Skin Care, Face Toners, Mist &amp; Essence",263-1-item,17.0,,face-toners-mist-essence|cosrx,1,1,265,product title (no per-product SEO override found in source),"product description, truncated (no per-product SEO override found in source)"
268,cosrx-salicylic-gentle-cleanser-150ml,Cosrx Salicylic Gentle Cleanser 150Ml,active,Cosrx,Face Cleansers &amp; Wash,"Skin Care, Face Cleansers &amp; Wash",264-1-item,15.0,,face-cleansers-wash|cosrx,1,1,268,product title (no per-product SEO override found in source),"product description, truncated (no per-product SEO override found in source)"
269,cosrx-low-ph-gel-cleanser-150ml,Cosrx Low Ph Gel Cleanser 150Ml,active,Cosrx,Face Cleansers &amp; Wash,"Skin Care, Face Cleansers &amp; Wash",265-1-item,13.0,,face-cleansers-wash|cosrx,1,1,269,product title (no per-product SEO override found in source),"product description, truncated (no per-product SEO override found in source)"
271,cosrx-oil-free-moisturizer-100ml,Cosrx Oil-Free Moisturizer 100Ml,active,Cosrx,Moisturizers &amp; Cream,"Skin Care, Moisturizers &amp; Cream",266-1-item,18.0,,moisturizers|cosrx,1,1,271,product title (no per-product SEO override found in source),"product description, truncated (no per-product SEO override found in source)"
277,skin-aqua-sunscreen-110g,Skin Aqua Sunscreen 110G,draft,Skin Aqua,Sunscreen,"Skin Care, Sunscreen",267-1-item,15.0,,sunscreen|skin-aqua,1,1,277,product title (no per-product SEO override found in source),"product description, truncated (no per-product SEO override found in source)"
278,skin-aqua-sunscreen-140g,Skin Aqua Sunscreen 140G,active,Skin Aqua,Sunscreen,"Skin Care, Sunscreen",268-1-item,18.0,,sunscreen|skin-aqua,1,1,278,product title (no per-product SEO override found in source),"product description, truncated (no per-product SEO override found in source)"
280,isntree-hyaluronic-watery-sun-gel-50ml,Isntree Hyaluronic Watery Sun Gel 50Ml,active,Isntree,Sunscreen,"Skin Care, Sunscreen",508-1-item,18.0,,sunscreen|isntree,1,1,280,product title (no per-product SEO override found in source),"product description, truncated (no per-product SEO override found in source)"
281,isntree-hyaluronic-acid-toner,Isntree Hyaluronic Acid Toner,active,Isntree,Face,"Face, Skin Care, Face Toners, Mist &amp; Essence",,17.0,,face|face-toners-mist-essence|isntree,1,1,281,product title (no per-product SEO override found in source),"product description, truncated (no per-product SEO override found in source)"
282,isntree-hyaluronic-acid-toner-plus,Isntree Hyaluronic Acid Toner Plus,draft,Isntree,Face,"Face, Skin Care, Face Toners, Mist &amp; Essence",,16.0,,face|face-toners-mist-essence|isntree,1,1,282,product title (no per-product SEO override found in source),"product description, truncated (no per-product SEO override found in source)"
283,isntree-green-tea-fresh-toner,Isntree Green Tea Fresh Toner,draft,Isntree,Face,"Face, Skin Care, Face Toners, Mist &amp; Essence",,16.0,,face|face-toners-mist-essence|isntree,1,1,283,product title (no per-product SEO override found in source),"product description, truncated (no per-product SEO override found in source)"
284,isntree-hyaluronic-sunstick,Isntree Hyaluronic Sunstick,active,Isntree,Sunscreen,"Skin Care, Sunscreen",261-1-item,17.0,,sunscreen|isntree,1,1,284,product title (no per-product SEO override found in source),"product description, truncated (no per-product SEO override found in source)"
285,isntree-fresh-emulsion,Isntree Fresh Emulsion,draft,Isntree,Face,"Face, Skin Care, Moisturizers &amp; Cream",,16.0,,face|moisturizers|isntree,1,1,285,product title (no per-product SEO override found in source),"product description, truncated (no per-product SEO override found in source)"
286,axis-y-blemish-treatment,Axis-Y Spot The Difference Blemish Treatment,active,Axis-y,Serums &amp; Treatment,"Skin Care, Serums &amp; Treatment, Dark spots &amp; Discoloration serums",262-1-item,13.0,,serums-treatment|serums-treatment|axis-y,1,1,286,product title (no per-product SEO override found in source),"product description, truncated (no per-product SEO override found in source)"
287,axis-y-dark-spot-correcting-serum,Axis-Y Dark Spot Correcting Serum,active,Axis-y,Serums &amp; Treatment,"Skin Care, Serums &amp; Treatment, Dark spots &amp; Discoloration serums",254-1-item,17.0,,serums-treatment|serums-treatment|axis-y,1,1,287,product title (no per-product SEO override found in source),"product description, truncated (no per-product SEO override found in source)"
288,missha-aqua-sunscreen-50ml,Missha Aqua Sunscreen 50Ml,active,Missha,Sunscreen,"Skin Care, Sunscreen",255-1-item,15.0,,sunscreen|missha,1,1,288,product title (no per-product SEO override found in source),"product description, truncated (no per-product SEO override found in source)"
289,missha-essence-sunscreen-50ml,Missha Essence Sunscreen 50Ml,draft,Missha,Face,"Face, Skin Care, Sunscreen",,15.0,,face|sunscreen|missha,1,1,289,product title (no per-product SEO override found in source),"product description, truncated (no per-product SEO override found in source)"
290,beauty-of-joseon-glow-serum-30ml,Beauty Of Joseon Glow Serum 30Ml,active,Beauty of Joseon,Serums &amp; Treatment,"Skin Care, Serums &amp; Treatment",256-1-item,17.0,,serums-treatment|beauty-of-joseon,1,1,290,product title (no per-product SEO override found in source),"product description, truncated (no per-product SEO override found in source)"
291,beauty-of-joseon-cleansing-oil-210ml,Beauty Of Joseon Cleansing Oil 210Ml,active,Beauty of Joseon,Face Cleansers &amp; Wash,"Skin Care, Face Cleansers &amp; Wash",257-1-item,16.0,,face-cleansers-wash|beauty-of-joseon,1,1,291,product title (no per-product SEO override found in source),"product description, truncated (no per-product SEO override found in source)"
292,beauty-of-joseon-sunscreen-50ml,Beauty Of Joseon Sunscreen 50Ml,active,Beauty of Joseon,Sunscreen,"Skin Care, Sunscreen",258-1-item,17.0,,sunscreen|beauty-of-joseon,1,1,292,product title (no per-product SEO override found in source),"product description, truncated (no per-product SEO override found in source)"
293,beauty-of-joseon-radiance-cleansing-balm-100ml,Beauty Of Joseon Radiance Cleansing Balm 100Ml,active,Beauty of Joseon,Face Cleansers &amp; Wash,"Skin Care, Face Cleansers &amp; Wash",259-1-item,17.0,,face-cleansers-wash|beauty-of-joseon,1,1,293,product title (no per-product SEO override found in source),"product description, truncated (no per-product SEO override found in source)"
294,beauty-of-joseon-glow-deep-serum-30ml,Beauty Of Joseon Glow Deep Serum 30Ml,active,Beauty of Joseon,Serums &amp; Treatment,"Skin Care, Serums &amp; Treatment",260-1-item,17.0,,serums-treatment|beauty-of-joseon,1,1,294,product title (no per-product SEO override found in source),"product description, truncated (no per-product SEO override found in source)"
295,blackgirl-sunscreen-spf-30,Blackgirl Sunscreen Spf 30,active,Blackgirl,Sunscreen,"Skin Care, Sunscreen",507-1-item,20.0,,sunscreen|blackgirl,1,1,295,product title (no per-product SEO override found in source),"product description, truncated (no per-product SEO override found in source)"
296,blackgirl-sunscreen-make-it-glow-spray,Blackgirl Sunscreen Make It Glow Spray,active,Blackgirl,Sunscreen,"Skin Care, Sunscreen",249-1-item,18.0,,sunscreen|blackgirl,1,1,296,product title (no per-product SEO override found in source),"product description, truncated (no per-product SEO override found in source)"
297,blackgirl-sunscreen-kids,Blackgirl Sunscreen Kids,active,Blackgirl,Sunscreen,"Skin Care, Sunscreen",250-1-item,23.0,,sunscreen|blackgirl,1,1,297,product title (no per-product SEO override found in source),"product description, truncated (no per-product SEO override found in source)"
298,blackgirl-sunscreen-kids-spray,Blackgirl Sunscreen Kids Spray,active,Blackgirl,Sunscreen,"Skin Care, Sunscreen",251-1-item,18.0,,sunscreen|blackgirl,1,1,298,product title (no per-product SEO override found in source),"product description, truncated (no per-product SEO override found in source)"
303,koji-san-soap-100g-3in1,Koji San Soap 100G 3In1,active,Koji San,Face,"Face, Skin Care, Bath &amp; Body Care, Body Wash",252-1-item,16.0,,face|body-wash|koji-san,1,1,303,product title (no per-product SEO override found in source),"product description, truncated (no per-product SEO override found in source)"
306,koji-san-soap-135g,Koji San Soap 135G,active,Koji San,Body Wash,"Skin Care, Bath &amp; Body Care, Body Wash",,8.0,,body-wash|koji-san,1,1,306,product title (no per-product SEO override found in source),"product description, truncated (no per-product SEO override found in source)"
307,koji-san-135g-2in1-soap,Koji San 135G 2In1 Soap,active,Koji San,Body Wash,"Skin Care, Bath &amp; Body Care, Body Wash",253-1-item,15.0,,body-wash|koji-san,1,1,307,product title (no per-product SEO override found in source),"product description, truncated (no per-product SEO override found in source)"
315,hadalabo-premium-gold-170ml,Hadalabo Premium Gold 170Ml,active,Hadalabo,Moisturizers &amp; Cream,"Skin Care, Moisturizers &amp; Cream",248-1-item,16.0,,moisturizers|hadalabo,1,1,315,product title (no per-product SEO override found in source),"product description, truncated (no per-product SEO override found in source)"
316,hadalabo-premium-blue-170ml,Hadalabo Premium Blue 170Ml,draft,Hadalabo,Moisturizers &amp; Cream,"Skin Care, Moisturizers &amp; Cream",,16.0,,moisturizers|hadalabo,1,1,316,product title (no per-product SEO override found in source),"product description, truncated (no per-product SEO override found in source)"
317,timeless-vitamin-c-serum-20,Timeless Vitamin C Serum 20%,draft,Timeless,Face,"Face, Skin Care, Serums &amp; Treatment",,16.0,,face|serums-treatment|timeless,1,1,317,product title (no per-product SEO override found in source),"product description, truncated (no per-product SEO override found in source)"
318,e45-cream,E45 Cream,active,E45,Body Lotion,"Bath &amp; Body Care, Body Lotion",247-1-item,16.0,,body-lotion|e45,1,1,318,product title (no per-product SEO override found in source),"product description, truncated (no per-product SEO override found in source)"
319,e45-lotion,E45 Lotion,active,E45,Body Lotion,"Bath &amp; Body Care, Body Lotion",574-1-item,16.0,,body-lotion|e45,1,1,319,product title (no per-product SEO override found in source),"product description, truncated (no per-product SEO override found in source)"
320,heimish-marine-care-face-oil,Heimish Marine Care Face Oil,draft,Heimish,Face,"Face, Skin Care, Face Oil",,12.0,,face|face-oil|heimish,1,1,320,product title (no per-product SEO override found in source),"product description, truncated (no per-product SEO override found in source)"
321,heimish-all-clean-balm-2,Heimish All Clean Balm,draft,Heimish,Face,"Face, Skin Care, Face Cleansers &amp; Wash",,15.0,,face|face-cleansers-wash|heimish,1,1,321,product title (no per-product SEO override found in source),"product description, truncated (no per-product SEO override found in source)"
322,some-by-mi-miracle-acne-clear-body-cleanser,Some By Mi Miracle Acne Clear Body Cleanser,draft,Some by Mi,Body Wash,"Bath &amp; Body Care, Body Wash",,16.0,,body-wash|some-by-mi,1,1,322,product title (no per-product SEO override found in source),"product description, truncated (no per-product SEO override found in source)"
323,some-by-mi-miracle-cream,Some By Mi Miracle Cream,draft,Some by Mi,Face,"Face, Bath &amp; Body Care, Body Moisturizers",,16.0,,face|body-moisturizers|some-by-mi,1,1,323,product title (no per-product SEO override found in source),"product description, truncated (no per-product SEO override found in source)"
324,some-by-mi-miracle-serum-50ml,Some By Mi Miracle Serum 50Ml,draft,Some by Mi,Face,"Face, Skin Care, Serums &amp; Treatment",,16.0,,face|serums-treatment|some-by-mi,1,1,324,product title (no per-product SEO override found in source),"product description, truncated (no per-product SEO override found in source)"
327,the-ordinary-caffine-solution-30ml,The Ordinary Caffine Solution 30Ml,draft,The Ordinary,Serums &amp; Treatment,"Skin Care, Serums &amp; Treatment",,15.0,,serums-treatment|the-ordinary,1,1,327,product title (no per-product SEO override found in source),"product description, truncated (no per-product SEO override found in source)"
329,the-ordinary-alpha-arbutin-30ml,The Ordinary Alpha Arbutin 30Ml,active,The Ordinary,Serums &amp; Treatment,"Skin Care, Serums &amp; Treatment",506-1-item,15.0,,serums-treatment|the-ordinary,1,1,329,product title (no per-product SEO override found in source),"product description, truncated (no per-product SEO override found in source)"
331,the-ordinary-glycolic-acid,The Ordinary Lactic Acid,active,The Ordinary,Serums &amp; Treatment,"Skin Care, Serums &amp; Treatment",240-1-item,15.0,,serums-treatment|the-ordinary,1,1,331,product title (no per-product SEO override found in source),"product description, truncated (no per-product SEO override found in source)"
332,the-ordinary-retinol-serum-30ml,The Ordinary Retinol Serum 30Ml,active,The Ordinary,Serums &amp; Treatment,"Skin Care, Serums &amp; Treatment",241-1-item,15.0,,serums-treatment|the-ordinary,1,1,332,product title (no per-product SEO override found in source),"product description, truncated (no per-product SEO override found in source)"
333,dr-jart-hyaluronic-face-mask,Dr Jart Hyaluronic Face Mask,draft,Dr Jart,Mask,"Skin Care, Mask",242-1-item,10.0,,face-mask|dr-jart,1,1,333,product title (no per-product SEO override found in source),"product description, truncated (no per-product SEO override found in source)"
334,dr-jart-vitamin-c-face-mask,Dr Jart Vitamin C Face Mask,draft,Dr Jart,Mask,"Skin Care, Mask",243-1-item,10.0,,face-mask|dr-jart,1,1,334,product title (no per-product SEO override found in source),"product description, truncated (no per-product SEO override found in source)"
335,neutrogena-body-oil,Neutrogena Body Oil (fragrance free),active,Neutrogena,Body Moisturizers,"Bath &amp; Body Care, Body Moisturizers, Body Oil",244-1-item,19.0,,body-moisturizers|body-oil|neutrogena,1,1,335,product title (no per-product SEO override found in source),"product description, truncated (no per-product SEO override found in source)"
336,yglam-beauty-blender,Yglam Beauty Blender,active,Yglam,Tools &amp; Accessories,"Makeup, Tools &amp; Accessories, Beauty Tools",245-1-item,6.0,,tools-accessories|yglam,1,1,336,product title (no per-product SEO override found in source),"product description, truncated (no per-product SEO override found in source)"
337,yglam-grey-face-expert-brushes,Yglam Grey Face Expert Brushes,draft,Yglam,Face,"Face, Makeup, Tools &amp; Accessories, Beauty Tools",,35.0,,face|tools-accessories|yglam,1,1,337,product title (no per-product SEO override found in source),"product description, truncated (no per-product SEO override found in source)"
338,yglam-eye-essential-brush,Yglam Eye Essential Brush,active,Yglam,Eyes,"Eyes, Makeup, Tools &amp; Accessories, Beauty Tools",246-1-item,30.0,,eyes|tools-accessories|yglam,1,1,338,product title (no per-product SEO override found in source),"product description, truncated (no per-product SEO override found in source)"
341,viccabel-deluxe-pro-brush-set,Viccabel Deluxe Pro Brush Set,draft,Viccabel,Face,"Face, Makeup, Tools &amp; Accessories, Beauty Tools",505-1-item,30.0,,face|tools-accessories|viccabel,1,1,341,product title (no per-product SEO override found in source),"product description, truncated (no per-product SEO override found in source)"
349,beauty-line-by-didi-brow-gasm-eye-brow-pencil,Beauty Line By Didi Brow Gasm Eye Brow Pencil,active,Beauty Line by Didi,Eye Pencil,"Eyes, Eye Pencil, Makeup",237-1-item,10.0,,eyes|beauty-line-by-didi,1,1,349,product title (no per-product SEO override found in source),"product description, truncated (no per-product SEO override found in source)"
351,beauty-line-by-didi-inked-liquid-liner,Beauty Line By Didi Inked Liquid Liner,active,Beauty Line by Didi,Eyeliner,"Eyes, Eyeliner, Makeup",238-1-item,10.0,,eyes|beauty-line-by-didi,1,1,351,product title (no per-product SEO override found in source),"product description, truncated (no per-product SEO override found in source)"
352,beauty-line-by-didi-liquid-pen-eyeliner,Beauty Line By Didi Liquid Pen Eyeliner,active,Beauty Line by Didi,Eyeliner,"Eyes, Eyeliner, Makeup",239-1-item,8.0,,eyes|beauty-line-by-didi,1,1,352,product title (no per-product SEO override found in source),"product description, truncated (no per-product SEO override found in source)"
354,beauty-line-by-didi-ultra-matte-brow-gel,Beauty Line By Didi Ultra Matte Brow Gel,active,Beauty Line by Didi,Eyebrow Products,"Eyes, Eyebrow Products, Makeup",230-1-item,6.0,,eyes|beauty-line-by-didi,1,1,354,product title (no per-product SEO override found in source),"product description, truncated (no per-product SEO override found in source)"
355,beauty-line-by-didi-sharpner,Beauty Line By Didi Sharpner,active,Beauty Line by Didi,Tools &amp; Accessories,"Makeup, Tools &amp; Accessories, Beauty Tools",231-1-item,1.0,,tools-accessories|beauty-line-by-didi,1,1,355,product title (no per-product SEO override found in source),"product description, truncated (no per-product SEO override found in source)"
356,beauty-line-by-didi-mascare-shield,Beauty Line By Didi Mascare Shield,active,Beauty Line by Didi,Tools &amp; Accessories,"Makeup, Tools &amp; Accessories, Beauty Tools",232-1-item,1.0,,tools-accessories|beauty-line-by-didi,1,1,356,product title (no per-product SEO override found in source),"product description, truncated (no per-product SEO override found in source)"
357,becharm-clown-white,Becharm Clown White,active,Becharm,Primers,"Face, Makeup, Primers",233-1-item,5.0,,face|becharm,1,1,357,product title (no per-product SEO override found in source),"product description, truncated (no per-product SEO override found in source)"
359,mabrook-brow-pencil,Mabrook Brow Pencil,active,Mabrook,Eyebrow Products,"Eyes, Eyebrow Products, Makeup",234-1-item,10.0,,eyes|mabrook,1,1,359,product title (no per-product SEO override found in source),"product description, truncated (no per-product SEO override found in source)"
360,paula-beauty-gel-eye-liner,Paula Beauty Gel Eye Liner,active,Paula Beauty,Eyeliner,"Eyes, Eyeliner, Makeup",504-1-item,6.0,,eyes|paula-beauty,1,1,360,product title (no per-product SEO override found in source),"product description, truncated (no per-product SEO override found in source)"
362,luzta-eye-shadow-bougie-palette,Luzta Eye Shadow Bougie Palette,active,Luzta,Eyeshadow,"Eyes, Eyeshadow, Makeup",235-1-item,23.0,,eyes|luzta,1,1,362,product title (no per-product SEO override found in source),"product description, truncated (no per-product SEO override found in source)"
365,razor-blade,Razor Blade,active,Tiger,Eyebrow Products,"Eyes, Eyebrow Products, Makeup",236-1-item,2.0,,eyes|tiger,1,1,365,product title (no per-product SEO override found in source),"product description, truncated (no per-product SEO override found in source)"
1424,omaricode-matte-o-clock-primer-30ml,Omaricode Matte O Clock Primer 30Ml,active,Omaricode,Primers,"Face, Makeup, Primers",229-1-item,17.0,,face|omaricode,1,1,1424,product title (no per-product SEO override found in source),"product description, truncated (no per-product SEO override found in source)"
1682,acwell-5-5-licorice-ph-balancing-advance-serum,Acwell 5.5 Licorice Ph Balancing Advance Serum,draft,Acwell,"Face Toners, Mist &amp; Essence","Skin Care, Face Toners, Mist &amp; Essence",,15.0,,face-toners-mist-essence|acwell,1,1,1682,product title (no per-product SEO override found in source),"product description, truncated (no per-product SEO override found in source)"
1683,acwell-5-5-licorice-ph-balancing-cleansing-toner,Acwell 5.5 Licorice Ph Balancing Cleansing Toner,active,Acwell,"Face Toners, Mist &amp; Essence","Skin Care, Face Toners, Mist &amp; Essence",227-1-item,18.0,,face-toners-mist-essence|acwell,1,1,1683,product title (no per-product SEO override found in source),"product description, truncated (no per-product SEO override found in source)"
1684,advanced-clinicals-1-75oz-vitamin-c-face-serum,Advanced Clinicals 1.75Oz Vitamin C Face Serum,active,Advanced Clinicals,Serums &amp; Treatment,"Skin Care, Serums &amp; Treatment",228-1-item,16.0,,serums-treatment|advanced-clinicals,1,1,1684,product title (no per-product SEO override found in source),"product description, truncated (no per-product SEO override found in source)"
1685,advanced-clinicals-16oz-hyaluronic-acid-skin-hydrating-lotion,Advanced Clinicals 16Oz Hyaluronic Acid Skin Hydrating Lotion,draft,Advanced Clinicals,Body Lotion,"Bath &amp; Body Care, Body Lotion",,18.0,,body-lotion|advanced-clinicals,1,1,1685,product title (no per-product SEO override found in source),"product description, truncated (no per-product SEO override found in source)"
1686,advanced-clinicals-16oz-retinol-lotion,Advanced Clinicals 16Oz Retinol Lotion,draft,Advanced Clinicals,Body Lotion,"Bath &amp; Body Care, Body Lotion",,16.0,,body-lotion|advanced-clinicals,1,1,1686,product title (no per-product SEO override found in source),"product description, truncated (no per-product SEO override found in source)"
1687,advanced-clinicals-16oz-vit-c-brightening-body-cream,Advanced Clinicals 16Oz Vit C Brightening Body Cream,active,Advanced Clinicals,Body Lotion,"Bath &amp; Body Care, Body Lotion",223-1-item,20.0,,body-lotion|advanced-clinicals,3,1,1687,product title (no per-product SEO override found in source),"product description, truncated (no per-product SEO override found in source)"
1688,advanced-clinicals-2oz-vitamin-c-face-brightening-gel-cream,Advanced Clinicals 2Oz Vitamin C Face Brightening Gel Cream,active,Advanced Clinicals,Moisturizers &amp; Cream,"Skin Care, Moisturizers &amp; Cream",224-1-item,18.0,,moisturizers|advanced-clinicals,1,1,1688,product title (no per-product SEO override found in source),"product description, truncated (no per-product SEO override found in source)"
1689,advanced-clinicals-3-8oz-vitamin-c-body-oil,Advanced Clinicals 3.8Oz.Vitamin C Body Oil,active,Advanced Clinicals,Body Oil,"Bath &amp; Body Care, Body Oil",225-1-item,18.0,,body-oil|advanced-clinicals,1,1,1689,product title (no per-product SEO override found in source),"product description, truncated (no per-product SEO override found in source)"
1690,advanced-clinicals-colagen-lotion-16oz-454g,Advanced Clinicals Colagen Lotion 16Oz/454G,active,Advanced Clinicals,Body Lotion,"Bath &amp; Body Care, Body Lotion",226-1-item,16.0,,body-lotion|advanced-clinicals,1,1,1690,product title (no per-product SEO override found in source),"product description, truncated (no per-product SEO override found in source)"
1691,amlactin-daily-moisturizing-225g-vit-c-7-lactic-acid,Amlactin Daily Moisturizing 225G Vit C&amp; 7% Lactic Acid,active,Amlactin,Body Moisturizers,"Bath &amp; Body Care, Body Moisturizers",221-1-item,26.0,,body-moisturizers|amlactin,1,1,1691,product title (no per-product SEO override found in source),"product description, truncated (no per-product SEO override found in source)"
1692,aveeno-baby-daily-moisture-cream-12fl-354ml,"Aveeno Baby Daily Moisture Body Lotion for Delicate Skin, Natural Oatmeal & Dimethicone Moisturizing Lotion, 18FL",draft,Aveeno,Body Moisturizers,"Bath &amp; Body Care, Body Moisturizers, Baby wash &amp; lotion, moisturizer, MOISTURISING",222-1-item,15.0,,body-moisturizers|baby-wash-lotion|aveeno,1,1,1692,product title (no per-product SEO override found in source),"product description, truncated (no per-product SEO override found in source)"
1693,balance-active-vitamin-c-serum-30ml,Balance Active Vitamin C Serum 30Ml,draft,Balance,Serums &amp; Treatment,"Skin Care, Serums &amp; Treatment",,10.0,,serums-treatment|balance,1,1,1693,product title (no per-product SEO override found in source),"product description, truncated (no per-product SEO override found in source)"
1694,beauty-line-by-didi-lip-gloss-2,Beauty Line By Didi Lip Gloss,active,Beauty Line by Didi,Lip Gloss,"Lips, Lip Gloss, Makeup",503-1-item,10.0,,lips|beauty-line-by-didi,1,1,1694,product title (no per-product SEO override found in source),"product description, truncated (no per-product SEO override found in source)"
1695,beauty-line-by-didi-lip-liner,Beauty Line By Didi Lip Liner,active,Beauty Line by Didi,Lip Pencil,"Lips, Lip Pencil, Makeup",220-1-item,10.0,,lips|beauty-line-by-didi,1,1,1695,product title (no per-product SEO override found in source),"product description, truncated (no per-product SEO override found in source)"
1696,beauty-line-by-didi-velvet-matte-lip-stain,Beauty Line By Didi Velvet Matte Lip Stain,active,Beauty Line by Didi,Lipstain,"Lips, Lipstain",501-1-item,6.0,,lips|beauty-line-by-didi,1,1,1696,product title (no per-product SEO override found in source),"product description, truncated (no per-product SEO override found in source)"
1697,beautyby-ad-lippie,Beautyby Ad Lippie,active,Beauty by AD,Lipstain,"Lips, Lipstain, Makeup",502-1-item,10.0,,lips|beauty-by-ad,1,1,1697,product title (no per-product SEO override found in source),"product description, truncated (no per-product SEO override found in source)"
1698,beautyby-ad-loose-setting-powder,Beautyby Ad Loose Setting Powder,active,Beauty by AD,Powder,"Face, Makeup, Powder",217-1-item,25.0,,face|beauty-by-ad,1,1,1698,product title (no per-product SEO override found in source),"product description, truncated (no per-product SEO override found in source)"
1699,becharm-ageless-13in1-powder-palette,Becharm Ageless Powder Palette,active,Becharm,Powder,"Face, Makeup, Powder",218-1-item,25.0,,face|becharm,2,2,1699,product title (no per-product SEO override found in source),"product description, truncated (no per-product SEO override found in source)"
1700,becharm-ageless-18in1-matte-lip-paint,Becharm Ageless 18 In 1 Matte Lip Paint Dream,active,Becharm,Lip Pallet,"Lips, Lip Pallet, Makeup",219-1-item,15.0,,lips|becharm,1,1,1700,product title (no per-product SEO override found in source),"product description, truncated (no per-product SEO override found in source)"
1702,becharm-ageless-concealer-palette,Becharm Ageless Concealer Palette,active,Becharm,Concealer,"Face, Concealer, Makeup",215-1-item,15.0,,face|becharm,1,1,1702,product title (no per-product SEO override found in source),"product description, truncated (no per-product SEO override found in source)"
1703,boj-cosmetics-eye-brush-set,Boj Cosmetics Eye Brush Set,active,BOJ Cosmetics,Brushes &amp; Beauty Blenders,"Makeup, Brushes &amp; Beauty Blenders",500-1-item,35.0,,brushes-beauty-blenders|boj-cosmetics,1,1,1703,product title (no per-product SEO override found in source),"product description, truncated (no per-product SEO override found in source)"
1704,boj-cosmetics-eye-brush-set-4pcs,Boj Cosmetics Eye Brush Set (eye blending brush) 4Pcs,active,BOJ Cosmetics,Eyes,"Eyes, Makeup, Brushes &amp; Beauty Blenders",216-1-item,6.0,,eyes|brushes-beauty-blenders|boj-cosmetics,0,1,1704,product title (no per-product SEO override found in source),"product description, truncated (no per-product SEO override found in source)"
1707,candybeauty-line-pigment,Candybeauty Line Pigment,active,Candybeauty,"Pigment, Glitter &amp; Base","Pigment, Glitter &amp; Base, Makeup",212-1-item,7.0,,candybeauty,1,1,1707,product title (no per-product SEO override found in source),"product description, truncated (no per-product SEO override found in source)"
1708,candybeauty-line-pigment-glue,Candybeauty Line Pigment Glue,active,Candybeauty,"Pigment, Glitter &amp; Base","Pigment, Glitter &amp; Base, Makeup",213-1-item,7.0,,candybeauty,1,1,1708,product title (no per-product SEO override found in source),"product description, truncated (no per-product SEO override found in source)"
1709,classic-super-hold-lash-glue,Classic Super Hold Lash Glue,active,Classic Makeup,Eyelash Extensions &amp; Glue,"Eyes, Eyelash Extensions &amp; Glue, Makeup",214-1-item,5.0,,eyes|classic-makeup,1,1,1709,product title (no per-product SEO override found in source),"product description, truncated (no per-product SEO override found in source)"
1711,cpd-cream-blush-palette,Cpd Cream Blush Palette,active,Cpd,Blushes,"Face, Blushes, Makeup",211-1-item,10.0,,face|cpd,1,1,1711,product title (no per-product SEO override found in source),"product description, truncated (no per-product SEO override found in source)"
1712,dalba-first-spray-serum-100ml,D'Alba First Spray Serum 100Ml,active,D'Alba,Setting &amp; Finishing Spray,"Face, Makeup, Setting &amp; Finishing Spray",206-1-item,22.0,,face|dalba,1,1,1712,product title (no per-product SEO override found in source),"product description, truncated (no per-product SEO override found in source)"
1713,davies-brow-pencil-03-pack-of-12,Davies Brow Pencil 03 (Pack Of 12),active,Davies,Eye Pencil,"Eyes, Eye Pencil, Eyebrow Products, Makeup",207-1-item,5.0,,eyes|davies,1,1,1713,product title (no per-product SEO override found in source),"product description, truncated (no per-product SEO override found in source)"
1714,davies-brow-pencil-colour-18-pack-of-12,Davies Brow Pencil Colour 18 (Pack Of 12),active,Davies,Eye Pencil,"Eyes, Eye Pencil, Makeup",208-1-item,5.0,,eyes|davies,1,1,1714,product title (no per-product SEO override found in source),"product description, truncated (no per-product SEO override found in source)"
1715,elastalift-1-75oz-vitamin-c-turmeric-face-cream,Elastalift 1.75Oz Vitamin C & Turmeric Face Cream,active,Elastalift,Moisturizers &amp; Cream,"Skin Care, Moisturizers &amp; Cream",209-1-item,18.0,,moisturizers|elastalift,1,1,1715,product title (no per-product SEO override found in source),"product description, truncated (no per-product SEO override found in source)"
1716,elastalift-1-75oz-brightening-vitamin-c-anti-aging-face-serum,Elastalift 1.75Oz. Brightening Vitamin C Anti Aging Face Serum,draft,Elastalift,Serums &amp; Treatment,"Skin Care, Serums &amp; Treatment",210-1-item,18.0,,serums-treatment|elastalift,1,1,1716,product title (no per-product SEO override found in source),"product description, truncated (no per-product SEO override found in source)"
1717,elastalift-15oz-vitamin-c-cream,Elastalift 15Oz Vitamin C Cream,draft,Elastalift,Body Moisturizers,"Skin Care, Bath &amp; Body Care, Body Moisturizers",198-1-item,20.0,,body-moisturizers|elastalift,1,1,1717,product title (no per-product SEO override found in source),"product description, truncated (no per-product SEO override found in source)"
1718,eos-body-lotion-jasmine-peach-16fl-473ml,Eos Body Lotion Jasmine Peach 16Fl/473Ml,active,Eos,Body Lotion,"Bath &amp; Body Care, Body Lotion",199-1-item,18.0,,body-lotion|eos,1,1,1718,product title (no per-product SEO override found in source),"product description, truncated (no per-product SEO override found in source)"
1719,eos-body-lotion-pomegranate-raspberry-16fl-473ml,Eos Body Lotion Pomegranate Raspberry 16Fl/473Ml,active,Eos,Body Lotion,"Bath &amp; Body Care, Body Lotion",200-1-item,18.0,,body-lotion|eos,1,1,1719,product title (no per-product SEO override found in source),"product description, truncated (no per-product SEO override found in source)"
1720,eos-body-lotion-vanilla-16fl-473ml,Eos Body Lotion Vanilla Cashmere,active,Eos,Body Moisturizers,"Bath &amp; Body Care, Body Moisturizers, Body Lotion",201-1-item,18.0,,body-moisturizers|body-lotion|eos,1,2,1720,product title (no per-product SEO override found in source),"product description, truncated (no per-product SEO override found in source)"
1721,ezanic-azelaic-acid-gel-20-w-w-15g,Ezanic Azelaic Acid Gel W/W 15G,active,Ezanic,Moisturizers &amp; Cream,"Skin Care, Moisturizers &amp; Cream, Azelaic acid",202-1-item,16.0,,moisturizers|ezanic,1,2,1721,product title (no per-product SEO override found in source),"product description, truncated (no per-product SEO override found in source)"
1722,faded-topicals-brightening-and-clearing-serum-30ml,Topicals Faded Brightening And Clearing Serum 30Ml,draft,Faded,Serums &amp; Treatment,"Skin Care, Serums &amp; Treatment, Dark spots &amp; Discoloration serums",203-1-item,33.0,,serums-treatment|serums-treatment|faded,1,1,1722,product title (no per-product SEO override found in source),"product description, truncated (no per-product SEO override found in source)"
1723,faded-topicals-brightening-and-clearing-serum-50ml,Topicals Faded Brightening And Clearing Serum,active,Faded,Serums &amp; Treatment,"Skin Care, Serums &amp; Treatment, Dark spots &amp; Discoloration serums",204-1-item,45.0,,serums-treatment|serums-treatment|faded,1,3,1723,product title (no per-product SEO override found in source),"product description, truncated (no per-product SEO override found in source)"
1724,flat-red-multipurpose-brush,Flat Red Multipurpose Brush,active,,Brushes &amp; Beauty Blenders,"Makeup, Brushes &amp; Beauty Blenders",205-1-item,6.0,,brushes-beauty-blenders,1,1,1724,product title (no per-product SEO override found in source),"product description, truncated (no per-product SEO override found in source)"
1725,frudia-ultra-uv-shield-essence-50,Frudia Ultra Uv Shield Essence 50+,draft,Frudia,Sunscreen,"Skin Care, Sunscreen",190-1-item,10.0,,sunscreen|frudia,1,1,1725,product title (no per-product SEO override found in source),"product description, truncated (no per-product SEO override found in source)"
1726,gele-pin-office-pin,Gele Pin (Office Pin),active,Accessories _make_up,Tools &amp; Accessories,"Makeup, Tools &amp; Accessories, Beauty Tools",191-1-item,2.0,,tools-accessories|unnamed,1,1,1726,product title (no per-product SEO override found in source),"product description, truncated (no per-product SEO override found in source)"
1727,good-molecules-discoloration-correcting-body-treatment120ml,Good Molecules Discoloration Correcting Body Treatment120Ml,active,Good Molecules,Body Moisturizers,"Skin Care, Bath &amp; Body Care, Body Moisturizers",192-1-item,20.0,,body-moisturizers|good-molecules,1,1,1727,product title (no per-product SEO override found in source),"product description, truncated (no per-product SEO override found in source)"
1728,good-molecules-discoloration-serum-75ml,Good Molecules Discoloration Serum 75Ml,active,Good Molecules,Serums &amp; Treatment,"Skin Care, Serums &amp; Treatment",193-1-item,35.0,,serums-treatment|good-molecules,1,1,1728,product title (no per-product SEO override found in source),"product description, truncated (no per-product SEO override found in source)"
1729,good-molecules-hydrating-facial-cleansing-gel-200ml,Good Molecules Hydrating Facial Cleansing Gel 200Ml,active,Good Molecules,Face Cleansers &amp; Wash,"Skin Care, Face Cleansers &amp; Wash",194-1-item,16.0,,face-cleansers-wash|good-molecules,1,1,1729,product title (no per-product SEO override found in source),"product description, truncated (no per-product SEO override found in source)"
1730,good-molecules-light-weight-daily-moisturizer-100ml,Good Molecules Light Weight Daily Moisturizer 100Ml,active,Good Molecules,Moisturizers &amp; Cream,"Skin Care, Moisturizers &amp; Cream",195-1-item,16.0,,moisturizers|good-molecules,1,1,1730,product title (no per-product SEO override found in source),"product description, truncated (no per-product SEO override found in source)"
1731,good-molecules-yerba-mate-wake-up-eye-gel-15ml,Good Molecules Yerba Mate Wake Up Eye Gel 15Ml,active,Good Molecules,Eyebrow Products,"Eyes, Eyebrow Products, Makeup",196-1-item,15.0,,eyes|good-molecules,1,1,1731,product title (no per-product SEO override found in source),"product description, truncated (no per-product SEO override found in source)"
1732,haruharu-wonder-black-rice-hyaluronic-anti-wrinkle-serum-50ml,Haruharu Wonder Black Rice Hyaluronic Anti Wrinkle Serum 50Ml,active,Haruharu,Serums &amp; Treatment,"Skin Care, Serums &amp; Treatment",197-1-item,12.0,,serums-treatment|haruharu,1,1,1732,product title (no per-product SEO override found in source),"product description, truncated (no per-product SEO override found in source)"
1733,heimish-all-clean-balm,Heimish All Clean Balm,draft,Heimish,Face,"Face, Makeup, Moisturizers &amp; Cream, Face Cleansers &amp; Wash",184-1-item,15.0,,face|moisturizers|face-cleansers-wash|heimish,1,1,1733,product title (no per-product SEO override found in source),"product description, truncated (no per-product SEO override found in source)"
1734,kiss-beauty-spray,Kiss Beauty Spray,active,Kiss Beauty,Setting &amp; Finishing Spray,"Face, Makeup, Setting &amp; Finishing Spray",185-1-item,5.0,,face|kiss-beauty,1,1,1734,product title (no per-product SEO override found in source),"product description, truncated (no per-product SEO override found in source)"
1735,la-roche-posay-anthelios-uvmune-400-spf-50-50ml,La Roche-Posay Anthelios Uvmune 400 Invisible Fluid Spf 50+ 50Ml,active,La Roche-Posay,Sunscreen,"Skin Care, Sunscreen",186-1-item,23.0,,sunscreen|la-roche-posay,1,1,1735,product title (no per-product SEO override found in source),"product description, truncated (no per-product SEO override found in source)"
1736,mabrook-black-pencil,Mabrook Black Pencil,active,Mabrook,Eyeliner,"Eyes, Eyeliner, Makeup",187-1-item,10.0,,eyes|mabrook,1,1,1736,product title (no per-product SEO override found in source),"product description, truncated (no per-product SEO override found in source)"
1737,mario-badescu-facial-spray-rosewater-236ml,Mario Badescu Facial Spray Rosewater 236Ml,active,Mario Badescu,Setting &amp; Finishing Spray,"Face, Setting &amp; Finishing Spray",188-1-item,12.0,,face|mario-badescu,1,1,1737,product title (no per-product SEO override found in source),"product description, truncated (no per-product SEO override found in source)"
1738,medix-15oz-glycolic-lactic-acid-body-wash,Medix 15Oz.Glycolic &amp; Lactic Acid Body Wash,active,Medix 5.5,Body Wash,"Skin Care, Bath &amp; Body Care, Body Wash",189-1-item,25.0,,body-wash|medix-5-5,1,1,1738,product title (no per-product SEO override found in source),"product description, truncated (no per-product SEO override found in source)"
1739,mehron-skin-prep,Mehron Skin Prep,active,Mehron,Setting &amp; Finishing Spray,"Face, Makeup, Setting &amp; Finishing Spray",183-1-item,18.0,,face|mehron,1,1,1739,product title (no per-product SEO override found in source),"product description, truncated (no per-product SEO override found in source)"
1745,merak-blue-pencil,Merak Blue Pencil,active,Merak,Eyeliner,"Eyes, Eyeliner, Makeup",181-1-item,7.0,,eyes|merak,1,1,1745,product title (no per-product SEO override found in source),"product description, truncated (no per-product SEO override found in source)"
1746,merak-green-pencil,Merak Green Pencil,active,Merak,Eyeliner,"Eyes, Eyeliner, Makeup",182-1-item,7.0,,eyes|merak,1,1,1746,product title (no per-product SEO override found in source),"product description, truncated (no per-product SEO override found in source)"
1750,msmetics-aqua-grip-primer-50ml-matte,Msmetics Aqua Grip Primer 50Ml Matte,active,Msmetics,Primers,"Face, Makeup, Primers",,18.0,,face|msmetics,1,1,1750,product title (no per-product SEO override found in source),"product description, truncated (no per-product SEO override found in source)"
1752,msmetics-power-seal-150ml,Msmetics Power Seal 150Ml,draft,Msmetics,Setting &amp; Finishing Spray,"Face, Makeup, Setting &amp; Finishing Spray",,15.0,,face|msmetics,1,1,1752,product title (no per-product SEO override found in source),"product description, truncated (no per-product SEO override found in source)"
1753,msmetics-sealowatte-spray-matte,Msmetics Sealowatte Spray Matte,active,Msmetics,Setting &amp; Finishing Spray,"Face, Makeup, Setting &amp; Finishing Spray",175-1-item,16.0,,face|msmetics,1,1,1753,product title (no per-product SEO override found in source),"product description, truncated (no per-product SEO override found in source)"
1754,msmetics-sealowatte-spray-velvet,Msmetics Sealowatte Spray Velvet,draft,Msmetics,Setting &amp; Finishing Spray,"Face, Makeup, Setting &amp; Finishing Spray",176-1-item,16.0,,face|msmetics,1,1,1754,product title (no per-product SEO override found in source),"product description, truncated (no per-product SEO override found in source)"
1755,naturium-bio-lipid-restoring-body-lotion-414ml,Naturium Bio Lipid Restoring Body Lotion 414Ml,active,Naturium,Body Lotion,"Skin Care, Bath &amp; Body Care, Body Lotion",177-1-item,25.0,,body-lotion|naturium,1,1,1755,product title (no per-product SEO override found in source),"product description, truncated (no per-product SEO override found in source)"
1756,naturium-glow-getter-multi-oil-body-butter-232ml,Naturium Glow Getter Multi Oil Body Butter 232Ml,active,Naturium,Body Moisturizers,"Skin Care, Bath &amp; Body Care, Body Moisturizers",178-1-item,27.0,,body-moisturizers|naturium,1,1,1756,product title (no per-product SEO override found in source),"product description, truncated (no per-product SEO override found in source)"
1757,naturium-glow-getter-multi-oil-body-wash-500ml,Naturium Glow Getter Multi Oil Body Wash 500Ml,active,Naturium,Body Wash,"Bath &amp; Body Care, Body Wash",179-1-item,25.0,,body-wash|naturium,1,1,1757,product title (no per-product SEO override found in source),"product description, truncated (no per-product SEO override found in source)"
1758,naturium-the-brightener-vitamin-c-body-wash-500ml,Naturium The Brightener Vitamin C Body Wash 500Ml,active,Naturium,Body Wash,"Bath &amp; Body Care, Body Wash",168-1-item,25.0,,body-wash|naturium,1,1,1758,product title (no per-product SEO override found in source),"product description, truncated (no per-product SEO override found in source)"
1759,naturium-the-perfector-salicylic-acid-body-wash-500ml,Naturium The Perfector Salicylic Acid Body Wash 500Ml,active,Naturium,Body Wash,"Bath &amp; Body Care, Body Wash",169-1-item,25.0,,body-wash|naturium,1,1,1759,product title (no per-product SEO override found in source),"product description, truncated (no per-product SEO override found in source)"
1760,naturium-the-smoother-glycolic-acid-body-lotion-234ml,Naturium The Smoother Glycolic Acid Body Lotion 234Ml,active,Naturium,Body Lotion,"Bath &amp; Body Care, Body Lotion",170-1-item,24.0,,body-lotion|naturium,1,1,1760,product title (no per-product SEO override found in source),"product description, truncated (no per-product SEO override found in source)"
1761,naturium-the-smoother-glycolic-acid-body-wash-500ml,Naturium The Smoother Glycolic Acid Body Wash 500Ml,active,Naturium,Body Wash,"Bath &amp; Body Care, Body Wash",171-1-item,25.0,,body-wash|naturium,1,1,1761,product title (no per-product SEO override found in source),"product description, truncated (no per-product SEO override found in source)"
1762,naturium-vit-c-complex-cleanser-210,Naturium Vit C Complex Face Cleanser 210,active,Naturium,Face Cleansers &amp; Wash,"Skin Care, Face Cleansers &amp; Wash",172-1-item,25.0,,face-cleansers-wash|naturium,1,1,1762,product title (no per-product SEO override found in source),"product description, truncated (no per-product SEO override found in source)"
1763,naturium-vit-c-complex-face-serum-30ml,Naturium Vit C Complex Face Serum,active,Naturium,Serums &amp; Treatment,"Skin Care, Serums &amp; Treatment",173-1-item,40.0,,serums-treatment|naturium,1,2,1763,product title (no per-product SEO override found in source),"product description, truncated (no per-product SEO override found in source)"
1770,olay-naicinamide-body-lotion-17floz-502ml,Olay Niacinamide Body Lotion 17Floz/502Ml,active,Olay,Body Lotion,"Bath &amp; Body Care, Body Lotion",166-1-item,20.0,,body-lotion|olay,1,1,1770,product title (no per-product SEO override found in source),"product description, truncated (no per-product SEO override found in source)"
1771,olay-naicinamide-body-wash-20floz-591ml,Olay Niacinamide Body Wash 20Floz/591Ml,active,Olay,Body Wash,"Bath &amp; Body Care, Body Wash",167-1-item,20.0,,body-wash|olay,1,1,1771,product title (no per-product SEO override found in source),"product description, truncated (no per-product SEO override found in source)"
1772,olay-retinol-body-lotion-17floz-502ml,Olay Retinol Body Lotion 17Floz/502Ml,active,Olay,Body Lotion,"Bath &amp; Body Care, Body Lotion",160-1-item,20.0,,body-lotion|olay,3,1,1772,product title (no per-product SEO override found in source),"product description, truncated (no per-product SEO override found in source)"
1773,omaricode-skin-mist-matte,Omaricode Skin Mist Matte,draft,Omaricode,Setting &amp; Finishing Spray,"Face, Makeup, Setting &amp; Finishing Spray",,17.0,,face|omaricode,1,1,1773,product title (no per-product SEO override found in source),"product description, truncated (no per-product SEO override found in source)"
1774,panoxyl-acne-creamy-wash-10-benzoyl-peroxide,Panoxyl Acne Foaming Wash 10% Benzoyl Peroxide,active,Panoxyl,Face Cleansers &amp; Wash,"Skin Care, Face Cleansers &amp; Wash",161-1-item,18.0,,face-cleansers-wash|panoxyl,1,1,1774,product title (no per-product SEO override found in source),"product description, truncated (no per-product SEO override found in source)"
1775,panoxyl-acne-creamy-wash-4-benzoyl-peroxide,Panoxyl Acne Creamy Wash 4% Benzoyl Peroxide,active,Panoxyl,Face Cleansers &amp; Wash,"Skin Care, Face Cleansers &amp; Wash",162-1-item,18.0,,face-cleansers-wash|panoxyl,1,1,1775,product title (no per-product SEO override found in source),"product description, truncated (no per-product SEO override found in source)"
1776,paula-beauty-black-pencil,Paula Beauty Black Pencil,active,Paula Beauty,Eyeliner,"Eyes, Eyeliner, Makeup",163-1-item,6.0,,eyes|paula-beauty,1,1,1776,product title (no per-product SEO override found in source),"product description, truncated (no per-product SEO override found in source)"
1777,paula-beauty-blue-pencil,Paula Beauty Blue Pencil,active,Paula Beauty,Eyeliner,"Eyes, Eyeliner, Makeup",164-1-item,6.0,,eyes|paula-beauty,1,1,1777,product title (no per-product SEO override found in source),"product description, truncated (no per-product SEO override found in source)"
1778,paula-beauty-green-pencil,Paula Beauty Green Pencil,active,Paula Beauty,Eyeliner,"Eyes, Eyeliner, Makeup",165-1-item,6.0,,eyes|paula-beauty,1,1,1778,product title (no per-product SEO override found in source),"product description, truncated (no per-product SEO override found in source)"
1780,simple-hydrating-light-moisturizer-125ml,Simple Replenishing Rich Moisturizer 125Ml,active,Simple,Body Moisturizers,"Bath &amp; Body Care, Body Moisturizers",159-1-item,5.0,,body-moisturizers|simple,1,1,1780,product title (no per-product SEO override found in source),"product description, truncated (no per-product SEO override found in source)"
1793,the-ordinary-glycolic-acid-100ml,The Ordinary Glycolic Acid Toner 240Ml,active,The Ordinary,"Face Toners, Mist &amp; Essence","Skin Care, Face Toners, Mist &amp; Essence",156-1-item,15.0,,face-toners-mist-essence|the-ordinary,1,1,1793,product title (no per-product SEO override found in source),"product description, truncated (no per-product SEO override found in source)"
1794,the-ordinary-multi-peptide-eye-serum-15ml,The Ordinary Multi Peptide Eye Serum 15Ml,active,The Ordinary,Serums &amp; Treatment,"Skin Care, Serums &amp; Treatment",157-1-item,5.0,,serums-treatment|the-ordinary,1,1,1794,product title (no per-product SEO override found in source),"product description, truncated (no per-product SEO override found in source)"
1795,the-ordinary-retinol-serum-1-30ml,The Ordinary Retinol Serum 0.5% 30Ml,active,The Ordinary,Serums &amp; Treatment,"Skin Care, Serums &amp; Treatment",158-1-item,12.0,,serums-treatment|the-ordinary,1,1,1795,product title (no per-product SEO override found in source),"product description, truncated (no per-product SEO override found in source)"
1796,tiam-snail-azulence-water-essence-180ml,Tiam Snail Azulence Water Essence 180Ml,active,Tiam,"Face Toners, Mist &amp; Essence","Skin Care, Face Toners, Mist &amp; Essence",151-1-item,15.0,,face-toners-mist-essence|tiam,1,1,1796,product title (no per-product SEO override found in source),"product description, truncated (no per-product SEO override found in source)"
1797,tiam-vita-b3-source-40ml,Tiam Vita B3 Source 40Ml,active,Tiam,Serums &amp; Treatment,"Skin Care, Serums &amp; Treatment",152-1-item,17.0,,serums-treatment|tiam,1,1,1797,product title (no per-product SEO override found in source),"product description, truncated (no per-product SEO override found in source)"
1798,traingle-powder-puff,Triangle Powder Puff,active,,Tools &amp; Accessories,"Makeup, Tools &amp; Accessories, Brushes &amp; Beauty Blenders, Beauty Tools",153-1-item,1.0,,tools-accessories|brushes-beauty-blenders,1,1,1798,product title (no per-product SEO override found in source),"product description, truncated (no per-product SEO override found in source)"
1799,vaseline-glutha-hya-dewy-radiance-300ml,Vaseline Glutha Hya Dewy Radiance 200Ml,active,Vaseline,Body Lotion,"Skin Care, Bath &amp; Body Care, Body Lotion",154-1-item,12.0,,body-lotion|vaseline,1,1,1799,product title (no per-product SEO override found in source),"product description, truncated (no per-product SEO override found in source)"
1800,vaseline-glutha-hya-flawless-glow-200ml,Vaseline Glutha Hya Flawless Glow 200Ml,active,Vaseline,Body Lotion,"Bath &amp; Body Care, Body Lotion",155-1-item,12.0,,body-lotion|vaseline,1,1,1800,product title (no per-product SEO override found in source),"product description, truncated (no per-product SEO override found in source)"
1801,vee-beauty-6in1-powder-palette,Vee Beauty 6In1 Powder Palette,active,Vee Beauty,Powder,"Face, Makeup, Powder",,13.0,,face|vee-beauty,1,1,1801,product title (no per-product SEO override found in source),"product description, truncated (no per-product SEO override found in source)"
1802,vee-beauty-8in1-powder-palette,Vee Beauty 8In1 Powder Palette,draft,Vee Beauty,Powder,"Face, Makeup, Powder",147-1-item,15.0,,face|vee-beauty,1,1,1802,product title (no per-product SEO override found in source),"product description, truncated (no per-product SEO override found in source)"
1803,vee-beauty-girls-night-out-2-blush-palette,Vee Beauty Girls Night Out 2 Blush Palette,active,Vee Beauty,Blushes,"Face, Blushes, Makeup",148-1-item,15.0,,face|vee-beauty,1,1,1803,product title (no per-product SEO override found in source),"product description, truncated (no per-product SEO override found in source)"
1804,vee-beauty-lip-cheek-palette,Vee Beauty Paint My World Lip  Palette(warm),active,Vee Beauty,Lip Pallet,"Lips, Lip Pallet, Makeup",149-1-item,8.0,,lips|vee-beauty,1,1,1804,product title (no per-product SEO override found in source),"product description, truncated (no per-product SEO override found in source)"
1805,vee-beauty-magic-cover-concealer,Vee Beauty Magic Cover Concealer,draft,Vee Beauty,Concealer,"Face, Concealer, Makeup",150-1-item,10.0,,face|vee-beauty,1,1,1805,product title (no per-product SEO override found in source),"product description, truncated (no per-product SEO override found in source)"
1806,viange-eyeshadow-base,Viange Eyeshadow Base,draft,Viange,"Pigment, Glitter &amp; Base","Pigment, Glitter &amp; Base, Makeup",,6.0,,viange,1,1,1806,product title (no per-product SEO override found in source),"product description, truncated (no per-product SEO override found in source)"
1809,yglam-brown-brush-set,Yglam Brown Brush Set,active,Yglam,Tools &amp; Accessories,"Makeup, Tools &amp; Accessories, Beauty Tools",146-1-item,55.0,,tools-accessories|yglam,1,1,1809,product title (no per-product SEO override found in source),"product description, truncated (no per-product SEO override found in source)"
1813,zaron-luxurious-lip-gloss,Zaron Luxurious Lip Gloss -,active,Zaron,Lip Gloss,"Lips, Lip Gloss",,6.0,,lips|zaron,1,3,1813,product title (no per-product SEO override found in source),"product description, truncated (no per-product SEO override found in source)"
1814,zaron-powder-brush,Zaron Powder Brush,active,Zaron,Brushes &amp; Beauty Blenders,"Makeup, Brushes &amp; Beauty Blenders",143-1-item,5.0,,brushes-beauty-blenders|zaron,1,1,1814,product title (no per-product SEO override found in source),"product description, truncated (no per-product SEO override found in source)"
1819,dr-teals-bath-body-oil-8-7fl-copy-2,Dr Teals Bath &Amp; Body Lavender Oil 8.7Fl,active,Dr Teal's,Body Oil,"Bath &amp; Body Care, Body Oil",141-1-item,18.0,,body-oil|dr-teals,1,1,1819,product title (no per-product SEO override found in source),"product description, truncated (no per-product SEO override found in source)"
1820,dr-teals-bath-body-oil-8-7fl-copy-3,Dr Teals Bath &Amp; Body Shea Butter And Almond Oil 8.7Fl,active,Dr Teal's,Body Oil,"Bath &amp; Body Care, Body Oil",142-1-item,18.0,,body-oil|dr-teals,1,1,1820,product title (no per-product SEO override found in source),"product description, truncated (no per-product SEO override found in source)"
1821,dr-teals-bath-body-oil-8-7fl-copy,Dr Teals Bath &Amp; Body Eucalyptus And Spearmint Oil 8.7Fl,active,Dr Teal's,Body Oil,"Bath &amp; Body Care, Body Oil",140-1-item,18.0,,body-oil|dr-teals,1,1,1821,product title (no per-product SEO override found in source),"product description, truncated (no per-product SEO override found in source)"
2317,alpha-skin-care-renewal-body-lotion-12-glycolic-aha-340g,Alpha Skin Care Renewal Body Lotion 12% Glycolic Aha - 12FL oz,active,Alpha Skin Care,Body Lotion,"Bath &amp; Body Care, Body Lotion",139-1-item,26.0,,body-lotion|alpha-skin-care,4,1,2317,product title (no per-product SEO override found in source),"product description, truncated (no per-product SEO override found in source)"
2318,alpha-skin-care-moisturizing-body-wash-sea-mist-340g,Alpha Skin Care Moisturizing Body Wash Sea Mist - 340G,active,Alpha Skin Care,Body Wash,"Bath &amp; Body Care, Body Wash",135-1-item,20.0,,body-wash|alpha-skin-care,1,1,2318,product title (no per-product SEO override found in source),"product description, truncated (no per-product SEO override found in source)"
2319,anua-heartleaf-77-soothing-toner-250ml,Anua Heartleaf 77% Soothing Toner - 250Ml,active,Anua,"Face Toners, Mist &amp; Essence","Skin Care, Face Toners, Mist &amp; Essence",136-1-item,25.0,,face-toners-mist-essence|anua,1,1,2319,product title (no per-product SEO override found in source),"product description, truncated (no per-product SEO override found in source)"
2320,anua-heartleaf-70-intense-calming-cream-50ml,Anua Heartleaf 70 Intense Calming Cream - 50Ml,active,Anua,Moisturizers &amp; Cream,"Skin Care, Moisturizers &amp; Cream",137-1-item,25.0,,moisturizers|anua,1,1,2320,product title (no per-product SEO override found in source),"product description, truncated (no per-product SEO override found in source)"
2321,anua-niacinamide-10-x-txa-4-30ml,Anua Niacinamide 10% X Txa 4% - 30Ml,active,Anua,Serums &amp; Treatment,"Skin Care, Serums &amp; Treatment, EVEN TONE, BRIGHTENING, hyperpigmentation, dark spots",138-1-item,25.0,,serums-treatment|anua,1,1,2321,product title (no per-product SEO override found in source),"product description, truncated (no per-product SEO override found in source)"
2322,avenno-moisturizing-bodu-oil-mist-us-version,Aveeno Moisturizing Body Oil Mist (US Version),active,Aveeno,Body Oil,"Bath &amp; Body Care, Body Oil",129-1-item,16.0,,body-oil|aveeno,4,1,2322,product title (no per-product SEO override found in source),"product description, truncated (no per-product SEO override found in source)"
2323,beauty-of-joseon-dynasty-face-cream-moisturizer,Beauty Of Joseon Dynasty Face Cream Moisturizer,active,Beauty of Joseon,Moisturizers &amp; Cream,"Skin Care, Moisturizers &amp; Cream",130-1-item,23.0,,moisturizers|beauty-of-joseon,1,1,2323,product title (no per-product SEO override found in source),"product description, truncated (no per-product SEO override found in source)"
2324,becharm-ageless-18-in-1-matte-lip-paint-glamour,Becharm Ageless 18 In 1 Matte Lip Paint - Glamour,draft,Becharm,Lips,Lips,131-1-item,18.0,,lips|becharm,1,1,2324,product title (no per-product SEO override found in source),"product description, truncated (no per-product SEO override found in source)"
2325,boj-cosmeticslux-eye-lashes-5-in-1-vogue,Boj Cosmetics Luxe Eye Lashes 5 In 1 ( Vogue),active,BOJ Cosmetics,Eyelash Extensions &amp; Glue,"Eyes, Eyelash Extensions &amp; Glue, Makeup",132-1-item,16.0,,eyes|boj-cosmetics,1,1,2325,product title (no per-product SEO override found in source),"product description, truncated (no per-product SEO override found in source)"
2326,boj-cosmeticslux-eye-lashes-5-in-1-posh-set-3,Boj Cosmeticslux Eye Lashes 5 In 1 ( Posh ) - Set 3,active,BOJ Cosmetics,Eyelash Extensions &amp; Glue,"Eyes, Eyelash Extensions &amp; Glue, Makeup",133-1-item,16.0,,eyes|boj-cosmetics,1,1,2326,product title (no per-product SEO override found in source),"product description, truncated (no per-product SEO override found in source)"
2327,boj-cosmeticslux-eye-lashes-5-in-1-posh-set-2,Boj Cosmeticslux Eye Lashes 5 In 1 ( Posh ) - Set 2,active,BOJ Cosmetics,Eyelash Extensions &amp; Glue,"Eyes, Eyelash Extensions &amp; Glue, Makeup",134-1-item,16.0,,eyes|boj-cosmetics,1,1,2327,product title (no per-product SEO override found in source),"product description, truncated (no per-product SEO override found in source)"
2328,boj-cosmetics-lux-eye-lashes-14-in-1-queen,Boj Cosmetics Lux Eye Lashes 14 In 1 (Queen),active,BOJ Cosmetics,Eyelash Extensions &amp; Glue,"Eyes, Eyelash Extensions &amp; Glue, Makeup",120-1-item,30.0,,eyes|boj-cosmetics,1,1,2328,product title (no per-product SEO override found in source),"product description, truncated (no per-product SEO override found in source)"
2329,boj-cosmetics-lux-eye-lashes-14-in-1-lady,Boj Cosmetics Lux Eye Lashes 14 In 1 (Lady),active,BOJ Cosmetics,Eyelash Extensions &amp; Glue,"Eyes, Eyelash Extensions &amp; Glue, Makeup",121-1-item,30.0,,eyes|boj-cosmetics,1,1,2329,product title (no per-product SEO override found in source),"product description, truncated (no per-product SEO override found in source)"
2332,cosrx-salicylic-gentle-cleanser-50ml,Cosrx Salicylic Gentle Cleanser 50Ml,draft,Cosrx,Face Cleansers &amp; Wash,"Skin Care, Face Cleansers &amp; Wash",122-1-item,5.0,,face-cleansers-wash|cosrx,1,1,2332,product title (no per-product SEO override found in source),"product description, truncated (no per-product SEO override found in source)"
2334,dr-teals-foaming-bath-vit-c-1000ml,Dr Teals Foaming Bath Vit C Glow & Radiance 1000Ml,active,Dr Teal's,Body Wash,"Bath &amp; Body Care, Body Wash",123-1-item,20.0,,body-wash|dr-teals,1,1,2334,product title (no per-product SEO override found in source),"product description, truncated (no per-product SEO override found in source)"
2335,dr-teals-body-wash-ceramides-avocado-oil-710ml,"Dr Teals Body Wash Ceramides, Avocado Oil 710Ml",active,Dr Teal's,Body Wash,"Bath &amp; Body Care, Body Wash",124-1-item,16.0,,body-wash|dr-teals,1,1,2335,product title (no per-product SEO override found in source),"product description, truncated (no per-product SEO override found in source)"
2336,dr-teals-body-wash-prebiotic-lemon-balm-710ml,Dr Teals Body Wash Prebiotic Lemon Balm 710Ml,active,Dr Teal's,Body Wash,"Bath &amp; Body Care, Body Wash",125-1-item,18.0,,body-wash|dr-teals,1,1,2336,product title (no per-product SEO override found in source),"product description, truncated (no per-product SEO override found in source)"
2337,dr-teals-body-lotion-ceramides-avocado-oil,"Dr Teals Body Lotion Ceramides , Avocado Oil",active,Dr Teal's,Body Lotion,"Bath &amp; Body Care, Body Lotion",126-1-item,18.0,,body-lotion|dr-teals,1,1,2337,product title (no per-product SEO override found in source),"product description, truncated (no per-product SEO override found in source)"
2338,embryolisse-lait-cream-moisturizer-75-ml,Embryolisse Lait Cream Moisturizer - 75 Ml,active,Embryolisse,Moisturizers &amp; Cream,"Skin Care, Moisturizers &amp; Cream",127-1-item,21.0,,moisturizers|embryolisse,1,1,2338,product title (no per-product SEO override found in source),"product description, truncated (no per-product SEO override found in source)"
2339,good-molecules-glycolic-exfoliating-toner-120ml,Good Molecules Glycolic Exfoliating Toner - 120Ml,active,Good Molecules,"Face Toners, Mist &amp; Essence","Skin Care, Face Toners, Mist &amp; Essence",128-1-item,15.0,,face-toners-mist-essence|good-molecules,1,1,2339,product title (no per-product SEO override found in source),"product description, truncated (no per-product SEO override found in source)"
2340,good-moleculs-super-peptides-serum-30ml,Good Moleculs Super Peptides Serum - 30Ml,active,Good Molecules,Serums &amp; Treatment,"Skin Care, Serums &amp; Treatment",111-1-item,15.0,,serums-treatment|good-molecules,1,1,2340,product title (no per-product SEO override found in source),"product description, truncated (no per-product SEO override found in source)"
2341,good-molecules-vitamin-c-serum-with-oryzanol-30ml,Good Molecules Vitamin C Serum With Oryzanol - 30Ml,active,Good Molecules,Serums &amp; Treatment,"Skin Care, Serums &amp; Treatment",112-1-item,17.0,,serums-treatment|good-molecules,1,1,2341,product title (no per-product SEO override found in source),"product description, truncated (no per-product SEO override found in source)"
2343,kojivit-ultra-gel-30g,Kojivit Ultra Gel 30G,active,Kojivit,Serums &amp; Treatment,"Skin Care, Serums &amp; Treatment",113-1-item,20.0,,serums-treatment|kojivit,1,1,2343,product title (no per-product SEO override found in source),"product description, truncated (no per-product SEO override found in source)"
2345,merak-beauty-blender,Merak Beauty Blender,active,Merak,Brushes &amp; Beauty Blenders,"Makeup, Brushes &amp; Beauty Blenders",114-1-item,5.0,,brushes-beauty-blenders|merak,1,1,2345,product title (no per-product SEO override found in source),"product description, truncated (no per-product SEO override found in source)"
2346,merak-pro-ulimate-brush-set,Merak Pro Ultimate Brush Set,active,Merak,Face,"Face, Makeup, Brushes &amp; Beauty Blenders",115-1-item,50.0,,face|brushes-beauty-blenders|merak,1,1,2346,product title (no per-product SEO override found in source),"product description, truncated (no per-product SEO override found in source)"
2347,msmetics-blot-sticks-oil-eraser,Msmetics Blot Sticks Oil Eraser,active,Msmetics,Face,"Face, Makeup",108-1-item,6.0,,face|msmetics,1,1,2347,product title (no per-product SEO override found in source),"product description, truncated (no per-product SEO override found in source)"
2348,merak-face-sculpt-glow-6-in-1-pallete,Merak Face Sculpt & Glow 6 In 1 Pallete,active,Merak,Face,"Face, Makeup",109-1-item,18.0,,face|merak,1,1,2348,product title (no per-product SEO override found in source),"product description, truncated (no per-product SEO override found in source)"
2349,naturium-kp-body-scrub-mask-226-g,Naturium Kp Body Scrub &amp; Mask - 226 G,active,Naturium,Body Scrubs,"Bath &amp; Body Care, Body Scrubs",110-1-item,25.0,,body-scrubs|naturium,1,1,2349,product title (no per-product SEO override found in source),"product description, truncated (no per-product SEO override found in source)"
2350,naturium-the-glow-getter-body-oil-100ml,Naturium The Glow Getter Body Oil - 100Ml,active,Naturium,Body Oil,"Bath &amp; Body Care, Body Oil",99-1-item,27.0,,body-oil|naturium,1,1,2350,product title (no per-product SEO override found in source),"product description, truncated (no per-product SEO override found in source)"
2352,naturium-tranexamic-topical-acid-5-30ml,Naturium Tranexamic Topical Acid 5% - 30Ml,active,Naturium,Serums &amp; Treatment,"Skin Care, Serums &amp; Treatment",100-1-item,25.0,,serums-treatment|naturium,1,1,2352,product title (no per-product SEO override found in source),"product description, truncated (no per-product SEO override found in source)"
2353,naturium-uv-reflect-antioxidant-spf-50,Naturium Uv Reflect Antioxidant Spf 50,active,Naturium,Sunscreen,"Skin Care, Sunscreen",101-1-item,20.0,,sunscreen|naturium,1,1,2353,product title (no per-product SEO override found in source),"product description, truncated (no per-product SEO override found in source)"
2354,naturium-bha-liquid-exfoliant-2,Naturium Bha Liquid Exfoliant 2%,active,Naturium,Serums &amp; Treatment,"Skin Care, Serums &amp; Treatment",102-1-item,24.0,,serums-treatment|naturium,1,1,2354,product title (no per-product SEO override found in source),"product description, truncated (no per-product SEO override found in source)"
2355,naturium-multi-tranexamic-acid-treatment-5-30ml,Naturium Multi Bright Tranexamic Acid Treatment  5% - 30Ml,active,Naturium,Serums &amp; Treatment,"Skin Care, Serums &amp; Treatment",103-1-item,25.0,,serums-treatment|naturium,1,1,2355,product title (no per-product SEO override found in source),"product description, truncated (no per-product SEO override found in source)"
2357,nip-fab-illuminate-vit-c-fix-serum-1,Nip + Fab Vitamin C Fix Serum 5%,active,Nip + Fab,Serums &amp; Treatment,"Skin Care, Serums &amp; Treatment, Dark spots &amp; Discoloration serums",104-1-item,15.0,,serums-treatment|serums-treatment|nip-fab,1,1,2357,product title (no per-product SEO override found in source),"product description, truncated (no per-product SEO override found in source)"
2358,panoxyl-balancing-repair-moisturizer-with-naicinamide-85g,Panoxyl Balancing Repair Moisturizer With Naicinamide 85G,active,Panoxyl,Moisturizers &amp; Cream,"Skin Care, Moisturizers &amp; Cream",105-1-item,18.0,,moisturizers|panoxyl,1,1,2358,product title (no per-product SEO override found in source),"product description, truncated (no per-product SEO override found in source)"
2359,panoxyl-acne-treatment-bar-113g,Panoxyl Acne Treatment Bar 113G,active,Panoxyl,Serums &amp; Treatment,"Skin Care, Serums &amp; Treatment",106-1-item,15.0,,serums-treatment|panoxyl,1,1,2359,product title (no per-product SEO override found in source),"product description, truncated (no per-product SEO override found in source)"
2360,panoxyl-adapalene-gel-usp-0-1-acne-treatment,Panoxyl Adapalene Gel Usp 0.1% Acne Treatment,active,Panoxyl,Serums &amp; Treatment,"Skin Care, Serums &amp; Treatment, acne treatment",107-1-item,18.0,,serums-treatment|acne-treatment|panoxyl,1,1,2360,product title (no per-product SEO override found in source),"product description, truncated (no per-product SEO override found in source)"
2361,panoxyl-clarifyingexfoliant-2-salicylic-acid-118g,Panoxyl Clarifying Exfoliant 2% Salicylic Acid,active,Panoxyl,Serums &amp; Treatment,"Skin Care, Serums &amp; Treatment, Face Toners, Mist &amp; Essence, Exfoliators, Peels &amp; Scrubs, acne treatment",89-1-item,16.0,,serums-treatment|face-toners-mist-essence|exfoliators-peels-scrubs|acne-treatment|panoxyl,1,1,2361,product title (no per-product SEO override found in source),"product description, truncated (no per-product SEO override found in source)"
2362,palmers-cocoa-butter-massage-lotion-for-stretch-marks-250ml,Palmers Cocoa Butter Massage Lotion For Stretch Marks 250Ml,active,Palmer's,Serums &amp; Treatment,"Skin Care, Bath &amp; Body Care, Serums &amp; Treatment, Body Lotion",90-1-item,15.0,,serums-treatment|body-lotion|palmers,1,1,2362,product title (no per-product SEO override found in source),"product description, truncated (no per-product SEO override found in source)"
2363,im-from-rice-toner-150ml,I'M From Rice Toner 150Ml,active,I’m From,"Face Toners, Mist &amp; Essence","Skin Care, Face Toners, Mist &amp; Essence",91-1-item,27.0,,face-toners-mist-essence|im-from,1,1,2363,product title (no per-product SEO override found in source),"product description, truncated (no per-product SEO override found in source)"
2364,elf-skin-holy-hydration-face-cream-with-hyaluronic-acid-peptides-50g,ELF Holy Hydration! Face Cream Moisturizer with Broad Spectrum SPF 30,active,Elf,Moisturizers &amp; Cream,"Skin Care, Moisturizers &amp; Cream",92-1-item,16.0,,moisturizers|elf,2,1,2364,product title (no per-product SEO override found in source),"product description, truncated (no per-product SEO override found in source)"
2366,zaron-lip-liner-cappuccino,Zaron Lip Liner Cappuccino,active,Zaron,Lips,Lips,93-1-item,6.0,,lips|zaron,1,1,2366,product title (no per-product SEO override found in source),"product description, truncated (no per-product SEO override found in source)"
2367,absolute-lip-gloss-clear,Absolute Lip Gloss Clear,active,Absolute,Lip Gloss,"Lips, Lip Gloss",94-1-item,2.0,,lips|absolute,1,1,2367,product title (no per-product SEO override found in source),"product description, truncated (no per-product SEO override found in source)"
2368,bs-mall-brush-set,Bs-Mall Brush Set,active,B-Small,Tools &amp; Accessories,"Makeup, Tools &amp; Accessories, Brushes &amp; Beauty Blenders, Brush set, makeup, face",95-1-item,18.0,,tools-accessories|brushes-beauty-blenders|b-small,1,1,2368,product title (no per-product SEO override found in source),"product description, truncated (no per-product SEO override found in source)"
2369,led-660-pro-sutefoto-light-with-tripod-stand,Led 660 Pro Sutefoto Light With Tripod Stand,active,Accessories _make_up,Tools &amp; Accessories,"Tools &amp; Accessories, Beauty Tools",96-1-item,125.0,,tools-accessories|unnamed,1,1,2369,product title (no per-product SEO override found in source),"product description, truncated (no per-product SEO override found in source)"
2370,panel-light-l-3560,Panel Light L-3560,active,Accessories _make_up,Tools &amp; Accessories,"Makeup, Tools &amp; Accessories, Beauty Tools, led light",97-1-item,70.0,,tools-accessories|unnamed,1,1,2370,product title (no per-product SEO override found in source),"product description, truncated (no per-product SEO override found in source)"
2371,telescopic-makeup-chair-foldable,Telescopic Makeup Chair Foldable,active,Accessories _make_up,Beauty Tools,Beauty Tools,98-1-item,130.0,140.0,unnamed,1,1,2371,product title (no per-product SEO override found in source),"product description, truncated (no per-product SEO override found in source)"
2372,tripod-stand,Tripod Stand,active,Accessories _make_up,Tools &amp; Accessories,"Tools &amp; Accessories, Beauty Tools",88-1-item,13.0,,tools-accessories|unnamed,1,1,2372,product title (no per-product SEO override found in source),"product description, truncated (no per-product SEO override found in source)"
2376,ben-nye-clown-white,Ben Nye Clown White,draft,Ben Nye,Eyeshadow,"Eyes, Eyeshadow, Makeup",,12.0,,eyes|ben-nye,1,2,2376,product title (no per-product SEO override found in source),"product description, truncated (no per-product SEO override found in source)"
2740,laneige-lip-mask,Laneige Lip Mask,active,Laneige,Lipbalm,"Lips, Lipbalm, Makeup",85-1-item,6.0,,lips|laneige,1,1,2740,product title (no per-product SEO override found in source),"product description, truncated (no per-product SEO override found in source)"
2746,yglam-blush-palette-bloom,Yglam Blush Palette (Bloom),active,Yglam,Eyeshadow,"Eyes, Eyeshadow, Makeup",84-1-item,18.0,,eyes|yglam,1,1,2746,product title (no per-product SEO override found in source),"product description, truncated (no per-product SEO override found in source)"
2751,yglam-blush-palette-rouge,Yglam Blush Palette (Rouge),active,Yglam,Eyeshadow,"Eyes, Eyeshadow, Makeup",83-1-item,18.0,,eyes|yglam,1,1,2751,product title (no per-product SEO override found in source),"product description, truncated (no per-product SEO override found in source)"
3571,tonymoly-wonder-ceramide-mochi-toner-500ml,TONYMOLY- Wonder Ceramide Mochi Toner- 500ML,active,Tony Moly,"Face Toners, Mist &amp; Essence","Skin Care, Face Toners, Mist &amp; Essence, toner, hydration, ceramide",82-1-item,18.0,,face-toners-mist-essence|tony-moly,1,1,3571,product title (no per-product SEO override found in source),"product description, truncated (no per-product SEO override found in source)"
3608,frudia-pomegranate-honey-3in1-lip-balm-10ml,FRUDIA - Pomegranate Honey 3in1 Lip Balm - 10ml,active,Frudia,Lipbalm,"Lips, Lipbalm, lips, lip balm, moisturizing lip balm",81-1-item,5.0,,lips|frudia,1,1,3608,product title (no per-product SEO override found in source),"product description, truncated (no per-product SEO override found in source)"
3610,frudia-my-orchard-hand-cream-pineapple-30g,FRUDIA - My Orchard Hand Cream (pineapple) - 30g,draft,Frudia,Hand cream,"Moisturizers &amp; Cream, Hand cream, hand cream, moisturizer",80-1-item,3.0,,moisturizers|frudia,1,1,3610,product title (no per-product SEO override found in source),"product description, truncated (no per-product SEO override found in source)"
3614,frudia-my-orchard-hand-cream-pineapple-30g-copy,FRUDIA - My Orchard Hand Cream (Dragon fruit) - 30g,draft,Frudia,Hand cream,"Moisturizers &amp; Cream, Hand cream, hand cream, moisturizer",79-1-item,3.0,,moisturizers|frudia,1,1,3614,product title (no per-product SEO override found in source),"product description, truncated (no per-product SEO override found in source)"
3619,illiyoon-hyaluronic-moisture-cream-100ml,ILLIYOON - Hyaluronic Moisture Cream- 100ml,active,illiyoon,Moisturizers &amp; Cream,"Skin Care, Moisturizers &amp; Cream, face, hydration, moisturizer, hyaluronic",78-1-item,15.0,,moisturizers|illiyoon,1,1,3619,product title (no per-product SEO override found in source),"product description, truncated (no per-product SEO override found in source)"
3629,cosrx-acne-pimple-master-patch,COSRX - Acne Pimple Master Patch,draft,Cosrx,Skin Care,"Skin Care, acne treatment, acne treatment, pimples patch",77-1-item,4.0,,acne-treatment|cosrx,1,1,3629,product title (no per-product SEO override found in source),"product description, truncated (no per-product SEO override found in source)"
3631,cosrx-aha-bha-clarifying-treatment-toner-150ml,COSRX - AHA/BHA Clarifying Treatment Toner 150ml,active,Cosrx,"Face Toners, Mist &amp; Essence","Skin Care, Face Toners, Mist &amp; Essence, Exfoliators, Peels &amp; Scrubs",76-1-item,13.0,,face-toners-mist-essence|exfoliators-peels-scrubs|cosrx,1,1,3631,product title (no per-product SEO override found in source),"product description, truncated (no per-product SEO override found in source)"
3635,vaseline-cocoa-radiant-oil-gel-200ml,Vaseline Cocoa Radiant Oil Gel 200ml,active,Vaseline,Body Moisturizers,"Skin Care, Bath &amp; Body Care, Body Moisturizers, Body Oil",75-1-item,8.99,,body-moisturizers|body-oil|vaseline,1,1,3635,product title (no per-product SEO override found in source),"product description, truncated (no per-product SEO override found in source)"
3639,olay-cleansing-nourishing-body-wash-with-hyaluronic-acid-vitamin-b3-complex-20-fl-oz,Olay Cleansing &amp; Nourishing Body Wash with Hyaluronic Acid &amp; Vitamin B3 Complex 20 fl oz,active,Olay,Body Wash,"Skin Care, Bath &amp; Body Care, Body Wash",74-1-item,20.0,,body-wash|olay,2,1,3639,product title (no per-product SEO override found in source),"product description, truncated (no per-product SEO override found in source)"
3648,olay-collagen-peptide-b3-firming-hydrating-body-lotion-502ml,Olay Collagen Peptide B3 Firming & Hydrating Body Lotion 502ml,active,Olay,Body Moisturizers,"Skin Care, Bath &amp; Body Care, Body Moisturizers, Body Lotion, moisturizer, FIRMING, HYDRATING",73-1-item,20.0,,body-moisturizers|body-lotion|olay,1,1,3648,product title (no per-product SEO override found in source),"product description, truncated (no per-product SEO override found in source)"
3652,olay-collagen-vitamin-b3-body-wash-cleansing-firming-530ml,Olay elasticity boosting collagen peptide body wash,active,Olay,Body Wash,"Skin Care, Bath &amp; Body Care, Body Wash, FIRMING, CLEANSING",72-1-item,20.0,,body-wash|olay,1,1,3652,product title (no per-product SEO override found in source),"product description, truncated (no per-product SEO override found in source)"
3656,olay-tone-evening-and-hydrating-body-lotion-deep-moisture-17oz,"Olay Tone Evening and Hydrating Body Lotion, Deep Moisture, 17oz",draft,Olay,Body Moisturizers,"Skin Care, Bath &amp; Body Care, Body Moisturizers, Body Lotion, HYDRATING, EVEN TONE, BRIGHTENING, MOISTURIZING",70-1-item,20.0,,body-moisturizers|body-lotion|olay,1,1,3656,product title (no per-product SEO override found in source),"product description, truncated (no per-product SEO override found in source)"
3659,olay-daily-recovery-hydration-body-lotion-with-shea-butter-17-oz,Olay Daily Recovery & Hydration Body Lotion with Shea Butter | 17 oz,draft,Olay,Moisturizers &amp; Cream,"Skin Care, Bath &amp; Body Care, Moisturizers &amp; Cream, Body Moisturizers, Body Lotion, hydration, skin repair, shea butter",69-1-item,20.0,,moisturizers|body-moisturizers|body-lotion|olay,1,1,3659,product title (no per-product SEO override found in source),"product description, truncated (no per-product SEO override found in source)"
3661,exfoliating-bath-glove-sponge,Exfoliating Bath Glove Sponge,active,Glove sponge,"Exfoliators, Peels &amp; Scrubs","Bath &amp; Body Care, Exfoliators, Peels &amp; Scrubs, Body Scrubs, Body Wash, sponge, EXFOLIATING, sponge",68-1-item,1.0,,exfoliators-peels-scrubs|body-scrubs|body-wash|tools-accessories|glove-sponge,1,1,3661,product title (no per-product SEO override found in source),"product description, truncated (no per-product SEO override found in source)"
3663,biore-uv-aqua-rich-watery-essence-spf-50-pa-70g-sunscreen,Biore UV Aqua Rich Watery Essence SPF 50+/PA++++ (70g) Sunscreen,active,Biore,Sunscreen,"Skin Care, Sunscreen, sunscreen",67-1-item,15.0,,sunscreen|biore,1,1,3663,product title (no per-product SEO override found in source),"product description, truncated (no per-product SEO override found in source)"
3666,kose-suncut-uv-perfect-gel-spf-50-pa-80g-sunscreen,Kose Suncut UV Perfect Gel SPF 50+ PA++++ (80g) Sunscreen,active,Kose Suncut,Sunscreen,"Skin Care, Sunscreen, sunscreen, spf50",66-1-item,15.0,,sunscreen|kose-suncut,1,1,3666,product title (no per-product SEO override found in source),"product description, truncated (no per-product SEO override found in source)"
3689,faded-brightening-cleansing-bar-for-dark-spots-discoloration-net-wt-3-5oz-2-bars,Topicals Faded Brightening Cleansing Bar For Dark Spots + Discoloration net wt 3.5oz (2 bars),active,Faded,Serums &amp; Treatment,"Skin Care, Bath &amp; Body Care, Serums &amp; Treatment, Face Cleansers &amp; Wash, Body Wash, Dark spots &amp; Discoloration serums",65-1-item,35.99,,serums-treatment|face-cleansers-wash|body-wash|serums-treatment|faded,1,1,3689,product title (no per-product SEO override found in source),"product description, truncated (no per-product SEO override found in source)"
3693,topicals-faded-under-eye-masks-brightening-eye-masks,Topicals Faded Under Eye Masks Brightening Eye Masks,active,Faded,Eyes,"Eyes, Face, Skin Care, Serums &amp; Treatment, Mask, face, BRIGHTENING, under eye",64-1-item,25.0,,eyes|face|serums-treatment|face-mask|faded,1,1,3693,product title (no per-product SEO override found in source),"product description, truncated (no per-product SEO override found in source)"
3698,eos-lip-balm,EOS -Lip Balm,active,Eos,Lipbalm,"Lips, Lipbalm, lip balm, moisturizing lip balm",63-1-item,5.0,,lips|eos,1,1,3698,product title (no per-product SEO override found in source),"product description, truncated (no per-product SEO override found in source)"
3840,naturium-the-energizer-mandelic-acid-body-wash-500ml,Naturium The Energizer Mandelic Acid Body Wash 500ml,active,Naturium,Body Wash,"Skin Care, Bath &amp; Body Care, Body Wash, CLEANSING, EXFOLIATING",62-1-item,25.0,,body-wash|naturium,1,1,3840,product title (no per-product SEO override found in source),"product description, truncated (no per-product SEO override found in source)"
3843,naturium-mandelic-topical-acid-12-face-serum-30ml,Naturium Mandelic Topical Acid 12% Face Serum 30ml,active,Naturium,Serums &amp; Treatment,"Skin Care, Serums &amp; Treatment, Exfoliators, Peels &amp; Scrubs, face, EXFOLIATING, EVEN TONE",61-1-item,25.0,,serums-treatment|exfoliators-peels-scrubs|naturium,1,1,3843,product title (no per-product SEO override found in source),"product description, truncated (no per-product SEO override found in source)"
3845,naturium-azelaic-topical-acid-10-face-serum-30ml,Naturium Azelaic Topical Acid 10% Face Serum 30ml,active,Naturium,Serums &amp; Treatment,"Skin Care, Serums &amp; Treatment, EVEN TONE, BRIGHTENING",60-1-item,25.0,,serums-treatment|naturium,1,1,3845,product title (no per-product SEO override found in source),"product description, truncated (no per-product SEO override found in source)"
3848,anua-heartleaf-pore-control-cleansing-oil-200ml,Anua Heartleaf Pore Control Cleansing Oil 200ml,active,Anua,Face Cleansers &amp; Wash,"Skin Care, Face Cleansers &amp; Wash",59-1-item,25.0,,face-cleansers-wash|anua,2,1,3848,product title (no per-product SEO override found in source),"product description, truncated (no per-product SEO override found in source)"
3851,anua-heartleaf-lha-moisture-peeling-gel-gentle-face-cleanser-120ml,ANUA Heartleaf LHA Moisture Peeling Gel Gentle Face Cleanser (120ml),active,Anua,Face Cleansers &amp; Wash,"Skin Care, Face Cleansers &amp; Wash, Exfoliators, Peels &amp; Scrubs, face, CLEANSING, EXFOLIATING",58-1-item,22.0,,face-cleansers-wash|exfoliators-peels-scrubs|anua,1,1,3851,product title (no per-product SEO override found in source),"product description, truncated (no per-product SEO override found in source)"
3853,anua-bha-2-gentle-exfoliating-toner-150ml,ANUA BHA 2% Gentle Exfoliating Toner (150ml ),active,Anua,"Face Toners, Mist &amp; Essence","Skin Care, Face Toners, Mist &amp; Essence, Exfoliators, Peels &amp; Scrubs, face, EXFOLIATING, EVEN TONE, BRIGHTENING",57-1-item,25.0,,face-toners-mist-essence|exfoliators-peels-scrubs|anua,1,1,3853,product title (no per-product SEO override found in source),"product description, truncated (no per-product SEO override found in source)"
3856,anua-peach-70-niacinamide-serum-30ml-brightening-hydrating-face-serum,Anua Peach 70 Niacinamide Serum 30ml / brightening hydrating face serum,active,Anua,Serums &amp; Treatment,"Skin Care, Serums &amp; Treatment, Glow serum, Dark spots &amp; Discoloration serums, HYDRATING, EVEN TONE, BRIGHTENING, hyperpigmentation",56-1-item,25.0,,serums-treatment|serums-treatment|serums-treatment|anua,1,1,3856,product title (no per-product SEO override found in source),"product description, truncated (no per-product SEO override found in source)"
3867,eos-body-lotion-pink-champagne-16fl-473ml,Eos Body Lotion Pink Champagne 16Fl/473Ml,active,Eos,Moisturizers &amp; Cream,"Moisturizers &amp; Cream, Body Moisturizers, Body Lotion",55-1-item,18.0,,moisturizers|body-moisturizers|body-lotion|eos,1,1,3867,product title (no per-product SEO override found in source),"product description, truncated (no per-product SEO override found in source)"
3869,eos-body-lotion-fresh-cozy-16fl-473ml,Eos Body Lotion Fresh +Cozy 16Fl/473Ml,active,Eos,Body Moisturizers,"Bath &amp; Body Care, Body Moisturizers, Body Lotion",54-1-item,18.0,,body-moisturizers|body-lotion|eos,1,1,3869,product title (no per-product SEO override found in source),"product description, truncated (no per-product SEO override found in source)"
3871,topicals-high-roller-ingrown-hair-serum-roll-on-tonic-50ml,Topicals High Roller Ingrown Hair Serum Roll-on Tonic 50ML,active,Faded,Serums &amp; Treatment,"Serums &amp; Treatment, Exfoliators, Peels &amp; Scrubs, Roll On, Dark spots &amp; Discoloration serums, EVEN TONE, BRIGHTENING, dark spots",53-1-item,26.0,,serums-treatment|exfoliators-peels-scrubs|roll-on|serums-treatment|faded,1,1,3871,product title (no per-product SEO override found in source),"product description, truncated (no per-product SEO override found in source)"
3876,advanced-clinicals-5-in-1-multi-correction-anti-aging-eye-serum,Advanced Clinicals 5-in-1 Multi Correction Anti Aging Eye Serum,active,Advanced Clinicals,Serums &amp; Treatment,"Skin Care, Serums &amp; Treatment, Eye cream, BRIGHTENING, under eye, anti aging",52-1-item,15.0,,serums-treatment|serums-treatment|advanced-clinicals,1,1,3876,product title (no per-product SEO override found in source),"product description, truncated (no per-product SEO override found in source)"
3878,advanced-clinicals-dark-spot-brightening-face-moisturizer-lotion,Advanced Clinicals Dark Spot Brightening Face Moisturizer Lotion,active,Advanced Clinicals,Moisturizers &amp; Cream,"Skin Care, Moisturizers &amp; Cream, Glow serum, Dark spots &amp; Discoloration serums, EVEN TONE, BRIGHTENING, skin repair, hyperpigmentation, dark spots",51-1-item,16.0,,moisturizers|serums-treatment|serums-treatment|advanced-clinicals,1,1,3878,product title (no per-product SEO override found in source),"product description, truncated (no per-product SEO override found in source)"
3885,advanced-clinicals-vitamin-c-glow-facial-mist-toner,Advanced Clinicals Vitamin C Glow Facial Mist Toner,active,Advanced Clinicals,"Face Toners, Mist &amp; Essence","Skin Care, Face Toners, Mist &amp; Essence, Glow serum, Dark spots &amp; Discoloration serums, HYDRATING, EVEN TONE, BRIGHTENING",50-1-item,15.0,,face-toners-mist-essence|serums-treatment|serums-treatment|advanced-clinicals,1,1,3885,product title (no per-product SEO override found in source),"product description, truncated (no per-product SEO override found in source)"
3887,advanced-clinicals-vitamin-c-face-toner-w-ferulic-acid-rosewater-antioxidant-facial-mist-spray-8-fl-oz,"Advanced Clinicals Vitamin C Face Toner W/Ferulic Acid & Rosewater, Antioxidant Facial Mist Spray 8 Fl Oz",active,Advanced Clinicals,"Face Toners, Mist &amp; Essence","Skin Care, Face Toners, Mist &amp; Essence, Dark spots &amp; Discoloration serums, Glow spray, HYDRATING, BRIGHTENING, Glow spray, facial mist",49-1-item,15.0,,face-toners-mist-essence|serums-treatment|serums-treatment|advanced-clinicals,1,1,3887,product title (no per-product SEO override found in source),"product description, truncated (no per-product SEO override found in source)"
4013,face-facts-ceramide-repairing-serum-cream-30ml,FaceFacts Ceramide Repairing Serum Cream 30ml,active,Facefacts,Serums &amp; Treatment,"Skin Care, Serums &amp; Treatment, Moisturizers &amp; Cream, moisturizer, hyaluronic, skin repair",48-1-item,5.0,,serums-treatment|moisturizers|facefacts,1,1,4013,product title (no per-product SEO override found in source),"product description, truncated (no per-product SEO override found in source)"
4015,face-facts-vitamin-c-brightening-facial-serum-30ml,FaceFacts Vitamin C Brightening Facial Serum 30ml,active,Facefacts,Serums &amp; Treatment,"Skin Care, Serums &amp; Treatment, Glow serum, EVEN TONE",47-1-item,4.99,,serums-treatment|serums-treatment|facefacts,1,1,4015,product title (no per-product SEO override found in source),"product description, truncated (no per-product SEO override found in source)"
4020,face-facts-ceramide-hydrating-gentle-cleanser,FaceFacts Ceramide Hydrating Gentle Cleanser 140ml,active,Facefacts,Face Cleansers &amp; Wash,"Skin Care, Face Cleansers &amp; Wash",46-1-item,8.99,,face-cleansers-wash|facefacts,1,1,4020,product title (no per-product SEO override found in source),"product description, truncated (no per-product SEO override found in source)"
4022,face-facts-collagen-q10-replenishing-facial-serum,FaceFacts Collagen &amp; Q10 Replenishing Facial Serum,active,Facefacts,Serums &amp; Treatment,"Skin Care, Serums &amp; Treatment",45-1-item,4.99,,serums-treatment|facefacts,2,1,4022,product title (no per-product SEO override found in source),"product description, truncated (no per-product SEO override found in source)"
4025,baby-dove-lotion-fragrance-free-moisture-200ml,Baby Dove Lotion Fragrance Free Moisture 200ml,active,Dove,Body Lotion,"Bath &amp; Body Care, Body Lotion, Baby wash &amp; lotion",44-1-item,2.99,,body-lotion|baby-wash-lotion|dove,1,1,4025,product title (no per-product SEO override found in source),"product description, truncated (no per-product SEO override found in source)"
4027,dove-shower-gel-nurturing-cocoa-butter-hibiscus-body-wash-225ml,Dove Shower Gel Nurturing Cocoa Butter & Hibiscus Body Wash 225ml,draft,Dove,Body Wash,"Bath &amp; Body Care, Body Wash",43-1-item,2.49,,body-wash|dove,1,1,4027,product title (no per-product SEO override found in source),"product description, truncated (no per-product SEO override found in source)"
4030,dove-revitalising-body-wash-225ml,Dove Revitalising Body Wash 225ml,draft,Dove,Body Wash,"Bath &amp; Body Care, Body Wash",42-1-item,2.49,,body-wash|dove,1,1,4030,product title (no per-product SEO override found in source),"product description, truncated (no per-product SEO override found in source)"
4032,dove-pampering-body-wash-shea-butter-vanilla-225ml,"Dove, Pampering, Body Wash, Shea Butter & Vanilla 225ml",draft,Dove,Body Wash,"Bath &amp; Body Care, Body Wash, moisturizing lip balm",41-1-item,2.49,,body-wash|dove,1,1,4032,product title (no per-product SEO override found in source),"product description, truncated (no per-product SEO override found in source)"
4034,dove-almond-cream-hibiscus-body-wash-500ml,Dove Almond Cream & Hibiscus Body Wash 500ml,draft,Dove,Body Wash,"Bath &amp; Body Care, Body Wash",40-1-item,4.99,,body-wash|dove,1,1,4034,product title (no per-product SEO override found in source),"product description, truncated (no per-product SEO override found in source)"
4036,dove-indulging-bath-wash-500ml,Dove Indulging Bath Wash 500ml,active,Dove,Body Wash,"Bath &amp; Body Care, Body Wash",39-1-item,4.99,,body-wash|dove,1,1,4036,product title (no per-product SEO override found in source),"product description, truncated (no per-product SEO override found in source)"
4038,sooo-pro-extra-dimensions-highlighter-compact,Sooo Pro Extra Dimensions Highlighter compact,active,Sooo Pro,Bronzers &amp; Highlighters,"Face, Bronzers &amp; Highlighters, Makeup, Face Highlighter",,25.0,,face|sooo-pro,1,2,4038,product title (no per-product SEO override found in source),"product description, truncated (no per-product SEO override found in source)"
4673,annies-beauty-meet-the-brown-eyeshadow-palette,Annies Beauty Meet The Brown Eyeshadow Palette,active,Annies Beauty,Eyeshadow,"Eyeshadow, Makeup",36-1-item,25.0,,annies-beauty,1,2,4673,product title (no per-product SEO override found in source),"product description, truncated (no per-product SEO override found in source)"
4680,annies-beauty-party-girl-eyeshadow-palette,Annies Beauty Party Girl Eyeshadow Palette,active,Annies Beauty,Eyeshadow,"Eyeshadow, Makeup",35-1-item,25.0,,annies-beauty,1,1,4680,product title (no per-product SEO override found in source),"product description, truncated (no per-product SEO override found in source)"
4681,annies-beauty-cheek-orgasm-blush-palette,Annies Beauty Cheek Orgasm Blush Palette Vol 1,active,Annies Beauty,Blushes,"Blushes, Highlight &amp; Contour, Makeup",34-1-item,20.0,,annies-beauty,1,1,4681,product title (no per-product SEO override found in source),"product description, truncated (no per-product SEO override found in source)"
4682,tree-hut-foaming-gel-wash,Tree Hut Foaming Gel Wash,active,Tree Hut,Body Wash,"Bath &amp; Body Care, Body Wash",,12.0,,body-wash|tree-hut,1,4,4682,product title (no per-product SEO override found in source),"product description, truncated (no per-product SEO override found in source)"
4697,tree-hut-whipped-body-butter,Tree Hut Whipped Body Butter,active,Tree Hut,Moisturizers &amp; Cream,"Bath &amp; Body Care, Moisturizers &amp; Cream, Body Lotion, Body Butter",,13.0,,moisturizers|body-lotion|body-butter|tree-hut,1,2,4697,product title (no per-product SEO override found in source),"product description, truncated (no per-product SEO override found in source)"
4702,aveeno-baby-daily-moisturizing-cream-with-prebiotic-oat-with-coconut-oil-shea-butter-12fl,"Aveeno Baby Daily Moisturizing Cream with Prebiotic Oat, with Coconut Oil & Shea Butter  15fl",active,Aveeno,Body Lotion,"Bath &amp; Body Care, Body Lotion, Baby wash &amp; lotion, moisturizer, MOISTURISING",27-1-item,15.0,,body-lotion|baby-wash-lotion|aveeno,1,1,4702,product title (no per-product SEO override found in source),"product description, truncated (no per-product SEO override found in source)"
4706,aveeno-baby-daily-care-gift-set-with-oat-extract-prebiotic-oat-contains-daily-moisturizing-body-lotion-gentle-2-in-1-baby-bath-wash-shampoo-pack-of-2,"Aveeno Baby Daily Care Gift Set with Oat Extract & Prebiotic Oat, Contains Daily Moisturizing Body Lotion & Gentle 2-in-1 Baby Bath Wash & Shampoo (Pack of 2)",active,Aveeno,Moisturizers &amp; Cream,"Bath &amp; Body Care, Moisturizers &amp; Cream, Body Moisturizers, Body Wash, Body Lotion, Baby wash &amp; lotion",26-1-item,22.99,,moisturizers|body-moisturizers|body-wash|body-lotion|baby-wash-lotion|aveeno,1,1,4706,product title (no per-product SEO override found in source),"product description, truncated (no per-product SEO override found in source)"
4711,timeless-skin-care-vitamin-c-serum-with-vitamin-e-ferulic-acid-20-vitamin-c-brightening-serum-1-oz,Timeless Skin Care Vitamin C Serum with Vitamin E &amp; Ferulic Acid - 20% Vitamin C Brightening Serum - 1 oz,active,Timeless,Serums &amp; Treatment,"Skin Care, Serums &amp; Treatment, Glow serum, Dark spots &amp; Discoloration serums",25-1-item,28.99,,serums-treatment|serums-treatment|serums-treatment|timeless,1,1,4711,product title (no per-product SEO override found in source),"product description, truncated (no per-product SEO override found in source)"
5103,vaseline-vitamin-b3-body-oil-200ml,Vaseline Vitamin B3 Body oil 200ml,active,Vaseline,Body Oil,"Bath &amp; Body Care, Body Oil",24-1-item,12.0,,body-oil|vaseline,1,1,5103,product title (no per-product SEO override found in source),"product description, truncated (no per-product SEO override found in source)"
5110,vaseline-healthy-plus-bar-soap-vit-b3-healthy-bright-3x75g,Vaseline Healthy Plus Bar Soap Vit B3 Healthy Bright (3x75g),active,Vaseline,Body Wash,"Bath &amp; Body Care, Body Wash",23-1-item,3.0,,body-wash|vaseline,1,1,5110,product title (no per-product SEO override found in source),"product description, truncated (no per-product SEO override found in source)"
5111,cosrx-advanced-snail-92-all-in-one-cream-tube-100g,Cosrx Advanced Snail 92 All in one Cream Tube 100g,draft,Cosrx,Moisturizers &amp; Cream,"Skin Care, Moisturizers &amp; Cream",22-1-item,20.0,,moisturizers|cosrx,1,1,5111,product title (no per-product SEO override found in source),"product description, truncated (no per-product SEO override found in source)"
5112,zapzyt-acne-treatment-gel,ZAPZYT Acne Treatment Gel,active,Zapzyt,Serums &amp; Treatment,"Skin Care, Serums &amp; Treatment, acne treatment",21-1-item,15.0,,serums-treatment|acne-treatment|zapzyt,1,1,5112,product title (no per-product SEO override found in source),"product description, truncated (no per-product SEO override found in source)"
5115,missha-vita-c-plus-brightening-toner-200ml,Missha Vita C Plus Brightening Toner 200ml,active,Missha,"Face Toners, Mist &amp; Essence","Skin Care, Face Toners, Mist &amp; Essence, Dark spots &amp; Discoloration serums",20-1-item,19.99,,face-toners-mist-essence|serums-treatment|missha,1,1,5115,product title (no per-product SEO override found in source),"product description, truncated (no per-product SEO override found in source)"
5119,mary-may-tranexamic-eye-cream-30g,Mary &amp; May Tranexamic Eye Cream (Special set - pack of 2),active,Mary &amp; May,Serums &amp; Treatment,"Skin Care, Serums &amp; Treatment, Dark spots &amp; Discoloration serums, Eye cream",19-1-item,15.0,,serums-treatment|serums-treatment|serums-treatment|mary-may,1,1,5119,product title (no per-product SEO override found in source),"product description, truncated (no per-product SEO override found in source)"
5355,tola-banks-easy-blend-beauty-sponge-pack-of-4,Tola Banks Easy Blend Beauty Sponge ( Pack of 4),active,Tola Banks,Brushes &amp; Beauty Blenders,"Makeup, Brushes &amp; Beauty Blenders",18-1-item,16.0,,brushes-beauty-blenders|tola-banks,1,1,5355,product title (no per-product SEO override found in source),"product description, truncated (no per-product SEO override found in source)"
5362,flawless-stay-on-spray-150ml,Flawless Stay On Spray 150ml,active,Flawless Ivy cosmetics,Setting &amp; Finishing Spray,"Makeup, Setting &amp; Finishing Spray",17-1-item,17.0,,flawless-ivy-cosmetics,1,1,5362,product title (no per-product SEO override found in source),"product description, truncated (no per-product SEO override found in source)"
5911,good-molecules-brightening-dark-spots-bar-85g,Good Molecules Brightening &amp; Dark Spots Bar 85g,active,Good Molecules,Face Cleansers &amp; Wash,"Skin Care, Face Cleansers &amp; Wash, Dark spots &amp; Discoloration serums",16-1-item,12.0,,face-cleansers-wash|serums-treatment|good-molecules,3,1,5911,product title (no per-product SEO override found in source),"product description, truncated (no per-product SEO override found in source)"
5915,nip-fab-retinol-fix-overnight-cream-50ml,Nip + Fab Retinol Fix Overnight Cream 50ml,active,Nip + Fab,Serums &amp; Treatment,"Skin Care, Serums &amp; Treatment",15-1-item,18.0,,serums-treatment|nip-fab,2,1,5915,product title (no per-product SEO override found in source),"product description, truncated (no per-product SEO override found in source)"
5918,nip-fab-vitamin-c-fix-cleanser,Nip + Fab Vitamin C Fix Cleanser,active,Nip + Fab,Face Cleansers &amp; Wash,"Skin Care, Face Cleansers &amp; Wash, Dark spots &amp; Discoloration serums, face, HYDRATING, EVEN TONE, Vit c Face cleanser, brightening face wash",14-1-item,12.0,,face-cleansers-wash|serums-treatment|nip-fab,1,1,5918,product title (no per-product SEO override found in source),"product description, truncated (no per-product SEO override found in source)"
5921,tiam-ac-fighting-aha-bha-pha-toner,Tiam AC Fighting AHA BHA PHA TONER,active,Tiam,"Face Toners, Mist &amp; Essence","Skin Care, Face Toners, Mist &amp; Essence, Exfoliators, Peels &amp; Scrubs, toner, EXFOLIATING",13-1-item,12.0,,face-toners-mist-essence|exfoliators-peels-scrubs|tiam,3,1,5921,product title (no per-product SEO override found in source),"product description, truncated (no per-product SEO override found in source)"
5935,naturium-barrier-bounce-50ml,Naturium Barrier Bounce 50ml,active,Naturium,Serums &amp; Treatment,"Skin Care, Serums &amp; Treatment, hydration, ceramide, hyaluronic, BRIGHTENING, Barrier repair",12-1-item,26.0,,serums-treatment|naturium,4,1,5935,product title (no per-product SEO override found in source),"product description, truncated (no per-product SEO override found in source)"
5940,naturium-aha-exfoliating-mask-10,Naturium AHA Exfoliating Mask 10%,active,Naturium,"Exfoliators, Peels &amp; Scrubs","Skin Care, Exfoliators, Peels &amp; Scrubs, face, EXFOLIATING",11-1-item,25.0,,exfoliators-peels-scrubs|naturium,4,1,5940,product title (no per-product SEO override found in source),"product description, truncated (no per-product SEO override found in source)"
5945,sylvimak-concealer,Sylvimak Concealer,active,Sylvimak,Concealer,"Concealer, Highlight &amp; Contour, Makeup",,12.0,,sylvimak,2,8,5945,product title (no per-product SEO override found in source),"product description, truncated (no per-product SEO override found in source)"
5989,tree-hut-vitamin-c-shea-sugar-scrub,Tree Hut vitamin c shea sugar scrub,active,Tree Hut,Body Scrubs,Body Scrubs,2-1-item,16.0,,body-scrubs|tree-hut,2,1,5989,product title (no per-product SEO override found in source),"product description, truncated (no per-product SEO override found in source)"
6565,olay-hyaluronic-acid-body-lotion,Olay Hyaluronic Acid Body Lotion,active,Olay,Moisturizers &amp; Cream,"Moisturizers &amp; Cream, Body Moisturizers, Body Lotion, Baby wash &amp; lotion",1-1-item,20.0,,moisturizers|body-moisturizers|body-lotion|baby-wash-lotion|olay,1,1,6565,product title (no per-product SEO override found in source),"product description, truncated (no per-product SEO override found in source)"
7309,eos-coconut-waters-body-lotion-16-fl-oz-473ml,Eos Body Lotion Coconut Waters  - 16 fl oz/473ml,active,Eos,Body Moisturizers,"Bath &amp; Body Care, Body Moisturizers, Body Lotion, Baby wash &amp; lotion, Body Body, Body Butter",573-1-item,18.0,,body-moisturizers|body-lotion|baby-wash-lotion|body-care|body-butter|eos,4,1,7309,product title (no per-product SEO override found in source),"product description, truncated (no per-product SEO override found in source)"
7323,dr-teals-shea-sugar-prebiotic-lemon-balm-scrub,Dr Teals Shea Sugar Prebiotic Lemon Balm Scrub,active,Dr Teal's,Body Scrubs,Body Scrubs,572-1-item,15.0,,body-scrubs|dr-teals,4,1,7323,product title (no per-product SEO override found in source),"product description, truncated (no per-product SEO override found in source)"
7328,yglam-beauty-bronzer-pallete-bronzey,YGLAM Beauty Bronzer Pallete (BRONZEY),active,Yglam,Bronzers &amp; Highlighters,"Bronzers &amp; Highlighters, Highlight &amp; Contour",571-1-item,27.0,,yglam,3,1,7328,product title (no per-product SEO override found in source),"product description, truncated (no per-product SEO override found in source)"
7515,skincare-essentials-combo-deal-valentine-combo-deals,SKINCARE ESSENTIALS COMBO DEAL -VALENTINE COMBO DEALS,active,,Moisturizers &amp; Cream,"Skin Care, Moisturizers &amp; Cream, Face Cleansers &amp; Wash, Sunscreen, VALENTINE COMBO DEALS, Combo Deals",570-1-item,56.0,60.0,moisturizers|face-cleansers-wash|sunscreen|valentine-combo-deals|combo-deals,2,1,7515,product title (no per-product SEO override found in source),"product description, truncated (no per-product SEO override found in source)"
7534,hydartion-barrier-repair-combo-valentine-combo-deals,HYDARTION & BARRIER REPAIR COMBO- VALENTINE COMBO DEALS,active,,"Face Toners, Mist &amp; Essence","Skin Care, Face Toners, Mist &amp; Essence, Sunscreen, VALENTINE COMBO DEALS, Combo Deals, hydration, Barrier repair, VALENTINE COMBO DEALS",569-1-item,69.99,,face-toners-mist-essence|sunscreen|valentine-combo-deals|combo-deals,2,1,7534,product title (no per-product SEO override found in source),"product description, truncated (no per-product SEO override found in source)"
7535,acne-blemish-fighter-set-valentine-combo-deals,ACNE & BLEMISH FIGHTER SET - VALENTINE COMBO DEALS,active,,VALENTINE COMBO DEALS,"Skin Care, acne treatment, VALENTINE COMBO DEALS, Combo Deals, acne treatment, BLEMISH TREATMENT, VALEN",568-1-item,82.0,89.99,acne-treatment|valentine-combo-deals|combo-deals,2,1,7535,product title (no per-product SEO override found in source),"product description, truncated (no per-product SEO override found in source)"
7537,exfoliating-and-moisturizing-body-combo-valentine-combo-deals,EXFOLIATING AND MOISTURIZING BODY COMBO- VALENTINE COMBO DEALS,active,,VALENTINE COMBO DEALS,"Bath &amp; Body Care, VALENTINE COMBO DEALS, Combo Deals, MOISTURIZING, exfolia",567-1-item,100.0,,valentine-combo-deals|combo-deals,2,1,7537,product title (no per-product SEO override found in source),"product description, truncated (no per-product SEO override found in source)"
7539,body-glow-brightening-combo-3-valentine-combo-sales,BODY GLOW & BRIGHTENING COMBO 3- VALENTINE COMBO DEALS,active,,Body Lotion,"Bath &amp; Body Care, Body Lotion, VALENTINE COMBO DEALS, Combo Deals, BRIGHTENING, MOISTURIZING, BODY GLOW",566-1-item,69.99,80.0,body-lotion|valentine-combo-deals|combo-deals,2,1,7539,product title (no per-product SEO override found in source),"product description, truncated (no per-product SEO override found in source)"
7542,body-glow-brightening-combo-2-valentine-combo-deals,BODY GLOW & BRIGHTENING COMBO 2- VALENTINE COMBO DEALS,active,,Moisturizers &amp; Cream,"Bath &amp; Body Care, Moisturizers &amp; Cream, Body Wash, Body Lotion, Body Oil, VALENTINE COMBO DEALS, Combo Deals, BRIGHTENING, MOISTURIZING",565-1-item,90.0,100.0,moisturizers|body-wash|body-lotion|body-oil|valentine-combo-deals|combo-deals,2,1,7542,product title (no per-product SEO override found in source),"product description, truncated (no per-product SEO override found in source)"
7543,body-glow-brightening-combo-1-valentine-combo-deals,BODY GLOW & BRIGHTENING COMBO 1- BUNDLE DEAL,active,,Body Wash,"Bath &amp; Body Care, Body Wash, Body Lotion, Body Oil, VALENTINE COMBO DEALS, BRIGHTENING, Combo Deals, EVEN TONE, BRIGHTENING, VALENTINE COMBO DEALS, BODY GLOW, valentine glow",564-1-item,90.0,100.0,body-wash|body-lotion|body-oil|valentine-combo-deals|brightening|combo-deals,2,1,7543,product title (no per-product SEO override found in source),"product description, truncated (no per-product SEO override found in source)"
7544,glow-radiance-bundle-for-hyperpigmentation-brightening-valentine-combo-deal,GLOW & RADIANCE BUNDLE (For Hyperpigmentation & Brightening)- Valentine Combo Deal,active,,VALENTINE COMBO DEALS,"Skin Care, Glow serum, Dark spots &amp; Discoloration serums, VALENTINE COMBO DEALS, HYPERPIGMENTATION, BRIGHTENING, Combo Deals, EVEN TONE, BRIGHTENING, hyperpigmentation, dark spots, VALENTINE COMBO DEALS",563-1-item,122.0,,serums-treatment|serums-treatment|valentine-combo-deals|hyperpigmentation|brightening|combo-deals,2,1,7544,product title (no per-product SEO override found in source),"product description, truncated (no per-product SEO override found in source)"
7880,eos-pink-champagne-body-wash,EOS Pink Champagne Body Wash,active,Eos,Body Wash,"Bath &amp; Body Care, Body Wash",556-1-item,19.0,,body-wash|eos,1,1,7880,product title (no per-product SEO override found in source),"product description, truncated (no per-product SEO override found in source)"
7885,naturium-alpha-arbutin-serum-2-30ml,NATURIUM Alpha Arbutin Serum 2%  30ML,active,Naturium,Serums &amp; Treatment,"Skin Care, Serums &amp; Treatment, Dark spots &amp; Discoloration serums, HYPERPIGMENTATION, BRIGHTENING",562-1-item,25.0,,serums-treatment|serums-treatment|hyperpigmentation|brightening|naturium,4,1,7885,product title (no per-product SEO override found in source),"product description, truncated (no per-product SEO override found in source)"
7890,tiam-vita-b3-mist-toner-6-76-fl-oz-200-ml,"Tiam Vita B3 Mist Toner, 6.76 fl oz (200 ml)",active,Tiam,"Face Toners, Mist &amp; Essence","Skin Care, Face Toners, Mist &amp; Essence, Glow spray",561-1-item,15.0,,face-toners-mist-essence|serums-treatment|tiam,1,1,7890,product title (no per-product SEO override found in source),"product description, truncated (no per-product SEO override found in source)"
7895,vee-beauty-eyeshadow-palette-naked,Vee Beauty Eyeshadow Palette (NAKED),active,Vee Beauty,Eyeshadow,"Eyes, Eyeshadow, Makeup",560-1-item,12.87,,eyes|vee-beauty,2,1,7895,product title (no per-product SEO override found in source),"product description, truncated (no per-product SEO override found in source)"
7899,vee-beauty-eyeshadow-palette-nudes,Vee Beauty Eyeshadow Palette (NUDES),active,Vee Beauty,Eyeshadow,"Eyeshadow, Makeup",559-1-item,17.0,,vee-beauty,1,1,7899,product title (no per-product SEO override found in source),"product description, truncated (no per-product SEO override found in source)"
7902,eos-fresh-cozy-body-wash,EOS Fresh & Cozy Body Wash-,active,Eos,Body Wash,"Bath &amp; Body Care, Body Wash",558-1-item,19.0,,body-wash|eos,1,1,7902,product title (no per-product SEO override found in source),"product description, truncated (no per-product SEO override found in source)"
7911,eos-coconut-waters-body-wash,EOS Coconut Waters Body Wash,active,Eos,Body Wash,"Bath &amp; Body Care, Body Wash",557-1-item,19.0,,body-wash|eos,1,1,7911,product title (no per-product SEO override found in source),"product description, truncated (no per-product SEO override found in source)"
7912,eos-hand-cream-vanilla-cashmere,EOS Shea Better Hand Cream,active,Eos,Hand cream,"Moisturizers &amp; Cream, Hand cream",555-1-item,7.0,,moisturizers|eos,1,3,7912,product title (no per-product SEO override found in source),"product description, truncated (no per-product SEO override found in source)"
7920,eos-strawberry-dream-body-lotion,EOS Strawberry Dream Body Lotion,active,Eos,Moisturizers &amp; Cream,"Moisturizers &amp; Cream, Body Moisturizers, Body Lotion, Body Butter",554-1-item,18.0,,moisturizers|body-moisturizers|body-lotion|body-butter|eos,1,1,7920,product title (no per-product SEO override found in source),"product description, truncated (no per-product SEO override found in source)"
7924,tree-hut-shea-sugar-scrub-vanilla-510g,Tree Hut - Shea Sugar Scrub - Vanilla 510g,active,Tree Hut,Body Scrubs,Body Scrubs,553-1-item,15.84,,body-scrubs|tree-hut,3,1,7924,product title (no per-product SEO override found in source),"product description, truncated (no per-product SEO override found in source)"
8533,elastalift-dark-circle-eye-cream-collagen-peptide,Elastalift Dark Circle Eye Cream (Collagen + peptide),active,Elastalift,Moisturizers &amp; Cream,"Skin Care, Moisturizers &amp; Cream, Dark spots &amp; Discoloration serums, Eye cream, BRIGHTENING, Eye cream",,15.84,,moisturizers|serums-treatment|serums-treatment|brightening|elastalift,1,1,8533,product title (no per-product SEO override found in source),"product description, truncated (no per-product SEO override found in source)"
8618,vee-beauty-concealer-palette,Vee Beauty Concealer Palette,active,Vee Beauty,Foundation,"Foundation, Concealer, Highlight &amp; Contour, Makeup",,12.0,,vee-beauty,2,1,8618,product title (no per-product SEO override found in source),"product description, truncated (no per-product SEO override found in source)"
8628,eucerin-baby-eczema-relief-cream-body-wash-fragrance-free,"Eucerin Baby Eczema Relief Cream Body Wash, Fragrance Free",active,Eucerin,Baby wash &amp; lotion,Baby wash &amp; lotion,,16.83,,baby-wash-lotion|eucerin,4,1,8628,product title (no per-product SEO override found in source),"product description, truncated (no per-product SEO override found in source)"
8634,olay-super-serum-body-wash-for-extra-dry-skin,Olay Super Serum Body Wash,active,Olay,Body Wash,"Bath &amp; Body Care, Body Wash",,22.0,,body-wash|olay,4,3,8634,product title (no per-product SEO override found in source),"product description, truncated (no per-product SEO override found in source)"
8647,la-roche-posay-lipikar-ap-triple-repair-moisturizing-cream,La Roche-Posay Lipikar AP+ Triple Repair Moisturizing Cream,active,La Roche-Posay,Moisturizers &amp; Cream,"Bath &amp; Body Care, Moisturizers &amp; Cream, Body Moisturizers, Body Lotion",,30.0,,moisturizers|body-moisturizers|body-lotion|la-roche-posay,4,1,8647,product title (no per-product SEO override found in source),"product description, truncated (no per-product SEO override found in source)"
8648,eos-vanilla-cashmere-body-wash,EOS Vanilla Cashmere Body Wash,active,Eos,Body Wash,"Bath &amp; Body Care, Body Wash",,19.0,,body-wash|eos,2,1,8648,product title (no per-product SEO override found in source),"product description, truncated (no per-product SEO override found in source)"
8653,eos-vanilla-cashmere-body-oil,EOS Vanilla Cashmere Body Oil,active,Eos,Body Oil,"Bath &amp; Body Care, Body Oil, Moisturizering, body oil",,20.0,,body-oil|eos,1,1,8653,product title (no per-product SEO override found in source),"product description, truncated (no per-product SEO override found in source)"
8659,eos-vanilla-cashmere-whipped-oil-body-butter,EOS Vanilla Cashmere Whipped Oil Body Butter,active,Eos,Moisturizers &amp; Cream,"Bath &amp; Body Care, Moisturizers &amp; Cream, Body Moisturizers, Body Lotion, Body Butter",,20.0,,moisturizers|body-moisturizers|body-lotion|body-butter|eos,2,1,8659,product title (no per-product SEO override found in source),"product description, truncated (no per-product SEO override found in source)"
8981,kiss-beauty-makeup-fix-spray-green-tea,Kiss Beauty Makeup Fix Spray (Green Tea),active,Kiss Beauty,Setting &amp; Finishing Spray,"Face, Makeup, Setting &amp; Finishing Spray",185-1-item-1,6.93,,face|kiss-beauty,1,1,8981,product title (no per-product SEO override found in source),"product description, truncated (no per-product SEO override found in source)"
9187,olay-tone-brightening-vitamin-c-serum-complex-body-wash,Olay Tone Brightening Vitamin C serum complex Body Wash,active,Olay,"Exfoliators, Peels &amp; Scrubs","Bath &amp; Body Care, Exfoliators, Peels &amp; Scrubs, Body Wash, Body Body, BRIGHTENING, EXFOLIATING, BRIGHTENING, Vitamin c, body wash",,22.0,,exfoliators-peels-scrubs|body-wash|body-care|brightening|olay,1,1,9187,product title (no per-product SEO override found in source),"product description, truncated (no per-product SEO override found in source)"
9678,bm-pro-full-filter-foundation,BM PRO FULL FILTER FOUNDATION,active,BM PRO,Foundation,"Face, Foundation, Makeup, makeup, Foundation",,8.99,,face|bm-pro,1,12,9678,product title (no per-product SEO override found in source),"product description, truncated (no per-product SEO override found in source)"
10216,bm-pro-full-filter-pressed-powder,BM PRO FULL FILTER PRESSED POWDER,active,BM PRO,Powder,"Face, Makeup, Powder, face, Powder",,8.99,,face|bm-pro,1,19,10216,product title (no per-product SEO override found in source),"product description, truncated (no per-product SEO override found in source)"
10415,anua-azelaic-acid-10-hyaluron,Anua Azelaic Acid 10 Hyaluron,active,Anua,Serums &amp; Treatment,"Skin Care, Serums &amp; Treatment, acne treatment, Dark spots &amp; Discoloration serums",,25.0,,serums-treatment|acne-treatment|serums-treatment|anua,2,1,10415,product title (no per-product SEO override found in source),"product description, truncated (no per-product SEO override found in source)"
10419,jumiso-brightening-balancing-facial-serum,Jumiso Brightening & Balancing Facial Serum,active,Jumiso,Serums &amp; Treatment,"Skin Care, Serums &amp; Treatment, Glow serum, Dark spots &amp; Discoloration serums, BRIGHTENING, BRIGHTENING, face serum",,15.0,,serums-treatment|serums-treatment|serums-treatment|brightening|jumiso,3,1,10419,product title (no per-product SEO override found in source),"product description, truncated (no per-product SEO override found in source)"
10476,olay-aha-bha-body-wash,Olay AHA/BHA Body Wash,active,Olay,"Exfoliators, Peels &amp; Scrubs","Skin Care, Bath &amp; Body Care, Exfoliators, Peels &amp; Scrubs, Body Wash",,20.0,,exfoliators-peels-scrubs|body-wash|olay,6,1,10476,product title (no per-product SEO override found in source),"product description, truncated (no per-product SEO override found in source)"
10500,bm-pro-24hrs-mattifying-makeup-primer,BM PRO 24HRS MATTIFYING MAKEUP PRIMER,active,BM PRO,Primers,"Face, Makeup, Primers, PRIMER",,8.0,15.0,face|bm-pro,1,1,10500,product title (no per-product SEO override found in source),"product description, truncated (no per-product SEO override found in source)"
10504,bm-pro-gel-eyeliner-black-blue-green-wine,"BM PRO Gel Eyeliner (Black, Blue, Green, Wine)",active,BM PRO,Eyeliner,"Eyes, Eyeliner, Makeup",,3.0,,eyes|bm-pro,5,5,10504,product title (no per-product SEO override found in source),"product description, truncated (no per-product SEO override found in source)"
10515,bm-pro-volumizing-mascara,BM PRO Volumizing Mascara,active,BM PRO,Mascara,"Eyes, Mascara, Makeup, MASCARA",,3.99,7.0,eyes|bm-pro,1,1,10515,product title (no per-product SEO override found in source),"product description, truncated (no per-product SEO override found in source)"
10518,bm-pro-vavavoom-mascara,BM PRO Vavavoom Mascara,active,BM PRO,Mascara,"Eyes, Mascara, Makeup, MASACARA",,3.99,7.0,eyes|bm-pro,1,1,10518,product title (no per-product SEO override found in source),"product description, truncated (no per-product SEO override found in source)"
10522,bm-pro-brow-shader-pencil,BM PRO Brow Shader Pencil,active,BM PRO,Eyebrow Products,"Eyes, Eyebrow Products, Makeup, BROW PENCIL",,3.99,7.0,eyes|bm-pro,1,1,10522,product title (no per-product SEO override found in source),"product description, truncated (no per-product SEO override found in source)"
10524,bm-pro-coal-black-eye-pencil,BM PRO Coal Black Eye Pencil,active,BM PRO,Eyeliner,"Eyes, Eyeliner, Eye Pencil, Makeup, BLACK EYE PENCIL, EYE PENCIL",,3.99,7.0,eyes|bm-pro,1,1,10524,product title (no per-product SEO override found in source),"product description, truncated (no per-product SEO override found in source)"
10532,bm-pro-matte-lipstick,BM PRO Matte Lipstick,active,BM PRO,Lipstick,"Lips, Lipstick, Makeup, Lipstick, lipstain, matte velvet lipstick",,3.99,,lips|bm-pro,3,16,10532,product title (no per-product SEO override found in source),"product description, truncated (no per-product SEO override found in source)"
10559,bm-pro-creme-lipgloss,BM PRO CREME LIPGLOSS,active,BM PRO,Lip Gloss,"Face, Lips, Lip Gloss, Makeup, lips, Lipgloss",,3.99,,face|lips|bm-pro,1,20,10559,product title (no per-product SEO override found in source),"product description, truncated (no per-product SEO override found in source)"
10581,bm-pro-longlasting-lipgloss,BM PRO Longlasting Lipgloss,active,BM PRO,Lip Gloss,"Face, Lips, Lip Gloss, Lipstain, Makeup, lips, lipstain, lipglos",,12.0,,face|lips|bm-pro,1,26,10581,product title (no per-product SEO override found in source),"product description, truncated (no per-product SEO override found in source)"
10888,medix-vitamin-c-niacinamide-body-wash,Medix Vitamin C + Niacinamide Body Wash,active,Medix 5.5,Body Wash,"Bath &amp; Body Care, Body Wash, Body Body, CLEANSING, BRIGHTENING, BODY GLOW, body wash",,25.0,,body-wash|body-care|medix-5-5,5,1,10888,product title (no per-product SEO override found in source),"product description, truncated (no per-product SEO override found in source)"
11227,olay-super-serum-body-wash-for,Olay Super Serum Body Wash for,draft,Olay,Body Wash,"Bath &amp; Body Care, Body Wash",,21.78,,body-wash|olay,4,1,11227,product title (no per-product SEO override found in source),"product description, truncated (no per-product SEO override found in source)"
11341,nineless-b-boost-1-kojic-acid-serum-30ml,NINELESS B-Boost 1% Kojic Acid Serum 30ml,active,NINELESS,Serums &amp; Treatment,"Skin Care, Serums &amp; Treatment, Glow serum, Dark spots &amp; Discoloration serums, HYPERPIGMENTATION, BRIGHTENING, BRIGHTENING, hyperpigmentation, dark spots",,19.0,,serums-treatment|serums-treatment|serums-treatment|hyperpigmentation|brightening|nineless,5,1,11341,product title (no per-product SEO override found in source),"product description, truncated (no per-product SEO override found in source)"
11348,nineless-a-control-10-azelaic-acid-serum-30ml,NINELESS A-Control 10% Azelaic Acid Serum 30ml,active,NINELESS,Serums &amp; Treatment,"Skin Care, Serums &amp; Treatment, acne treatment, Dark spots &amp; Discoloration serums, acne treatment, EVEN TONE, BRIGHTENING, dark spots",,18.0,,serums-treatment|acne-treatment|serums-treatment|nineless,5,1,11348,product title (no per-product SEO override found in source),"product description, truncated (no per-product SEO override found in source)"
11698,0lay-vitamin-c-brightening-body-lotion,Olay Vitamin C Brightening Body Lotion,draft,Olay,Body Moisturizers,"Bath &amp; Body Care, Body Moisturizers, Body Lotion, Body Body, BRIGHTENING, HYDRATING, EVEN TONE, BRIGHTENING, MOISTURIZING, BODY GLOW, Vitamin c",,20.0,,body-moisturizers|body-lotion|body-care|brightening|olay,4,1,11698,product title (no per-product SEO override found in source),"product description, truncated (no per-product SEO override found in source)"
11897,viccabel-deluxe-pro-21-piece-makeup-brush-set,Viccabel Deluxe pro 21 piece Makeup Brush Set,active,Viccabel,Brushes &amp; Beauty Blenders,"Makeup, Brushes &amp; Beauty Blenders",,40.0,,brushes-beauty-blenders|viccabel,2,1,11897,product title (no per-product SEO override found in source),"product description, truncated (no per-product SEO override found in source)"
11901,nineless-mela-pro-5-tranexamic-acid-serum-30ml,Nineless MELA-PRO 5% Tranexamic Acid Serum 30ml,active,NINELESS,Serums &amp; Treatment,"Skin Care, Serums &amp; Treatment, Glow serum, Dark spots &amp; Discoloration serums, HYPERPIGMENTATION, BRIGHTENING, HYDRATING, EVEN TONE, BRIGHTENING, hyperpigmentation",,20.0,,serums-treatment|serums-treatment|serums-treatment|hyperpigmentation|brightening|nineless,4,1,11901,product title (no per-product SEO override found in source),"product description, truncated (no per-product SEO override found in source)"
12980,eos-body-lotion-creme-de-pistachio,Eos Body Lotion Crème de Pistachio,active,Eos,Body Moisturizers,"Bath &amp; Body Care, Body Moisturizers, Body Lotion, Body Body, Body Butter, MOISTURIZING",,18.0,,body-moisturizers|body-lotion|body-care|body-butter|eos,1,1,12980,product title (no per-product SEO override found in source),"product description, truncated (no per-product SEO override found in source)"
13301,skin-by-zaron-combo-deal,Skin By Zaron Combo Deal,active,Zaron,Sunscreen,"Bath &amp; Body Care, Sunscreen, Body Wash, Body Lotion, Dark spots &amp; Discoloration serums, Body Body, TRADEFAIR COMBO DEAL, Combo Deals, MOISTURISING, EVEN TONE, BRIGHTENING, BODY GLOW, body wash, TRADEFAIR COMBO DEAL",,85.0,90.0,sunscreen|body-wash|body-lotion|serums-treatment|body-care|tradefair-combo-deals|combo-deals|zaron,1,1,13301,product title (no per-product SEO override found in source),"product description, truncated (no per-product SEO override found in source)"
13314,dark-spots-hyperpigmentation-face-combo-deal,Dark Spots & Hyperpigmentation Face Combo Deal- Bundle,active,NINELESS,Serums &amp; Treatment,"Skin Care, Serums &amp; Treatment, Moisturizers &amp; Cream, Face Cleansers &amp; Wash, Face Toners, Mist &amp; Essence, Sunscreen, Glow serum, Dark spots &amp; Discoloration serums, HYPERPIGMENTATION, BRIGHTENING, TRADEFAIR COMBO DEAL, Combo Deals, acne treatment, BRIGHTENING, skin repair, sunscreen, hyperpigmentation, TRADEFAIR COMBO DEAL",,105.0,110.0,serums-treatment|moisturizers|face-cleansers-wash|face-toners-mist-essence|sunscreen|serums-treatment|serums-treatment|hyperpigmentation|brightening|tradefair-combo-deals|combo-deals|nineless,1,1,13314,product title (no per-product SEO override found in source),"product description, truncated (no per-product SEO override found in source)"
13317,medix-5-5-glow-bright-combo-deal,Medix 5.5 Glow Bright Combo Deal,active,Medix 5.5,Body Wash,"Bath &amp; Body Care, Body Wash, Body Lotion, Body Body, BRIGHTENING, TRADEFAIR COMBO DEAL, Combo Deals, EVEN TONE, BRIGHTENING, BODY GLOW, body wash, TRADEFAIR COMBO DEAL",,70.0,75.0,body-wash|body-lotion|body-care|brightening|tradefair-combo-deals|combo-deals|medix-5-5,1,1,13317,product title (no per-product SEO override found in source),"product description, truncated (no per-product SEO override found in source)"
13318,acne-blemish-fighter-combo-deal,Acne &amp; Blemish Fighter combo deal,active,Panoxyl,Serums &amp; Treatment,"Skin Care, Serums &amp; Treatment, Sunscreen, acne treatment, TRADEFAIR COMBO DEAL, Combo Deals, acne treatment, Barrier repair, TRADEFAIR COMBO DEAL",,82.0,87.0,serums-treatment|sunscreen|acne-treatment|tradefair-combo-deals|combo-deals|panoxyl,1,1,13318,product title (no per-product SEO override found in source),"product description, truncated (no per-product SEO override found in source)"
13319,acne-blemish-fighter-combo-deal-2,Acne &amp; Blemish Fighter combo deal (2),active,Panoxyl,Serums &amp; Treatment,"Skin Care, Serums &amp; Treatment, Sunscreen, acne treatment, TRADEFAIR COMBO DEAL, Combo Deals, acne treatment, Barrier repair, TRADEFAIR COMBO DEAL",,82.0,87.0,serums-treatment|sunscreen|acne-treatment|tradefair-combo-deals|combo-deals|panoxyl,1,1,13319,product title (no per-product SEO override found in source),"product description, truncated (no per-product SEO override found in source)"
13321,eos-body-lotion-combo-deal,EOS Body Lotion Combo Deal,active,Eos,Body Moisturizers,"Body Moisturizers, Body Lotion, Body Body, TRADEFAIR COMBO DEAL, MOISTURIZING, TRADEFAIR COMBO DEAL",,54.0,58.0,body-moisturizers|body-lotion|body-care|tradefair-combo-deals|eos,1,1,13321,product title (no per-product SEO override found in source),"product description, truncated (no per-product SEO override found in source)"
13323,good-molecules-blemish-discoloration-combo-deal,Good Molecules Blemish & Discolouration Combo Deal- Bundle,active,Good Molecules,Serums &amp; Treatment,"Serums &amp; Treatment, Dark spots &amp; Discoloration serums, HYPERPIGMENTATION, BRIGHTENING, TRADEFAIR COMBO DEAL, Combo Deals, EVEN TONE, BRIGHTENING, hyperpigmentation, dark spots, TRADEFAIR COMBO DEAL",,75.0,80.0,serums-treatment|serums-treatment|hyperpigmentation|brightening|tradefair-combo-deals|combo-deals|good-molecules,1,1,13323,product title (no per-product SEO override found in source),"product description, truncated (no per-product SEO override found in source)"
13324,hyperpigmentation-brightening-combo-deal,Hyperpigmentation & Brightening Combo Deal- Bundle,active,Acwell,Serums &amp; Treatment,"Skin Care, Serums &amp; Treatment, Moisturizers &amp; Cream, Face Cleansers &amp; Wash, Face Toners, Mist &amp; Essence, Sunscreen, Glow serum, Dark spots &amp; Discoloration serums, HYPERPIGMENTATION, BRIGHTENING, TRADEFAIR COMBO DEAL, Combo Deals, EVEN TONE, BRIGHTENING, hyperpigmentation, dark spots, TRADEFAIR COMBO DEAL",,110.0,115.0,serums-treatment|moisturizers|face-cleansers-wash|face-toners-mist-essence|sunscreen|serums-treatment|serums-treatment|hyperpigmentation|brightening|tradefair-combo-deals|combo-deals|acwell,1,1,13324,product title (no per-product SEO override found in source),"product description, truncated (no per-product SEO override found in source)"
13326,hyperpigmentation-brightening-combo-deal-2,Hyperpigmentation & Brightening Combo Deal - Bundle,active,Touch,Serums &amp; Treatment,"Skin Care, Serums &amp; Treatment, Moisturizers &amp; Cream, Face Cleansers &amp; Wash, Face Toners, Mist &amp; Essence, Sunscreen, Glow serum, Dark spots &amp; Discoloration serums, HYPERPIGMENTATION, BRIGHTENING, TRADEFAIR COMBO DEAL, Combo Deals, EVEN TONE, BRIGHTENING, hyperpigmentation, dark spots, TRADEFAIR COMBO DEAL",,115.0,120.0,serums-treatment|moisturizers|face-cleansers-wash|face-toners-mist-essence|sunscreen|serums-treatment|serums-treatment|hyperpigmentation|brightening|tradefair-combo-deals|combo-deals|touch,1,1,13326,product title (no per-product SEO override found in source),"product description, truncated (no per-product SEO override found in source)"
13327,olay-body-glow-combo-deal,Olay Body Glow Combo Deal,draft,Olay,Body Moisturizers,"Bath &amp; Body Care, Body Moisturizers, Body Wash, Body Lotion, Body Body, TRADEFAIR COMBO DEAL, EVEN TONE, BRIGHTENING, MOISTURIZING, BODY GLOW, Vitamin c, body wash, TRADEFAIR COMBO DEAL",,88.0,102.0,body-moisturizers|body-wash|body-lotion|body-care|tradefair-combo-deals|olay,2,1,13327,product title (no per-product SEO override found in source),"product description, truncated (no per-product SEO override found in source)"
13887,olay-brightening-exfoliating-cleanser-with-vitamin-c,Olay Brightening Exfoliating Face Cleanser with Vitamin C,active,Olay,Face Cleansers &amp; Wash,"Skin Care, Face Cleansers &amp; Wash, Exfoliators, Peels &amp; Scrubs, HYPERPIGMENTATION, BRIGHTENING, CLEANSING, EXFOLIATING, EVEN TONE, BRIGHTENING, hyperpigmentation, dark spots",,12.0,,face-cleansers-wash|exfoliators-peels-scrubs|hyperpigmentation|brightening|olay,5,1,13887,product title (no per-product SEO override found in source),"product description, truncated (no per-product SEO override found in source)"
13895,skin-by-zaron-vitamin-c-face-cream,Skin By Zaron Vitamin C Face Cream,active,Zaron,Moisturizers &amp; Cream,"Skin Care, Moisturizers &amp; Cream, BRIGHTENING",,16.0,,moisturizers|brightening|zaron,2,1,13895,product title (no per-product SEO override found in source),"product description, truncated (no per-product SEO override found in source)"
13901,skin-by-zaron-2-alpha-arbutin-serum,Skin By Zaron 2% Alpha-Arbutin serum,active,Zaron,Serums &amp; Treatment,"Skin Care, Serums &amp; Treatment, Glow serum, Dark spots &amp; Discoloration serums, HYPERPIGMENTATION, BRIGHTENING",,16.0,,serums-treatment|serums-treatment|serums-treatment|hyperpigmentation|brightening|zaron,1,1,13901,product title (no per-product SEO override found in source),"product description, truncated (no per-product SEO override found in source)"
13903,skin-by-zaron-7-glycolic-acid,Skin By Zaron 7% Glycolic Acid,active,Zaron,"Face Toners, Mist &amp; Essence","Skin Care, Face Toners, Mist &amp; Essence, Exfoliators, Peels &amp; Scrubs, Dark spots &amp; Discoloration serums",,15.0,,face-toners-mist-essence|exfoliators-peels-scrubs|serums-treatment|zaron,2,1,13903,product title (no per-product SEO override found in source),"product description, truncated (no per-product SEO override found in source)"
13908,skin-by-zaron-2-salicylic-acid-toner,Skin By Zaron 2% Salicylic Acid Toner,active,Zaron,"Face Toners, Mist &amp; Essence","Skin Care, Face Toners, Mist &amp; Essence, Exfoliators, Peels &amp; Scrubs, acne treatment",,15.0,,face-toners-mist-essence|exfoliators-peels-scrubs|acne-treatment|zaron,1,1,13908,product title (no per-product SEO override found in source),"product description, truncated (no per-product SEO override found in source)"
13917,annies-beauty-eyeshadow-palettes,Annies Beauty Eyeshadow Palettes,active,Annies Beauty,Eyeshadow,"Eyes, Face, Eyeshadow, Pigment, Glitter &amp; Base, Blushes, Makeup",,20.0,,eyes|face|annies-beauty,8,4,13917,product title (no per-product SEO override found in source),"product description, truncated (no per-product SEO override found in source)"
14352,skin1004-madagascar-centella-tone-brightening-boosting-toner,SKIN1004 Madagascar Centella Tone Brightening Boosting Toner,active,SKIN1004,"Face Toners, Mist &amp; Essence","Skin Care, Face Toners, Mist &amp; Essence, Dark spots &amp; Discoloration serums, Glow spray, BRIGHTENING, HYDRATING, EXFOLIATING, EVEN TONE, BRIGHTENING",,20.0,,face-toners-mist-essence|serums-treatment|serums-treatment|brightening|skin1004,2,1,14352,product title (no per-product SEO override found in source),"product description, truncated (no per-product SEO override found in source)"
15129,olay-dark-spot-correcting-body-lotion-aha-vitamin-c,Olay Dark Spot Correcting Body Lotion (AHA &VITAMIN C),active,Olay,"Exfoliators, Peels &amp; Scrubs","Skin Care, Bath &amp; Body Care, Exfoliators, Peels &amp; Scrubs, Body Lotion, Dark spots &amp; Discoloration serums, Body Body, HYPERPIGMENTATION, BRIGHTENING, EXFOLIATING, EVEN TONE, BRIGHTENING, dark spots, BODY GLOW, Vitamin c",,20.0,22.0,exfoliators-peels-scrubs|body-lotion|serums-treatment|body-care|hyperpigmentation|brightening|olay,3,1,15129,product title (no per-product SEO override found in source),"product description, truncated (no per-product SEO override found in source)"
15249,la-roche-posay-effaclar-dual-acne-face-wash-with-4-benzoyl-peroxide,La Roche-Posay Effaclar Dual Acne Face Wash With 4% Benzoyl Peroxide,active,La Roche-Posay,Face Cleansers &amp; Wash,"Skin Care, Face Cleansers &amp; Wash, Body Wash, acne treatment, acne treatment",,28.0,,face-cleansers-wash|body-wash|acne-treatment|la-roche-posay,3,1,15249,product title (no per-product SEO override found in source),"product description, truncated (no per-product SEO override found in source)"
15253,la-roche-posay-lipikar-ap-gentle-foaming-moisturizing-wash,La Roche-Posay Lipikar AP+ Gentle Foaming Moisturizing Wash,active,La Roche-Posay,Body Wash,"Bath &amp; Body Care, Body Wash, Baby wash &amp; lotion, Body Body, HYDRATING, CLEANSING, MOISTURISING, body wash",,30.0,,body-wash|baby-wash-lotion|body-care|la-roche-posay,6,1,15253,product title (no per-product SEO override found in source),"product description, truncated (no per-product SEO override found in source)"
15466,25pskyn-liqueur-1-69fl-oz-50ml,25Pskyn Liqueur 1.69fl oz / 50ml,active,25 Pskyn,Serums &amp; Treatment,"Uncategorized, Skin Care, Serums &amp; Treatment, Glow serum, Dark spots &amp; Discoloration serums, HYPERPIGMENTATION, BRIGHTENING",,33.32,,serums-treatment|serums-treatment|serums-treatment|hyperpigmentation|brightening|25-pskyn,3,1,15466,product title (no per-product SEO override found in source),"product description, truncated (no per-product SEO override found in source)"
15467,eos-body-mist,EOS Cashmere Body Mist,active,Eos,Body Mist,Body Mist,,19.0,,body-mist|eos,8,11,15467,product title (no per-product SEO override found in source),"product description, truncated (no per-product SEO override found in source)"
15752,25pskyn-mandelactone-50ml,25pskyn Mandelactone 50ml,active,25 Pskyn,Serums &amp; Treatment,"Skin Care, Serums &amp; Treatment, acne treatment",,30.0,33.32,serums-treatment|acne-treatment|25-pskyn,3,1,15752,product title (no per-product SEO override found in source),"product description, truncated (no per-product SEO override found in source)"
15865,embryolisse-lait-cream-moisturizer-30-ml,Embryolisse Lait Cream Moisturizer - 30 Ml,active,Embryolisse,Moisturizers &amp; Cream,"Skin Care, Moisturizers &amp; Cream",127-1-item-1,16.0,,moisturizers|embryolisse,1,1,15865,product title (no per-product SEO override found in source),"product description, truncated (no per-product SEO override found in source)"
16331,bolden-dark-spot-fix-2,Bolden Dark spot fix,active,Bolden,Serums &amp; Treatment,"Skin Care, Serums &amp; Treatment, Dark spots &amp; Discoloration serums, HYPERPIGMENTATION, BRIGHTENING, hyperpigmentation, dark spot",,22.0,,serums-treatment|serums-treatment|hyperpigmentation|brightening|bolden,1,1,16331,product title (no per-product SEO override found in source),"product description, truncated (no per-product SEO override found in source)"
16438,bolden-clarifying-cleanser,Bolden Skin Clarifying Cleanser,active,Bolden,Face Cleansers &amp; Wash,"Skin Care, Face Cleansers &amp; Wash",,19.0,,face-cleansers-wash|bolden,6,1,16438,product title (no per-product SEO override found in source),"product description, truncated (no per-product SEO override found in source)"
16441,bolden-sunscreen-moisturizer-spf-30-with-vitamin-c,Bolden Brightening Moisturizer | SPF 30 with Vitamin C,active,Bolden,Moisturizers &amp; Cream,"Skin Care, Moisturizers &amp; Cream, Sunscreen, BRIGHTENING, BRIGHTENING, MOISTURIZING, sunscreen",,24.0,,moisturizers|sunscreen|brightening|bolden,4,1,16441,product title (no per-product SEO override found in source),"product description, truncated (no per-product SEO override found in source)"
16443,bolden-brightening-toner,Bolden Skin Brightening Toner,active,Bolden,"Face Toners, Mist &amp; Essence","Skin Care, Face Toners, Mist &amp; Essence, HYPERPIGMENTATION, BRIGHTENING, EXFOLIATING, EVEN TONE, BRIGHTENING, dark spots",,22.0,,face-toners-mist-essence|hyperpigmentation|brightening|bolden,4,1,16443,product title (no per-product SEO override found in source),"product description, truncated (no per-product SEO override found in source)"
16445,sylvimak-smooth-affair-finishing-powder-palette,Sylvimak Smooth Affair Finishing Powder Palette,active,Sylvimak,Foundation,"Face, Foundation, Highlight &amp; Contour, Makeup, Powder",,20.0,,face|sylvimak,2,2,16445,product title (no per-product SEO override found in source),"product description, truncated (no per-product SEO override found in source)"
16460,hegai-esther-photo-perfect-pressed-powder,Hegai & Esther photo perfect pressed powder,active,Hegai &amp; Esther,Powder,Powder,,8.5,,hegai-esther,1,1,16460,product title (no per-product SEO override found in source),"product description, truncated (no per-product SEO override found in source)"
16464,hegai-esther-lipgloss,Hegai & Esther lipgloss,active,Hegai &amp; Esther,Lip Gloss,Lip Gloss,,8.5,,hegai-esther,1,23,16464,product title (no per-product SEO override found in source),"product description, truncated (no per-product SEO override found in source)"
16467,artstick-matte-liquid-lipstick,Hegai & Esther Artstick matte liquid lipstick,active,Hegai &amp; Esther,Lipstick,Lipstick,,8.5,,hegai-esther,1,12,16467,product title (no per-product SEO override found in source),"product description, truncated (no per-product SEO override found in source)"
16482,eos-cashmere-body-lotion-holiday-collection,EOS Cashmere Body Lotion (Holiday Collection),active,Eos,Moisturizers &amp; Cream,"Bath &amp; Body Care, Moisturizers &amp; Cream, Body Moisturizers, Body Lotion, Body Body, Body Butter, Body Mist, moisturizer, MOISTURIZING, EOS, BODY LOTION",,19.0,,moisturizers|body-moisturizers|body-lotion|body-care|body-butter|body-mist|eos,9,5,16482,product title (no per-product SEO override found in source),"product description, truncated (no per-product SEO override found in source)"
16519,hegai-esther-powder-foundation,Hegai & Esther powder foundation,active,Hegai &amp; Esther,Powder,Powder,,11.5,,hegai-esther,1,7,16519,product title (no per-product SEO override found in source),"product description, truncated (no per-product SEO override found in source)"
16529,hegai-esther-photo-perfect-liquid-foundation,Hegai & Esther photo perfect liquid foundation,active,Hegai &amp; Esther,Foundation,Foundation,,14.0,,hegai-esther,1,12,16529,product title (no per-product SEO override found in source),"product description, truncated (no per-product SEO override found in source)"
16532,velvet-matte-lipstick,Hegai & Esther Velvet Matte Lipstick,active,Hegai &amp; Esther,Lipstick,Lipstick,,4.5,,hegai-esther,1,9,16532,product title (no per-product SEO override found in source),"product description, truncated (no per-product SEO override found in source)"
16543,photo-perfect-concealer,Hegai & Esther Photo Perfect Concealer,active,Hegai &amp; Esther,Concealer,Concealer,,4.5,,hegai-esther,1,7,16543,product title (no per-product SEO override found in source),"product description, truncated (no per-product SEO override found in source)"
16555,lip-definer,Hegai & Esther Lip Definer,active,Hegai &amp; Esther,Lip Pencil,Lip Pencil,,4.5,,hegai-esther,1,7,16555,product title (no per-product SEO override found in source),"product description, truncated (no per-product SEO override found in source)"
16557,flash-drops-liquid-highlighter,Flash Drops Liquid Highlighter,active,Hegai &amp; Esther,Highlight &amp; Contour,Highlight &amp; Contour,,7.0,,hegai-esther,1,5,16557,product title (no per-product SEO override found in source),"product description, truncated (no per-product SEO override found in source)"
16820,eucerin-roughness-relief-lotion,Eucerin Roughness Relief smoothing Lotion,active,Eucerin,Moisturizers &amp; Cream,"Bath &amp; Body Care, Moisturizers &amp; Cream, Body Moisturizers, Body Lotion, Body Body",,18.0,,moisturizers|body-moisturizers|body-lotion|body-care|eucerin,1,1,16820,product title (no per-product SEO override found in source),"product description, truncated (no per-product SEO override found in source)"
16821,eucerin-eczema-relief-cream,Eucerin Eczema Relief Cream,active,Eucerin,Body Lotion,"Body Lotion, eczema",,17.0,,body-lotion|eucerin,1,1,16821,product title (no per-product SEO override found in source),"product description, truncated (no per-product SEO override found in source)"
16825,eucerin-advanced-repair-lotion,Eucerin Intensive Repair Lotion,active,Eucerin,Moisturizers &amp; Cream,"Moisturizers &amp; Cream, Body Moisturizers, Body Lotion, Dry skin",,18.0,,moisturizers|body-moisturizers|body-lotion|eucerin,1,1,16825,product title (no per-product SEO override found in source),"product description, truncated (no per-product SEO override found in source)"
16966,25-pskyn-uv-warrior-sunscreen,25pskyn UV Warrior SPF 50+ Broad Spectrum Sunscreen 150ml,active,25 Pskyn,Sunscreen,"Sunscreen, HYPERPIGMENTATION, sunscreen",,30.0,,sunscreen|hyperpigmentation|25-pskyn,1,1,16966,product title (no per-product SEO override found in source),"product description, truncated (no per-product SEO override found in source)"
16969,yglam-cheeksy-cream-blush-palette,Yglam cheeksy cream blush palette,active,Yglam,Blushes,Blushes,,16.99,,yglam,1,1,16969,product title (no per-product SEO override found in source),"product description, truncated (no per-product SEO override found in source)"
16971,yglam-cheesksy-powder-blush-palette,Yglam cheesksy powder blush palette,active,Yglam,Blushes,Blushes,,20.0,,yglam,1,1,16971,product title (no per-product SEO override found in source),"product description, truncated (no per-product SEO override found in source)"
17476,vaseline-clinical-care-dry-hands-rescue,Vaseline Clinical Care Dry Hands Rescue,active,Vaseline,Hand cream,"Moisturizers &amp; Cream, Hand cream",,6.5,,moisturizers|vaseline,1,1,17476,product title (no per-product SEO override found in source),"product description, truncated (no per-product SEO override found in source)"
17478,vaseline-glazed-and-glisten-shimmering-oil,Vaseline Glazed and Glisten Shimmering Oil,active,Vaseline,Body Oil,"Body Oil, shimmering oil",,12.0,,body-oil|vaseline,1,3,17478,product title (no per-product SEO override found in source),"product description, truncated (no per-product SEO override found in source)"
17487,olay-super-serum-body-lotion,Olay Super Serum Body Lotion,active,Olay,Body Moisturizers,"Body Moisturizers, Body Lotion, Body Body, HYDRATING, BODY GLOW, BODY LOTION",,22.0,,body-moisturizers|body-lotion|body-care|olay,2,1,17487,product title (no per-product SEO override found in source),"product description, truncated (no per-product SEO override found in source)"
17491,aquaphor-lip-repair-2pack,Aquaphor Immediate Relief Lip Repair Balm 2pack,active,Aquaphor,Lipbalm,Lipbalm,,12.99,,aquaphor,1,1,17491,product title (no per-product SEO override found in source),"product description, truncated (no per-product SEO override found in source)"
17494,neutrogena-oil-free-acne-wash-pink-grapefruit-foaming-scrub,Neutrogena Oil Free Acne Wash Pink Grapefruit Foaming Scrub,active,Neutrogena,Face Cleansers &amp; Wash,"Face Cleansers &amp; Wash, Exfoliators, Peels &amp; Scrubs, acne treatment",,15.0,,face-cleansers-wash|exfoliators-peels-scrubs|acne-treatment|neutrogena,1,1,17494,product title (no per-product SEO override found in source),"product description, truncated (no per-product SEO override found in source)"
17496,neutrogena-oil-free-acne-wash-fragrance-free,Neutrogena Oil Free Acne Wash Pink Grapefruit Facial Cleanser,active,Neutrogena,Face Cleansers &amp; Wash,"Face Cleansers &amp; Wash, Acne wash",,15.0,,face-cleansers-wash|neutrogena,1,1,17496,product title (no per-product SEO override found in source),"product description, truncated (no per-product SEO override found in source)"
17503,eos-shave-oil,Eos Shave Oil,active,Eos,Body Oil,"Body Oil, shave oil",,13.0,,body-oil|eos,3,4,17503,product title (no per-product SEO override found in source),"product description, truncated (no per-product SEO override found in source)"
17510,good-molecules-caffeine-energizing-hydrogel-eye-patches,Good Molecules Caffeine Energizing Hydrogel Eye Patches,active,Good Molecules,Mask,"Mask, eye patches, eye mask",,25.0,,face-mask|good-molecules,1,1,17510,product title (no per-product SEO override found in source),"product description, truncated (no per-product SEO override found in source)"
17601,oil-free-acne-wash-with-salicylic-acid-fragrance-free,Neutrogena Oil Free Acne Wash With Salicylic acid Fragrance Free,active,Neutrogena,Face Cleansers &amp; Wash,"Face Cleansers &amp; Wash, Acne wash",,15.0,,face-cleansers-wash|neutrogena,1,1,17601,product title (no per-product SEO override found in source),"product description, truncated (no per-product SEO override found in source)"
17663,sun-bum-kids-spf-50-clear-sunscreen-stick,Sun bum kids SPF 50 Clear Sunscreen Stick,active,Sun bum,Sunscreen,Sunscreen,,13.99,,sunscreen|sun-bum,1,1,17663,product title (no per-product SEO override found in source),"product description, truncated (no per-product SEO override found in source)"
17665,sun-bum-kids-spf-50-clear-sunscreen-lotion,Sun bum Kids SPF 50 Clear Sunscreen Lotion,active,,Uncategorized,"Uncategorized, kids sunscreen",,16.0,,,1,1,17665,product title (no per-product SEO override found in source),"product description, truncated (no per-product SEO override found in source)"
17860,tola-banks-beauty-brush-set,Tola Banks Beauty Brush Set,active,Tola Banks,Face,"Face, Makeup, Tools &amp; Accessories, Brushes &amp; Beauty Blenders, Beauty Tools",,50.0,55.0,face|tools-accessories|brushes-beauty-blenders|tola-banks,5,1,17860,product title (no per-product SEO override found in source),"product description, truncated (no per-product SEO override found in source)"
18359,skin1004-madagascar-centella-tone-brightening-ampoule,Skin1004 Madagascar Centella Tone Brightening Ampoule,active,SKIN1004,Serums &amp; Treatment,"Skin Care, Serums &amp; Treatment, BRIGHTENING",,20.0,,serums-treatment|brightening|skin1004,1,1,18359,product title (no per-product SEO override found in source),"product description, truncated (no per-product SEO override found in source)"
18407,olay-salicylic-acid-body-wash-530ml,Olay Salicylic Acid Body Wash (530ml),active,Olay,Body Wash,"Skin Care, Bath &amp; Body Care, Body Wash, acne treatment, Body Body",,20.0,,body-wash|acne-treatment|body-care|olay,4,1,18407,product title (no per-product SEO override found in source),"product description, truncated (no per-product SEO override found in source)"
18477,pan0xyl-blemish-aftercare-brightening-patches,Pan0xyl Blemish Aftercare Brightening Patches,active,Panoxyl,acne treatment,acne treatment,,13.99,,acne-treatment|panoxyl,4,1,18477,product title (no per-product SEO override found in source),"product description, truncated (no per-product SEO override found in source)"
18482,panoxyl-overnight-spot-patches,Panoxyl overnight spot patches,active,Panoxyl,acne treatment,acne treatment,,12.0,,acne-treatment|panoxyl,1,1,18482,product title (no per-product SEO override found in source),"product description, truncated (no per-product SEO override found in source)"
18488,cosrx-the-6-peptide-skin-booster,Cosrx The 6 Peptide Skin Booster,active,Cosrx,"Face Toners, Mist &amp; Essence","Face Toners, Mist &amp; Essence",,18.0,,face-toners-mist-essence|cosrx,1,1,18488,product title (no per-product SEO override found in source),"product description, truncated (no per-product SEO override found in source)"
18632,tiam-vita-b5-toner,Tiam Vita B5 Toner,active,Tiam,"Face Toners, Mist &amp; Essence","Skin Care, Face Toners, Mist &amp; Essence, Dark spots &amp; Discoloration serums, Glow spray, HYPERPIGMENTATION, BRIGHTENING",,15.0,,face-toners-mist-essence|serums-treatment|serums-treatment|hyperpigmentation|brightening|tiam,1,1,18632,product title (no per-product SEO override found in source),"product description, truncated (no per-product SEO override found in source)"
18636,tiam-alpha-5-mela-care-cream,Tiam Alpha-5 Mela Care Cream,active,Tiam,Serums &amp; Treatment,"Skin Care, Serums &amp; Treatment, Moisturizers &amp; Cream, HYPERPIGMENTATION, BRIGHTENING, BRIGHTENING, hyperpigmentation, dark spots, acne marks, dull skin, uneven skin tone",,16.0,,serums-treatment|moisturizers|hyperpigmentation|brightening|tiam,1,1,18636,product title (no per-product SEO override found in source),"product description, truncated (no per-product SEO override found in source)"
18638,tiam-snail-azulene-low-ph-cleanser,Tiam Snail & Azulene Low Ph Cleanser,active,Tiam,Face Cleansers &amp; Wash,"Face Cleansers &amp; Wash, HYDRATING, face wash, Face Cleanser, Snail mucin",,15.0,,face-cleansers-wash|tiam,1,1,18638,product title (no per-product SEO override found in source),"product description, truncated (no per-product SEO override found in source)"
18642,dr-althea-345-relief-cream,Dr Althea 345 Relief Cream,active,Dr Althea,Moisturizers &amp; Cream,"Moisturizers &amp; Cream, moisturizer, relief cream, post acne cream",,22.0,,moisturizers|dr-althea,2,1,18642,product title (no per-product SEO override found in source),"product description, truncated (no per-product SEO override found in source)"
18645,dr-althea-gentle-vitamin-c-serum,Dr Althea Gentle Vitamin C Serum,active,Dr Althea,Serums &amp; Treatment,"Skin Care, Serums &amp; Treatment, Glow serum, Dark spots &amp; Discoloration serums, BRIGHTENING, BRIGHTENING, dark spots, Vitamin c, dull skin, pigmentation",,20.0,,serums-treatment|serums-treatment|serums-treatment|brightening|dr-althea,3,1,18645,product title (no per-product SEO override found in source),"product description, truncated (no per-product SEO override found in source)"
18649,25-pskyn-trio-pskyn-cleanser,25pskyn Trio Pskyn Cleanser 250ml,active,25 Pskyn,Face Cleansers &amp; Wash,"Skin Care, Face Cleansers &amp; Wash, face wash, Face Cleanser, blemish prone skin, oily skin",,19.99,22.0,face-cleansers-wash|25-pskyn,1,1,18649,product title (no per-product SEO override found in source),"product description, truncated (no per-product SEO override found in source)"
18735,cerave-renewing-sa-cleanser,Cerave Renewing SA Cleanser,active,Cerave,Face Cleansers &amp; Wash,"Face Cleansers &amp; Wash, acne treatment, acne face wash, acne face cleanser, acne prone skin, salicylic acid wash",,22.0,,face-cleansers-wash|acne-treatment|cerave,1,1,18735,product title (no per-product SEO override found in source),"product description, truncated (no per-product SEO override found in source)"
18738,cerave-foaming-facial-cleanser,Cerave Foaming Facial cleanser,active,Cerave,Face Cleansers &amp; Wash,"Face Cleansers &amp; Wash, Face Cleanser, daily face wash",,22.0,,face-cleansers-wash|cerave,3,1,18738,product title (no per-product SEO override found in source),"product description, truncated (no per-product SEO override found in source)"
18742,cerave-hydrating-facial-cleanser,Cerave Hydrating Facial Cleanser,active,Cerave,Face Cleansers &amp; Wash,"Face Cleansers &amp; Wash, HYDRATING, face wash, Face Cleanser",,22.0,,face-cleansers-wash|cerave,4,1,18742,product title (no per-product SEO override found in source),"product description, truncated (no per-product SEO override found in source)"
18748,palmers-cocoa-butter-formula-tahitian-vanilla-body-lotion,Palmers Cocoa Butter Formula Tahitian Vanilla Body Lotion.,active,Palmer's,Moisturizers &amp; Cream,"Skin Care, Bath &amp; Body Care, Moisturizers &amp; Cream, Body Moisturizers, Body Lotion, moisturizer, HYDRATING, body loton, vanilla body lotion",,12.0,,moisturizers|body-moisturizers|body-lotion|palmers,2,1,18748,product title (no per-product SEO override found in source),"product description, truncated (no per-product SEO override found in source)"
18752,roc-derm-correxion-retinol-firming-serum-stick,ROC Derm Correxion Retinol Firming Serum Stick,active,ROC,Serums &amp; Treatment,"Skin Care, Serums &amp; Treatment, retinoid, retinol cream",,39.99,,serums-treatment|roc,3,1,18752,product title (no per-product SEO override found in source),"product description, truncated (no per-product SEO override found in source)"
18756,differin-0-1-adapalene-gel-treatment-15g,Differin 0.1% Adapalene Gel Treatment,active,Differin,Serums &amp; Treatment,"Skin Care, Serums &amp; Treatment, acne treatment, acne treatment, acne prone skin, adapalene gel",,40.0,,serums-treatment|acne-treatment|differin,1,2,18756,product title (no per-product SEO override found in source),"product description, truncated (no per-product SEO override found in source)"
18834,cerave-resurfacing-retinol-serum,Cerave Resurfacing Retinol Serum,active,Cerave,Serums &amp; Treatment,"Serums &amp; Treatment, acne treatment",,12.0,,serums-treatment|acne-treatment|cerave,3,1,18834,product title (no per-product SEO override found in source),"product description, truncated (no per-product SEO override found in source)"
18838,cerave-acne-foaming-cream-cleanser,Cerave Acne Control Cleanser 16fL,active,Cerave,Face Cleansers &amp; Wash,"Face Cleansers &amp; Wash, acne treatment",,22.0,,face-cleansers-wash|acne-treatment|cerave,1,1,18838,product title (no per-product SEO override found in source),"product description, truncated (no per-product SEO override found in source)"
18843,olay-super-serum-body-cream,Olay Super Serum Body Cream,active,Olay,Body Moisturizers,"Bath &amp; Body Care, Body Moisturizers, Body Lotion, Body Body, Body Butter, moisturizer, BODY LOTION",,18.0,,body-moisturizers|body-lotion|body-care|body-butter|olay,1,1,18843,product title (no per-product SEO override found in source),"product description, truncated (no per-product SEO override found in source)"
18893,hegai-esther-culture-mix-palette,Hegai & Esther culture mix palette,active,Hegai &amp; Esther,Eyeshadow,Eyeshadow,,15.0,,hegai-esther,3,1,18893,product title (no per-product SEO override found in source),"product description, truncated (no per-product SEO override found in source)"
18897,hegai-esther-earthen-magic-palette,Hegai & Esther Earthen Magic Palette,active,Hegai &amp; Esther,Eyeshadow,"Eyes, Eyeshadow, Makeup",,15.0,,eyes|hegai-esther,3,1,18897,product title (no per-product SEO override found in source),"product description, truncated (no per-product SEO override found in source)"
19224,isntree-hylauronic-acid-moist-cream,Isntree Hylauronic Acid Moist Cream,active,Isntree,Moisturizers &amp; Cream,Moisturizers &amp; Cream,,15.0,,moisturizers|isntree,1,1,19224,product title (no per-product SEO override found in source),"product description, truncated (no per-product SEO override found in source)"
19572,25pskyn-pigma-blend-cream,25Pskyn Pigma Blend Cream,active,25 Pskyn,Serums &amp; Treatment,"Skin Care, Serums &amp; Treatment, Glow serum, Dark spots &amp; Discoloration serums, HYPERPIGMENTATION, BRIGHTENING, EVEN TONE, BRIGHTENING, hyperpigmentation, dark spots",,28.0,,serums-treatment|serums-treatment|serums-treatment|hyperpigmentation|brightening|25-pskyn,1,1,19572,product title (no per-product SEO override found in source),"product description, truncated (no per-product SEO override found in source)"
19575,25pskyn-kojitrinol-pads,25Pskyn Kojitrinol Pads,active,25 Pskyn,Serums &amp; Treatment,"Skin Care, Serums &amp; Treatment, Glow serum, Dark spots &amp; Discoloration serums, HYPERPIGMENTATION, BRIGHTENING",,30.0,,serums-treatment|serums-treatment|serums-treatment|hyperpigmentation|brightening|25-pskyn,2,1,19575,product title (no per-product SEO override found in source),"product description, truncated (no per-product SEO override found in source)"
19579,25pskyn-trinity-pads,25Pskyn Trinity Pads,active,25 Pskyn,Skin Care,"Skin Care, acne treatment, acne treatment, acne prone skin",,35.0,,acne-treatment|25-pskyn,1,1,19579,product title (no per-product SEO override found in source),"product description, truncated (no per-product SEO override found in source)"
19653,olay-total-effects-revitalizing-foaming-face-cleanser,Olay Total Effects Revitalizing Foaming Face Cleanser,active,Olay,Face Cleansers &amp; Wash,"Face Cleansers &amp; Wash, face, Face Cleanser",,10.0,,face-cleansers-wash|olay,2,1,19653,product title (no per-product SEO override found in source),"product description, truncated (no per-product SEO override found in source)"
19656,olay-bump-erasing-exfoliating-body-wash,Olay Bump Erasing Exfoliating Body Wash,active,Olay,Body Wash,Body Wash,,20.0,,body-wash|olay,1,1,19656,product title (no per-product SEO override found in source),"product description, truncated (no per-product SEO override found in source)"
19658,annies-beauty-cheek-sensation-volume-2-blush-palette,Annies beauty Cheek Sensation Volume 2 Blush palette,active,Annies Beauty,Blushes,Blushes,,20.0,,annies-beauty,2,1,19658,product title (no per-product SEO override found in source),"product description, truncated (no per-product SEO override found in source)"
19738,zaron-longwear-gel-eyeliner,Zaron Longwear Gel Eyeliner,active,Zaron,Eyeliner,Eyeliner,,6.0,,zaron,1,1,19738,product title (no per-product SEO override found in source),"product description, truncated (no per-product SEO override found in source)"
19754,mila-5-in-1-lashes,Mila 5 in 1 lashes,active,Msmetics,Eyelash Extensions &amp; Glue,Eyelash Extensions &amp; Glue,,10.0,,msmetics,1,1,19754,product title (no per-product SEO override found in source),"product description, truncated (no per-product SEO override found in source)"
19756,wynkk-5-in-1-lashes-match-me-up,Wynkk 5 in 1 lashes Match me up,active,Msmetics,Eyelash Extensions &amp; Glue,Eyelash Extensions &amp; Glue,,10.0,,msmetics,1,1,19756,product title (no per-product SEO override found in source),"product description, truncated (no per-product SEO override found in source)"
19858,la-roche-posay-toleriane-purifying-foaming-cleanser,La roche Posay Toleriane Purifying Foaming Cleanser,active,La Roche-Posay,Face Cleansers &amp; Wash,Face Cleansers &amp; Wash,,27.99,,face-cleansers-wash|la-roche-posay,1,1,19858,product title (no per-product SEO override found in source),"product description, truncated (no per-product SEO override found in source)"
19860,palmers-tahitian-vanilla-moisture-drenching-body-oil,Palmers Tahitian Vanilla Moisture Drenching Body Oil,active,Palmer's,Body Oil,Body Oil,,18.0,,body-oil|palmers,1,1,19860,product title (no per-product SEO override found in source),"product description, truncated (no per-product SEO override found in source)"
19863,palmers-brazilian-coco-firming-bum-bust-body-oil,"Palmers Brazilian Coco Firming Bum, Bust & Body Oil.",active,Palmer's,Body Oil,Body Oil,,18.0,,body-oil|palmers,1,1,19863,product title (no per-product SEO override found in source),"product description, truncated (no per-product SEO override found in source)"
20187,panoxyl-acne-banishing-body-spray,Panoxyl Acne Banishing Body Spray,active,Panoxyl,acne treatment,acne treatment,,18.0,,acne-treatment|panoxyl,2,1,20187,product title (no per-product SEO override found in source),"product description, truncated (no per-product SEO override found in source)"
20525,beauty-by-ad-dew-drop-foundation,Beauty By Ad Dew Drop Foundation,active,Beauty by AD,Foundation,Foundation,,30.0,,beauty-by-ad,1,5,20525,product title (no per-product SEO override found in source),"product description, truncated (no per-product SEO override found in source)"
20539,beauty-by-ad-lip-luxe-potion-lip-oil,Beauty By Ad Lip Luxe Potion Lip Oil,active,Beauty by AD,Lip oil,Lip oil,,8.99,,beauty-by-ad,1,2,20539,product title (no per-product SEO override found in source),"product description, truncated (no per-product SEO override found in source)"
20546,beauty-by-ad-ethereal-essence-lipgloss,Beauty By Ad Ethereal Essence Lipgloss,active,Beauty by AD,Lip Gloss,Lip Gloss,,10.99,,beauty-by-ad,1,5,20546,product title (no per-product SEO override found in source),"product description, truncated (no per-product SEO override found in source)"
20568,tehila-air-brush-primer,Tehila Air Brush Primer,active,Tehila,Setting &amp; Finishing Spray,"Makeup, Setting &amp; Finishing Spray, Primers",,15.0,,tehila,1,1,20568,product title (no per-product SEO override found in source),"product description, truncated (no per-product SEO override found in source)"
20595,tolabanks-beauty-lipgloss,Tola Banks  Beauty Lipgloss,active,Tola Banks,Lip Gloss,"Lips, Lip Gloss",,6.99,,lips|tola-banks,2,7,20595,product title (no per-product SEO override found in source),"product description, truncated (no per-product SEO override found in source)"
20616,blossom-makeup-moist-essence-moisturizer,Blossom makeup moist essence moisturizer,active,Blossom,Moisturizers &amp; Cream,"Makeup, Moisturizers &amp; Cream",,10.0,,moisturizers|blossom,1,1,20616,product title (no per-product SEO override found in source),"product description, truncated (no per-product SEO override found in source)"
20622,uncover-green-tea-revitalizing-cleanser,Uncover Green Tea Revitalizing Cleanser,active,Uncover,Face Cleansers &amp; Wash,"Skin Care, Face Cleansers &amp; Wash",,12.0,,face-cleansers-wash|uncover,1,1,20622,product title (no per-product SEO override found in source),"product description, truncated (no per-product SEO override found in source)"
20625,uncover-mini-green-tea-revitalizing-cleanser,Uncover Mini Green Tea Revitalizing cleanser,active,Uncover,Face Cleansers &amp; Wash,"Skin Care, Face Cleansers &amp; Wash",,5.99,,face-cleansers-wash|uncover,1,1,20625,product title (no per-product SEO override found in source),"product description, truncated (no per-product SEO override found in source)"
20627,uncover-argan-hydrating-moisturizer,Uncover Argan Hydrating Moisturizer,active,Uncover,Face Cleansers &amp; Wash,Face Cleansers &amp; Wash,,14.99,,face-cleansers-wash|uncover,3,1,20627,product title (no per-product SEO override found in source),"product description, truncated (no per-product SEO override found in source)"
20632,uncover-mini-argan-hydrating-cleanser,Uncover Mini Argan Hydrating Moisturizer,active,Uncover,Moisturizers &amp; Cream,Moisturizers &amp; Cream,,4.99,,moisturizers|uncover,1,1,20632,product title (no per-product SEO override found in source),"product description, truncated (no per-product SEO override found in source)"
20634,uncover-mini-aloe-invincible-sunscreen,Uncover Mini Aloe Invincible Sunscreen,active,Uncover,Sunscreen,Sunscreen,,10.0,,sunscreen|uncover,1,1,20634,product title (no per-product SEO override found in source),"product description, truncated (no per-product SEO override found in source)"
20637,uncover-aloe-invincible-sunscreen,Uncover Aloe Invincible Sunscreen,active,,Sunscreen,Sunscreen,,16.99,,sunscreen,4,1,20637,product title (no per-product SEO override found in source),"product description, truncated (no per-product SEO override found in source)"
20647,single-tray-makeup-chair,Single Tray makeup chair,active,,Beauty Tools,Beauty Tools,,140.0,150.0,,1,1,20647,product title (no per-product SEO override found in source),"product description, truncated (no per-product SEO override found in source)"
20770,classic-makeup-mattifying-face-primer,Classic Makeup Mattifying Face Primer,active,Classic Makeup,Makeup,Makeup,,8.99,,classic-makeup,1,1,20770,product title (no per-product SEO override found in source),"product description, truncated (no per-product SEO override found in source)"
20773,blossom-makeup-pretty-pout-lip-palette,Blossom Makeup Pretty Pout Lip Palette,active,,Lip Pallet,"Lip Pallet, Makeup",,11.99,,,1,1,20773,product title (no per-product SEO override found in source),"product description, truncated (no per-product SEO override found in source)"
21659,skin-by-zaron-glow-hydrating-body-oil,Skin by Zaron Glow & Hydrating Body Oil,active,Zaron,Body Oil,"Bath &amp; Body Care, Body Oil, Body Body, FIRMING, HYDRATING, body oil, brightening body oil",,15.0,,body-oil|body-care|zaron,2,1,21659,product title (no per-product SEO override found in source),"product description, truncated (no per-product SEO override found in source)"
21820,eos-creme-de-pistachio-body-wash,Eos Crème De Pistachio Body Wash,active,Eos,Body Wash,"Bath &amp; Body Care, Body Wash, EOS body wash",,18.0,,body-wash|eos,1,1,21820,product title (no per-product SEO override found in source),"product description, truncated (no per-product SEO override found in source)"
21822,alpha-skincare-essential-renewal-cream-10-glycolic-aha,Alpha Skincare Essential Renewal Cream 10% Glycolic AHA,active,Alpha Skin Care,Moisturizers &amp; Cream,"Moisturizers &amp; Cream, HYPERPIGMENTATION",,18.0,,moisturizers|hyperpigmentation|alpha-skin-care,1,1,21822,product title (no per-product SEO override found in source),"product description, truncated (no per-product SEO override found in source)"
21824,alpha-skincare-intensive-renewal-serum-14-glycolic-aha,Alpha Skincare Intensive Renewal Serum 14% Glycolic AHA,active,Alpha Skin Care,Serums &amp; Treatment,Serums &amp; Treatment,,18.0,,serums-treatment|alpha-skin-care,1,1,21824,product title (no per-product SEO override found in source),"product description, truncated (no per-product SEO override found in source)"
21827,tropicrem-mela-unifying-ultra-moisturizing-milk-500ml,Topicrem Mela Unifying Ultra-Moisturizing Milk 500ml,active,Topicrem,Moisturizers &amp; Cream,"Bath &amp; Body Care, Moisturizers &amp; Cream, Body Moisturizers, Body Lotion, BRIGHTENING",,60.0,,moisturizers|body-moisturizers|body-lotion|brightening|topicrem,1,1,21827,product title (no per-product SEO override found in source),"product description, truncated (no per-product SEO override found in source)"
21830,naturium-urea-5-body-serum,Naturium Urea 5% Body Serum,active,Naturium,Serums &amp; Treatment,"Bath &amp; Body Care, Serums &amp; Treatment, Body Lotion, naturium",,27.0,,serums-treatment|body-lotion|naturium,1,1,21830,product title (no per-product SEO override found in source),"product description, truncated (no per-product SEO override found in source)"
21854,anua-niacinamide-5-txa-brightening-pad,Anua Niacinamide 5% TXA Brightening Pad,active,Anua,Serums &amp; Treatment,Serums &amp; Treatment,,26.0,,serums-treatment|anua,1,1,21854,product title (no per-product SEO override found in source),"product description, truncated (no per-product SEO override found in source)"
21856,good-molecules-hydrating-gel-moisturizer-with-electrolytes,Good Molecules Hydrating Gel Moisturizer With Electrolytes,active,Good Molecules,Moisturizers &amp; Cream,Moisturizers &amp; Cream,,15.0,,moisturizers|good-molecules,1,1,21856,product title (no per-product SEO override found in source),"product description, truncated (no per-product SEO override found in source)"
21858,acwell-licorice-ph-balancing-cleansing-toner-300ml,Acwell Licorice PH Balancing Cleansing Toner 300ML,active,Acwell,"Face Toners, Mist &amp; Essence","Face Toners, Mist &amp; Essence",,34.0,,face-toners-mist-essence|acwell,1,1,21858,product title (no per-product SEO override found in source),"product description, truncated (no per-product SEO override found in source)"
21860,topicrem-mela-unifying-ultra-moisturizing-milk-200ml,Topicrem Mela Unifying Ultra-Moisturizing Milk 200ml,active,Topicrem,Moisturizers &amp; Cream,"Moisturizers &amp; Cream, Body Moisturizers",,35.0,,moisturizers|body-moisturizers|topicrem,1,1,21860,product title (no per-product SEO override found in source),"product description, truncated (no per-product SEO override found in source)"
21973,paulas-choice-2-bha-liquid-exfoliant,Paula’s Choice BHA liquid exfoliant-  2%,draft,Paula’s choice,"Exfoliators, Peels &amp; Scrubs","Exfoliators, Peels &amp; Scrubs",,33.99,,exfoliators-peels-scrubs|paulas-choice,0,1,21973,product title (no per-product SEO override found in source),"product description, truncated (no per-product SEO override found in source)"
21976,good-molecules-yuzu-blemish-gel-cream,Good molecules yuzu blemish gel cream,active,Good Molecules,Serums &amp; Treatment,"Serums &amp; Treatment, Moisturizers &amp; Cream, acne treatment",,14.99,,serums-treatment|moisturizers|acne-treatment|good-molecules,1,1,21976,product title (no per-product SEO override found in source),"product description, truncated (no per-product SEO override found in source)"
23464,la-roche-posay-cicaplast-balm-b5,La Roche-Posay Cicaplast Balm B5+,active,La Roche-Posay,Moisturizers &amp; Cream,"Skin Care, Moisturizers &amp; Cream, Body Moisturizers, moisturizer",,22.0,,moisturizers|body-moisturizers|la-roche-posay,7,1,23464,product title (no per-product SEO override found in source),"product description, truncated (no per-product SEO override found in source)"
23521,uncover-baobab-glow-c-serum,Uncover Baobab Glow-C Serum,active,Uncover,Serums &amp; Treatment,"Skin Care, Serums &amp; Treatment, BRIGHTENING, EVEN TONE, BRIGHTENING",,15.0,,serums-treatment|brightening|uncover,2,1,23521,product title (no per-product SEO override found in source),"product description, truncated (no per-product SEO override found in source)"
23868,anua-rice-70-glow-milky-toner-250ml,Anua Rice 70+ Glow Milky Toner 250ml,active,Anua,Moisturizers &amp; Cream,"Moisturizers &amp; Cream, Face Toners, Mist &amp; Essence, toner, MOISTURISING, milky toner",,20.0,,moisturizers|face-toners-mist-essence|anua,1,1,23868,product title (no per-product SEO override found in source),"product description, truncated (no per-product SEO override found in source)"
23957,medix-5-5-glow-bright-combo-deal-copy,Medix 5.5 Glow Bright Combo Deal (Copy),draft,Medix 5.5,Body Wash,"Bath &amp; Body Care, Body Wash, Body Lotion, Body Body, BRIGHTENING, TRADEFAIR COMBO DEAL, Combo Deals, EVEN TONE, BRIGHTENING, BODY GLOW, body wash, TRADEFAIR COMBO DEAL",,70.0,75.0,body-wash|body-lotion|body-care|brightening|tradefair-combo-deals|combo-deals|medix-5-5,1,1,23957,product title (no per-product SEO override found in source),"product description, truncated (no per-product SEO override found in source)"
24052,25-pskyn-hydragenesis-moisturizer,25Pskyn Hydragenesis Moisturizer,active,25 Pskyn,Moisturizers &amp; Cream,Moisturizers &amp; Cream,,15.0,,moisturizers|25-pskyn,1,1,24052,product title (no per-product SEO override found in source),"product description, truncated (no per-product SEO override found in source)"
24654,acwell-licorice-ph-balancing-extreme-moisture-cream-55ml,ACWELL Licorice pH Balancing Extreme Moisture Cream 55ml,active,Acwell,Moisturizers &amp; Cream,Moisturizers &amp; Cream,,16.0,,moisturizers|acwell,3,1,24654,product title (no per-product SEO override found in source),"product description, truncated (no per-product SEO override found in source)"
25089,medix-glow-bundle,MEDIX GLOW BUNDLE,draft,,TRADEFAIR COMBO DEAL,TRADEFAIR COMBO DEAL,,,,tradefair-combo-deals,1,1,25089,product title (no per-product SEO override found in source),"product description, truncated (no per-product SEO override found in source)"
25092,eos-bundle-deal,EOS  Bundle Deal,draft,Eos,TRADEFAIR COMBO DEAL,TRADEFAIR COMBO DEAL,,,,tradefair-combo-deals|eos,1,1,25092,product title (no per-product SEO override found in source),"product description, truncated (no per-product SEO override found in source)"
25095,skin-by-zaron-body-glow-bundle,Skin by Zaron body glow bundle,active,Skin by Zaron,TRADEFAIR COMBO DEAL,TRADEFAIR COMBO DEAL,,82.0,,tradefair-combo-deals|skin-by-zaron,1,1,25095,product title (no per-product SEO override found in source),"product description, truncated (no per-product SEO override found in source)"
25099,olay-body-glow-bundle-deal,Olay Body Glow Bundle Deal,active,Olay,TRADEFAIR COMBO DEAL,TRADEFAIR COMBO DEAL,,88.0,,tradefair-combo-deals|olay,1,1,25099,product title (no per-product SEO override found in source),"product description, truncated (no per-product SEO override found in source)"
25109,25pskyn-grade-1-grade-2-acne-bundle,25Pskyn Grade 1 & Grade 2 Acne bundle,draft,25 Pskyn,TRADEFAIR COMBO DEAL,TRADEFAIR COMBO DEAL,,,,tradefair-combo-deals|25-pskyn,1,1,25109,product title (no per-product SEO override found in source),"product description, truncated (no per-product SEO override found in source)"
25111,25pskyn-grade-3-4-acne-bundle,25Pskyn Grade 3 & 4 Acne Bundle,draft,25 Pskyn,TRADEFAIR COMBO DEAL,TRADEFAIR COMBO DEAL,,,,tradefair-combo-deals|25-pskyn,1,1,25111,product title (no per-product SEO override found in source),"product description, truncated (no per-product SEO override found in source)"
25113,25pskyn-mixed-hyperpigmentation-bundle-deal,25Pskyn Mixed Hyperpigmentation Bundle Deal,draft,25 Pskyn,TRADEFAIR COMBO DEAL,TRADEFAIR COMBO DEAL,,,,tradefair-combo-deals|25-pskyn,1,1,25113,product title (no per-product SEO override found in source),"product description, truncated (no per-product SEO override found in source)"
25115,25pskyn-superficial-hyperpigmetation-bundle-deal,25Pskyn Superficial Hyperpigmetation Bundle Deal,draft,25 Pskyn,TRADEFAIR COMBO DEAL,TRADEFAIR COMBO DEAL,,,,tradefair-combo-deals|25-pskyn,1,1,25115,product title (no per-product SEO override found in source),"product description, truncated (no per-product SEO override found in source)"
25117,25pskyn-post-inflammatory-hyperpigmentation,25Pskyn Post inflammatory Hyperpigmentation,draft,25 Pskyn,TRADEFAIR COMBO DEAL,TRADEFAIR COMBO DEAL,,,,tradefair-combo-deals|25-pskyn,1,1,25117,product title (no per-product SEO override found in source),"product description, truncated (no per-product SEO override found in source)"
25119,skin-by-zaron-face-body-sun-block,Skin By Zaron Face & Body Sun Block,active,Skin by Zaron,Sunscreen,"Skin Care, Sunscreen",,15.0,,sunscreen|skin-by-zaron,1,1,25119,product title (no per-product SEO override found in source),"product description, truncated (no per-product SEO override found in source)"
25122,differin-epiduo-acne-gel,Differin Epiduo Acne Gel,active,Differin,Serums &amp; Treatment,"Skin Care, Serums &amp; Treatment, acne treatment, Dark spots &amp; Discoloration serums",,49.99,,serums-treatment|acne-treatment|serums-treatment|differin,1,2,25122,product title (no per-product SEO override found in source),"product description, truncated (no per-product SEO override found in source)"
25129,differin-dark-spot-correcting-serum,Differin Dark Spot Correcting Serum,active,Differin,Serums &amp; Treatment,"Skin Care, Serums &amp; Treatment, acne treatment, Dark spots &amp; Discoloration serums, HYPERPIGMENTATION",,26.99,,serums-treatment|acne-treatment|serums-treatment|hyperpigmentation|differin,1,1,25129,product title (no per-product SEO override found in source),"product description, truncated (no per-product SEO override found in source)"
25217,beauty-line-by-didi-lash-climax-mascara,Beauty Line By Didi Lash Climax Mascara,draft,Beauty Line by Didi,Mascara,"Mascara, Makeup",,,,beauty-line-by-didi,1,1,25217,product title (no per-product SEO override found in source),"product description, truncated (no per-product SEO override found in source)"
25219,sylvimak-twinkle-town-eyeshadow-palette,Sylvimak Twinkle Town Eyeshadow Palette,draft,Sylvimak,Eyeshadow,"Eyeshadow, Makeup",,,,sylvimak,1,1,25219,product title (no per-product SEO override found in source),"product description, truncated (no per-product SEO override found in source)"
25366,eos-body-lotion-beach-waves,Eos Body Lotion Beach Waves,active,Eos,Body Lotion,Body Lotion,,18.0,,body-lotion|eos,1,1,25366,product title (no per-product SEO override found in source),"product description, truncated (no per-product SEO override found in source)"
25369,eos-body-lotion-toasted-marshmallow,Eos Body Lotion Toasted Marshmallow,draft,,,,,,,,0,1,25369,product title (no per-product SEO override found in source),"product description, truncated (no per-product SEO override found in source)"
25371,eos-body-lotion-toasted-marshmallow-2,Eos Body Lotion Toasted Marshmallow,active,Eos,Body Lotion,Body Lotion,,18.0,,body-lotion|eos,1,1,25371,product title (no per-product SEO override found in source),"product description, truncated (no per-product SEO override found in source)"
25372,eos-cashmere-whipped-oil-butter-creme-de-pistachio,Eos Cashmere Whipped Oil Butter Crème de pistachio,active,Eos,Body Butter,Body Butter,,20.0,,body-butter|eos,1,1,25372,product title (no per-product SEO override found in source),"product description, truncated (no per-product SEO override found in source)"
25374,eos-cashmere-whipped-oil-butter-pink-champagne,Eos Cashmere Whipped Oil Butter Pink Champagne,active,Eos,Body Butter,Body Butter,,20.0,,body-butter|eos,1,1,25374,product title (no per-product SEO override found in source),"product description, truncated (no per-product SEO override found in source)"
