woo_product_id,shopify_legacy_id,title,product_type,vendor,sku,price,compare_at_price,inventory_manage_stock,inventory_stock_quantity,status,collections,tags,variant_count,image_count,variation_count_source,variation_count_valid,variation_count_skipped,skipped_variation_ids,variation_count_missing_price,missing_price_variation_ids,skip_reason,quarantine_status,import_eligibility
17,17,Vee Beauty Second Skin Foundation,Foundation,Vee Beauty,,20.0,,no,,ACTIVE,face|vee-beauty,Face|Foundation,9,3,9,9,0,,0,,,,ALREADY_IMPORTED
18,18,Vee Beauty Total Coverage Foundation,Foundation,Vee Beauty,,15.0,,no,,ACTIVE,face|vee-beauty,Face|Foundation|Makeup,9,3,10,9,1,10966,0,,BROKEN_VARIATION_SKIPPED - empty option value in source WooCommerce,,ALREADY_IMPORTED
19,19,Vee Beauty Thirsty Lip Gloss,Lip Gloss,Vee Beauty,,5.0,,no,,DRAFT,lips|vee-beauty,Lips|Lip Gloss|Makeup,3,2,3,3,0,,0,,,,ALREADY_IMPORTED
20,20,Vee Beauty Magic Cover Concealer,Concealer,Vee Beauty,,10.0,,no,,DRAFT,face|vee-beauty,Face|Concealer|Makeup,6,2,6,6,0,,0,,,,ALREADY_IMPORTED
22,22,Tehila Rosy Cheek Blush Palette,Blushes,Tehila,,20.0,,yes,1,ACTIVE,face|tehila,Face|Blushes|Makeup,2,1,2,2,0,,0,,,,ALREADY_IMPORTED
23,23,Tehila Blush/Highlighter Palatte,Highlight &amp; Contour,Tehila,,10.0,,no,,ACTIVE,face|tehila,Face|Highlight &amp; Contour|Makeup,2,1,2,2,0,,0,,,,ALREADY_IMPORTED
24,24,Tehila Single Compact Blush,Blushes,Tehila,463-1-item,5.0,,yes,0,ACTIVE,face|tehila,Face|Blushes|Makeup,1,2,,,0,,0,,,,ALREADY_IMPORTED
25,25,Sylvimak Oil-Free Foundation,Foundation,Sylvimak,,18.0,,no,,ACTIVE,face|sylvimak,Face|Foundation|Makeup,8,2,8,8,0,,0,,,,ALREADY_IMPORTED
28,28,Tm Essential Bronzed By Tm,Bronzers &amp; Highlighters,TM Essentials,,10.0,,no,,ACTIVE,face|tm-essential,Face|Bronzers &amp; Highlighters|Makeup,4,1,4,4,0,,0,,,,ALREADY_IMPORTED
34,34,Beauty By Ad Lip Gloss,Lip Gloss,Beauty by AD,,10.0,,no,,ACTIVE,lips|beauty-by-ad,Lips|Lip Gloss|Makeup,3,1,3,3,0,,0,,,,ALREADY_IMPORTED
35,35,Beauty By Ad Lip Stain,Lipstain,Beauty by AD,,10.0,,no,,ACTIVE,lips|beauty-by-ad,Lips|Lipstain|Makeup,3,1,3,3,0,,0,,,,ALREADY_IMPORTED
49,49,Merak Cosmetics Setting Powder,Powder,Merak,,25.0,,no,,ACTIVE,face|merak,Face|Makeup|Powder,4,1,4,4,0,,0,,,,ALREADY_IMPORTED
50,50,Merak Cosmetics Pencil Liner,Eyeliner,Merak,,10.0,,no,,ACTIVE,eyes|merak,Eyes|Eyeliner|Makeup,3,1,3,3,0,,0,,,,ALREADY_IMPORTED
51,51,Yanga Beauty Blurfect Loose Powder,Powder,Yanga Beauty,,15.99,,yes,1.000000,ACTIVE,face|yanga-beauty,Face|Makeup|Powder|Setting powder,3,1,3,3,0,,0,,,,ALREADY_IMPORTED
52,52,Yanga Beauty Smooth Match Concealer,Concealer,Yanga Beauty,,10.0,,yes,1,ACTIVE,face|yanga-beauty,Face|Concealer|Makeup,6,1,6,6,0,,0,,,,ALREADY_IMPORTED
53,53,Nuban Beauty Oil Control Setting Powder,Powder,Nuban,,15.99,,yes,1.000000,ACTIVE,face|nuban,Face|Makeup|Powder,4,1,4,4,0,,0,,,,ALREADY_IMPORTED
54,54,Nuban Beauty Finishing Powder,Powder,Nuban,,16.0,,no,,DRAFT,face|nuban,Face|Makeup|Powder|Setting &amp; Finishing Spray,10,1,10,10,0,,0,,,,ALREADY_IMPORTED
55,55,Nuban Beauty D' Glow Loose Highlighter,Bronzers &amp; Highlighters,Nuban,,15.0,,no,,ACTIVE,face|nuban,Face|Bronzers &amp; Highlighters|Makeup,2,1,2,2,0,,0,,,,ALREADY_IMPORTED
60,60,Nuban Beauty In My Skin Concealer,Concealer,Nuban,,10.0,,yes,1,ACTIVE,face|nuban,Face|Concealer|Makeup,12,1,12,12,0,,0,,,,ALREADY_IMPORTED
61,61,Nuban Beauty In My Skin Foundation,Foundation,,,20.0,,no,,DRAFT,face,Face|Foundation|Makeup,8,1,8,8,0,,0,,,,ALREADY_IMPORTED
62,62,Hegai & Esther Eyebrow Definer,Eyebrow Products,Hegai &amp; Esther,,10.0,,yes,1,ACTIVE,eyes|hegai-esther,Eyes|Eyebrow Products|Makeup,3,1,3,3,0,,0,,,,ALREADY_IMPORTED
63,63,Hegai & Esther Lip Gloss,Lip Gloss,Hegai &amp; Esther,,10.0,,no,,DRAFT,lips|hegai-esther,Lips|Lip Gloss|Makeup,4,1,4,4,0,,0,,,,ALREADY_IMPORTED
65,65,Hegai & Esther Matte Liquid Lipstick,Lipstick,Hegai &amp; Esther,,10.0,,no,,DRAFT,lips|hegai-esther,Lips|Lipstick|Makeup,5,1,5,5,0,,0,,,,ALREADY_IMPORTED
66,66,Msmetics Glazed Dewy Balm,Blushes,Msmetics,,12.99,,no,,ACTIVE,face|msmetics,Face|Blushes|Makeup,6,1,6,6,0,,0,,,,ALREADY_IMPORTED
67,67,Msmetics Sealowatt,Setting &amp; Finishing Spray,Msmetics,,10.0,,no,,DRAFT,face|msmetics,Face|Makeup|Setting &amp; Finishing Spray,2,1,2,2,0,,0,,,,ALREADY_IMPORTED
68,68,Msmetics Power Seal Sweat And Oil,Primers,Msmetics,,18.0,,yes,1,ACTIVE,face|msmetics,Face|Primers,2,1,2,2,0,,0,,,,ALREADY_IMPORTED
69,69,Msmetics 14In1 Lash Set,Eyelash Extensions &amp; Glue,Msmetics,,35.0,,no,,ACTIVE,eyes|msmetics,Eyes|Eyelash Extensions &amp; Glue|Makeup,7,1,11,11,0,,4,19742|19743|19744|19745,MISSING_PRICE_SKIPPED - no source price (never fabricated as 0.00),,ALREADY_IMPORTED
70,70,Msmetics Diy Lashes,Eyelash Extensions &amp; Glue,Msmetics,,5.0,,no,,ACTIVE,eyes|msmetics,Eyes|Eyelash Extensions &amp; Glue|Makeup,5,0,5,5,0,,0,,,,ALREADY_IMPORTED
76,76,Sephora Microsmooth Multi-Tasking Baked Face Powder Foundation,Powder,Sephora,,25.0,,yes,1,ACTIVE,face|sephora,Face|Makeup|Powder,12,2,12,12,0,,0,,,,ALREADY_IMPORTED
82,82,Milani Powder,Powder,Milani,,15.0,,no,,ACTIVE,face|milani,Face|Makeup|Powder,3,2,3,3,0,,0,,,,ALREADY_IMPORTED
84,84,Sooo Pro Seal It Spray,Setting &amp; Finishing Spray,Sooo Pro,,22.0,,no,,ACTIVE,face|sooo-pro,Face|Makeup|Setting &amp; Finishing Spray,3,1,3,3,0,,0,,,,ALREADY_IMPORTED
85,85,Sooo Pro Highlighter,Highlight &amp; Contour,Sooo Pro,,16.0,,no,,ACTIVE,face|sooo-pro,Face|Highlight &amp; Contour|Makeup,5,1,5,5,0,,0,,,,ALREADY_IMPORTED
86,86,Sooo Pro Lipstain,Lipstain,Sooo Pro,,6.99,,yes,1,ACTIVE,lips|sooo-pro,Lips|Lipstain|Makeup,14,1,14,14,0,,0,,,,ALREADY_IMPORTED
87,87,Sooo Pro Lip Gloss,Lip Gloss,Sooo Pro,,10.0,,no,,ACTIVE,lips|sooo-pro,Lips|Lip Gloss|Makeup,5,1,5,5,0,,0,,,,ALREADY_IMPORTED
90,90,Omaricode Skin Mist 100Ml,Uncategorized,Omaricode,,16.0,,no,,ACTIVE,omaricode,Uncategorized,2,1,2,2,0,,0,,,,ALREADY_IMPORTED
91,91,Omaricode Hydrating Face Primer 30Ml,Primers,Omaricode,,1.0,,no,,DRAFT,face|omaricode,Face|Makeup|Primers,1,1,,,0,,0,,,,ALREADY_IMPORTED
92,92,Omaricode Lip Moisturizing Oil,Lip Gloss,Omaricode,,10.0,,no,,ACTIVE,lips|omaricode,Lips|Lip Gloss|Makeup,2,1,2,2,0,,0,,,,ALREADY_IMPORTED
106,106,Wynkkk Beauty 20 In 1 Lashes,Eyelash Extensions &amp; Glue,Wynkk Beauty,,25.0,,yes,1.000000,ACTIVE,eyes|wynkk-beauty,Eyes|Eyelash Extensions &amp; Glue|Makeup,6,1,6,6,0,,0,,,,ALREADY_IMPORTED
107,107,Wynkkk Beauty 10 In 1 Lashes,Eyelash Extensions &amp; Glue,Wynkk Beauty,,15.0,,no,,DRAFT,eyes|wynkk-beauty,Eyes|Eyelash Extensions &amp; Glue|Makeup|Lashes,2,2,2,2,0,,0,,,,ALREADY_IMPORTED
108,108,Wynkkk Beauty 16 In 1 Lashes,Eyelash Extensions &amp; Glue,Wynkk Beauty,,25.0,,yes,4.000000,ACTIVE,eyes|wynkk-beauty,Eyes|Eyelash Extensions &amp; Glue|Makeup,2,1,2,2,0,,0,,,,ALREADY_IMPORTED
109,109,Yglam Beauty Pigment,"Pigment, Glitter &amp; Base",Yglam,343-1-item,5.0,,yes,0,ACTIVE,eyes|yglam,"Eyes|Pigment, Glitter &amp; Base|Makeup",15,1,15,15,0,,0,,,,ALREADY_IMPORTED
112,112,Becharm Ageless Skin Booster Concealer Palette,Concealer,Becharm,,17.0,,yes,0,DRAFT,face|becharm,Face|Concealer|Makeup,1,1,,,0,,0,,,,ALREADY_IMPORTED
113,113,Classic Makeup Lip Gloss clear,Lip Gloss,Classic Makeup,,5.0,,yes,3,ACTIVE,lips|classic-makeup,Lips|Lip Gloss|Makeup,1,1,1,1,0,,0,,,,ALREADY_IMPORTED
117,117,Paula Beauty Purple Eye Pencil,Eyeliner,Paula Beauty,326-1-item,5.0,,yes,2,ACTIVE,eyes|paula-beauty,Eyes|Eyeliner|Makeup,1,2,,,0,,0,,,,ALREADY_IMPORTED
118,118,Luzta Eye Shadow,Eyeshadow,Luzta,,23.0,,yes,3,ACTIVE,eyes|luzta,Eyes|Eyeshadow|Makeup,2,1,2,2,0,,0,,,,ALREADY_IMPORTED
120,120,Dammel Browmate Brow Tamer,Eyebrow Products,Dammel,,6.0,,yes,1,ACTIVE,eyes|dammel,Eyes|Eyebrow Products|Makeup,2,2,2,2,0,,0,,,,ALREADY_IMPORTED
123,123,Vee Beauty Be My Val Palette,Eyeshadow,Vee Beauty,327-1-item,17.0,,yes,0.000000,DRAFT,eyes|vee-beauty,Eyes|Eyeshadow|Makeup,1,1,,,0,,0,,,,ALREADY_IMPORTED
124,124,Vee Beauty 9 In 1 Powder Palette,Powder,Vee Beauty,328-1-item,16.0,,yes,0,ACTIVE,face|vee-beauty,Face|Makeup|Powder,1,1,,,0,,0,,,,ALREADY_IMPORTED
125,125,Vee Beauty 12 In 1 Powder Palette,Powder,Vee Beauty,329-1-item,18.0,,yes,0,ACTIVE,face|vee-beauty,Face|Makeup|Powder,1,1,,,0,,0,,,,ALREADY_IMPORTED
126,126,Blossom African Queen Palette,Eyeshadow,Blossom,,16.0,,no,,DRAFT,eyes|blossom,Eyes|Eyeshadow|Makeup,1,1,,,0,,0,,,,ALREADY_IMPORTED
127,127,Blossom Her Nude Story Palette,Uncategorized,Blossom,324-1-item,15.0,,yes,4,ACTIVE,blossom,Uncategorized,1,1,,,0,,0,,,,ALREADY_IMPORTED
128,128,Blossom 35 Color Matte And Cream Eyeshadow Palette,Eyeshadow,Blossom,,17.0,,no,,DRAFT,eyes|blossom,Eyes|Eyeshadow|Makeup,1,1,,,0,,0,,,,ALREADY_IMPORTED
129,129,Blossom Afro Chic Lip Palette,Lip Pallet,Blossom,,15.0,,no,,DRAFT,lips|blossom,Lips|Lip Pallet|Makeup,1,1,,,0,,0,,,,ALREADY_IMPORTED
131,131,Tehila Black Magic Gel Liner,Eyeliner,Tehila,,10.0,,yes,2,ACTIVE,eyes|tehila,Eyes|Eyeliner|Makeup,1,1,,,0,,0,,,,ALREADY_IMPORTED
132,132,Sylvimak Irresistable Eyeshadow Pallatte,Eyeshadow,Sylvimak,325-1-item,17.0,,yes,1,ACTIVE,eyes|sylvimak,Eyes|Eyeshadow|Makeup,1,1,,,0,,0,,,,ALREADY_IMPORTED
136,136,Tm Essentials Cheek Glaze Palatte,Blushes,TM Essentials,,15.0,,yes,1,DRAFT,face|tm-essential,Face|Blushes|Makeup,1,1,,,0,,0,,,,ALREADY_IMPORTED
146,146,Beauty By Ad Setting Powder,Powder,Beauty by AD,,25.0,,no,,ACTIVE,face|beauty-by-ad,Face|Makeup|Powder,3,1,3,3,0,,0,,,,ALREADY_IMPORTED
153,153,Merak Cosmetics Angled Brush,Brushes &amp; Beauty Blenders,Merak,514-1-item,6.0,,no,,ACTIVE,brushes-beauty-blenders|merak,Brushes &amp; Beauty Blenders,1,1,,,0,,0,,,,ALREADY_IMPORTED
154,154,Merak Cosmetics Flat Brush,Brushes &amp; Beauty Blenders,Merak,515-1-item,6.0,,no,,ACTIVE,brushes-beauty-blenders|merak,Brushes &amp; Beauty Blenders,1,1,,,0,,0,,,,ALREADY_IMPORTED
155,155,Yanga Beauty Angled Flat Brush,Brushes &amp; Beauty Blenders,Yanga Beauty,316-1-item,5.0,,yes,2,ACTIVE,brushes-beauty-blenders|yanga-beauty,Brushes &amp; Beauty Blenders,1,1,,,0,,0,,,,ALREADY_IMPORTED
156,156,Yanga Beauty Foundation Brush,Brushes &amp; Beauty Blenders,Yanga Beauty,317-1-item,5.0,,yes,0,ACTIVE,brushes-beauty-blenders|yanga-beauty,Brushes &amp; Beauty Blenders,1,1,,,0,,0,,,,ALREADY_IMPORTED
159,159,Nuban Beauty Powder Brush,Tools &amp; Accessories,Nuban,318-1-item,6.0,,yes,6,ACTIVE,tools-accessories|nuban,Makeup|Tools &amp; Accessories|Beauty Tools,1,1,,,0,,0,,,,ALREADY_IMPORTED
160,160,Nuban Beauty 11Pcs Makeup Brush Set,Tools &amp; Accessories,Nuban,,1.0,,no,,DRAFT,tools-accessories|nuban,Makeup|Tools &amp; Accessories|Beauty Tools,1,1,,,0,,0,,,,ALREADY_IMPORTED
161,161,Hegai & Esther Flash Pan Highlighter Palette,Highlight &amp; Contour,Hegai &amp; Esther,,15.0,,yes,9,ACTIVE,face|hegai-esther,Face|Highlight &amp; Contour|Makeup,1,1,,,0,,0,,,,ALREADY_IMPORTED
162,162,Hegai & Esther Makeup Seal It,Tools &amp; Accessories,Hegai &amp; Esther,319-1-item,6.0,,yes,0.000000,ACTIVE,tools-accessories|hegai-esther,Makeup|Tools &amp; Accessories|Beauty Tools,1,1,,,0,,0,,,,ALREADY_IMPORTED
164,164,Msmetics Moisture Bomb 50Ml,Primers,Msmetics,320-1-item,15.0,,yes,11,ACTIVE,face|msmetics,Face|Makeup|Primers,1,1,,,0,,0,,,,ALREADY_IMPORTED
165,165,Msmetics Moisture Potion 50Ml,Primers,Msmetics,321-1-item,15.0,,yes,18,ACTIVE,face|msmetics,Face|Makeup|Primers,1,1,,,0,,0,,,,ALREADY_IMPORTED
166,166,Msmetics Aqua Grip Primer 15ML,Primers,Msmetics,322-1-item,8.0,,yes,0,ACTIVE,face|msmetics,Face|Makeup|Primers,1,1,,,0,,0,,,,ALREADY_IMPORTED
178,178,Ferrarucci All Nighter Fixer Spray 200Ml,Setting &amp; Finishing Spray,Ferrarucci,312-1-item,15.0,,yes,0,ACTIVE,face|ferrarucci,Face|Makeup|Setting &amp; Finishing Spray,1,1,,,0,,0,,,,ALREADY_IMPORTED
180,180,Sooo Pro Hydrating Mist Setting Spray 150Ml,Setting &amp; Finishing Spray,Sooo Pro,313-1-item,17.0,,yes,3,ACTIVE,face|sooo-pro,Face|Makeup|Setting &amp; Finishing Spray,1,1,,,0,,0,,,,ALREADY_IMPORTED
182,182,Juba Cosmetics Setting Spray 150Ml,Setting &amp; Finishing Spray,Juba Cosmetics,314-1-item,17.0,,yes,0,ACTIVE,face|juba-cosmetics,Face|Makeup|Setting &amp; Finishing Spray,1,1,,,0,,0,,,,ALREADY_IMPORTED
183,183,Omaricode Bedew Hydrating Serum 30Ml,Serums &amp; Treatment,Omaricode,315-1-item,15.0,,yes,0,ACTIVE,serums-treatment|omaricode,Skin Care|Serums &amp; Treatment,1,1,,,0,,0,,,,ALREADY_IMPORTED
184,184,Omaricode Hydrating Moisture Maximize 50Ml,Moisturizers &amp; Cream,Omaricode,305-1-item,15.0,,yes,19,ACTIVE,moisturizers|omaricode,Skin Care|Moisturizers &amp; Cream,1,1,,,0,,0,,,,ALREADY_IMPORTED
186,186,O'Cosmetics Brush Bath,Tools &amp; Accessories,O'Cosmetics,513-1-item,10.0,,no,,ACTIVE,tools-accessories|ocosmetics,Makeup|Tools &amp; Accessories|Beauty Tools,1,1,,,0,,0,,,,ALREADY_IMPORTED
187,187,Rummel Stay Matte Spray,Setting &amp; Finishing Spray,Rimmel,,1.0,,no,,DRAFT,face|rimmel,Face|Makeup|Setting &amp; Finishing Spray,1,1,,,0,,0,,,,ALREADY_IMPORTED
188,188,Rimmel Stay Matte Primer,Primers,Rimmel,306-1-item,12.0,,yes,0,ACTIVE,face|rimmel,Face|Makeup|Primers,1,1,,,0,,0,,,,ALREADY_IMPORTED
189,189,Skin By Zaron Vitamin C Brightening Body Wash,Body Wash,Zaron,307-1-item,20.0,,yes,8,ACTIVE,body-wash|zaron,Bath &amp; Body Care|Body Wash,1,1,,,0,,0,,,,ALREADY_IMPORTED
190,190,Skin By Zaron Micellar Cleansing Water,Face,Zaron,,1.0,,no,,DRAFT,face|face-cleansers-wash|zaron,Face|Skin Care|Face Cleansers &amp; Wash,1,1,,,0,,0,,,,ALREADY_IMPORTED
191,191,Skin By Zaron Papaya Brightening Body Wash,Body Wash,Zaron,,18.0,,yes,0.000000,DRAFT,body-wash|zaron,Bath &amp; Body Care|Body Wash,1,1,,,0,,0,,,,ALREADY_IMPORTED
192,192,Skin By Zaron Brightening Toner,"Face Toners, Mist &amp; Essence",Zaron,308-1-item,15.0,,yes,7,ACTIVE,face-toners-mist-essence|zaron,"Skin Care|Face Toners, Mist &amp; Essence",1,1,,,0,,0,,,,ALREADY_IMPORTED
193,193,Skin By Zaron Vitamin Brightening Lotion,Body Lotion,Zaron,309-1-item,20.0,,yes,13,ACTIVE,body-lotion|zaron,Bath &amp; Body Care|Body Lotion,1,1,,,0,,0,,,,ALREADY_IMPORTED
194,194,Skin By Zaron Retinol Serum,Serums &amp; Treatment,Zaron,310-1-item,12.0,,yes,0,ACTIVE,serums-treatment|zaron,Skin Care|Serums &amp; Treatment,1,1,,,0,,0,,,,ALREADY_IMPORTED
195,195,Skin By Zaron Vitamin C Serum,Face,Zaron,,13.0,,yes,10,ACTIVE,face|serums-treatment|zaron,Face|Skin Care|Serums &amp; Treatment,1,1,,,0,,0,,,,ALREADY_IMPORTED
196,196,Skin By Zaron Exfoliating &amp; Brightening Face Wash,Face Cleansers &amp; Wash,Zaron,311-1-item,16.0,,yes,12,ACTIVE,face-cleansers-wash|exfoliators-peels-scrubs|zaron,"Skin Care|Face Cleansers &amp; Wash|Exfoliators, Peels &amp; Scrubs",1,1,,,0,,0,,,,ALREADY_IMPORTED
197,197,Skin By Zaron Acne Control Glow Wash,Face Cleansers &amp; Wash,Zaron,304-1-item,16.0,,yes,7,ACTIVE,face-cleansers-wash|zaron,Skin Care|Face Cleansers &amp; Wash,1,1,,,0,,0,,,,ALREADY_IMPORTED
199,199,Zaron Long Wear Gel Eyeliner,Eyeliner,Zaron,297-1-item,10.0,,yes,5,DRAFT,eyes|zaron,Eyes|Eyeliner|Makeup,1,1,,,0,,0,,,,ALREADY_IMPORTED
200,200,Zaron Slain Regenerating Hydrating Serum,Face,Zaron,298-1-item,10.0,,no,,ACTIVE,face|serums-treatment|zaron,Face|Serums &amp; Treatment,1,1,,,0,,0,,,,ALREADY_IMPORTED
201,201,Zaron Lengthening Mascara,Mascara,Zaron,299-1-item,8.0,,yes,10,ACTIVE,eyes|face|zaron,Eyes|Face|Mascara|Makeup,1,1,,,0,,0,,,,ALREADY_IMPORTED
202,202,Zaron 4in1Mascara,Mascara,Zaron,300-1-item,10.0,,yes,0,ACTIVE,eyes|face|zaron,Eyes|Face|Mascara|Makeup,1,1,,,0,,0,,,,ALREADY_IMPORTED
203,203,Zaron Liquid Eyeliner,Eyeliner,Zaron,301-1-item,10.0,,yes,0,ACTIVE,eyes|zaron,Eyes|Eyeliner|Makeup,1,1,,,0,,0,,,,ALREADY_IMPORTED
204,204,Zaron Sheer Powder Brush,Face,Zaron,511-1-item,5.0,,no,,ACTIVE,face|tools-accessories|zaron,Face|Makeup|Tools &amp; Accessories|Beauty Tools,1,1,,,0,,0,,,,ALREADY_IMPORTED
207,207,Wynkkk Beauty Single Lashes,Eyelash Extensions &amp; Glue,Wynkk Beauty,,1.0,,no,,DRAFT,eyes|wynkk-beauty,Eyes|Eyelash Extensions &amp; Glue|Makeup,1,1,,,0,,0,,,,ALREADY_IMPORTED
208,208,Wynkkk Beauty Lashes At First Sight 16Ml,Eyelash Extensions &amp; Glue,Wynkk Beauty,512-1-item,35.0,,no,,DRAFT,eyes|wynkk-beauty,Eyes|Eyelash Extensions &amp; Glue|Makeup,1,1,,,0,,0,,,,ALREADY_IMPORTED
209,209,Wynkk Beauty Alabaster Box 16Ml,Eyelash Extensions &amp; Glue,Wynkk Beauty,,1.0,,no,,DRAFT,eyes|wynkk-beauty,Eyes|Eyelash Extensions &amp; Glue|Makeup,1,1,,,0,,0,,,,ALREADY_IMPORTED
213,213,Yn216 Led Light,Tools &amp; Accessories,,302-1-item,100.0,,yes,0,ACTIVE,tools-accessories,Makeup|Tools &amp; Accessories|Beauty Tools,1,1,,,0,,0,,,,ALREADY_IMPORTED
214,214,Led 600 Pro with Tripod stand,Tools &amp; Accessories,,303-1-item,55.0,,yes,6,ACTIVE,tools-accessories,Makeup|Tools &amp; Accessories|Beauty Tools,1,1,,,0,,0,,,,ALREADY_IMPORTED
218,218,Pvc Bag,Tools &amp; Accessories,,294-1-item,6.0,,yes,0.000000,ACTIVE,tools-accessories,Makeup|Tools &amp; Accessories|Beauty Tools,1,1,,,0,,0,,,,ALREADY_IMPORTED
220,220,Olay Itch Dry Skin Body Wash 20Fl Oz /591Ml,Body Wash,Olay,,1.0,,yes,0.000000,DRAFT,body-wash|olay,Bath &amp; Body Care|Body Wash,1,1,,,0,,0,,,,ALREADY_IMPORTED
223,223,Olay Shea Butter Body Wash 17Floz/ 502Ml,Body Wash,Olay,575-1-item,17.0,,yes,11,ACTIVE,body-wash|olay,Bath &amp; Body Care|Body Wash,1,1,,,0,,0,,,,ALREADY_IMPORTED
224,224,Olay Vitamin C Hydrating Body Wash 20Fl Oz /591Ml,Body Wash,Olay,295-1-item,20.0,,yes,0,DRAFT,body-wash|olay,Bath &amp; Body Care|Body Wash,1,1,,,0,,0,,,,ALREADY_IMPORTED
226,226,Olay Retinol Body Wash 20Floz/591Ml,Body Wash,Olay,296-1-item,20.0,,yes,82,ACTIVE,body-wash|olay,Bath &amp; Body Care|Body Wash,1,1,,,0,,0,,,,ALREADY_IMPORTED
227,227,Olay Vitamin C Brightening Lotion 17Floz/502Ml,Body Lotion,Olay,287-1-item,20.0,,yes,18,DRAFT,body-lotion|olay,Bath &amp; Body Care|Body Lotion,1,3,,,0,,0,,,,ALREADY_IMPORTED
231,231,Touch Kp Exfoliating Wash 8Floz/237Ml,Face Cleansers &amp; Wash,Touch,288-1-item,30.0,,yes,0.000000,ACTIVE,face-cleansers-wash|exfoliators-peels-scrubs|touch,"Skin Care|Face Cleansers &amp; Wash|Exfoliators, Peels &amp; Scrubs",1,1,,,0,,0,,,,ALREADY_IMPORTED
232,232,Touch Kp Exfoliating Lotion,Moisturizers &amp; Cream,Touch,510-1-item,30.0,,no,,ACTIVE,moisturizers|exfoliators-peels-scrubs|touch,"Skin Care|Moisturizers &amp; Cream|Exfoliators, Peels &amp; Scrubs",1,1,,,0,,0,,,,ALREADY_IMPORTED
233,233,Touch Acne Treatment Gel,Moisturizers &amp; Cream,Touch,289-1-item,30.0,,yes,0,ACTIVE,moisturizers|touch,Skin Care|Moisturizers &amp; Cream,1,1,,,0,,0,,,,ALREADY_IMPORTED
234,234,Touch Bright And Clear Cream 2 Oz /56.7,Moisturizers &amp; Cream,Touch,290-1-item,30.0,,yes,28,ACTIVE,moisturizers|serums-treatment|touch,Skin Care|Moisturizers &amp; Cream|Dark spots &amp; Discoloration serums,1,1,,,0,,0,,,,ALREADY_IMPORTED
235,235,Touch Ingrown Hair Roll On,Roll On,Touch,291-1-item,25.0,,yes,2,ACTIVE,roll-on|touch,Bath &amp; Body Care|Roll On,1,1,,,0,,0,,,,ALREADY_IMPORTED
236,236,Dr Teals Vitamin C Lotion 18Fl Oz/532Ml,Body Lotion,Dr Teal's,292-1-item,18.0,,yes,0,ACTIVE,body-lotion|dr-teals,Bath &amp; Body Care|Body Lotion,1,1,,,0,,0,,,,ALREADY_IMPORTED
237,237,Dr Teals Vitamin C Body Wash 24Fl/710Ml,Body Wash,Dr Teal's,293-1-item,18.0,,yes,2,ACTIVE,body-wash|dr-teals,Bath &amp; Body Care|Body Wash,1,1,,,0,,0,,,,ALREADY_IMPORTED
239,239,Dr Teals Citrus Sugar Scrub 19Oz/ 538Ml,Body Scrubs,Dr Teal's,276-1-item,18.0,,yes,0,ACTIVE,body-scrubs|dr-teals,Bath &amp; Body Care|Body Scrubs,1,1,,,0,,0,,,,ALREADY_IMPORTED
240,240,Dr Teals Shea Butter & Almond oil Scrub 19Oz /538Ml,Body Scrubs,Dr Teal's,277-1-item,16.0,,yes,0,ACTIVE,body-scrubs|dr-teals,Bath &amp; Body Care|Body Scrubs,1,1,,,0,,0,,,,ALREADY_IMPORTED
242,242,Dr Teals Bath &amp;Amp; Body Coconut Oil 8.7Fl,Body Oil,Dr Teal's,278-1-item,18.0,,yes,2,ACTIVE,body-oil|dr-teals,Bath &amp; Body Care|Body Oil,1,1,,,0,,0,,,,ALREADY_IMPORTED
243,243,Medi-Peel Vitamin C Lotion,Body Lotion,Medi Peel,,1.0,,no,,DRAFT,body-lotion|medi-peel,Bath &amp; Body Care|Body Lotion,1,1,,,0,,0,,,,ALREADY_IMPORTED
244,244,Amlactin Intensive Healing Lotion,Body Lotion,Amlactin,279-1-item,38.0,,yes,6,ACTIVE,body-lotion|amlactin,Bath &amp; Body Care|Body Lotion,2,1,2,2,0,,0,,,,ALREADY_IMPORTED
246,246,Amlactin Daily Moisturizing (Improved Formula Scent Free),Body Lotion,Amlactin,280-1-item,40.0,,yes,14,ACTIVE,body-lotion|amlactin,Bath &amp; Body Care|Body Lotion,3,1,3,3,0,,0,,,,ALREADY_IMPORTED
247,247,Amlactin Daily Moisturizing Lotion 567g,Body Lotion,Amlactin,,40.0,,yes,0,DRAFT,body-lotion|amlactin,Bath &amp; Body Care|Body Lotion,1,1,,,0,,0,,,,ALREADY_IMPORTED
248,248,Medix 5.5 Vitamin C Cream 15Floz/144,Body Lotion,Medix 5.5,281-1-item,25.0,,yes,10,ACTIVE,body-lotion|medix-5-5,Bath &amp; Body Care|Body Lotion,1,1,,,0,,0,,,,ALREADY_IMPORTED
249,249,Medix 5.5 Vitamin C Serum,Serums &amp; Treatment,Medix 5.5,509-1-item,16.0,,no,,DRAFT,serums-treatment|medix-5-5,Skin Care|Serums &amp; Treatment,1,1,,,0,,0,,,,ALREADY_IMPORTED
250,250,Medix 5.5 Retinol Cream 15Floz/144M,Body Lotion,Medix 5.5,282-1-item,25.0,,yes,10,ACTIVE,body-lotion|medix-5-5,Bath &amp; Body Care|Body Lotion,1,1,,,0,,0,,,,ALREADY_IMPORTED
251,251,Hatomugi Sunscreen 250Ml,Sunscreen,Hatomugi,283-1-item,18.0,,yes,0,ACTIVE,sunscreen|hatomugi,Skin Care|Sunscreen,1,1,,,0,,0,,,,ALREADY_IMPORTED
252,252,Nivea Uv Water Gel Sunscreen 140G,Sunscreen,Nivea,284-1-item,18.0,,yes,42,ACTIVE,sunscreen|nivea,Skin Care|Sunscreen,1,1,,,0,,0,,,,ALREADY_IMPORTED
253,253,Good Molecules Daily Brightening Serum 30Ml,Serums &amp; Treatment,Good Molecules,285-1-item,16.0,,yes,3,ACTIVE,serums-treatment|good-molecules,Skin Care|Serums &amp; Treatment,1,1,,,0,,0,,,,ALREADY_IMPORTED
254,254,Good Molecules Niacinamide Serum 30Ml,Serums &amp; Treatment,Good Molecules,286-1-item,15.0,,yes,7,ACTIVE,serums-treatment|good-molecules,Skin Care|Serums &amp; Treatment,1,1,,,0,,0,,,,ALREADY_IMPORTED
255,255,Good Molecules Overnight Treatment 30Ml,Serums &amp; Treatment,Good Molecules,274-1-item,15.0,,yes,14,ACTIVE,serums-treatment|good-molecules,Skin Care|Serums &amp; Treatment,1,1,,,0,,0,,,,ALREADY_IMPORTED
256,256,Good Molecules Gentle Retinol Cream 30Ml,Moisturizers &amp; Cream,Good Molecules,275-1-item,15.0,,yes,6,ACTIVE,moisturizers|good-molecules,Skin Care|Moisturizers &amp; Cream,1,1,,,0,,0,,,,ALREADY_IMPORTED
257,257,Good Molecules Niacinamide Brightening Toner 120Ml,"Face Toners, Mist &amp; Essence",Good Molecules,269-1-item,18.0,,yes,13,ACTIVE,face-toners-mist-essence|good-molecules,"Skin Care|Face Toners, Mist &amp; Essence",1,1,,,0,,0,,,,ALREADY_IMPORTED
258,258,Good Molecules Niacinamide Brightening Toner 30Ml,"Face Toners, Mist &amp; Essence",Good Molecules,,12.0,,no,,DRAFT,face-toners-mist-essence|good-molecules,"Skin Care|Face Toners, Mist &amp; Essence",1,1,,,0,,0,,,,ALREADY_IMPORTED
259,259,Good Molecules Discoloration Serum 30Ml,Serums &amp; Treatment,Good Molecules,270-1-item,18.0,,yes,19,ACTIVE,serums-treatment|good-molecules,Skin Care|Serums &amp; Treatment,1,1,,,0,,0,,,,ALREADY_IMPORTED
260,260,Cosrx Propolis Synergy Toner 150Ml,Face Cleansers &amp; Wash,Cosrx,271-1-item,17.0,,yes,5,ACTIVE,face-cleansers-wash|face-toners-mist-essence|cosrx,"Skin Care|Face Cleansers &amp; Wash|Face Toners, Mist &amp; Essence",1,1,,,0,,0,,,,ALREADY_IMPORTED
261,261,Cosrx Dual Essence,Serums &amp; Treatment,Cosrx,272-1-item,27.0,,yes,2,ACTIVE,serums-treatment|cosrx,Skin Care|Serums &amp; Treatment,1,1,,,0,,0,,,,ALREADY_IMPORTED
262,262,Cosrx Snail Mucin Essence 100Ml,"Face Toners, Mist &amp; Essence",Cosrx,273-1-item,18.99,,yes,21,ACTIVE,face-toners-mist-essence|cosrx,"Skin Care|Face Toners, Mist &amp; Essence",1,1,,,0,,0,,,,ALREADY_IMPORTED
263,263,Cosrx Snail 92 All In One Cream 100G,Moisturizers &amp; Cream,Cosrx,,18.99,,yes,4,ACTIVE,moisturizers|cosrx,Skin Care|Moisturizers &amp; Cream,1,1,,,0,,0,,,,ALREADY_IMPORTED
265,265,Cosrx Bha Black Head Power Liquid 100Ml,"Face Toners, Mist &amp; Essence",Cosrx,263-1-item,17.0,,yes,0,DRAFT,face-toners-mist-essence|cosrx,"Skin Care|Face Toners, Mist &amp; Essence",1,1,,,0,,0,,,,ALREADY_IMPORTED
268,268,Cosrx Salicylic Gentle Cleanser 150Ml,Face Cleansers &amp; Wash,Cosrx,264-1-item,15.0,,yes,9,ACTIVE,face-cleansers-wash|cosrx,Skin Care|Face Cleansers &amp; Wash,1,1,,,0,,0,,,,ALREADY_IMPORTED
269,269,Cosrx Low Ph Gel Cleanser 150Ml,Face Cleansers &amp; Wash,Cosrx,265-1-item,13.0,,yes,6,ACTIVE,face-cleansers-wash|cosrx,Skin Care|Face Cleansers &amp; Wash,1,1,,,0,,0,,,,ALREADY_IMPORTED
271,271,Cosrx Oil-Free Moisturizer 100Ml,Moisturizers &amp; Cream,Cosrx,266-1-item,18.0,,yes,16,ACTIVE,moisturizers|cosrx,Skin Care|Moisturizers &amp; Cream,1,1,,,0,,0,,,,ALREADY_IMPORTED
277,277,Skin Aqua Sunscreen 110G,Sunscreen,Skin Aqua,267-1-item,15.0,,yes,0,DRAFT,sunscreen|skin-aqua,Skin Care|Sunscreen,1,1,,,0,,0,,,,ALREADY_IMPORTED
278,278,Skin Aqua Sunscreen 140G,Sunscreen,Skin Aqua,268-1-item,18.0,,yes,49,ACTIVE,sunscreen|skin-aqua,Skin Care|Sunscreen,1,1,,,0,,0,,,,ALREADY_IMPORTED
280,280,Isntree Hyaluronic Watery Sun Gel 50Ml,Sunscreen,Isntree,508-1-item,18.0,,yes,15,ACTIVE,sunscreen|isntree,Skin Care|Sunscreen,1,1,,,0,,0,,,,ALREADY_IMPORTED
281,281,Isntree Hyaluronic Acid Toner,Face,Isntree,,17.0,,yes,6,ACTIVE,face|face-toners-mist-essence|isntree,"Face|Skin Care|Face Toners, Mist &amp; Essence",1,1,,,0,,0,,,,ALREADY_IMPORTED
282,282,Isntree Hyaluronic Acid Toner Plus,Face,Isntree,,16.0,,no,,DRAFT,face|face-toners-mist-essence|isntree,"Face|Skin Care|Face Toners, Mist &amp; Essence",1,1,,,0,,0,,,,ALREADY_IMPORTED
283,283,Isntree Green Tea Fresh Toner,Face,Isntree,,16.0,,no,,DRAFT,face|face-toners-mist-essence|isntree,"Face|Skin Care|Face Toners, Mist &amp; Essence",1,1,,,0,,0,,,,ALREADY_IMPORTED
284,284,Isntree Hyaluronic Sunstick,Sunscreen,Isntree,261-1-item,17.0,,yes,-1,ACTIVE,sunscreen|isntree,Skin Care|Sunscreen,1,1,,,0,,0,,,,ALREADY_IMPORTED
285,285,Isntree Fresh Emulsion,Face,Isntree,,16.0,,no,,DRAFT,face|moisturizers|isntree,Face|Skin Care|Moisturizers &amp; Cream,1,1,,,0,,0,,,,ALREADY_IMPORTED
286,286,Axis-Y Spot The Difference Blemish Treatment,Serums &amp; Treatment,Axis-y,262-1-item,13.0,,yes,3,ACTIVE,serums-treatment|serums-treatment|axis-y,Skin Care|Serums &amp; Treatment|Dark spots &amp; Discoloration serums,1,1,,,0,,0,,,,ALREADY_IMPORTED
287,287,Axis-Y Dark Spot Correcting Serum,Serums &amp; Treatment,Axis-y,254-1-item,17.0,,yes,0,ACTIVE,serums-treatment|serums-treatment|axis-y,Skin Care|Serums &amp; Treatment|Dark spots &amp; Discoloration serums,1,1,,,0,,0,,,,ALREADY_IMPORTED
288,288,Missha Aqua Sunscreen 50Ml,Sunscreen,Missha,255-1-item,15.0,,yes,0,ACTIVE,sunscreen|missha,Skin Care|Sunscreen,1,1,,,0,,0,,,,ALREADY_IMPORTED
289,289,Missha Essence Sunscreen 50Ml,Face,Missha,,15.0,,no,,DRAFT,face|sunscreen|missha,Face|Skin Care|Sunscreen,1,1,,,0,,0,,,,ALREADY_IMPORTED
290,290,Beauty Of Joseon Glow Serum 30Ml,Serums &amp; Treatment,Beauty of Joseon,256-1-item,17.0,,yes,0,ACTIVE,serums-treatment|beauty-of-joseon,Skin Care|Serums &amp; Treatment,1,1,,,0,,0,,,,ALREADY_IMPORTED
291,291,Beauty Of Joseon Cleansing Oil 210Ml,Face Cleansers &amp; Wash,Beauty of Joseon,257-1-item,16.0,,yes,0,ACTIVE,face-cleansers-wash|beauty-of-joseon,Skin Care|Face Cleansers &amp; Wash,1,1,,,0,,0,,,,ALREADY_IMPORTED
292,292,Beauty Of Joseon Sunscreen 50Ml,Sunscreen,Beauty of Joseon,258-1-item,17.0,,yes,0,ACTIVE,sunscreen|beauty-of-joseon,Skin Care|Sunscreen,1,1,,,0,,0,,,,ALREADY_IMPORTED
293,293,Beauty Of Joseon Radiance Cleansing Balm 100Ml,Face Cleansers &amp; Wash,Beauty of Joseon,259-1-item,17.0,,yes,0,ACTIVE,face-cleansers-wash|beauty-of-joseon,Skin Care|Face Cleansers &amp; Wash,1,1,,,0,,0,,,,ALREADY_IMPORTED
294,294,Beauty Of Joseon Glow Deep Serum 30Ml,Serums &amp; Treatment,Beauty of Joseon,260-1-item,17.0,,yes,0,ACTIVE,serums-treatment|beauty-of-joseon,Skin Care|Serums &amp; Treatment,1,1,,,0,,0,,,,ALREADY_IMPORTED
295,295,Blackgirl Sunscreen Spf 30,Sunscreen,Blackgirl,507-1-item,20.0,,yes,4,ACTIVE,sunscreen|blackgirl,Skin Care|Sunscreen,1,1,,,0,,0,,,,ALREADY_IMPORTED
296,296,Blackgirl Sunscreen Make It Glow Spray,Sunscreen,Blackgirl,249-1-item,18.0,,yes,1,ACTIVE,sunscreen|blackgirl,Skin Care|Sunscreen,1,1,,,0,,0,,,,ALREADY_IMPORTED
297,297,Blackgirl Sunscreen Kids,Sunscreen,Blackgirl,250-1-item,23.0,,yes,5,ACTIVE,sunscreen|blackgirl,Skin Care|Sunscreen,1,1,,,0,,0,,,,ALREADY_IMPORTED
298,298,Blackgirl Sunscreen Kids Spray,Sunscreen,Blackgirl,251-1-item,18.0,,yes,,ACTIVE,sunscreen|blackgirl,Skin Care|Sunscreen,1,1,,,0,,0,,,,ALREADY_IMPORTED
303,303,Koji San Soap 100G 3In1,Face,Koji San,252-1-item,16.0,,yes,3,ACTIVE,face|body-wash|koji-san,Face|Skin Care|Bath &amp; Body Care|Body Wash,1,1,,,0,,0,,,,ALREADY_IMPORTED
306,306,Koji San Soap 135G,Body Wash,Koji San,,8.0,,yes,1,ACTIVE,body-wash|koji-san,Skin Care|Bath &amp; Body Care|Body Wash,1,1,,,0,,0,,,,ALREADY_IMPORTED
307,307,Koji San 135G 2In1 Soap,Body Wash,Koji San,253-1-item,15.0,,yes,12,ACTIVE,body-wash|koji-san,Skin Care|Bath &amp; Body Care|Body Wash,1,1,,,0,,0,,,,ALREADY_IMPORTED
315,315,Hadalabo Premium Gold 170Ml,Moisturizers &amp; Cream,Hadalabo,248-1-item,16.0,,yes,43,ACTIVE,moisturizers|hadalabo,Skin Care|Moisturizers &amp; Cream,1,1,,,0,,0,,,,ALREADY_IMPORTED
316,316,Hadalabo Premium Blue 170Ml,Moisturizers &amp; Cream,Hadalabo,,16.0,,yes,0.000000,DRAFT,moisturizers|hadalabo,Skin Care|Moisturizers &amp; Cream,1,1,,,0,,0,,,,ALREADY_IMPORTED
317,317,Timeless Vitamin C Serum 20%,Face,Timeless,,16.0,,yes,-1,DRAFT,face|serums-treatment|timeless,Face|Skin Care|Serums &amp; Treatment,1,1,,,0,,0,,,,ALREADY_IMPORTED
318,318,E45 Cream,Body Lotion,E45,247-1-item,16.0,,yes,3,ACTIVE,body-lotion|e45,Bath &amp; Body Care|Body Lotion,1,1,,,0,,0,,,,ALREADY_IMPORTED
319,319,E45 Lotion,Body Lotion,E45,574-1-item,16.0,,yes,0,ACTIVE,body-lotion|e45,Bath &amp; Body Care|Body Lotion,1,1,,,0,,0,,,,ALREADY_IMPORTED
320,320,Heimish Marine Care Face Oil,Face,Heimish,,12.0,,yes,0.000000,DRAFT,face|face-oil|heimish,Face|Skin Care|Face Oil,1,1,,,0,,0,,,,ALREADY_IMPORTED
321,321,Heimish All Clean Balm,Face,Heimish,,15.0,,no,,DRAFT,face|face-cleansers-wash|heimish,Face|Skin Care|Face Cleansers &amp; Wash,1,1,,,0,,0,,,,ALREADY_IMPORTED
322,322,Some By Mi Miracle Acne Clear Body Cleanser,Body Wash,Some by Mi,,16.0,,no,,DRAFT,body-wash|some-by-mi,Bath &amp; Body Care|Body Wash,1,1,,,0,,0,,,,ALREADY_IMPORTED
323,323,Some By Mi Miracle Cream,Face,Some by Mi,,16.0,,no,,DRAFT,face|body-moisturizers|some-by-mi,Face|Bath &amp; Body Care|Body Moisturizers,1,1,,,0,,0,,,,ALREADY_IMPORTED
324,324,Some By Mi Miracle Serum 50Ml,Face,Some by Mi,,16.0,,no,,DRAFT,face|serums-treatment|some-by-mi,Face|Skin Care|Serums &amp; Treatment,1,1,,,0,,0,,,,ALREADY_IMPORTED
327,327,The Ordinary Caffine Solution 30Ml,Serums &amp; Treatment,The Ordinary,,15.0,,no,,DRAFT,serums-treatment|the-ordinary,Skin Care|Serums &amp; Treatment,1,1,,,0,,0,,,,ALREADY_IMPORTED
329,329,The Ordinary Alpha Arbutin 30Ml,Serums &amp; Treatment,The Ordinary,506-1-item,15.0,,yes,5,ACTIVE,serums-treatment|the-ordinary,Skin Care|Serums &amp; Treatment,1,1,,,0,,0,,,,ALREADY_IMPORTED
331,331,The Ordinary Lactic Acid,Serums &amp; Treatment,The Ordinary,240-1-item,15.0,,yes,12,ACTIVE,serums-treatment|the-ordinary,Skin Care|Serums &amp; Treatment,1,1,,,0,,0,,,,ALREADY_IMPORTED
332,332,The Ordinary Retinol Serum 30Ml,Serums &amp; Treatment,The Ordinary,241-1-item,15.0,,yes,1,ACTIVE,serums-treatment|the-ordinary,Skin Care|Serums &amp; Treatment,1,1,,,0,,0,,,,ALREADY_IMPORTED
333,333,Dr Jart Hyaluronic Face Mask,Mask,Dr Jart,242-1-item,10.0,,yes,0.000000,DRAFT,face-mask|dr-jart,Skin Care|Mask,1,1,,,0,,0,,,,ALREADY_IMPORTED
334,334,Dr Jart Vitamin C Face Mask,Mask,Dr Jart,243-1-item,10.0,,yes,0,DRAFT,face-mask|dr-jart,Skin Care|Mask,1,1,,,0,,0,,,,ALREADY_IMPORTED
335,335,Neutrogena Body Oil (fragrance free),Body Moisturizers,Neutrogena,244-1-item,19.0,,yes,9,ACTIVE,body-moisturizers|body-oil|neutrogena,Bath &amp; Body Care|Body Moisturizers|Body Oil,1,1,,,0,,0,,,,ALREADY_IMPORTED
336,336,Yglam Beauty Blender,Tools &amp; Accessories,Yglam,245-1-item,6.0,,yes,0,ACTIVE,tools-accessories|yglam,Makeup|Tools &amp; Accessories|Beauty Tools,1,1,,,0,,0,,,,ALREADY_IMPORTED
337,337,Yglam Grey Face Expert Brushes,Face,Yglam,,35.0,,no,,DRAFT,face|tools-accessories|yglam,Face|Makeup|Tools &amp; Accessories|Beauty Tools,1,1,,,0,,0,,,,ALREADY_IMPORTED
338,338,Yglam Eye Essential Brush,Eyes,Yglam,246-1-item,30.0,,yes,0,ACTIVE,eyes|tools-accessories|yglam,Eyes|Makeup|Tools &amp; Accessories|Beauty Tools,1,1,,,0,,0,,,,ALREADY_IMPORTED
341,341,Viccabel Deluxe Pro Brush Set,Face,Viccabel,505-1-item,30.0,,no,,DRAFT,face|tools-accessories|viccabel,Face|Makeup|Tools &amp; Accessories|Beauty Tools,1,1,,,0,,0,,,,ALREADY_IMPORTED
349,349,Beauty Line By Didi Brow Gasm Eye Brow Pencil,Eye Pencil,Beauty Line by Didi,237-1-item,10.0,,yes,43,ACTIVE,eyes|beauty-line-by-didi,Eyes|Eye Pencil|Makeup,1,1,,,0,,0,,,,ALREADY_IMPORTED
351,351,Beauty Line By Didi Inked Liquid Liner,Eyeliner,Beauty Line by Didi,238-1-item,10.0,,yes,0,ACTIVE,eyes|beauty-line-by-didi,Eyes|Eyeliner|Makeup,1,1,,,0,,0,,,,ALREADY_IMPORTED
352,352,Beauty Line By Didi Liquid Pen Eyeliner,Eyeliner,Beauty Line by Didi,239-1-item,8.0,,yes,0,ACTIVE,eyes|beauty-line-by-didi,Eyes|Eyeliner|Makeup,1,1,,,0,,0,,,,ALREADY_IMPORTED
354,354,Beauty Line By Didi Ultra Matte Brow Gel,Eyebrow Products,Beauty Line by Didi,230-1-item,6.0,,yes,0,ACTIVE,eyes|beauty-line-by-didi,Eyes|Eyebrow Products|Makeup,1,1,,,0,,0,,,,ALREADY_IMPORTED
355,355,Beauty Line By Didi Sharpner,Tools &amp; Accessories,Beauty Line by Didi,231-1-item,1.0,,yes,0,ACTIVE,tools-accessories|beauty-line-by-didi,Makeup|Tools &amp; Accessories|Beauty Tools,1,1,,,0,,0,,,,ALREADY_IMPORTED
356,356,Beauty Line By Didi Mascare Shield,Tools &amp; Accessories,Beauty Line by Didi,232-1-item,1.0,,yes,4,ACTIVE,tools-accessories|beauty-line-by-didi,Makeup|Tools &amp; Accessories|Beauty Tools,1,1,,,0,,0,,,,ALREADY_IMPORTED
357,357,Becharm Clown White,Primers,Becharm,233-1-item,5.0,,yes,0,ACTIVE,face|becharm,Face|Makeup|Primers,1,1,,,0,,0,,,,ALREADY_IMPORTED
359,359,Mabrook Brow Pencil,Eyebrow Products,Mabrook,234-1-item,10.0,,yes,1,ACTIVE,eyes|mabrook,Eyes|Eyebrow Products|Makeup,1,1,,,0,,0,,,,ALREADY_IMPORTED
360,360,Paula Beauty Gel Eye Liner,Eyeliner,Paula Beauty,504-1-item,6.0,,no,,ACTIVE,eyes|paula-beauty,Eyes|Eyeliner|Makeup,1,1,,,0,,0,,,,ALREADY_IMPORTED
362,362,Luzta Eye Shadow Bougie Palette,Eyeshadow,Luzta,235-1-item,23.0,,yes,0.000000,ACTIVE,eyes|luzta,Eyes|Eyeshadow|Makeup,1,1,,,0,,0,,,,ALREADY_IMPORTED
365,365,Razor Blade,Eyebrow Products,Tiger,236-1-item,2.0,,yes,6,ACTIVE,eyes|tiger,Eyes|Eyebrow Products|Makeup,1,1,,,0,,0,,,,ALREADY_IMPORTED
1424,1424,Omaricode Matte O Clock Primer 30Ml,Primers,Omaricode,229-1-item,17.0,,yes,0,ACTIVE,face|omaricode,Face|Makeup|Primers,1,1,,,0,,0,,,,ALREADY_IMPORTED
1682,1682,Acwell 5.5 Licorice Ph Balancing Advance Serum,"Face Toners, Mist &amp; Essence",Acwell,,15.0,,yes,0.000000,DRAFT,face-toners-mist-essence|acwell,"Skin Care|Face Toners, Mist &amp; Essence",1,1,,,0,,0,,,,ALREADY_IMPORTED
1683,1683,Acwell 5.5 Licorice Ph Balancing Cleansing Toner,"Face Toners, Mist &amp; Essence",Acwell,227-1-item,18.0,,yes,46,ACTIVE,face-toners-mist-essence|acwell,"Skin Care|Face Toners, Mist &amp; Essence",1,1,,,0,,0,,,,ALREADY_IMPORTED
1684,1684,Advanced Clinicals 1.75Oz Vitamin C Face Serum,Serums &amp; Treatment,Advanced Clinicals,228-1-item,16.0,,yes,1,ACTIVE,serums-treatment|advanced-clinicals,Skin Care|Serums &amp; Treatment,1,1,,,0,,0,,,,ALREADY_IMPORTED
1685,1685,Advanced Clinicals 16Oz Hyaluronic Acid Skin Hydrating Lotion,Body Lotion,Advanced Clinicals,,18.0,,no,,DRAFT,body-lotion|advanced-clinicals,Bath &amp; Body Care|Body Lotion,1,1,,,0,,0,,,,ALREADY_IMPORTED
1686,1686,Advanced Clinicals 16Oz Retinol Lotion,Body Lotion,Advanced Clinicals,,16.0,,yes,0.000000,DRAFT,body-lotion|advanced-clinicals,Bath &amp; Body Care|Body Lotion,1,1,,,0,,0,,,,ALREADY_IMPORTED
1687,1687,Advanced Clinicals 16Oz Vit C Brightening Body Cream,Body Lotion,Advanced Clinicals,223-1-item,20.0,,yes,4,ACTIVE,body-lotion|advanced-clinicals,Bath &amp; Body Care|Body Lotion,1,3,,,0,,0,,,,ALREADY_IMPORTED
1688,1688,Advanced Clinicals 2Oz Vitamin C Face Brightening Gel Cream,Moisturizers &amp; Cream,Advanced Clinicals,224-1-item,18.0,,yes,8,ACTIVE,moisturizers|advanced-clinicals,Skin Care|Moisturizers &amp; Cream,1,1,,,0,,0,,,,ALREADY_IMPORTED
1689,1689,Advanced Clinicals 3.8Oz.Vitamin C Body Oil,Body Oil,Advanced Clinicals,225-1-item,18.0,,yes,6,ACTIVE,body-oil|advanced-clinicals,Bath &amp; Body Care|Body Oil,1,1,,,0,,0,,,,ALREADY_IMPORTED
1690,1690,Advanced Clinicals Colagen Lotion 16Oz/454G,Body Lotion,Advanced Clinicals,226-1-item,16.0,,yes,0,ACTIVE,body-lotion|advanced-clinicals,Bath &amp; Body Care|Body Lotion,1,1,,,0,,0,,,,ALREADY_IMPORTED
1691,1691,Amlactin Daily Moisturizing 225G Vit C&amp; 7% Lactic Acid,Body Moisturizers,Amlactin,221-1-item,26.0,,yes,16,ACTIVE,body-moisturizers|amlactin,Bath &amp; Body Care|Body Moisturizers,1,1,,,0,,0,,,,ALREADY_IMPORTED
1692,1692,"Aveeno Baby Daily Moisture Body Lotion for Delicate Skin, Natural Oatmeal & Dimethicone Moisturizing Lotion, 18FL",Body Moisturizers,Aveeno,222-1-item,15.0,,yes,14,DRAFT,body-moisturizers|baby-wash-lotion|aveeno,Bath &amp; Body Care|Body Moisturizers|Baby wash &amp; lotion|moisturizer|MOISTURISING,1,1,,,0,,0,,,,ALREADY_IMPORTED
1693,1693,Balance Active Vitamin C Serum 30Ml,Serums &amp; Treatment,Balance,,10.0,,no,,DRAFT,serums-treatment|balance,Skin Care|Serums &amp; Treatment,1,1,,,0,,0,,,,ALREADY_IMPORTED
1694,1694,Beauty Line By Didi Lip Gloss,Lip Gloss,Beauty Line by Didi,503-1-item,10.0,,yes,2,ACTIVE,lips|beauty-line-by-didi,Lips|Lip Gloss|Makeup,1,1,,,0,,0,,,,ALREADY_IMPORTED
1695,1695,Beauty Line By Didi Lip Liner,Lip Pencil,Beauty Line by Didi,220-1-item,10.0,,yes,0,ACTIVE,lips|beauty-line-by-didi,Lips|Lip Pencil|Makeup,1,1,,,0,,0,,,,ALREADY_IMPORTED
1696,1696,Beauty Line By Didi Velvet Matte Lip Stain,Lipstain,Beauty Line by Didi,501-1-item,6.0,,yes,0,ACTIVE,lips|beauty-line-by-didi,Lips|Lipstain,1,1,,,0,,0,,,,ALREADY_IMPORTED
1697,1697,Beautyby Ad Lippie,Lipstain,Beauty by AD,502-1-item,10.0,,no,,ACTIVE,lips|beauty-by-ad,Lips|Lipstain|Makeup,1,1,,,0,,0,,,,ALREADY_IMPORTED
1698,1698,Beautyby Ad Loose Setting Powder,Powder,Beauty by AD,217-1-item,25.0,,yes,0,ACTIVE,face|beauty-by-ad,Face|Makeup|Powder,1,1,,,0,,0,,,,ALREADY_IMPORTED
1699,1699,Becharm Ageless Powder Palette,Powder,Becharm,218-1-item,25.0,,yes,10,ACTIVE,face|becharm,Face|Makeup|Powder,2,2,2,2,0,,0,,,,ALREADY_IMPORTED
1700,1700,Becharm Ageless 18 In 1 Matte Lip Paint Dream,Lip Pallet,Becharm,219-1-item,15.0,,yes,7,ACTIVE,lips|becharm,Lips|Lip Pallet|Makeup,1,1,,,0,,0,,,,ALREADY_IMPORTED
1702,1702,Becharm Ageless Concealer Palette,Concealer,Becharm,215-1-item,15.0,,yes,8,ACTIVE,face|becharm,Face|Concealer|Makeup,1,1,,,0,,0,,,,ALREADY_IMPORTED
1703,1703,Boj Cosmetics Eye Brush Set,Brushes &amp; Beauty Blenders,BOJ Cosmetics,500-1-item,35.0,,yes,-1.000000,ACTIVE,brushes-beauty-blenders|boj-cosmetics,Makeup|Brushes &amp; Beauty Blenders,1,1,,,0,,0,,,,ALREADY_IMPORTED
1704,1704,Boj Cosmetics Eye Brush Set (eye blending brush) 4Pcs,Eyes,BOJ Cosmetics,216-1-item,6.0,,yes,0.000000,ACTIVE,eyes|brushes-beauty-blenders|boj-cosmetics,Eyes|Makeup|Brushes &amp; Beauty Blenders,1,0,,,0,,0,,,,ALREADY_IMPORTED
1707,1707,Candybeauty Line Pigment,"Pigment, Glitter &amp; Base",Candybeauty,212-1-item,7.0,,yes,0,ACTIVE,candybeauty,"Pigment, Glitter &amp; Base|Makeup",1,1,,,0,,0,,,,ALREADY_IMPORTED
1708,1708,Candybeauty Line Pigment Glue,"Pigment, Glitter &amp; Base",Candybeauty,213-1-item,7.0,,yes,0.000000,ACTIVE,candybeauty,"Pigment, Glitter &amp; Base|Makeup",1,1,,,0,,0,,,,ALREADY_IMPORTED
1709,1709,Classic Super Hold Lash Glue,Eyelash Extensions &amp; Glue,Classic Makeup,214-1-item,5.0,,yes,0,ACTIVE,eyes|classic-makeup,Eyes|Eyelash Extensions &amp; Glue|Makeup,1,1,,,0,,0,,,,ALREADY_IMPORTED
1711,1711,Cpd Cream Blush Palette,Blushes,Cpd,211-1-item,10.0,,yes,0.000000,ACTIVE,face|cpd,Face|Blushes|Makeup,1,1,,,0,,0,,,,ALREADY_IMPORTED
1712,1712,D'Alba First Spray Serum 100Ml,Setting &amp; Finishing Spray,D'Alba,206-1-item,22.0,,yes,4,ACTIVE,face|dalba,Face|Makeup|Setting &amp; Finishing Spray,1,1,,,0,,0,,,,ALREADY_IMPORTED
1713,1713,Davies Brow Pencil 03 (Pack Of 12),Eye Pencil,Davies,207-1-item,5.0,,yes,34,ACTIVE,eyes|davies,Eyes|Eye Pencil|Eyebrow Products|Makeup,1,1,,,0,,0,,,,ALREADY_IMPORTED
1714,1714,Davies Brow Pencil Colour 18 (Pack Of 12),Eye Pencil,Davies,208-1-item,5.0,,yes,0,ACTIVE,eyes|davies,Eyes|Eye Pencil|Makeup,1,1,,,0,,0,,,,ALREADY_IMPORTED
1715,1715,Elastalift 1.75Oz Vitamin C & Turmeric Face Cream,Moisturizers &amp; Cream,Elastalift,209-1-item,18.0,,yes,6,ACTIVE,moisturizers|elastalift,Skin Care|Moisturizers &amp; Cream,1,1,,,0,,0,,,,ALREADY_IMPORTED
1716,1716,Elastalift 1.75Oz. Brightening Vitamin C Anti Aging Face Serum,Serums &amp; Treatment,Elastalift,210-1-item,18.0,,yes,0.000000,DRAFT,serums-treatment|elastalift,Skin Care|Serums &amp; Treatment,1,1,,,0,,0,,,,ALREADY_IMPORTED
1717,1717,Elastalift 15Oz Vitamin C Cream,Body Moisturizers,Elastalift,198-1-item,20.0,,yes,0,DRAFT,body-moisturizers|elastalift,Skin Care|Bath &amp; Body Care|Body Moisturizers,1,1,,,0,,0,,,,ALREADY_IMPORTED
1718,1718,Eos Body Lotion Jasmine Peach 16Fl/473Ml,Body Lotion,Eos,199-1-item,18.0,,yes,6,ACTIVE,body-lotion|eos,Bath &amp; Body Care|Body Lotion,1,1,,,0,,0,,,,ALREADY_IMPORTED
1719,1719,Eos Body Lotion Pomegranate Raspberry 16Fl/473Ml,Body Lotion,Eos,200-1-item,18.0,,yes,8,ACTIVE,body-lotion|eos,Bath &amp; Body Care|Body Lotion,1,1,,,0,,0,,,,ALREADY_IMPORTED
1720,1720,Eos Body Lotion Vanilla Cashmere,Body Moisturizers,Eos,201-1-item,18.0,,yes,50,ACTIVE,body-moisturizers|body-lotion|eos,Bath &amp; Body Care|Body Moisturizers|Body Lotion,2,1,2,2,0,,0,,,,ALREADY_IMPORTED
1721,1721,Ezanic Azelaic Acid Gel W/W 15G,Moisturizers &amp; Cream,Ezanic,202-1-item,16.0,,yes,1,ACTIVE,moisturizers|ezanic,Skin Care|Moisturizers &amp; Cream|Azelaic acid,2,1,2,2,0,,0,,,,ALREADY_IMPORTED
1722,1722,Topicals Faded Brightening And Clearing Serum 30Ml,Serums &amp; Treatment,Faded,203-1-item,33.0,,yes,0,DRAFT,serums-treatment|serums-treatment|faded,Skin Care|Serums &amp; Treatment|Dark spots &amp; Discoloration serums,1,1,,,0,,0,,,,ALREADY_IMPORTED
1723,1723,Topicals Faded Brightening And Clearing Serum,Serums &amp; Treatment,Faded,204-1-item,45.0,,yes,8,ACTIVE,serums-treatment|serums-treatment|faded,Skin Care|Serums &amp; Treatment|Dark spots &amp; Discoloration serums,3,1,3,3,0,,0,,,,ALREADY_IMPORTED
1724,1724,Flat Red Multipurpose Brush,Brushes &amp; Beauty Blenders,,205-1-item,6.0,,yes,3,ACTIVE,brushes-beauty-blenders,Makeup|Brushes &amp; Beauty Blenders,1,1,,,0,,0,,,,ALREADY_IMPORTED
1725,1725,Frudia Ultra Uv Shield Essence 50+,Sunscreen,Frudia,190-1-item,10.0,,yes,0,DRAFT,sunscreen|frudia,Skin Care|Sunscreen,1,1,,,0,,0,,,,ALREADY_IMPORTED
1726,1726,Gele Pin (Office Pin),Tools &amp; Accessories,Accessories _make_up,191-1-item,2.0,,yes,0,ACTIVE,tools-accessories|unnamed,Makeup|Tools &amp; Accessories|Beauty Tools,1,1,,,0,,0,,,"vendor='Accessories _make_up' is a data-entry placeholder, not a real brand",QUARANTINE
1727,1727,Good Molecules Discoloration Correcting Body Treatment120Ml,Body Moisturizers,Good Molecules,192-1-item,20.0,,yes,3,ACTIVE,body-moisturizers|good-molecules,Skin Care|Bath &amp; Body Care|Body Moisturizers,1,1,,,0,,0,,,,ALREADY_IMPORTED
1728,1728,Good Molecules Discoloration Serum 75Ml,Serums &amp; Treatment,Good Molecules,193-1-item,35.0,,yes,4,ACTIVE,serums-treatment|good-molecules,Skin Care|Serums &amp; Treatment,1,1,,,0,,0,,,,ALREADY_IMPORTED
1729,1729,Good Molecules Hydrating Facial Cleansing Gel 200Ml,Face Cleansers &amp; Wash,Good Molecules,194-1-item,16.0,,yes,5,ACTIVE,face-cleansers-wash|good-molecules,Skin Care|Face Cleansers &amp; Wash,1,1,,,0,,0,,,,ALREADY_IMPORTED
1730,1730,Good Molecules Light Weight Daily Moisturizer 100Ml,Moisturizers &amp; Cream,Good Molecules,195-1-item,16.0,,yes,9,ACTIVE,moisturizers|good-molecules,Skin Care|Moisturizers &amp; Cream,1,1,,,0,,0,,,,ALREADY_IMPORTED
1731,1731,Good Molecules Yerba Mate Wake Up Eye Gel 15Ml,Eyebrow Products,Good Molecules,196-1-item,15.0,,yes,2,ACTIVE,eyes|good-molecules,Eyes|Eyebrow Products|Makeup,1,1,,,0,,0,,,,ALREADY_IMPORTED
1732,1732,Haruharu Wonder Black Rice Hyaluronic Anti Wrinkle Serum 50Ml,Serums &amp; Treatment,Haruharu,197-1-item,12.0,,yes,0.000000,ACTIVE,serums-treatment|haruharu,Skin Care|Serums &amp; Treatment,1,1,,,0,,0,,,,ALREADY_IMPORTED
1733,1733,Heimish All Clean Balm,Face,Heimish,184-1-item,15.0,,yes,0,DRAFT,face|moisturizers|face-cleansers-wash|heimish,Face|Makeup|Moisturizers &amp; Cream|Face Cleansers &amp; Wash,1,1,,,0,,0,,,,ALREADY_IMPORTED
1734,1734,Kiss Beauty Spray,Setting &amp; Finishing Spray,Kiss Beauty,185-1-item,5.0,,yes,0,ACTIVE,face|kiss-beauty,Face|Makeup|Setting &amp; Finishing Spray,1,1,,,0,,0,,,,ALREADY_IMPORTED
1735,1735,La Roche-Posay Anthelios Uvmune 400 Invisible Fluid Spf 50+ 50Ml,Sunscreen,La Roche-Posay,186-1-item,23.0,,yes,0,ACTIVE,sunscreen|la-roche-posay,Skin Care|Sunscreen,1,1,,,0,,0,,,,ALREADY_IMPORTED
1736,1736,Mabrook Black Pencil,Eyeliner,Mabrook,187-1-item,10.0,,yes,15,ACTIVE,eyes|mabrook,Eyes|Eyeliner|Makeup,1,1,,,0,,0,,,,ALREADY_IMPORTED
1737,1737,Mario Badescu Facial Spray Rosewater 236Ml,Setting &amp; Finishing Spray,Mario Badescu,188-1-item,12.0,,yes,0,ACTIVE,face|mario-badescu,Face|Setting &amp; Finishing Spray,1,1,,,0,,0,,,,ALREADY_IMPORTED
1738,1738,Medix 15Oz.Glycolic &amp; Lactic Acid Body Wash,Body Wash,Medix 5.5,189-1-item,25.0,,yes,7,ACTIVE,body-wash|medix-5-5,Skin Care|Bath &amp; Body Care|Body Wash,1,1,,,0,,0,,,,ALREADY_IMPORTED
1739,1739,Mehron Skin Prep,Setting &amp; Finishing Spray,Mehron,183-1-item,18.0,,yes,0,ACTIVE,face|mehron,Face|Makeup|Setting &amp; Finishing Spray,1,1,,,0,,0,,,,ALREADY_IMPORTED
1745,1745,Merak Blue Pencil,Eyeliner,Merak,181-1-item,7.0,,yes,0,ACTIVE,eyes|merak,Eyes|Eyeliner|Makeup,1,1,,,0,,0,,,,ALREADY_IMPORTED
1746,1746,Merak Green Pencil,Eyeliner,Merak,182-1-item,7.0,,yes,0,ACTIVE,eyes|merak,Eyes|Eyeliner|Makeup,1,1,,,0,,0,,,,ALREADY_IMPORTED
1750,1750,Msmetics Aqua Grip Primer 50Ml Matte,Primers,Msmetics,,18.0,,yes,10,ACTIVE,face|msmetics,Face|Makeup|Primers,1,1,,,0,,0,,,,ALREADY_IMPORTED
1752,1752,Msmetics Power Seal 150Ml,Setting &amp; Finishing Spray,Msmetics,,15.0,,yes,0.000000,DRAFT,face|msmetics,Face|Makeup|Setting &amp; Finishing Spray,1,1,,,0,,0,,,,ALREADY_IMPORTED
1753,1753,Msmetics Sealowatte Spray Matte,Setting &amp; Finishing Spray,Msmetics,175-1-item,16.0,,yes,4,ACTIVE,face|msmetics,Face|Makeup|Setting &amp; Finishing Spray,1,1,,,0,,0,,,,ALREADY_IMPORTED
1754,1754,Msmetics Sealowatte Spray Velvet,Setting &amp; Finishing Spray,Msmetics,176-1-item,16.0,,yes,0,DRAFT,face|msmetics,Face|Makeup|Setting &amp; Finishing Spray,1,1,,,0,,0,,,,ALREADY_IMPORTED
1755,1755,Naturium Bio Lipid Restoring Body Lotion 414Ml,Body Lotion,Naturium,177-1-item,25.0,,yes,0.000000,ACTIVE,body-lotion|naturium,Skin Care|Bath &amp; Body Care|Body Lotion,1,1,,,0,,0,,,,ALREADY_IMPORTED
1756,1756,Naturium Glow Getter Multi Oil Body Butter 232Ml,Body Moisturizers,Naturium,178-1-item,27.0,,yes,0,ACTIVE,body-moisturizers|naturium,Skin Care|Bath &amp; Body Care|Body Moisturizers,1,1,,,0,,0,,,,ALREADY_IMPORTED
1757,1757,Naturium Glow Getter Multi Oil Body Wash 500Ml,Body Wash,Naturium,179-1-item,25.0,,yes,10,ACTIVE,body-wash|naturium,Bath &amp; Body Care|Body Wash,1,1,,,0,,0,,,,ALREADY_IMPORTED
1758,1758,Naturium The Brightener Vitamin C Body Wash 500Ml,Body Wash,Naturium,168-1-item,25.0,,yes,7,ACTIVE,body-wash|naturium,Bath &amp; Body Care|Body Wash,1,1,,,0,,0,,,,ALREADY_IMPORTED
1759,1759,Naturium The Perfector Salicylic Acid Body Wash 500Ml,Body Wash,Naturium,169-1-item,25.0,,yes,5,ACTIVE,body-wash|naturium,Bath &amp; Body Care|Body Wash,1,1,,,0,,0,,,,ALREADY_IMPORTED
1760,1760,Naturium The Smoother Glycolic Acid Body Lotion 234Ml,Body Lotion,Naturium,170-1-item,24.0,,yes,0,ACTIVE,body-lotion|naturium,Bath &amp; Body Care|Body Lotion,1,1,,,0,,0,,,,ALREADY_IMPORTED
1761,1761,Naturium The Smoother Glycolic Acid Body Wash 500Ml,Body Wash,Naturium,171-1-item,25.0,,yes,22,ACTIVE,body-wash|naturium,Bath &amp; Body Care|Body Wash,1,1,,,0,,0,,,,ALREADY_IMPORTED
1762,1762,Naturium Vit C Complex Face Cleanser 210,Face Cleansers &amp; Wash,Naturium,172-1-item,25.0,,yes,5,ACTIVE,face-cleansers-wash|naturium,Skin Care|Face Cleansers &amp; Wash,1,1,,,0,,0,,,,ALREADY_IMPORTED
1763,1763,Naturium Vit C Complex Face Serum,Serums &amp; Treatment,Naturium,173-1-item,40.0,,yes,1,ACTIVE,serums-treatment|naturium,Skin Care|Serums &amp; Treatment,2,1,2,2,0,,0,,,,ALREADY_IMPORTED
1770,1770,Olay Niacinamide Body Lotion 17Floz/502Ml,Body Lotion,Olay,166-1-item,20.0,,yes,20,ACTIVE,body-lotion|olay,Bath &amp; Body Care|Body Lotion,1,1,,,0,,0,,,,ALREADY_IMPORTED
1771,1771,Olay Niacinamide Body Wash 20Floz/591Ml,Body Wash,Olay,167-1-item,20.0,,yes,14,ACTIVE,body-wash|olay,Bath &amp; Body Care|Body Wash,1,1,,,0,,0,,,,ALREADY_IMPORTED
1772,1772,Olay Retinol Body Lotion 17Floz/502Ml,Body Lotion,Olay,160-1-item,20.0,,yes,69,ACTIVE,body-lotion|olay,Bath &amp; Body Care|Body Lotion,1,3,,,0,,0,,,,ALREADY_IMPORTED
1773,1773,Omaricode Skin Mist Matte,Setting &amp; Finishing Spray,Omaricode,,17.0,,no,,DRAFT,face|omaricode,Face|Makeup|Setting &amp; Finishing Spray,1,1,,,0,,0,,,,ALREADY_IMPORTED
1774,1774,Panoxyl Acne Foaming Wash 10% Benzoyl Peroxide,Face Cleansers &amp; Wash,Panoxyl,161-1-item,18.0,,yes,4,ACTIVE,face-cleansers-wash|panoxyl,Skin Care|Face Cleansers &amp; Wash,1,1,,,0,,0,,,,ALREADY_IMPORTED
1775,1775,Panoxyl Acne Creamy Wash 4% Benzoyl Peroxide,Face Cleansers &amp; Wash,Panoxyl,162-1-item,18.0,,yes,11,ACTIVE,face-cleansers-wash|panoxyl,Skin Care|Face Cleansers &amp; Wash,1,1,,,0,,0,,,,ALREADY_IMPORTED
1776,1776,Paula Beauty Black Pencil,Eyeliner,Paula Beauty,163-1-item,6.0,,yes,1,ACTIVE,eyes|paula-beauty,Eyes|Eyeliner|Makeup,1,1,,,0,,0,,,,ALREADY_IMPORTED
1777,1777,Paula Beauty Blue Pencil,Eyeliner,Paula Beauty,164-1-item,6.0,,yes,5,ACTIVE,eyes|paula-beauty,Eyes|Eyeliner|Makeup,1,1,,,0,,0,,,,ALREADY_IMPORTED
1778,1778,Paula Beauty Green Pencil,Eyeliner,Paula Beauty,165-1-item,6.0,,yes,4,ACTIVE,eyes|paula-beauty,Eyes|Eyeliner|Makeup,1,1,,,0,,0,,,,ALREADY_IMPORTED
1780,1780,Simple Replenishing Rich Moisturizer 125Ml,Body Moisturizers,Simple,159-1-item,5.0,,yes,1,ACTIVE,body-moisturizers|simple,Bath &amp; Body Care|Body Moisturizers,1,1,,,0,,0,,,,ALREADY_IMPORTED
1793,1793,The Ordinary Glycolic Acid Toner 240Ml,"Face Toners, Mist &amp; Essence",The Ordinary,156-1-item,15.0,,yes,11,ACTIVE,face-toners-mist-essence|the-ordinary,"Skin Care|Face Toners, Mist &amp; Essence",1,1,,,0,,0,,,,ALREADY_IMPORTED
1794,1794,The Ordinary Multi Peptide Eye Serum 15Ml,Serums &amp; Treatment,The Ordinary,157-1-item,5.0,,yes,0.000000,ACTIVE,serums-treatment|the-ordinary,Skin Care|Serums &amp; Treatment,1,1,,,0,,0,,,,ALREADY_IMPORTED
1795,1795,The Ordinary Retinol Serum 0.5% 30Ml,Serums &amp; Treatment,The Ordinary,158-1-item,12.0,,yes,0,ACTIVE,serums-treatment|the-ordinary,Skin Care|Serums &amp; Treatment,1,1,,,0,,0,,,,ALREADY_IMPORTED
1796,1796,Tiam Snail Azulence Water Essence 180Ml,"Face Toners, Mist &amp; Essence",Tiam,151-1-item,15.0,,yes,0,ACTIVE,face-toners-mist-essence|tiam,"Skin Care|Face Toners, Mist &amp; Essence",1,1,,,0,,0,,,,ALREADY_IMPORTED
1797,1797,Tiam Vita B3 Source 40Ml,Serums &amp; Treatment,Tiam,152-1-item,17.0,,yes,12,ACTIVE,serums-treatment|tiam,Skin Care|Serums &amp; Treatment,1,1,,,0,,0,,,,ALREADY_IMPORTED
1798,1798,Triangle Powder Puff,Tools &amp; Accessories,,153-1-item,1.0,,yes,17,ACTIVE,tools-accessories|brushes-beauty-blenders,Makeup|Tools &amp; Accessories|Brushes &amp; Beauty Blenders|Beauty Tools,1,1,,,0,,0,,,,ALREADY_IMPORTED
1799,1799,Vaseline Glutha Hya Dewy Radiance 200Ml,Body Lotion,Vaseline,154-1-item,12.0,,yes,0,ACTIVE,body-lotion|vaseline,Skin Care|Bath &amp; Body Care|Body Lotion,1,1,,,0,,0,,,,ALREADY_IMPORTED
1800,1800,Vaseline Glutha Hya Flawless Glow 200Ml,Body Lotion,Vaseline,155-1-item,12.0,,yes,1,ACTIVE,body-lotion|vaseline,Bath &amp; Body Care|Body Lotion,1,1,,,0,,0,,,,ALREADY_IMPORTED
1801,1801,Vee Beauty 6In1 Powder Palette,Powder,Vee Beauty,,13.0,,yes,0,ACTIVE,face|vee-beauty,Face|Makeup|Powder,1,1,,,0,,0,,,,ALREADY_IMPORTED
1802,1802,Vee Beauty 8In1 Powder Palette,Powder,Vee Beauty,147-1-item,15.0,,yes,0,DRAFT,face|vee-beauty,Face|Makeup|Powder,1,1,,,0,,0,,,,ALREADY_IMPORTED
1803,1803,Vee Beauty Girls Night Out 2 Blush Palette,Blushes,Vee Beauty,148-1-item,15.0,,yes,0,ACTIVE,face|vee-beauty,Face|Blushes|Makeup,1,1,,,0,,0,,,,ALREADY_IMPORTED
1804,1804,Vee Beauty Paint My World Lip  Palette(warm),Lip Pallet,Vee Beauty,149-1-item,8.0,,yes,8,ACTIVE,lips|vee-beauty,Lips|Lip Pallet|Makeup,1,1,,,0,,0,,,,ALREADY_IMPORTED
1805,1805,Vee Beauty Magic Cover Concealer,Concealer,Vee Beauty,150-1-item,10.0,,yes,0,DRAFT,face|vee-beauty,Face|Concealer|Makeup,1,1,,,0,,0,,,,ALREADY_IMPORTED
1806,1806,Viange Eyeshadow Base,"Pigment, Glitter &amp; Base",Viange,,6.0,,no,,DRAFT,viange,"Pigment, Glitter &amp; Base|Makeup",1,1,,,0,,0,,,,ALREADY_IMPORTED
1809,1809,Yglam Brown Brush Set,Tools &amp; Accessories,Yglam,146-1-item,55.0,,yes,5,ACTIVE,tools-accessories|yglam,Makeup|Tools &amp; Accessories|Beauty Tools,1,1,,,0,,0,,,,ALREADY_IMPORTED
1813,1813,Zaron Luxurious Lip Gloss -,Lip Gloss,Zaron,,6.0,,no,,ACTIVE,lips|zaron,Lips|Lip Gloss,3,1,3,3,0,,0,,,,ALREADY_IMPORTED
1814,1814,Zaron Powder Brush,Brushes &amp; Beauty Blenders,Zaron,143-1-item,5.0,,yes,0.000000,ACTIVE,brushes-beauty-blenders|zaron,Makeup|Brushes &amp; Beauty Blenders,1,1,,,0,,0,,,,ALREADY_IMPORTED
1819,1819,Dr Teals Bath &Amp; Body Lavender Oil 8.7Fl,Body Oil,Dr Teal's,141-1-item,18.0,,yes,2,ACTIVE,body-oil|dr-teals,Bath &amp; Body Care|Body Oil,1,1,,,0,,0,,,,ALREADY_IMPORTED
1820,1820,Dr Teals Bath &Amp; Body Shea Butter And Almond Oil 8.7Fl,Body Oil,Dr Teal's,142-1-item,18.0,,yes,2,ACTIVE,body-oil|dr-teals,Bath &amp; Body Care|Body Oil,1,1,,,0,,0,,,,ALREADY_IMPORTED
1821,1821,Dr Teals Bath &Amp; Body Eucalyptus And Spearmint Oil 8.7Fl,Body Oil,Dr Teal's,140-1-item,18.0,,yes,1,ACTIVE,body-oil|dr-teals,Bath &amp; Body Care|Body Oil,1,1,,,0,,0,,,,ALREADY_IMPORTED
2317,2317,Alpha Skin Care Renewal Body Lotion 12% Glycolic Aha - 12FL oz,Body Lotion,Alpha Skin Care,139-1-item,26.0,,yes,3,ACTIVE,body-lotion|alpha-skin-care,Bath &amp; Body Care|Body Lotion,1,4,,,0,,0,,,,ALREADY_IMPORTED
2318,2318,Alpha Skin Care Moisturizing Body Wash Sea Mist - 340G,Body Wash,Alpha Skin Care,135-1-item,20.0,,yes,4,ACTIVE,body-wash|alpha-skin-care,Bath &amp; Body Care|Body Wash,1,1,,,0,,0,,,,ALREADY_IMPORTED
2319,2319,Anua Heartleaf 77% Soothing Toner - 250Ml,"Face Toners, Mist &amp; Essence",Anua,136-1-item,25.0,,yes,0,ACTIVE,face-toners-mist-essence|anua,"Skin Care|Face Toners, Mist &amp; Essence",1,1,,,0,,0,,,,ALREADY_IMPORTED
2320,2320,Anua Heartleaf 70 Intense Calming Cream - 50Ml,Moisturizers &amp; Cream,Anua,137-1-item,25.0,,yes,1,ACTIVE,moisturizers|anua,Skin Care|Moisturizers &amp; Cream,1,1,,,0,,0,,,,ALREADY_IMPORTED
2321,2321,Anua Niacinamide 10% X Txa 4% - 30Ml,Serums &amp; Treatment,Anua,138-1-item,25.0,,yes,8,ACTIVE,serums-treatment|anua,Skin Care|Serums &amp; Treatment|EVEN TONE|BRIGHTENING|hyperpigmentation|dark spots,1,1,,,0,,0,,,,ALREADY_IMPORTED
2322,2322,Aveeno Moisturizing Body Oil Mist (US Version),Body Oil,Aveeno,129-1-item,16.0,,yes,14,ACTIVE,body-oil|aveeno,Bath &amp; Body Care|Body Oil,1,4,,,0,,0,,,,ALREADY_IMPORTED
2323,2323,Beauty Of Joseon Dynasty Face Cream Moisturizer,Moisturizers &amp; Cream,Beauty of Joseon,130-1-item,23.0,,yes,0,ACTIVE,moisturizers|beauty-of-joseon,Skin Care|Moisturizers &amp; Cream,1,1,,,0,,0,,,,ALREADY_IMPORTED
2324,2324,Becharm Ageless 18 In 1 Matte Lip Paint - Glamour,Lips,Becharm,131-1-item,18.0,,yes,0,DRAFT,lips|becharm,Lips,1,1,,,0,,0,,,,ALREADY_IMPORTED
2325,2325,Boj Cosmetics Luxe Eye Lashes 5 In 1 ( Vogue),Eyelash Extensions &amp; Glue,BOJ Cosmetics,132-1-item,16.0,,yes,2,ACTIVE,eyes|boj-cosmetics,Eyes|Eyelash Extensions &amp; Glue|Makeup,1,1,,,0,,0,,,,ALREADY_IMPORTED
2326,2326,Boj Cosmeticslux Eye Lashes 5 In 1 ( Posh ) - Set 3,Eyelash Extensions &amp; Glue,BOJ Cosmetics,133-1-item,16.0,,yes,3,ACTIVE,eyes|boj-cosmetics,Eyes|Eyelash Extensions &amp; Glue|Makeup,1,1,,,0,,0,,,,ALREADY_IMPORTED
2327,2327,Boj Cosmeticslux Eye Lashes 5 In 1 ( Posh ) - Set 2,Eyelash Extensions &amp; Glue,BOJ Cosmetics,134-1-item,16.0,,yes,3,ACTIVE,eyes|boj-cosmetics,Eyes|Eyelash Extensions &amp; Glue|Makeup,1,1,,,0,,0,,,,ALREADY_IMPORTED
2328,2328,Boj Cosmetics Lux Eye Lashes 14 In 1 (Queen),Eyelash Extensions &amp; Glue,BOJ Cosmetics,120-1-item,30.0,,yes,0,ACTIVE,eyes|boj-cosmetics,Eyes|Eyelash Extensions &amp; Glue|Makeup,1,1,,,0,,0,,,,ALREADY_IMPORTED
2329,2329,Boj Cosmetics Lux Eye Lashes 14 In 1 (Lady),Eyelash Extensions &amp; Glue,BOJ Cosmetics,121-1-item,30.0,,yes,2,ACTIVE,eyes|boj-cosmetics,Eyes|Eyelash Extensions &amp; Glue|Makeup,1,1,,,0,,0,,,,ALREADY_IMPORTED
2332,2332,Cosrx Salicylic Gentle Cleanser 50Ml,Face Cleansers &amp; Wash,Cosrx,122-1-item,5.0,,yes,-1,DRAFT,face-cleansers-wash|cosrx,Skin Care|Face Cleansers &amp; Wash,1,1,,,0,,0,,,,ALREADY_IMPORTED
2334,2334,Dr Teals Foaming Bath Vit C Glow & Radiance 1000Ml,Body Wash,Dr Teal's,123-1-item,20.0,,yes,5,ACTIVE,body-wash|dr-teals,Bath &amp; Body Care|Body Wash,1,1,,,0,,0,,,,ALREADY_IMPORTED
2335,2335,"Dr Teals Body Wash Ceramides, Avocado Oil 710Ml",Body Wash,Dr Teal's,124-1-item,16.0,,yes,2,ACTIVE,body-wash|dr-teals,Bath &amp; Body Care|Body Wash,1,1,,,0,,0,,,,ALREADY_IMPORTED
2336,2336,Dr Teals Body Wash Prebiotic Lemon Balm 710Ml,Body Wash,Dr Teal's,125-1-item,18.0,,yes,0,ACTIVE,body-wash|dr-teals,Bath &amp; Body Care|Body Wash,1,1,,,0,,0,,,,ALREADY_IMPORTED
2337,2337,"Dr Teals Body Lotion Ceramides , Avocado Oil",Body Lotion,Dr Teal's,126-1-item,18.0,,yes,1,ACTIVE,body-lotion|dr-teals,Bath &amp; Body Care|Body Lotion,1,1,,,0,,0,,,,ALREADY_IMPORTED
2338,2338,Embryolisse Lait Cream Moisturizer - 75 Ml,Moisturizers &amp; Cream,Embryolisse,127-1-item,21.0,,yes,0,ACTIVE,moisturizers|embryolisse,Skin Care|Moisturizers &amp; Cream,1,1,,,0,,0,,,,ALREADY_IMPORTED
2339,2339,Good Molecules Glycolic Exfoliating Toner - 120Ml,"Face Toners, Mist &amp; Essence",Good Molecules,128-1-item,15.0,,yes,-1.000000,ACTIVE,face-toners-mist-essence|good-molecules,"Skin Care|Face Toners, Mist &amp; Essence",1,1,,,0,,0,,,,ALREADY_IMPORTED
2340,2340,Good Moleculs Super Peptides Serum - 30Ml,Serums &amp; Treatment,Good Molecules,111-1-item,15.0,,yes,0,ACTIVE,serums-treatment|good-molecules,Skin Care|Serums &amp; Treatment,1,1,,,0,,0,,,,ALREADY_IMPORTED
2341,2341,Good Molecules Vitamin C Serum With Oryzanol - 30Ml,Serums &amp; Treatment,Good Molecules,112-1-item,17.0,,yes,2,ACTIVE,serums-treatment|good-molecules,Skin Care|Serums &amp; Treatment,1,1,,,0,,0,,,,ALREADY_IMPORTED
2343,2343,Kojivit Ultra Gel 30G,Serums &amp; Treatment,Kojivit,113-1-item,20.0,,yes,44,ACTIVE,serums-treatment|kojivit,Skin Care|Serums &amp; Treatment,1,1,,,0,,0,,,,ALREADY_IMPORTED
2345,2345,Merak Beauty Blender,Brushes &amp; Beauty Blenders,Merak,114-1-item,5.0,,yes,0.000000,ACTIVE,brushes-beauty-blenders|merak,Makeup|Brushes &amp; Beauty Blenders,1,1,,,0,,0,,,,ALREADY_IMPORTED
2346,2346,Merak Pro Ultimate Brush Set,Face,Merak,115-1-item,50.0,,yes,0,ACTIVE,face|brushes-beauty-blenders|merak,Face|Makeup|Brushes &amp; Beauty Blenders,1,1,,,0,,0,,,,ALREADY_IMPORTED
2347,2347,Msmetics Blot Sticks Oil Eraser,Face,Msmetics,108-1-item,6.0,,yes,2,ACTIVE,face|msmetics,Face|Makeup,1,1,,,0,,0,,,,ALREADY_IMPORTED
2348,2348,Merak Face Sculpt & Glow 6 In 1 Pallete,Face,Merak,109-1-item,18.0,,yes,0,ACTIVE,face|merak,Face|Makeup,1,1,,,0,,0,,,,ALREADY_IMPORTED
2349,2349,Naturium Kp Body Scrub &amp; Mask - 226 G,Body Scrubs,Naturium,110-1-item,25.0,,yes,0,ACTIVE,body-scrubs|naturium,Bath &amp; Body Care|Body Scrubs,1,1,,,0,,0,,,,ALREADY_IMPORTED
2350,2350,Naturium The Glow Getter Body Oil - 100Ml,Body Oil,Naturium,99-1-item,27.0,,yes,0,ACTIVE,body-oil|naturium,Bath &amp; Body Care|Body Oil,1,1,,,0,,0,,,,ALREADY_IMPORTED
2352,2352,Naturium Tranexamic Topical Acid 5% - 30Ml,Serums &amp; Treatment,Naturium,100-1-item,25.0,,yes,5,ACTIVE,serums-treatment|naturium,Skin Care|Serums &amp; Treatment,1,1,,,0,,0,,,,ALREADY_IMPORTED
2353,2353,Naturium Uv Reflect Antioxidant Spf 50,Sunscreen,Naturium,101-1-item,20.0,,yes,0.000000,ACTIVE,sunscreen|naturium,Skin Care|Sunscreen,1,1,,,0,,0,,,,ALREADY_IMPORTED
2354,2354,Naturium Bha Liquid Exfoliant 2%,Serums &amp; Treatment,Naturium,102-1-item,24.0,,yes,6,ACTIVE,serums-treatment|naturium,Skin Care|Serums &amp; Treatment,1,1,,,0,,0,,,,ALREADY_IMPORTED
2355,2355,Naturium Multi Bright Tranexamic Acid Treatment  5% - 30Ml,Serums &amp; Treatment,Naturium,103-1-item,25.0,,yes,0,ACTIVE,serums-treatment|naturium,Skin Care|Serums &amp; Treatment,1,1,,,0,,0,,,,ALREADY_IMPORTED
2357,2357,Nip + Fab Vitamin C Fix Serum 5%,Serums &amp; Treatment,Nip + Fab,104-1-item,15.0,,yes,0,ACTIVE,serums-treatment|serums-treatment|nip-fab,Skin Care|Serums &amp; Treatment|Dark spots &amp; Discoloration serums,1,1,,,0,,0,,,,ALREADY_IMPORTED
2358,2358,Panoxyl Balancing Repair Moisturizer With Naicinamide 85G,Moisturizers &amp; Cream,Panoxyl,105-1-item,18.0,,yes,7,ACTIVE,moisturizers|panoxyl,Skin Care|Moisturizers &amp; Cream,1,1,,,0,,0,,,,ALREADY_IMPORTED
2359,2359,Panoxyl Acne Treatment Bar 113G,Serums &amp; Treatment,Panoxyl,106-1-item,15.0,,yes,5,ACTIVE,serums-treatment|panoxyl,Skin Care|Serums &amp; Treatment,1,1,,,0,,0,,,,ALREADY_IMPORTED
2360,2360,Panoxyl Adapalene Gel Usp 0.1% Acne Treatment,Serums &amp; Treatment,Panoxyl,107-1-item,18.0,,yes,9,ACTIVE,serums-treatment|acne-treatment|panoxyl,Skin Care|Serums &amp; Treatment|acne treatment,1,1,,,0,,0,,,,ALREADY_IMPORTED
2361,2361,Panoxyl Clarifying Exfoliant 2% Salicylic Acid,Serums &amp; Treatment,Panoxyl,89-1-item,16.0,,yes,5,ACTIVE,serums-treatment|face-toners-mist-essence|exfoliators-peels-scrubs|acne-treatment|panoxyl,"Skin Care|Serums &amp; Treatment|Face Toners, Mist &amp; Essence|Exfoliators, Peels &amp; Scrubs|acne treatment",1,1,,,0,,0,,,,ALREADY_IMPORTED
2362,2362,Palmers Cocoa Butter Massage Lotion For Stretch Marks 250Ml,Serums &amp; Treatment,Palmer's,90-1-item,15.0,,yes,0.000000,ACTIVE,serums-treatment|body-lotion|palmers,Skin Care|Bath &amp; Body Care|Serums &amp; Treatment|Body Lotion,1,1,,,0,,0,,,,ALREADY_IMPORTED
2363,2363,I'M From Rice Toner 150Ml,"Face Toners, Mist &amp; Essence",I’m From,91-1-item,27.0,,yes,0,ACTIVE,face-toners-mist-essence|im-from,"Skin Care|Face Toners, Mist &amp; Essence",1,1,,,0,,0,,,,ALREADY_IMPORTED
2364,2364,ELF Holy Hydration! Face Cream Moisturizer with Broad Spectrum SPF 30,Moisturizers &amp; Cream,Elf,92-1-item,16.0,,yes,10,ACTIVE,moisturizers|elf,Skin Care|Moisturizers &amp; Cream,1,2,,,0,,0,,,,ALREADY_IMPORTED
2366,2366,Zaron Lip Liner Cappuccino,Lips,Zaron,93-1-item,6.0,,yes,0,ACTIVE,lips|zaron,Lips,1,1,,,0,,0,,,,ALREADY_IMPORTED
2367,2367,Absolute Lip Gloss Clear,Lip Gloss,Absolute,94-1-item,2.0,,yes,14,ACTIVE,lips|absolute,Lips|Lip Gloss,1,1,,,0,,0,,,,ALREADY_IMPORTED
2368,2368,Bs-Mall Brush Set,Tools &amp; Accessories,B-Small,95-1-item,18.0,,yes,0,ACTIVE,tools-accessories|brushes-beauty-blenders|b-small,Makeup|Tools &amp; Accessories|Brushes &amp; Beauty Blenders|Brush set|makeup|face,1,1,,,0,,0,,,,ALREADY_IMPORTED
2369,2369,Led 660 Pro Sutefoto Light With Tripod Stand,Tools &amp; Accessories,Accessories _make_up,96-1-item,125.0,,yes,0,ACTIVE,tools-accessories|unnamed,Tools &amp; Accessories|Beauty Tools,1,1,,,0,,0,,,"vendor='Accessories _make_up' is a data-entry placeholder, not a real brand",QUARANTINE
2370,2370,Panel Light L-3560,Tools &amp; Accessories,Accessories _make_up,97-1-item,70.0,,yes,0,ACTIVE,tools-accessories|unnamed,Makeup|Tools &amp; Accessories|Beauty Tools|led light,1,1,,,0,,0,,,"vendor='Accessories _make_up' is a data-entry placeholder, not a real brand",QUARANTINE
2371,2371,Telescopic Makeup Chair Foldable,Beauty Tools,Accessories _make_up,98-1-item,130.0,140.0,yes,0,ACTIVE,unnamed,Beauty Tools,1,1,,,0,,0,,,"vendor='Accessories _make_up' is a data-entry placeholder, not a real brand",QUARANTINE
2372,2372,Tripod Stand,Tools &amp; Accessories,Accessories _make_up,88-1-item,13.0,,yes,0,ACTIVE,tools-accessories|unnamed,Tools &amp; Accessories|Beauty Tools,1,1,,,0,,0,,,"vendor='Accessories _make_up' is a data-entry placeholder, not a real brand",QUARANTINE
2376,2376,Ben Nye Clown White,Eyeshadow,Ben Nye,,12.0,,yes,0,DRAFT,eyes|ben-nye,Eyes|Eyeshadow|Makeup,2,1,2,2,0,,0,,,,ALREADY_IMPORTED
2740,2740,Laneige Lip Mask,Lipbalm,Laneige,85-1-item,6.0,,yes,0,ACTIVE,lips|laneige,Lips|Lipbalm|Makeup,1,1,,,0,,0,,,,ALREADY_IMPORTED
2746,2746,Yglam Blush Palette (Bloom),Eyeshadow,Yglam,84-1-item,18.0,,yes,5,ACTIVE,eyes|yglam,Eyes|Eyeshadow|Makeup,1,1,,,0,,0,,,,ALREADY_IMPORTED
2751,2751,Yglam Blush Palette (Rouge),Eyeshadow,Yglam,83-1-item,18.0,,yes,5,ACTIVE,eyes|yglam,Eyes|Eyeshadow|Makeup,1,1,,,0,,0,,,,ALREADY_IMPORTED
3571,3571,TONYMOLY- Wonder Ceramide Mochi Toner- 500ML,"Face Toners, Mist &amp; Essence",Tony Moly,82-1-item,18.0,,yes,17,ACTIVE,face-toners-mist-essence|tony-moly,"Skin Care|Face Toners, Mist &amp; Essence|toner|hydration|ceramide",1,1,,,0,,0,,,,ALREADY_IMPORTED
3608,3608,FRUDIA - Pomegranate Honey 3in1 Lip Balm - 10ml,Lipbalm,Frudia,81-1-item,5.0,,yes,0,ACTIVE,lips|frudia,Lips|Lipbalm|lips|lip balm|moisturizing lip balm,1,1,,,0,,0,,,,ALREADY_IMPORTED
3610,3610,FRUDIA - My Orchard Hand Cream (pineapple) - 30g,Hand cream,Frudia,80-1-item,3.0,,yes,0,DRAFT,moisturizers|frudia,Moisturizers &amp; Cream|Hand cream|hand cream|moisturizer,1,1,,,0,,0,,,,ALREADY_IMPORTED
3614,3614,FRUDIA - My Orchard Hand Cream (Dragon fruit) - 30g,Hand cream,Frudia,79-1-item,3.0,,yes,0,DRAFT,moisturizers|frudia,Moisturizers &amp; Cream|Hand cream|hand cream|moisturizer,1,1,,,0,,0,,,,ALREADY_IMPORTED
3619,3619,ILLIYOON - Hyaluronic Moisture Cream- 100ml,Moisturizers &amp; Cream,illiyoon,78-1-item,15.0,,yes,0,ACTIVE,moisturizers|illiyoon,Skin Care|Moisturizers &amp; Cream|face|hydration|moisturizer|hyaluronic,1,1,,,0,,0,,,,ALREADY_IMPORTED
3629,3629,COSRX - Acne Pimple Master Patch,Skin Care,Cosrx,77-1-item,4.0,,yes,0,DRAFT,acne-treatment|cosrx,Skin Care|acne treatment|pimples patch,1,1,,,0,,0,,,,ALREADY_IMPORTED
3631,3631,COSRX - AHA/BHA Clarifying Treatment Toner 150ml,"Face Toners, Mist &amp; Essence",Cosrx,76-1-item,13.0,,yes,7,ACTIVE,face-toners-mist-essence|exfoliators-peels-scrubs|cosrx,"Skin Care|Face Toners, Mist &amp; Essence|Exfoliators, Peels &amp; Scrubs",1,1,,,0,,0,,,,ALREADY_IMPORTED
3635,3635,Vaseline Cocoa Radiant Oil Gel 200ml,Body Moisturizers,Vaseline,75-1-item,8.99,,yes,9,ACTIVE,body-moisturizers|body-oil|vaseline,Skin Care|Bath &amp; Body Care|Body Moisturizers|Body Oil,1,1,,,0,,0,,,,ALREADY_IMPORTED
3639,3639,Olay Cleansing &amp; Nourishing Body Wash with Hyaluronic Acid &amp; Vitamin B3 Complex 20 fl oz,Body Wash,Olay,74-1-item,20.0,,yes,8,ACTIVE,body-wash|olay,Skin Care|Bath &amp; Body Care|Body Wash,1,2,,,0,,0,,,,ALREADY_IMPORTED
3648,3648,Olay Collagen Peptide B3 Firming & Hydrating Body Lotion 502ml,Body Moisturizers,Olay,73-1-item,20.0,,yes,10,ACTIVE,body-moisturizers|body-lotion|olay,Skin Care|Bath &amp; Body Care|Body Moisturizers|Body Lotion|moisturizer|FIRMING|HYDRATING,1,1,,,0,,0,,,,ALREADY_IMPORTED
3652,3652,Olay elasticity boosting collagen peptide body wash,Body Wash,Olay,72-1-item,20.0,,yes,37,ACTIVE,body-wash|olay,Skin Care|Bath &amp; Body Care|Body Wash|FIRMING|CLEANSING,1,1,,,0,,0,,,,ALREADY_IMPORTED
3656,3656,"Olay Tone Evening and Hydrating Body Lotion, Deep Moisture, 17oz",Body Moisturizers,Olay,70-1-item,20.0,,yes,-3.000000,DRAFT,body-moisturizers|body-lotion|olay,Skin Care|Bath &amp; Body Care|Body Moisturizers|Body Lotion|HYDRATING|EVEN TONE|BRIGHTENING|MOISTURIZING,1,1,,,0,,0,,,,ALREADY_IMPORTED
3659,3659,Olay Daily Recovery & Hydration Body Lotion with Shea Butter | 17 oz,Moisturizers &amp; Cream,Olay,69-1-item,20.0,,yes,0.000000,DRAFT,moisturizers|body-moisturizers|body-lotion|olay,Skin Care|Bath &amp; Body Care|Moisturizers &amp; Cream|Body Moisturizers|Body Lotion|hydration|skin repair|shea butter,1,1,,,0,,0,,,,ALREADY_IMPORTED
3661,3661,Exfoliating Bath Glove Sponge,"Exfoliators, Peels &amp; Scrubs",Glove sponge,68-1-item,1.0,,yes,62,ACTIVE,exfoliators-peels-scrubs|body-scrubs|body-wash|tools-accessories|glove-sponge,"Bath &amp; Body Care|Exfoliators, Peels &amp; Scrubs|Body Scrubs|Body Wash|sponge|EXFOLIATING",1,1,,,0,,0,,,,ALREADY_IMPORTED
3663,3663,Biore UV Aqua Rich Watery Essence SPF 50+/PA++++ (70g) Sunscreen,Sunscreen,Biore,67-1-item,15.0,,yes,43,ACTIVE,sunscreen|biore,Skin Care|Sunscreen|sunscreen,1,1,,,0,,0,,,,ALREADY_IMPORTED
3666,3666,Kose Suncut UV Perfect Gel SPF 50+ PA++++ (80g) Sunscreen,Sunscreen,Kose Suncut,66-1-item,15.0,,yes,101,ACTIVE,sunscreen|kose-suncut,Skin Care|Sunscreen|sunscreen|spf50,1,1,,,0,,0,,,,ALREADY_IMPORTED
3689,3689,Topicals Faded Brightening Cleansing Bar For Dark Spots + Discoloration net wt 3.5oz (2 bars),Serums &amp; Treatment,Faded,65-1-item,35.99,,yes,11,ACTIVE,serums-treatment|face-cleansers-wash|body-wash|serums-treatment|faded,Skin Care|Bath &amp; Body Care|Serums &amp; Treatment|Face Cleansers &amp; Wash|Body Wash|Dark spots &amp; Discoloration serums,1,1,,,0,,0,,,,ALREADY_IMPORTED
3693,3693,Topicals Faded Under Eye Masks Brightening Eye Masks,Eyes,Faded,64-1-item,25.0,,yes,11,ACTIVE,eyes|face|serums-treatment|face-mask|faded,Eyes|Face|Skin Care|Serums &amp; Treatment|Mask|face|BRIGHTENING|under eye,1,1,,,0,,0,,,,ALREADY_IMPORTED
3698,3698,EOS -Lip Balm,Lipbalm,Eos,63-1-item,5.0,,yes,0,ACTIVE,lips|eos,Lips|Lipbalm|lip balm|moisturizing lip balm,1,1,,,0,,0,,,,ALREADY_IMPORTED
3840,3840,Naturium The Energizer Mandelic Acid Body Wash 500ml,Body Wash,Naturium,62-1-item,25.0,,yes,7,ACTIVE,body-wash|naturium,Skin Care|Bath &amp; Body Care|Body Wash|CLEANSING|EXFOLIATING,1,1,,,0,,0,,,,ALREADY_IMPORTED
3843,3843,Naturium Mandelic Topical Acid 12% Face Serum 30ml,Serums &amp; Treatment,Naturium,61-1-item,25.0,,yes,0,ACTIVE,serums-treatment|exfoliators-peels-scrubs|naturium,"Skin Care|Serums &amp; Treatment|Exfoliators, Peels &amp; Scrubs|face|EXFOLIATING|EVEN TONE",1,1,,,0,,0,,,,ALREADY_IMPORTED
3845,3845,Naturium Azelaic Topical Acid 10% Face Serum 30ml,Serums &amp; Treatment,Naturium,60-1-item,25.0,,yes,5,ACTIVE,serums-treatment|naturium,Skin Care|Serums &amp; Treatment|EVEN TONE|BRIGHTENING,1,1,,,0,,0,,,,ALREADY_IMPORTED
3848,3848,Anua Heartleaf Pore Control Cleansing Oil 200ml,Face Cleansers &amp; Wash,Anua,59-1-item,25.0,,yes,6,ACTIVE,face-cleansers-wash|anua,Skin Care|Face Cleansers &amp; Wash,1,2,,,0,,0,,,,ALREADY_IMPORTED
3851,3851,ANUA Heartleaf LHA Moisture Peeling Gel Gentle Face Cleanser (120ml),Face Cleansers &amp; Wash,Anua,58-1-item,22.0,,yes,4,ACTIVE,face-cleansers-wash|exfoliators-peels-scrubs|anua,"Skin Care|Face Cleansers &amp; Wash|Exfoliators, Peels &amp; Scrubs|face|CLEANSING|EXFOLIATING",1,1,,,0,,0,,,,ALREADY_IMPORTED
3853,3853,ANUA BHA 2% Gentle Exfoliating Toner (150ml ),"Face Toners, Mist &amp; Essence",Anua,57-1-item,25.0,,yes,4,ACTIVE,face-toners-mist-essence|exfoliators-peels-scrubs|anua,"Skin Care|Face Toners, Mist &amp; Essence|Exfoliators, Peels &amp; Scrubs|face|EXFOLIATING|EVEN TONE|BRIGHTENING",1,1,,,0,,0,,,,ALREADY_IMPORTED
3856,3856,Anua Peach 70 Niacinamide Serum 30ml / brightening hydrating face serum,Serums &amp; Treatment,Anua,56-1-item,25.0,,yes,0,ACTIVE,serums-treatment|serums-treatment|serums-treatment|anua,Skin Care|Serums &amp; Treatment|Glow serum|Dark spots &amp; Discoloration serums|HYDRATING|EVEN TONE|BRIGHTENING|hyperpigmentation,1,1,,,0,,0,,,,ALREADY_IMPORTED
3867,3867,Eos Body Lotion Pink Champagne 16Fl/473Ml,Moisturizers &amp; Cream,Eos,55-1-item,18.0,,yes,16,ACTIVE,moisturizers|body-moisturizers|body-lotion|eos,Moisturizers &amp; Cream|Body Moisturizers|Body Lotion,1,1,,,0,,0,,,,ALREADY_IMPORTED
3869,3869,Eos Body Lotion Fresh +Cozy 16Fl/473Ml,Body Moisturizers,Eos,54-1-item,18.0,,yes,1,ACTIVE,body-moisturizers|body-lotion|eos,Bath &amp; Body Care|Body Moisturizers|Body Lotion,1,1,,,0,,0,,,,ALREADY_IMPORTED
3871,3871,Topicals High Roller Ingrown Hair Serum Roll-on Tonic 50ML,Serums &amp; Treatment,Faded,53-1-item,26.0,,yes,4,ACTIVE,serums-treatment|exfoliators-peels-scrubs|roll-on|serums-treatment|faded,"Serums &amp; Treatment|Exfoliators, Peels &amp; Scrubs|Roll On|Dark spots &amp; Discoloration serums|EVEN TONE|BRIGHTENING|dark spots",1,1,,,0,,0,,,,ALREADY_IMPORTED
3876,3876,Advanced Clinicals 5-in-1 Multi Correction Anti Aging Eye Serum,Serums &amp; Treatment,Advanced Clinicals,52-1-item,15.0,,yes,17,ACTIVE,serums-treatment|serums-treatment|advanced-clinicals,Skin Care|Serums &amp; Treatment|Eye cream|BRIGHTENING|under eye|anti aging,1,1,,,0,,0,,,,ALREADY_IMPORTED
3878,3878,Advanced Clinicals Dark Spot Brightening Face Moisturizer Lotion,Moisturizers &amp; Cream,Advanced Clinicals,51-1-item,16.0,,yes,24,ACTIVE,moisturizers|serums-treatment|serums-treatment|advanced-clinicals,Skin Care|Moisturizers &amp; Cream|Glow serum|Dark spots &amp; Discoloration serums|EVEN TONE|BRIGHTENING|skin repair|hyperpigmentation|dark spots,1,1,,,0,,0,,,,ALREADY_IMPORTED
3885,3885,Advanced Clinicals Vitamin C Glow Facial Mist Toner,"Face Toners, Mist &amp; Essence",Advanced Clinicals,50-1-item,15.0,,yes,12,ACTIVE,face-toners-mist-essence|serums-treatment|serums-treatment|advanced-clinicals,"Skin Care|Face Toners, Mist &amp; Essence|Glow serum|Dark spots &amp; Discoloration serums|HYDRATING|EVEN TONE|BRIGHTENING",1,1,,,0,,0,,,,ALREADY_IMPORTED
3887,3887,"Advanced Clinicals Vitamin C Face Toner W/Ferulic Acid & Rosewater, Antioxidant Facial Mist Spray 8 Fl Oz","Face Toners, Mist &amp; Essence",Advanced Clinicals,49-1-item,15.0,,yes,0,ACTIVE,face-toners-mist-essence|serums-treatment|serums-treatment|advanced-clinicals,"Skin Care|Face Toners, Mist &amp; Essence|Dark spots &amp; Discoloration serums|Glow spray|HYDRATING|BRIGHTENING|facial mist",1,1,,,0,,0,,,,ALREADY_IMPORTED
4013,4013,FaceFacts Ceramide Repairing Serum Cream 30ml,Serums &amp; Treatment,Facefacts,48-1-item,5.0,,yes,5,ACTIVE,serums-treatment|moisturizers|facefacts,Skin Care|Serums &amp; Treatment|Moisturizers &amp; Cream|moisturizer|hyaluronic|skin repair,1,1,,,0,,0,,,,ALREADY_IMPORTED
4015,4015,FaceFacts Vitamin C Brightening Facial Serum 30ml,Serums &amp; Treatment,Facefacts,47-1-item,4.99,,yes,0,ACTIVE,serums-treatment|serums-treatment|facefacts,Skin Care|Serums &amp; Treatment|Glow serum|EVEN TONE,1,1,,,0,,0,,,,ALREADY_IMPORTED
4020,4020,FaceFacts Ceramide Hydrating Gentle Cleanser 140ml,Face Cleansers &amp; Wash,Facefacts,46-1-item,8.99,,yes,0,ACTIVE,face-cleansers-wash|facefacts,Skin Care|Face Cleansers &amp; Wash,1,1,,,0,,0,,,,ALREADY_IMPORTED
4022,4022,FaceFacts Collagen &amp; Q10 Replenishing Facial Serum,Serums &amp; Treatment,Facefacts,45-1-item,4.99,,yes,0,ACTIVE,serums-treatment|facefacts,Skin Care|Serums &amp; Treatment,1,2,,,0,,0,,,,ALREADY_IMPORTED
4025,4025,Baby Dove Lotion Fragrance Free Moisture 200ml,Body Lotion,Dove,44-1-item,2.99,,yes,5,ACTIVE,body-lotion|baby-wash-lotion|dove,Bath &amp; Body Care|Body Lotion|Baby wash &amp; lotion,1,1,,,0,,0,,,,ALREADY_IMPORTED
4027,4027,Dove Shower Gel Nurturing Cocoa Butter & Hibiscus Body Wash 225ml,Body Wash,Dove,43-1-item,2.49,,yes,-1,DRAFT,body-wash|dove,Bath &amp; Body Care|Body Wash,1,1,,,0,,0,,,,ALREADY_IMPORTED
4030,4030,Dove Revitalising Body Wash 225ml,Body Wash,Dove,42-1-item,2.49,,yes,,DRAFT,body-wash|dove,Bath &amp; Body Care|Body Wash,1,1,,,0,,0,,,,ALREADY_IMPORTED
4032,4032,"Dove, Pampering, Body Wash, Shea Butter & Vanilla 225ml",Body Wash,Dove,41-1-item,2.49,,yes,0,DRAFT,body-wash|dove,Bath &amp; Body Care|Body Wash|moisturizing lip balm,1,1,,,0,,0,,,,ALREADY_IMPORTED
4034,4034,Dove Almond Cream & Hibiscus Body Wash 500ml,Body Wash,Dove,40-1-item,4.99,,yes,0,DRAFT,body-wash|dove,Bath &amp; Body Care|Body Wash,1,1,,,0,,0,,,,ALREADY_IMPORTED
4036,4036,Dove Indulging Bath Wash 500ml,Body Wash,Dove,39-1-item,4.99,,yes,10,ACTIVE,body-wash|dove,Bath &amp; Body Care|Body Wash,1,1,,,0,,0,,,,ALREADY_IMPORTED
4038,4038,Sooo Pro Extra Dimensions Highlighter compact,Bronzers &amp; Highlighters,Sooo Pro,,25.0,,no,,ACTIVE,face|sooo-pro,Face|Bronzers &amp; Highlighters|Makeup|Face Highlighter,2,1,2,2,0,,0,,,,ALREADY_IMPORTED
4673,4673,Annies Beauty Meet The Brown Eyeshadow Palette,Eyeshadow,Annies Beauty,36-1-item,25.0,,yes,1,ACTIVE,annies-beauty,Eyeshadow|Makeup,2,1,2,2,0,,0,,,,ALREADY_IMPORTED
4680,4680,Annies Beauty Party Girl Eyeshadow Palette,Eyeshadow,Annies Beauty,35-1-item,25.0,,yes,2,ACTIVE,annies-beauty,Eyeshadow|Makeup,1,1,,,0,,0,,,,ALREADY_IMPORTED
4681,4681,Annies Beauty Cheek Orgasm Blush Palette Vol 1,Blushes,Annies Beauty,34-1-item,20.0,,yes,8,ACTIVE,annies-beauty,Blushes|Highlight &amp; Contour|Makeup,1,1,,,0,,0,,,,ALREADY_IMPORTED
4682,4682,Tree Hut Foaming Gel Wash,Body Wash,Tree Hut,,12.0,,yes,6,ACTIVE,body-wash|tree-hut,Bath &amp; Body Care|Body Wash,4,1,4,4,0,,0,,,,ALREADY_IMPORTED
4697,4697,Tree Hut Whipped Body Butter,Moisturizers &amp; Cream,Tree Hut,,13.0,,yes,1,ACTIVE,moisturizers|body-lotion|body-butter|tree-hut,Bath &amp; Body Care|Moisturizers &amp; Cream|Body Lotion|Body Butter,2,1,2,2,0,,0,,,,ALREADY_IMPORTED
4702,4702,"Aveeno Baby Daily Moisturizing Cream with Prebiotic Oat, with Coconut Oil & Shea Butter  15fl",Body Lotion,Aveeno,27-1-item,15.0,,yes,14,ACTIVE,body-lotion|baby-wash-lotion|aveeno,Bath &amp; Body Care|Body Lotion|Baby wash &amp; lotion|moisturizer|MOISTURISING,1,1,,,0,,0,,,,ALREADY_IMPORTED
4706,4706,"Aveeno Baby Daily Care Gift Set with Oat Extract & Prebiotic Oat, Contains Daily Moisturizing Body Lotion & Gentle 2-in-1 Baby Bath Wash & Shampoo (Pack of 2)",Moisturizers &amp; Cream,Aveeno,26-1-item,22.99,,yes,2,ACTIVE,moisturizers|body-moisturizers|body-wash|body-lotion|baby-wash-lotion|aveeno,Bath &amp; Body Care|Moisturizers &amp; Cream|Body Moisturizers|Body Wash|Body Lotion|Baby wash &amp; lotion,1,1,,,0,,0,,,,ALREADY_IMPORTED
4711,4711,Timeless Skin Care Vitamin C Serum with Vitamin E &amp; Ferulic Acid - 20% Vitamin C Brightening Serum - 1 oz,Serums &amp; Treatment,Timeless,25-1-item,28.99,,yes,14,ACTIVE,serums-treatment|serums-treatment|serums-treatment|timeless,Skin Care|Serums &amp; Treatment|Glow serum|Dark spots &amp; Discoloration serums,1,1,,,0,,0,,,,ALREADY_IMPORTED
5103,5103,Vaseline Vitamin B3 Body oil 200ml,Body Oil,Vaseline,24-1-item,12.0,,yes,0,ACTIVE,body-oil|vaseline,Bath &amp; Body Care|Body Oil,1,1,,,0,,0,,,,ALREADY_IMPORTED
5110,5110,Vaseline Healthy Plus Bar Soap Vit B3 Healthy Bright (3x75g),Body Wash,Vaseline,23-1-item,3.0,,yes,0,ACTIVE,body-wash|vaseline,Bath &amp; Body Care|Body Wash,1,1,,,0,,0,,,,ALREADY_IMPORTED
5111,5111,Cosrx Advanced Snail 92 All in one Cream Tube 100g,Moisturizers &amp; Cream,Cosrx,22-1-item,20.0,,yes,0,DRAFT,moisturizers|cosrx,Skin Care|Moisturizers &amp; Cream,1,1,,,0,,0,,,,ALREADY_IMPORTED
5112,5112,ZAPZYT Acne Treatment Gel,Serums &amp; Treatment,Zapzyt,21-1-item,15.0,,yes,0,ACTIVE,serums-treatment|acne-treatment|zapzyt,Skin Care|Serums &amp; Treatment|acne treatment,1,1,,,0,,0,,,,ALREADY_IMPORTED
5115,5115,Missha Vita C Plus Brightening Toner 200ml,"Face Toners, Mist &amp; Essence",Missha,20-1-item,19.99,,yes,0,ACTIVE,face-toners-mist-essence|serums-treatment|missha,"Skin Care|Face Toners, Mist &amp; Essence|Dark spots &amp; Discoloration serums",1,1,,,0,,0,,,,ALREADY_IMPORTED
5119,5119,Mary &amp; May Tranexamic Eye Cream (Special set - pack of 2),Serums &amp; Treatment,Mary &amp; May,19-1-item,15.0,,yes,0,ACTIVE,serums-treatment|serums-treatment|serums-treatment|mary-may,Skin Care|Serums &amp; Treatment|Dark spots &amp; Discoloration serums|Eye cream,1,1,,,0,,0,,,,ALREADY_IMPORTED
5355,5355,Tola Banks Easy Blend Beauty Sponge ( Pack of 4),Brushes &amp; Beauty Blenders,Tola Banks,18-1-item,16.0,,yes,17,ACTIVE,brushes-beauty-blenders|tola-banks,Makeup|Brushes &amp; Beauty Blenders,1,1,,,0,,0,,,,ALREADY_IMPORTED
5362,5362,Flawless Stay On Spray 150ml,Setting &amp; Finishing Spray,Flawless Ivy cosmetics,17-1-item,17.0,,yes,0,ACTIVE,flawless-ivy-cosmetics,Makeup|Setting &amp; Finishing Spray,1,1,,,0,,0,,,,ALREADY_IMPORTED
5911,5911,Good Molecules Brightening &amp; Dark Spots Bar 85g,Face Cleansers &amp; Wash,Good Molecules,16-1-item,12.0,,yes,8,ACTIVE,face-cleansers-wash|serums-treatment|good-molecules,Skin Care|Face Cleansers &amp; Wash|Dark spots &amp; Discoloration serums,1,3,,,0,,0,,,,ALREADY_IMPORTED
5915,5915,Nip + Fab Retinol Fix Overnight Cream 50ml,Serums &amp; Treatment,Nip + Fab,15-1-item,18.0,,yes,0,ACTIVE,serums-treatment|nip-fab,Skin Care|Serums &amp; Treatment,1,2,,,0,,0,,,,ALREADY_IMPORTED
5918,5918,Nip + Fab Vitamin C Fix Cleanser,Face Cleansers &amp; Wash,Nip + Fab,14-1-item,12.0,,yes,0,ACTIVE,face-cleansers-wash|serums-treatment|nip-fab,Skin Care|Face Cleansers &amp; Wash|Dark spots &amp; Discoloration serums|face|HYDRATING|EVEN TONE|Vit c Face cleanser|brightening face wash,1,1,,,0,,0,,,,ALREADY_IMPORTED
5921,5921,Tiam AC Fighting AHA BHA PHA TONER,"Face Toners, Mist &amp; Essence",Tiam,13-1-item,12.0,,yes,0,ACTIVE,face-toners-mist-essence|exfoliators-peels-scrubs|tiam,"Skin Care|Face Toners, Mist &amp; Essence|Exfoliators, Peels &amp; Scrubs|toner|EXFOLIATING",1,3,,,0,,0,,,,ALREADY_IMPORTED
5935,5935,Naturium Barrier Bounce 50ml,Serums &amp; Treatment,Naturium,12-1-item,26.0,,yes,5,ACTIVE,serums-treatment|naturium,Skin Care|Serums &amp; Treatment|hydration|ceramide|hyaluronic|BRIGHTENING|Barrier repair,1,4,,,0,,0,,,,ALREADY_IMPORTED
5940,5940,Naturium AHA Exfoliating Mask 10%,"Exfoliators, Peels &amp; Scrubs",Naturium,11-1-item,25.0,,yes,3,ACTIVE,exfoliators-peels-scrubs|naturium,"Skin Care|Exfoliators, Peels &amp; Scrubs|face|EXFOLIATING",1,4,,,0,,0,,,,ALREADY_IMPORTED
5945,5945,Sylvimak Concealer,Concealer,Sylvimak,,12.0,,no,,ACTIVE,sylvimak,Concealer|Highlight &amp; Contour|Makeup,8,2,8,8,0,,0,,,,ALREADY_IMPORTED
5989,5989,Tree Hut vitamin c shea sugar scrub,Body Scrubs,Tree Hut,2-1-item,16.0,,yes,0,ACTIVE,body-scrubs|tree-hut,Body Scrubs,1,2,,,0,,0,,,,ALREADY_IMPORTED
6565,6565,Olay Hyaluronic Acid Body Lotion,Moisturizers &amp; Cream,Olay,1-1-item,20.0,,yes,2,ACTIVE,moisturizers|body-moisturizers|body-lotion|baby-wash-lotion|olay,Moisturizers &amp; Cream|Body Moisturizers|Body Lotion|Baby wash &amp; lotion,1,1,,,0,,0,,,,ALREADY_IMPORTED
7309,7309,Eos Body Lotion Coconut Waters  - 16 fl oz/473ml,Body Moisturizers,Eos,573-1-item,18.0,,yes,15,ACTIVE,body-moisturizers|body-lotion|baby-wash-lotion|body-care|body-butter|eos,Bath &amp; Body Care|Body Moisturizers|Body Lotion|Baby wash &amp; lotion|Body Body|Body Butter,1,4,,,0,,0,,,,ALREADY_IMPORTED
7323,7323,Dr Teals Shea Sugar Prebiotic Lemon Balm Scrub,Body Scrubs,Dr Teal's,572-1-item,15.0,,yes,0,ACTIVE,body-scrubs|dr-teals,Body Scrubs,1,4,,,0,,0,,,,ALREADY_IMPORTED
7328,7328,YGLAM Beauty Bronzer Pallete (BRONZEY),Bronzers &amp; Highlighters,Yglam,571-1-item,27.0,,yes,8,ACTIVE,yglam,Bronzers &amp; Highlighters|Highlight &amp; Contour,1,3,,,0,,0,,,,ALREADY_IMPORTED
7515,7515,SKINCARE ESSENTIALS COMBO DEAL -VALENTINE COMBO DEALS,Moisturizers &amp; Cream,,570-1-item,56.0,60.0,yes,7,ACTIVE,moisturizers|face-cleansers-wash|sunscreen|valentine-combo-deals|combo-deals,Skin Care|Moisturizers &amp; Cream|Face Cleansers &amp; Wash|Sunscreen|VALENTINE COMBO DEALS|Combo Deals,1,2,,,0,,0,,,,ALREADY_IMPORTED
7534,7534,HYDARTION & BARRIER REPAIR COMBO- VALENTINE COMBO DEALS,"Face Toners, Mist &amp; Essence",,569-1-item,69.99,,yes,8.000000,ACTIVE,face-toners-mist-essence|sunscreen|valentine-combo-deals|combo-deals,"Skin Care|Face Toners, Mist &amp; Essence|Sunscreen|VALENTINE COMBO DEALS|Combo Deals|hydration|Barrier repair",1,2,,,0,,0,,,,ALREADY_IMPORTED
7535,7535,ACNE & BLEMISH FIGHTER SET - VALENTINE COMBO DEALS,VALENTINE COMBO DEALS,,568-1-item,82.0,89.99,yes,6,ACTIVE,acne-treatment|valentine-combo-deals|combo-deals,Skin Care|acne treatment|VALENTINE COMBO DEALS|Combo Deals|BLEMISH TREATMENT|VALEN,1,2,,,0,,0,,,,ALREADY_IMPORTED
7537,7537,EXFOLIATING AND MOISTURIZING BODY COMBO- VALENTINE COMBO DEALS,VALENTINE COMBO DEALS,,567-1-item,100.0,,yes,5.000000,ACTIVE,valentine-combo-deals|combo-deals,Bath &amp; Body Care|VALENTINE COMBO DEALS|Combo Deals|MOISTURIZING|exfolia,1,2,,,0,,0,,,,ALREADY_IMPORTED
7539,7539,BODY GLOW & BRIGHTENING COMBO 3- VALENTINE COMBO DEALS,Body Lotion,,566-1-item,69.99,80.0,yes,3,ACTIVE,body-lotion|valentine-combo-deals|combo-deals,Bath &amp; Body Care|Body Lotion|VALENTINE COMBO DEALS|Combo Deals|BRIGHTENING|MOISTURIZING|BODY GLOW,1,2,,,0,,0,,,,ALREADY_IMPORTED
7542,7542,BODY GLOW & BRIGHTENING COMBO 2- VALENTINE COMBO DEALS,Moisturizers &amp; Cream,,565-1-item,90.0,100.0,yes,1,ACTIVE,moisturizers|body-wash|body-lotion|body-oil|valentine-combo-deals|combo-deals,Bath &amp; Body Care|Moisturizers &amp; Cream|Body Wash|Body Lotion|Body Oil|VALENTINE COMBO DEALS|Combo Deals|BRIGHTENING|MOISTURIZING,1,2,,,0,,0,,,,ALREADY_IMPORTED
7543,7543,BODY GLOW & BRIGHTENING COMBO 1- BUNDLE DEAL,Body Wash,,564-1-item,90.0,100.0,yes,2,ACTIVE,body-wash|body-lotion|body-oil|valentine-combo-deals|brightening|combo-deals,Bath &amp; Body Care|Body Wash|Body Lotion|Body Oil|VALENTINE COMBO DEALS|BRIGHTENING|Combo Deals|EVEN TONE|BODY GLOW|valentine glow,1,2,,,0,,0,,,,ALREADY_IMPORTED
7544,7544,GLOW & RADIANCE BUNDLE (For Hyperpigmentation & Brightening)- Valentine Combo Deal,VALENTINE COMBO DEALS,,563-1-item,122.0,,yes,5.000000,ACTIVE,serums-treatment|serums-treatment|valentine-combo-deals|hyperpigmentation|brightening|combo-deals,Skin Care|Glow serum|Dark spots &amp; Discoloration serums|VALENTINE COMBO DEALS|HYPERPIGMENTATION|BRIGHTENING|Combo Deals|EVEN TONE|hyperpigmentation|dark spots,1,2,,,0,,0,,,,ALREADY_IMPORTED
7880,7880,EOS Pink Champagne Body Wash,Body Wash,Eos,556-1-item,19.0,,yes,45,ACTIVE,body-wash|eos,Bath &amp; Body Care|Body Wash,1,1,,,0,,0,,,,ALREADY_IMPORTED
7885,7885,NATURIUM Alpha Arbutin Serum 2%  30ML,Serums &amp; Treatment,Naturium,562-1-item,25.0,,yes,5,ACTIVE,serums-treatment|serums-treatment|hyperpigmentation|brightening|naturium,Skin Care|Serums &amp; Treatment|Dark spots &amp; Discoloration serums|HYPERPIGMENTATION|BRIGHTENING,1,4,,,0,,0,,,,ALREADY_IMPORTED
7890,7890,"Tiam Vita B3 Mist Toner, 6.76 fl oz (200 ml)","Face Toners, Mist &amp; Essence",Tiam,561-1-item,15.0,,yes,4,ACTIVE,face-toners-mist-essence|serums-treatment|tiam,"Skin Care|Face Toners, Mist &amp; Essence|Glow spray",1,1,,,0,,0,,,,ALREADY_IMPORTED
7895,7895,Vee Beauty Eyeshadow Palette (NAKED),Eyeshadow,Vee Beauty,560-1-item,12.87,,yes,5,ACTIVE,eyes|vee-beauty,Eyes|Eyeshadow|Makeup,1,2,,,0,,0,,,,ALREADY_IMPORTED
7899,7899,Vee Beauty Eyeshadow Palette (NUDES),Eyeshadow,Vee Beauty,559-1-item,17.0,,yes,2,ACTIVE,vee-beauty,Eyeshadow|Makeup,1,1,,,0,,0,,,,ALREADY_IMPORTED
7902,7902,EOS Fresh & Cozy Body Wash-,Body Wash,Eos,558-1-item,19.0,,yes,70,ACTIVE,body-wash|eos,Bath &amp; Body Care|Body Wash,1,1,,,0,,0,,,,ALREADY_IMPORTED
7911,7911,EOS Coconut Waters Body Wash,Body Wash,Eos,557-1-item,19.0,,yes,6,ACTIVE,body-wash|eos,Bath &amp; Body Care|Body Wash,1,1,,,0,,0,,,,ALREADY_IMPORTED
7912,7912,EOS Shea Better Hand Cream,Hand cream,Eos,555-1-item,7.0,,yes,15,ACTIVE,moisturizers|eos,Moisturizers &amp; Cream|Hand cream,3,1,3,3,0,,0,,,,ALREADY_IMPORTED
7920,7920,EOS Strawberry Dream Body Lotion,Moisturizers &amp; Cream,Eos,554-1-item,18.0,,yes,19,ACTIVE,moisturizers|body-moisturizers|body-lotion|body-butter|eos,Moisturizers &amp; Cream|Body Moisturizers|Body Lotion|Body Butter,1,1,,,0,,0,,,,ALREADY_IMPORTED
7924,7924,Tree Hut - Shea Sugar Scrub - Vanilla 510g,Body Scrubs,Tree Hut,553-1-item,15.84,,yes,0,ACTIVE,body-scrubs|tree-hut,Body Scrubs,1,3,,,0,,0,,,,ALREADY_IMPORTED
8533,8533,Elastalift Dark Circle Eye Cream (Collagen + peptide),Moisturizers &amp; Cream,Elastalift,,15.84,,yes,5,ACTIVE,moisturizers|serums-treatment|serums-treatment|brightening|elastalift,Skin Care|Moisturizers &amp; Cream|Dark spots &amp; Discoloration serums|Eye cream|BRIGHTENING,1,1,,,0,,0,,,,ALREADY_IMPORTED
8618,8618,Vee Beauty Concealer Palette,Foundation,Vee Beauty,,12.0,,yes,7,ACTIVE,vee-beauty,Foundation|Concealer|Highlight &amp; Contour|Makeup,1,2,,,0,,0,,,,ALREADY_IMPORTED
8628,8628,"Eucerin Baby Eczema Relief Cream Body Wash, Fragrance Free",Baby wash &amp; lotion,Eucerin,,16.83,,yes,1,ACTIVE,baby-wash-lotion|eucerin,Baby wash &amp; lotion,1,4,,,0,,0,,,,ALREADY_IMPORTED
8634,8634,Olay Super Serum Body Wash,Body Wash,Olay,,22.0,,yes,20.000000,ACTIVE,body-wash|olay,Bath &amp; Body Care|Body Wash,3,4,3,3,0,,0,,,,ALREADY_IMPORTED
8647,8647,La Roche-Posay Lipikar AP+ Triple Repair Moisturizing Cream,Moisturizers &amp; Cream,La Roche-Posay,,30.0,,yes,18,ACTIVE,moisturizers|body-moisturizers|body-lotion|la-roche-posay,Bath &amp; Body Care|Moisturizers &amp; Cream|Body Moisturizers|Body Lotion,1,4,,,0,,0,,,,ALREADY_IMPORTED
8648,8648,EOS Vanilla Cashmere Body Wash,Body Wash,Eos,,19.0,,yes,7,ACTIVE,body-wash|eos,Bath &amp; Body Care|Body Wash,1,2,,,0,,0,,,,ALREADY_IMPORTED
8653,8653,EOS Vanilla Cashmere Body Oil,Body Oil,Eos,,20.0,,yes,13,ACTIVE,body-oil|eos,Bath &amp; Body Care|Body Oil|Moisturizering|body oil,1,1,,,0,,0,,,,ALREADY_IMPORTED
8659,8659,EOS Vanilla Cashmere Whipped Oil Body Butter,Moisturizers &amp; Cream,Eos,,20.0,,yes,13,ACTIVE,moisturizers|body-moisturizers|body-lotion|body-butter|eos,Bath &amp; Body Care|Moisturizers &amp; Cream|Body Moisturizers|Body Lotion|Body Butter,1,2,,,0,,0,,,,ALREADY_IMPORTED
8981,8981,Kiss Beauty Makeup Fix Spray (Green Tea),Setting &amp; Finishing Spray,Kiss Beauty,185-1-item-1,6.93,,yes,9,ACTIVE,face|kiss-beauty,Face|Makeup|Setting &amp; Finishing Spray,1,1,,,0,,0,,,,ALREADY_IMPORTED
9187,9187,Olay Tone Brightening Vitamin C serum complex Body Wash,"Exfoliators, Peels &amp; Scrubs",Olay,,22.0,,yes,27,ACTIVE,exfoliators-peels-scrubs|body-wash|body-care|brightening|olay,"Bath &amp; Body Care|Exfoliators, Peels &amp; Scrubs|Body Wash|Body Body|BRIGHTENING|EXFOLIATING|Vitamin c|body wash",1,1,,,0,,0,,,,ALREADY_IMPORTED
9678,9678,BM PRO FULL FILTER FOUNDATION,Foundation,BM PRO,,8.99,,yes,3.000000,ACTIVE,face|bm-pro,Face|Foundation|Makeup|makeup,12,1,12,12,0,,0,,,,ALREADY_IMPORTED
10216,10216,BM PRO FULL FILTER PRESSED POWDER,Powder,BM PRO,,8.99,,yes,3.000000,ACTIVE,face|bm-pro,Face|Makeup|Powder|face,19,1,19,19,0,,0,,,,ALREADY_IMPORTED
10415,10415,Anua Azelaic Acid 10 Hyaluron,Serums &amp; Treatment,Anua,,25.0,,yes,4,ACTIVE,serums-treatment|acne-treatment|serums-treatment|anua,Skin Care|Serums &amp; Treatment|acne treatment|Dark spots &amp; Discoloration serums,1,2,,,0,,0,,,,ALREADY_IMPORTED
10419,10419,Jumiso Brightening & Balancing Facial Serum,Serums &amp; Treatment,Jumiso,,15.0,,yes,42,ACTIVE,serums-treatment|serums-treatment|serums-treatment|brightening|jumiso,Skin Care|Serums &amp; Treatment|Glow serum|Dark spots &amp; Discoloration serums|BRIGHTENING|face serum,1,3,,,0,,0,,,,ALREADY_IMPORTED
10476,10476,Olay AHA/BHA Body Wash,"Exfoliators, Peels &amp; Scrubs",Olay,,20.0,,yes,0,ACTIVE,exfoliators-peels-scrubs|body-wash|olay,"Skin Care|Bath &amp; Body Care|Exfoliators, Peels &amp; Scrubs|Body Wash",1,6,,,0,,0,,,,ALREADY_IMPORTED
10500,10500,BM PRO 24HRS MATTIFYING MAKEUP PRIMER,Primers,BM PRO,,8.0,15.0,yes,7,ACTIVE,face|bm-pro,Face|Makeup|Primers|PRIMER,1,1,,,0,,0,,,,ALREADY_IMPORTED
10504,10504,"BM PRO Gel Eyeliner (Black, Blue, Green, Wine)",Eyeliner,BM PRO,,3.0,,yes,3.000000,ACTIVE,eyes|bm-pro,Eyes|Eyeliner|Makeup,5,5,5,5,0,,0,,,,ALREADY_IMPORTED
10515,10515,BM PRO Volumizing Mascara,Mascara,BM PRO,,3.99,7.0,yes,7,ACTIVE,eyes|bm-pro,Eyes|Mascara|Makeup|MASCARA,1,1,,,0,,0,,,,ALREADY_IMPORTED
10518,10518,BM PRO Vavavoom Mascara,Mascara,BM PRO,,3.99,7.0,yes,8,ACTIVE,eyes|bm-pro,Eyes|Mascara|Makeup|MASACARA,1,1,,,0,,0,,,,ALREADY_IMPORTED
10522,10522,BM PRO Brow Shader Pencil,Eyebrow Products,BM PRO,,3.99,7.0,yes,29,ACTIVE,eyes|bm-pro,Eyes|Eyebrow Products|Makeup|BROW PENCIL,1,1,,,0,,0,,,,ALREADY_IMPORTED
10524,10524,BM PRO Coal Black Eye Pencil,Eyeliner,BM PRO,,3.99,7.0,yes,22,ACTIVE,eyes|bm-pro,Eyes|Eyeliner|Eye Pencil|Makeup|BLACK EYE PENCIL|EYE PENCIL,1,1,,,0,,0,,,,ALREADY_IMPORTED
10532,10532,BM PRO Matte Lipstick,Lipstick,BM PRO,,3.99,,yes,3.000000,ACTIVE,lips|bm-pro,Lips|Lipstick|Makeup|lipstain|matte velvet lipstick,16,3,16,16,0,,0,,,,ALREADY_IMPORTED
10559,10559,BM PRO CREME LIPGLOSS,Lip Gloss,BM PRO,,3.99,,yes,3.000000,ACTIVE,face|lips|bm-pro,Face|Lips|Lip Gloss|Makeup|lips|Lipgloss,20,1,20,20,0,,0,,,,ALREADY_IMPORTED
10581,10581,BM PRO Longlasting Lipgloss,Lip Gloss,BM PRO,,12.0,,yes,2.000000,ACTIVE,face|lips|bm-pro,Face|Lips|Lip Gloss|Lipstain|Makeup|lips|lipstain|lipglos,26,1,26,26,0,,0,,,,ALREADY_IMPORTED
10888,10888,Medix Vitamin C + Niacinamide Body Wash,Body Wash,Medix 5.5,,25.0,,yes,10,ACTIVE,body-wash|body-care|medix-5-5,Bath &amp; Body Care|Body Wash|Body Body|CLEANSING|BRIGHTENING|BODY GLOW|body wash,1,5,,,0,,0,,,,ALREADY_IMPORTED
11227,11227,Olay Super Serum Body Wash for,Body Wash,Olay,,21.78,,yes,4.000000,DRAFT,body-wash|olay,Bath &amp; Body Care|Body Wash,1,4,,,0,,0,,,,ALREADY_IMPORTED
11341,11341,NINELESS B-Boost 1% Kojic Acid Serum 30ml,Serums &amp; Treatment,NINELESS,,19.0,,yes,33,ACTIVE,serums-treatment|serums-treatment|serums-treatment|hyperpigmentation|brightening|nineless,Skin Care|Serums &amp; Treatment|Glow serum|Dark spots &amp; Discoloration serums|HYPERPIGMENTATION|BRIGHTENING|hyperpigmentation|dark spots,1,5,,,0,,0,,,,ALREADY_IMPORTED
11348,11348,NINELESS A-Control 10% Azelaic Acid Serum 30ml,Serums &amp; Treatment,NINELESS,,18.0,,yes,0,ACTIVE,serums-treatment|acne-treatment|serums-treatment|nineless,Skin Care|Serums &amp; Treatment|acne treatment|Dark spots &amp; Discoloration serums|EVEN TONE|BRIGHTENING|dark spots,1,5,,,0,,0,,,,ALREADY_IMPORTED
11698,11698,Olay Vitamin C Brightening Body Lotion,Body Moisturizers,Olay,,20.0,,yes,-1,DRAFT,body-moisturizers|body-lotion|body-care|brightening|olay,Bath &amp; Body Care|Body Moisturizers|Body Lotion|Body Body|BRIGHTENING|HYDRATING|EVEN TONE|MOISTURIZING|BODY GLOW|Vitamin c,1,4,,,0,,0,,,,ALREADY_IMPORTED
11897,11897,Viccabel Deluxe pro 21 piece Makeup Brush Set,Brushes &amp; Beauty Blenders,Viccabel,,40.0,,yes,6,ACTIVE,brushes-beauty-blenders|viccabel,Makeup|Brushes &amp; Beauty Blenders,1,2,,,0,,0,,,,ALREADY_IMPORTED
11901,11901,Nineless MELA-PRO 5% Tranexamic Acid Serum 30ml,Serums &amp; Treatment,NINELESS,,20.0,,yes,33,ACTIVE,serums-treatment|serums-treatment|serums-treatment|hyperpigmentation|brightening|nineless,Skin Care|Serums &amp; Treatment|Glow serum|Dark spots &amp; Discoloration serums|HYPERPIGMENTATION|BRIGHTENING|HYDRATING|EVEN TONE|hyperpigmentation,1,4,,,0,,0,,,,ALREADY_IMPORTED
12980,12980,Eos Body Lotion Crème de Pistachio,Body Moisturizers,Eos,,18.0,,yes,10,ACTIVE,body-moisturizers|body-lotion|body-care|body-butter|eos,Bath &amp; Body Care|Body Moisturizers|Body Lotion|Body Body|Body Butter|MOISTURIZING,1,1,,,0,,0,,,,ALREADY_IMPORTED
13301,13301,Skin By Zaron Combo Deal,Sunscreen,Zaron,,85.0,90.0,yes,8,ACTIVE,sunscreen|body-wash|body-lotion|serums-treatment|body-care|tradefair-combo-deals|combo-deals|zaron,Bath &amp; Body Care|Sunscreen|Body Wash|Body Lotion|Dark spots &amp; Discoloration serums|Body Body|TRADEFAIR COMBO DEAL|Combo Deals|MOISTURISING|EVEN TONE|BRIGHTENING|BODY GLOW|body wash,1,1,,,0,,0,,,,ALREADY_IMPORTED
13314,13314,Dark Spots & Hyperpigmentation Face Combo Deal- Bundle,Serums &amp; Treatment,NINELESS,,105.0,110.0,yes,9,ACTIVE,serums-treatment|moisturizers|face-cleansers-wash|face-toners-mist-essence|sunscreen|serums-treatment|serums-treatment|hyperpigmentation|brightening|tradefair-combo-deals|combo-deals|nineless,"Skin Care|Serums &amp; Treatment|Moisturizers &amp; Cream|Face Cleansers &amp; Wash|Face Toners, Mist &amp; Essence|Sunscreen|Glow serum|Dark spots &amp; Discoloration serums|HYPERPIGMENTATION|BRIGHTENING|TRADEFAIR COMBO DEAL|Combo Deals|acne treatment|skin repair|sunscreen|hyperpigmentation",1,1,,,0,,0,,,,ALREADY_IMPORTED
13317,13317,Medix 5.5 Glow Bright Combo Deal,Body Wash,Medix 5.5,,70.0,75.0,yes,2,ACTIVE,body-wash|body-lotion|body-care|brightening|tradefair-combo-deals|combo-deals|medix-5-5,Bath &amp; Body Care|Body Wash|Body Lotion|Body Body|BRIGHTENING|TRADEFAIR COMBO DEAL|Combo Deals|EVEN TONE|BODY GLOW|body wash,1,1,,,0,,0,,,,ALREADY_IMPORTED
13318,13318,Acne &amp; Blemish Fighter combo deal,Serums &amp; Treatment,Panoxyl,,82.0,87.0,yes,7,ACTIVE,serums-treatment|sunscreen|acne-treatment|tradefair-combo-deals|combo-deals|panoxyl,Skin Care|Serums &amp; Treatment|Sunscreen|acne treatment|TRADEFAIR COMBO DEAL|Combo Deals|Barrier repair,1,1,,,0,,0,,,,ALREADY_IMPORTED
13319,13319,Acne &amp; Blemish Fighter combo deal (2),Serums &amp; Treatment,Panoxyl,,82.0,87.0,yes,1,ACTIVE,serums-treatment|sunscreen|acne-treatment|tradefair-combo-deals|combo-deals|panoxyl,Skin Care|Serums &amp; Treatment|Sunscreen|acne treatment|TRADEFAIR COMBO DEAL|Combo Deals|Barrier repair,1,1,,,0,,0,,,,ALREADY_IMPORTED
13321,13321,EOS Body Lotion Combo Deal,Body Moisturizers,Eos,,54.0,58.0,yes,1,ACTIVE,body-moisturizers|body-lotion|body-care|tradefair-combo-deals|eos,Body Moisturizers|Body Lotion|Body Body|TRADEFAIR COMBO DEAL|MOISTURIZING,1,1,,,0,,0,,,,ALREADY_IMPORTED
13323,13323,Good Molecules Blemish & Discolouration Combo Deal- Bundle,Serums &amp; Treatment,Good Molecules,,75.0,80.0,yes,2,ACTIVE,serums-treatment|serums-treatment|hyperpigmentation|brightening|tradefair-combo-deals|combo-deals|good-molecules,Serums &amp; Treatment|Dark spots &amp; Discoloration serums|HYPERPIGMENTATION|BRIGHTENING|TRADEFAIR COMBO DEAL|Combo Deals|EVEN TONE|hyperpigmentation|dark spots,1,1,,,0,,0,,,,ALREADY_IMPORTED
13324,13324,Hyperpigmentation & Brightening Combo Deal- Bundle,Serums &amp; Treatment,Acwell,,110.0,115.0,yes,11,ACTIVE,serums-treatment|moisturizers|face-cleansers-wash|face-toners-mist-essence|sunscreen|serums-treatment|serums-treatment|hyperpigmentation|brightening|tradefair-combo-deals|combo-deals|acwell,"Skin Care|Serums &amp; Treatment|Moisturizers &amp; Cream|Face Cleansers &amp; Wash|Face Toners, Mist &amp; Essence|Sunscreen|Glow serum|Dark spots &amp; Discoloration serums|HYPERPIGMENTATION|BRIGHTENING|TRADEFAIR COMBO DEAL|Combo Deals|EVEN TONE|hyperpigmentation|dark spots",1,1,,,0,,0,,,,ALREADY_IMPORTED
13326,13326,Hyperpigmentation & Brightening Combo Deal - Bundle,Serums &amp; Treatment,Touch,,115.0,120.0,yes,2,ACTIVE,serums-treatment|moisturizers|face-cleansers-wash|face-toners-mist-essence|sunscreen|serums-treatment|serums-treatment|hyperpigmentation|brightening|tradefair-combo-deals|combo-deals|touch,"Skin Care|Serums &amp; Treatment|Moisturizers &amp; Cream|Face Cleansers &amp; Wash|Face Toners, Mist &amp; Essence|Sunscreen|Glow serum|Dark spots &amp; Discoloration serums|HYPERPIGMENTATION|BRIGHTENING|TRADEFAIR COMBO DEAL|Combo Deals|EVEN TONE|hyperpigmentation|dark spots",1,1,,,0,,0,,,,ALREADY_IMPORTED
13327,13327,Olay Body Glow Combo Deal,Body Moisturizers,Olay,,88.0,102.0,yes,21,DRAFT,body-moisturizers|body-wash|body-lotion|body-care|tradefair-combo-deals|olay,Bath &amp; Body Care|Body Moisturizers|Body Wash|Body Lotion|Body Body|TRADEFAIR COMBO DEAL|EVEN TONE|BRIGHTENING|MOISTURIZING|BODY GLOW|Vitamin c|body wash,1,2,,,0,,0,,,,ALREADY_IMPORTED
13887,13887,Olay Brightening Exfoliating Face Cleanser with Vitamin C,Face Cleansers &amp; Wash,Olay,,12.0,,yes,24,ACTIVE,face-cleansers-wash|exfoliators-peels-scrubs|hyperpigmentation|brightening|olay,"Skin Care|Face Cleansers &amp; Wash|Exfoliators, Peels &amp; Scrubs|HYPERPIGMENTATION|BRIGHTENING|CLEANSING|EXFOLIATING|EVEN TONE|hyperpigmentation|dark spots",1,5,,,0,,0,,,,ALREADY_IMPORTED
13895,13895,Skin By Zaron Vitamin C Face Cream,Moisturizers &amp; Cream,Zaron,,16.0,,yes,24,ACTIVE,moisturizers|brightening|zaron,Skin Care|Moisturizers &amp; Cream|BRIGHTENING,1,2,,,0,,0,,,,ALREADY_IMPORTED
13901,13901,Skin By Zaron 2% Alpha-Arbutin serum,Serums &amp; Treatment,Zaron,,16.0,,yes,22,ACTIVE,serums-treatment|serums-treatment|serums-treatment|hyperpigmentation|brightening|zaron,Skin Care|Serums &amp; Treatment|Glow serum|Dark spots &amp; Discoloration serums|HYPERPIGMENTATION|BRIGHTENING,1,1,,,0,,0,,,,ALREADY_IMPORTED
13903,13903,Skin By Zaron 7% Glycolic Acid,"Face Toners, Mist &amp; Essence",Zaron,,15.0,,yes,0,ACTIVE,face-toners-mist-essence|exfoliators-peels-scrubs|serums-treatment|zaron,"Skin Care|Face Toners, Mist &amp; Essence|Exfoliators, Peels &amp; Scrubs|Dark spots &amp; Discoloration serums",1,2,,,0,,0,,,,ALREADY_IMPORTED
13908,13908,Skin By Zaron 2% Salicylic Acid Toner,"Face Toners, Mist &amp; Essence",Zaron,,15.0,,yes,1,ACTIVE,face-toners-mist-essence|exfoliators-peels-scrubs|acne-treatment|zaron,"Skin Care|Face Toners, Mist &amp; Essence|Exfoliators, Peels &amp; Scrubs|acne treatment",1,1,,,0,,0,,,,ALREADY_IMPORTED
13917,13917,Annies Beauty Eyeshadow Palettes,Eyeshadow,Annies Beauty,,20.0,,yes,6,ACTIVE,eyes|face|annies-beauty,"Eyes|Face|Eyeshadow|Pigment, Glitter &amp; Base|Blushes|Makeup",4,8,4,4,0,,0,,,,ALREADY_IMPORTED
14352,14352,SKIN1004 Madagascar Centella Tone Brightening Boosting Toner,"Face Toners, Mist &amp; Essence",SKIN1004,,20.0,,yes,5,ACTIVE,face-toners-mist-essence|serums-treatment|serums-treatment|brightening|skin1004,"Skin Care|Face Toners, Mist &amp; Essence|Dark spots &amp; Discoloration serums|Glow spray|BRIGHTENING|HYDRATING|EXFOLIATING|EVEN TONE",1,2,,,0,,0,,,,ALREADY_IMPORTED
15129,15129,Olay Dark Spot Correcting Body Lotion (AHA &VITAMIN C),"Exfoliators, Peels &amp; Scrubs",Olay,,20.0,22.0,yes,18,ACTIVE,exfoliators-peels-scrubs|body-lotion|serums-treatment|body-care|hyperpigmentation|brightening|olay,"Skin Care|Bath &amp; Body Care|Exfoliators, Peels &amp; Scrubs|Body Lotion|Dark spots &amp; Discoloration serums|Body Body|HYPERPIGMENTATION|BRIGHTENING|EXFOLIATING|EVEN TONE|dark spots|BODY GLOW|Vitamin c",1,3,,,0,,0,,,,ALREADY_IMPORTED
15249,15249,La Roche-Posay Effaclar Dual Acne Face Wash With 4% Benzoyl Peroxide,Face Cleansers &amp; Wash,La Roche-Posay,,28.0,,yes,2,ACTIVE,face-cleansers-wash|body-wash|acne-treatment|la-roche-posay,Skin Care|Face Cleansers &amp; Wash|Body Wash|acne treatment,1,3,,,0,,0,,,,ALREADY_IMPORTED
15253,15253,La Roche-Posay Lipikar AP+ Gentle Foaming Moisturizing Wash,Body Wash,La Roche-Posay,,30.0,,yes,0,ACTIVE,body-wash|baby-wash-lotion|body-care|la-roche-posay,Bath &amp; Body Care|Body Wash|Baby wash &amp; lotion|Body Body|HYDRATING|CLEANSING|MOISTURISING|body wash,1,6,,,0,,0,,,,ALREADY_IMPORTED
15466,15466,25Pskyn Liqueur 1.69fl oz / 50ml,Serums &amp; Treatment,25 Pskyn,,33.32,,yes,0,ACTIVE,serums-treatment|serums-treatment|serums-treatment|hyperpigmentation|brightening|25-pskyn,Uncategorized|Skin Care|Serums &amp; Treatment|Glow serum|Dark spots &amp; Discoloration serums|HYPERPIGMENTATION|BRIGHTENING,1,3,,,0,,0,,,,ALREADY_IMPORTED
15467,15467,EOS Cashmere Body Mist,Body Mist,Eos,,19.0,,yes,6,ACTIVE,body-mist|eos,Body Mist,11,8,11,11,0,,0,,,,ALREADY_IMPORTED
15752,15752,25pskyn Mandelactone 50ml,Serums &amp; Treatment,25 Pskyn,,30.0,33.32,yes,92,ACTIVE,serums-treatment|acne-treatment|25-pskyn,Skin Care|Serums &amp; Treatment|acne treatment,1,3,,,0,,0,,,,ALREADY_IMPORTED
15865,15865,Embryolisse Lait Cream Moisturizer - 30 Ml,Moisturizers &amp; Cream,Embryolisse,127-1-item-1,16.0,,yes,3,ACTIVE,moisturizers|embryolisse,Skin Care|Moisturizers &amp; Cream,1,1,,,0,,0,,,,ALREADY_IMPORTED
16331,16331,Bolden Dark spot fix,Serums &amp; Treatment,Bolden,,22.0,,yes,5,ACTIVE,serums-treatment|serums-treatment|hyperpigmentation|brightening|bolden,Skin Care|Serums &amp; Treatment|Dark spots &amp; Discoloration serums|HYPERPIGMENTATION|BRIGHTENING|hyperpigmentation|dark spot,1,1,,,0,,0,,,,ALREADY_IMPORTED
16438,16438,Bolden Skin Clarifying Cleanser,Face Cleansers &amp; Wash,Bolden,,19.0,,yes,11,ACTIVE,face-cleansers-wash|bolden,Skin Care|Face Cleansers &amp; Wash,1,6,,,0,,0,,,,ALREADY_IMPORTED
16441,16441,Bolden Brightening Moisturizer | SPF 30 with Vitamin C,Moisturizers &amp; Cream,Bolden,,24.0,,yes,2,ACTIVE,moisturizers|sunscreen|brightening|bolden,Skin Care|Moisturizers &amp; Cream|Sunscreen|BRIGHTENING|MOISTURIZING|sunscreen,1,4,,,0,,0,,,,ALREADY_IMPORTED
16443,16443,Bolden Skin Brightening Toner,"Face Toners, Mist &amp; Essence",Bolden,,22.0,,yes,8,ACTIVE,face-toners-mist-essence|hyperpigmentation|brightening|bolden,"Skin Care|Face Toners, Mist &amp; Essence|HYPERPIGMENTATION|BRIGHTENING|EXFOLIATING|EVEN TONE|dark spots",1,4,,,0,,0,,,,ALREADY_IMPORTED
16445,16445,Sylvimak Smooth Affair Finishing Powder Palette,Foundation,Sylvimak,,20.0,,yes,2,ACTIVE,face|sylvimak,Face|Foundation|Highlight &amp; Contour|Makeup|Powder,2,2,2,2,0,,0,,,,ALREADY_IMPORTED
16460,16460,Hegai & Esther photo perfect pressed powder,Powder,Hegai &amp; Esther,,8.5,,yes,1,ACTIVE,hegai-esther,Powder,1,1,1,1,0,,0,,,,ALREADY_IMPORTED
16464,16464,Hegai & Esther lipgloss,Lip Gloss,Hegai &amp; Esther,,8.5,,yes,1,ACTIVE,hegai-esther,Lip Gloss,22,1,23,22,1,19990,0,,BROKEN_VARIATION_SKIPPED - empty option value in source WooCommerce,,ALREADY_IMPORTED
16467,16467,Hegai & Esther Artstick matte liquid lipstick,Lipstick,Hegai &amp; Esther,,8.5,,yes,1,ACTIVE,hegai-esther,Lipstick,12,1,12,12,0,,0,,,,ALREADY_IMPORTED
16482,16482,EOS Cashmere Body Lotion (Holiday Collection),Moisturizers &amp; Cream,Eos,,19.0,,yes,0,ACTIVE,moisturizers|body-moisturizers|body-lotion|body-care|body-butter|body-mist|eos,Bath &amp; Body Care|Moisturizers &amp; Cream|Body Moisturizers|Body Lotion|Body Body|Body Butter|Body Mist|moisturizer|MOISTURIZING|EOS|BODY LOTION,5,9,5,5,0,,0,,,,ALREADY_IMPORTED
16519,16519,Hegai & Esther powder foundation,Powder,Hegai &amp; Esther,,11.5,,yes,1,ACTIVE,hegai-esther,Powder,7,1,7,7,0,,0,,,,ALREADY_IMPORTED
16529,16529,Hegai & Esther photo perfect liquid foundation,Foundation,Hegai &amp; Esther,,14.0,,yes,1,ACTIVE,hegai-esther,Foundation,12,1,12,12,0,,0,,,,ALREADY_IMPORTED
16532,16532,Hegai & Esther Velvet Matte Lipstick,Lipstick,Hegai &amp; Esther,,4.5,,yes,1,ACTIVE,hegai-esther,Lipstick,9,1,9,9,0,,0,,,,ALREADY_IMPORTED
16543,16543,Hegai & Esther Photo Perfect Concealer,Concealer,Hegai &amp; Esther,,4.5,,yes,1,ACTIVE,hegai-esther,Concealer,7,1,7,7,0,,0,,,,ALREADY_IMPORTED
16555,16555,Hegai & Esther Lip Definer,Lip Pencil,Hegai &amp; Esther,,4.5,,yes,1,ACTIVE,hegai-esther,Lip Pencil,7,1,7,7,0,,0,,,,ALREADY_IMPORTED
16557,16557,Flash Drops Liquid Highlighter,Highlight &amp; Contour,Hegai &amp; Esther,,7.0,,yes,1,ACTIVE,hegai-esther,Highlight &amp; Contour,5,1,5,5,0,,0,,,,ALREADY_IMPORTED
16820,16820,Eucerin Roughness Relief smoothing Lotion,Moisturizers &amp; Cream,Eucerin,,18.0,,yes,7,ACTIVE,moisturizers|body-moisturizers|body-lotion|body-care|eucerin,Bath &amp; Body Care|Moisturizers &amp; Cream|Body Moisturizers|Body Lotion|Body Body,1,1,,,0,,0,,,,ALREADY_IMPORTED
16821,16821,Eucerin Eczema Relief Cream,Body Lotion,Eucerin,,17.0,,yes,30,ACTIVE,body-lotion|eucerin,Body Lotion|eczema,1,1,,,0,,0,,,,ALREADY_IMPORTED
16825,16825,Eucerin Intensive Repair Lotion,Moisturizers &amp; Cream,Eucerin,,18.0,,yes,5,ACTIVE,moisturizers|body-moisturizers|body-lotion|eucerin,Moisturizers &amp; Cream|Body Moisturizers|Body Lotion|Dry skin,1,1,,,0,,0,,,,ALREADY_IMPORTED
16966,16966,25pskyn UV Warrior SPF 50+ Broad Spectrum Sunscreen 150ml,Sunscreen,25 Pskyn,,30.0,,yes,0,ACTIVE,sunscreen|hyperpigmentation|25-pskyn,Sunscreen|HYPERPIGMENTATION|sunscreen,1,1,,,0,,0,,,,ALREADY_IMPORTED
16969,16969,Yglam cheeksy cream blush palette,Blushes,Yglam,,16.99,,yes,4,ACTIVE,yglam,Blushes,1,1,,,0,,0,,,,ALREADY_IMPORTED
16971,16971,Yglam cheesksy powder blush palette,Blushes,Yglam,,20.0,,yes,11,ACTIVE,yglam,Blushes,1,1,,,0,,0,,,,ALREADY_IMPORTED
17476,17476,Vaseline Clinical Care Dry Hands Rescue,Hand cream,Vaseline,,6.5,,yes,0,ACTIVE,moisturizers|vaseline,Moisturizers &amp; Cream|Hand cream,1,1,,,0,,0,,,,ALREADY_IMPORTED
17478,17478,Vaseline Glazed and Glisten Shimmering Oil,Body Oil,Vaseline,,12.0,,yes,1,ACTIVE,body-oil|vaseline,Body Oil|shimmering oil,3,1,3,3,0,,0,,,,ALREADY_IMPORTED
17487,17487,Olay Super Serum Body Lotion,Body Moisturizers,Olay,,22.0,,yes,30,ACTIVE,body-moisturizers|body-lotion|body-care|olay,Body Moisturizers|Body Lotion|Body Body|HYDRATING|BODY GLOW|BODY LOTION,1,2,,,0,,0,,,,ALREADY_IMPORTED
17491,17491,Aquaphor Immediate Relief Lip Repair Balm 2pack,Lipbalm,Aquaphor,,12.99,,yes,1,ACTIVE,aquaphor,Lipbalm,1,1,,,0,,0,,,,ALREADY_IMPORTED
17494,17494,Neutrogena Oil Free Acne Wash Pink Grapefruit Foaming Scrub,Face Cleansers &amp; Wash,Neutrogena,,15.0,,yes,2,ACTIVE,face-cleansers-wash|exfoliators-peels-scrubs|acne-treatment|neutrogena,"Face Cleansers &amp; Wash|Exfoliators, Peels &amp; Scrubs|acne treatment",1,1,,,0,,0,,,,ALREADY_IMPORTED
17496,17496,Neutrogena Oil Free Acne Wash Pink Grapefruit Facial Cleanser,Face Cleansers &amp; Wash,Neutrogena,,15.0,,yes,0,ACTIVE,face-cleansers-wash|neutrogena,Face Cleansers &amp; Wash|Acne wash,1,1,,,0,,0,,,,ALREADY_IMPORTED
17503,17503,Eos Shave Oil,Body Oil,Eos,,13.0,,yes,1,ACTIVE,body-oil|eos,Body Oil|shave oil,4,3,4,4,0,,0,,,,ALREADY_IMPORTED
17510,17510,Good Molecules Caffeine Energizing Hydrogel Eye Patches,Mask,Good Molecules,,25.0,,yes,3,ACTIVE,face-mask|good-molecules,Mask|eye patches|eye mask,1,1,,,0,,0,,,,ALREADY_IMPORTED
17601,17601,Neutrogena Oil Free Acne Wash With Salicylic acid Fragrance Free,Face Cleansers &amp; Wash,Neutrogena,,15.0,,yes,0,ACTIVE,face-cleansers-wash|neutrogena,Face Cleansers &amp; Wash|Acne wash,1,1,,,0,,0,,,,ALREADY_IMPORTED
17663,17663,Sun bum kids SPF 50 Clear Sunscreen Stick,Sunscreen,Sun bum,,13.99,,yes,3,ACTIVE,sunscreen|sun-bum,Sunscreen,1,1,,,0,,0,,,,ALREADY_IMPORTED
17665,17665,Sun bum Kids SPF 50 Clear Sunscreen Lotion,Uncategorized,,,16.0,,yes,0,ACTIVE,,Uncategorized|kids sunscreen,1,1,,,0,,0,,,,ALREADY_IMPORTED
17860,17860,Tola Banks Beauty Brush Set,Face,Tola Banks,,50.0,55.0,yes,2,ACTIVE,face|tools-accessories|brushes-beauty-blenders|tola-banks,Face|Makeup|Tools &amp; Accessories|Brushes &amp; Beauty Blenders|Beauty Tools,1,5,,,0,,0,,,,ALREADY_IMPORTED
18359,18359,Skin1004 Madagascar Centella Tone Brightening Ampoule,Serums &amp; Treatment,SKIN1004,,20.0,,yes,0,ACTIVE,serums-treatment|brightening|skin1004,Skin Care|Serums &amp; Treatment|BRIGHTENING,1,1,,,0,,0,,,,ALREADY_IMPORTED
18407,18407,Olay Salicylic Acid Body Wash (530ml),Body Wash,Olay,,20.0,,yes,0,ACTIVE,body-wash|acne-treatment|body-care|olay,Skin Care|Bath &amp; Body Care|Body Wash|acne treatment|Body Body,1,4,,,0,,0,,,,ALREADY_IMPORTED
18477,18477,Pan0xyl Blemish Aftercare Brightening Patches,acne treatment,Panoxyl,,13.99,,yes,2,ACTIVE,acne-treatment|panoxyl,acne treatment,1,4,,,0,,0,,,,ALREADY_IMPORTED
18482,18482,Panoxyl overnight spot patches,acne treatment,Panoxyl,,12.0,,yes,3,ACTIVE,acne-treatment|panoxyl,acne treatment,1,1,,,0,,0,,,,ALREADY_IMPORTED
18488,18488,Cosrx The 6 Peptide Skin Booster,"Face Toners, Mist &amp; Essence",Cosrx,,18.0,,yes,1,ACTIVE,face-toners-mist-essence|cosrx,"Face Toners, Mist &amp; Essence",1,1,,,0,,0,,,,ALREADY_IMPORTED
18632,18632,Tiam Vita B5 Toner,"Face Toners, Mist &amp; Essence",Tiam,,15.0,,yes,6,ACTIVE,face-toners-mist-essence|serums-treatment|serums-treatment|hyperpigmentation|brightening|tiam,"Skin Care|Face Toners, Mist &amp; Essence|Dark spots &amp; Discoloration serums|Glow spray|HYPERPIGMENTATION|BRIGHTENING",1,1,,,0,,0,,,,ALREADY_IMPORTED
18636,18636,Tiam Alpha-5 Mela Care Cream,Serums &amp; Treatment,Tiam,,16.0,,yes,2,ACTIVE,serums-treatment|moisturizers|hyperpigmentation|brightening|tiam,Skin Care|Serums &amp; Treatment|Moisturizers &amp; Cream|HYPERPIGMENTATION|BRIGHTENING|hyperpigmentation|dark spots|acne marks|dull skin|uneven skin tone,1,1,,,0,,0,,,,ALREADY_IMPORTED
18638,18638,Tiam Snail & Azulene Low Ph Cleanser,Face Cleansers &amp; Wash,Tiam,,15.0,,yes,0,ACTIVE,face-cleansers-wash|tiam,Face Cleansers &amp; Wash|HYDRATING|face wash|Face Cleanser|Snail mucin,1,1,,,0,,0,,,,ALREADY_IMPORTED
18642,18642,Dr Althea 345 Relief Cream,Moisturizers &amp; Cream,Dr Althea,,22.0,,yes,34,ACTIVE,moisturizers|dr-althea,Moisturizers &amp; Cream|moisturizer|relief cream|post acne cream,1,2,,,0,,0,,,,ALREADY_IMPORTED
18645,18645,Dr Althea Gentle Vitamin C Serum,Serums &amp; Treatment,Dr Althea,,20.0,,yes,4,ACTIVE,serums-treatment|serums-treatment|serums-treatment|brightening|dr-althea,Skin Care|Serums &amp; Treatment|Glow serum|Dark spots &amp; Discoloration serums|BRIGHTENING|dark spots|Vitamin c|dull skin|pigmentation,1,3,,,0,,0,,,,ALREADY_IMPORTED
18649,18649,25pskyn Trio Pskyn Cleanser 250ml,Face Cleansers &amp; Wash,25 Pskyn,,19.99,22.0,yes,0,ACTIVE,face-cleansers-wash|25-pskyn,Skin Care|Face Cleansers &amp; Wash|face wash|Face Cleanser|blemish prone skin|oily skin,1,1,,,0,,0,,,,ALREADY_IMPORTED
18735,18735,Cerave Renewing SA Cleanser,Face Cleansers &amp; Wash,Cerave,,22.0,,yes,4,ACTIVE,face-cleansers-wash|acne-treatment|cerave,Face Cleansers &amp; Wash|acne treatment|acne face wash|acne face cleanser|acne prone skin|salicylic acid wash,1,1,,,0,,0,,,,ALREADY_IMPORTED
18738,18738,Cerave Foaming Facial cleanser,Face Cleansers &amp; Wash,Cerave,,22.0,,yes,1,ACTIVE,face-cleansers-wash|cerave,Face Cleansers &amp; Wash|Face Cleanser|daily face wash,1,3,,,0,,0,,,,ALREADY_IMPORTED
18742,18742,Cerave Hydrating Facial Cleanser,Face Cleansers &amp; Wash,Cerave,,22.0,,yes,4,ACTIVE,face-cleansers-wash|cerave,Face Cleansers &amp; Wash|HYDRATING|face wash|Face Cleanser,1,4,,,0,,0,,,,ALREADY_IMPORTED
18748,18748,Palmers Cocoa Butter Formula Tahitian Vanilla Body Lotion.,Moisturizers &amp; Cream,Palmer's,,12.0,,yes,7,ACTIVE,moisturizers|body-moisturizers|body-lotion|palmers,Skin Care|Bath &amp; Body Care|Moisturizers &amp; Cream|Body Moisturizers|Body Lotion|moisturizer|HYDRATING|body loton|vanilla body lotion,1,2,,,0,,0,,,,ALREADY_IMPORTED
18752,18752,ROC Derm Correxion Retinol Firming Serum Stick,Serums &amp; Treatment,ROC,,39.99,,yes,3,ACTIVE,serums-treatment|roc,Skin Care|Serums &amp; Treatment|retinoid|retinol cream,1,3,,,0,,0,,,,ALREADY_IMPORTED
18756,18756,Differin 0.1% Adapalene Gel Treatment,Serums &amp; Treatment,Differin,,40.0,,yes,3,ACTIVE,serums-treatment|acne-treatment|differin,Skin Care|Serums &amp; Treatment|acne treatment|acne prone skin|adapalene gel,2,1,2,2,0,,0,,,,ALREADY_IMPORTED
18834,18834,Cerave Resurfacing Retinol Serum,Serums &amp; Treatment,Cerave,,12.0,,yes,2,ACTIVE,serums-treatment|acne-treatment|cerave,Serums &amp; Treatment|acne treatment,1,3,,,0,,0,,,,ALREADY_IMPORTED
18838,18838,Cerave Acne Control Cleanser 16fL,Face Cleansers &amp; Wash,Cerave,,22.0,,yes,3,ACTIVE,face-cleansers-wash|acne-treatment|cerave,Face Cleansers &amp; Wash|acne treatment,1,1,,,0,,0,,,,ALREADY_IMPORTED
18843,18843,Olay Super Serum Body Cream,Body Moisturizers,Olay,,18.0,,yes,4,ACTIVE,body-moisturizers|body-lotion|body-care|body-butter|olay,Bath &amp; Body Care|Body Moisturizers|Body Lotion|Body Body|Body Butter|moisturizer|BODY LOTION,1,1,,,0,,0,,,,ALREADY_IMPORTED
18893,18893,Hegai & Esther culture mix palette,Eyeshadow,Hegai &amp; Esther,,15.0,,yes,10,ACTIVE,hegai-esther,Eyeshadow,1,3,,,0,,0,,,,ALREADY_IMPORTED
18897,18897,Hegai & Esther Earthen Magic Palette,Eyeshadow,Hegai &amp; Esther,,15.0,,yes,9,ACTIVE,eyes|hegai-esther,Eyes|Eyeshadow|Makeup,1,3,,,0,,0,,,,ALREADY_IMPORTED
19224,19224,Isntree Hylauronic Acid Moist Cream,Moisturizers &amp; Cream,Isntree,,15.0,,yes,0,ACTIVE,moisturizers|isntree,Moisturizers &amp; Cream,1,1,,,0,,0,,,,ALREADY_IMPORTED
19572,19572,25Pskyn Pigma Blend Cream,Serums &amp; Treatment,25 Pskyn,,28.0,,yes,52,ACTIVE,serums-treatment|serums-treatment|serums-treatment|hyperpigmentation|brightening|25-pskyn,Skin Care|Serums &amp; Treatment|Glow serum|Dark spots &amp; Discoloration serums|HYPERPIGMENTATION|BRIGHTENING|EVEN TONE|hyperpigmentation|dark spots,1,1,,,0,,0,,,,ALREADY_IMPORTED
19575,19575,25Pskyn Kojitrinol Pads,Serums &amp; Treatment,25 Pskyn,,30.0,,yes,26,ACTIVE,serums-treatment|serums-treatment|serums-treatment|hyperpigmentation|brightening|25-pskyn,Skin Care|Serums &amp; Treatment|Glow serum|Dark spots &amp; Discoloration serums|HYPERPIGMENTATION|BRIGHTENING,1,2,,,0,,0,,,,ALREADY_IMPORTED
19579,19579,25Pskyn Trinity Pads,Skin Care,25 Pskyn,,35.0,,yes,74,ACTIVE,acne-treatment|25-pskyn,Skin Care|acne treatment|acne prone skin,1,1,,,0,,0,,,,ALREADY_IMPORTED
19653,19653,Olay Total Effects Revitalizing Foaming Face Cleanser,Face Cleansers &amp; Wash,Olay,,10.0,,yes,6,ACTIVE,face-cleansers-wash|olay,Face Cleansers &amp; Wash|face|Face Cleanser,1,2,,,0,,0,,,,ALREADY_IMPORTED
19656,19656,Olay Bump Erasing Exfoliating Body Wash,Body Wash,Olay,,20.0,,yes,0,ACTIVE,body-wash|olay,Body Wash,1,1,,,0,,0,,,,ALREADY_IMPORTED
19658,19658,Annies beauty Cheek Sensation Volume 2 Blush palette,Blushes,Annies Beauty,,20.0,,yes,-1,ACTIVE,annies-beauty,Blushes,1,2,,,0,,0,,,,ALREADY_IMPORTED
19738,19738,Zaron Longwear Gel Eyeliner,Eyeliner,Zaron,,6.0,,yes,5,ACTIVE,zaron,Eyeliner,1,1,,,0,,0,,,,ALREADY_IMPORTED
19754,19754,Mila 5 in 1 lashes,Eyelash Extensions &amp; Glue,Msmetics,,10.0,,yes,0,ACTIVE,msmetics,Eyelash Extensions &amp; Glue,1,1,,,0,,0,,,,ALREADY_IMPORTED
19756,19756,Wynkk 5 in 1 lashes Match me up,Eyelash Extensions &amp; Glue,Msmetics,,10.0,,yes,0,ACTIVE,msmetics,Eyelash Extensions &amp; Glue,1,1,,,0,,0,,,,ALREADY_IMPORTED
19858,19858,La roche Posay Toleriane Purifying Foaming Cleanser,Face Cleansers &amp; Wash,La Roche-Posay,,27.99,,yes,1,ACTIVE,face-cleansers-wash|la-roche-posay,Face Cleansers &amp; Wash,1,1,,,0,,0,,,,ALREADY_IMPORTED
19860,19860,Palmers Tahitian Vanilla Moisture Drenching Body Oil,Body Oil,Palmer's,,18.0,,yes,11,ACTIVE,body-oil|palmers,Body Oil,1,1,,,0,,0,,,,ALREADY_IMPORTED
19863,19863,"Palmers Brazilian Coco Firming Bum, Bust & Body Oil.",Body Oil,Palmer's,,18.0,,yes,5,ACTIVE,body-oil|palmers,Body Oil,1,1,,,0,,0,,,,ALREADY_IMPORTED
20187,20187,Panoxyl Acne Banishing Body Spray,acne treatment,Panoxyl,,18.0,,yes,0,ACTIVE,acne-treatment|panoxyl,acne treatment,1,2,,,0,,0,,,,ALREADY_IMPORTED
20525,20525,Beauty By Ad Dew Drop Foundation,Foundation,Beauty by AD,,30.0,,yes,1,ACTIVE,beauty-by-ad,Foundation,5,1,5,5,0,,0,,,,ALREADY_IMPORTED
20539,20539,Beauty By Ad Lip Luxe Potion Lip Oil,Lip oil,Beauty by AD,,8.99,,yes,1,ACTIVE,beauty-by-ad,Lip oil,2,1,2,2,0,,0,,,,ALREADY_IMPORTED
20546,20546,Beauty By Ad Ethereal Essence Lipgloss,Lip Gloss,Beauty by AD,,10.99,,yes,1,ACTIVE,beauty-by-ad,Lip Gloss,5,1,5,5,0,,0,,,,ALREADY_IMPORTED
20568,20568,Tehila Air Brush Primer,Setting &amp; Finishing Spray,Tehila,,15.0,,yes,0,ACTIVE,tehila,Makeup|Setting &amp; Finishing Spray|Primers,1,1,,,0,,0,,,,ALREADY_IMPORTED
20595,20595,Tola Banks  Beauty Lipgloss,Lip Gloss,Tola Banks,,6.99,,yes,1,ACTIVE,lips|tola-banks,Lips|Lip Gloss,7,2,7,7,0,,0,,,,ALREADY_IMPORTED
20616,20616,Blossom makeup moist essence moisturizer,Moisturizers &amp; Cream,Blossom,,10.0,,yes,14,ACTIVE,moisturizers|blossom,Makeup|Moisturizers &amp; Cream,1,1,,,0,,0,,,,ALREADY_IMPORTED
20622,20622,Uncover Green Tea Revitalizing Cleanser,Face Cleansers &amp; Wash,Uncover,,12.0,,yes,4,ACTIVE,face-cleansers-wash|uncover,Skin Care|Face Cleansers &amp; Wash,1,1,,,0,,0,,,,ALREADY_IMPORTED
20625,20625,Uncover Mini Green Tea Revitalizing cleanser,Face Cleansers &amp; Wash,Uncover,,5.99,,yes,6,ACTIVE,face-cleansers-wash|uncover,Skin Care|Face Cleansers &amp; Wash,1,1,,,0,,0,,,,ALREADY_IMPORTED
20627,20627,Uncover Argan Hydrating Moisturizer,Face Cleansers &amp; Wash,Uncover,,14.99,,yes,3,ACTIVE,face-cleansers-wash|uncover,Face Cleansers &amp; Wash,1,3,,,0,,0,,,,ALREADY_IMPORTED
20632,20632,Uncover Mini Argan Hydrating Moisturizer,Moisturizers &amp; Cream,Uncover,,4.99,,yes,1,ACTIVE,moisturizers|uncover,Moisturizers &amp; Cream,1,1,,,0,,0,,,,ALREADY_IMPORTED
20634,20634,Uncover Mini Aloe Invincible Sunscreen,Sunscreen,Uncover,,10.0,,yes,2,ACTIVE,sunscreen|uncover,Sunscreen,1,1,,,0,,0,,,,ALREADY_IMPORTED
20637,20637,Uncover Aloe Invincible Sunscreen,Sunscreen,,,16.99,,yes,0,ACTIVE,sunscreen,Sunscreen,1,4,,,0,,0,,,,ALREADY_IMPORTED
20647,20647,Single Tray makeup chair,Beauty Tools,,,140.0,150.0,yes,1,ACTIVE,,Beauty Tools,1,1,,,0,,0,,,,ALREADY_IMPORTED
20770,20770,Classic Makeup Mattifying Face Primer,Makeup,Classic Makeup,,8.99,,yes,3,ACTIVE,classic-makeup,Makeup,1,1,,,0,,0,,,,ALREADY_IMPORTED
20773,20773,Blossom Makeup Pretty Pout Lip Palette,Lip Pallet,,,11.99,,yes,17,ACTIVE,,Lip Pallet|Makeup,1,1,,,0,,0,,,,ALREADY_IMPORTED
21659,21659,Skin by Zaron Glow & Hydrating Body Oil,Body Oil,Zaron,,15.0,,yes,18,ACTIVE,body-oil|body-care|zaron,Bath &amp; Body Care|Body Oil|Body Body|FIRMING|HYDRATING|body oil|brightening body oil,1,2,,,0,,0,,,,ALREADY_IMPORTED
21820,21820,Eos Crème De Pistachio Body Wash,Body Wash,Eos,,18.0,,yes,2,ACTIVE,body-wash|eos,Bath &amp; Body Care|Body Wash|EOS body wash,1,1,,,0,,0,,,,ALREADY_IMPORTED
21822,21822,Alpha Skincare Essential Renewal Cream 10% Glycolic AHA,Moisturizers &amp; Cream,Alpha Skin Care,,18.0,,yes,4,ACTIVE,moisturizers|hyperpigmentation|alpha-skin-care,Moisturizers &amp; Cream|HYPERPIGMENTATION,1,1,,,0,,0,,,,ALREADY_IMPORTED
21824,21824,Alpha Skincare Intensive Renewal Serum 14% Glycolic AHA,Serums &amp; Treatment,Alpha Skin Care,,18.0,,yes,6,ACTIVE,serums-treatment|alpha-skin-care,Serums &amp; Treatment,1,1,,,0,,0,,,,ALREADY_IMPORTED
21827,21827,Topicrem Mela Unifying Ultra-Moisturizing Milk 500ml,Moisturizers &amp; Cream,Topicrem,,60.0,,yes,0,ACTIVE,moisturizers|body-moisturizers|body-lotion|brightening|topicrem,Bath &amp; Body Care|Moisturizers &amp; Cream|Body Moisturizers|Body Lotion|BRIGHTENING,1,1,,,0,,0,,,,ALREADY_IMPORTED
21830,21830,Naturium Urea 5% Body Serum,Serums &amp; Treatment,Naturium,,27.0,,yes,13,ACTIVE,serums-treatment|body-lotion|naturium,Bath &amp; Body Care|Serums &amp; Treatment|Body Lotion|naturium,1,1,,,0,,0,,,,ALREADY_IMPORTED
21854,21854,Anua Niacinamide 5% TXA Brightening Pad,Serums &amp; Treatment,Anua,,26.0,,yes,4,ACTIVE,serums-treatment|anua,Serums &amp; Treatment,1,1,,,0,,0,,,,ALREADY_IMPORTED
21856,21856,Good Molecules Hydrating Gel Moisturizer With Electrolytes,Moisturizers &amp; Cream,Good Molecules,,15.0,,yes,6,ACTIVE,moisturizers|good-molecules,Moisturizers &amp; Cream,1,1,,,0,,0,,,,ALREADY_IMPORTED
21858,21858,Acwell Licorice PH Balancing Cleansing Toner 300ML,"Face Toners, Mist &amp; Essence",Acwell,,34.0,,yes,2,ACTIVE,face-toners-mist-essence|acwell,"Face Toners, Mist &amp; Essence",1,1,,,0,,0,,,,ALREADY_IMPORTED
21860,21860,Topicrem Mela Unifying Ultra-Moisturizing Milk 200ml,Moisturizers &amp; Cream,Topicrem,,35.0,,yes,0,ACTIVE,moisturizers|body-moisturizers|topicrem,Moisturizers &amp; Cream|Body Moisturizers,1,1,,,0,,0,,,,ALREADY_IMPORTED
21973,21973,Paula’s Choice BHA liquid exfoliant-  2%,"Exfoliators, Peels &amp; Scrubs",Paula’s choice,,33.99,,yes,7,DRAFT,exfoliators-peels-scrubs|paulas-choice,"Exfoliators, Peels &amp; Scrubs",1,0,,,0,,0,,,,ALREADY_IMPORTED
21976,21976,Good molecules yuzu blemish gel cream,Serums &amp; Treatment,Good Molecules,,14.99,,yes,4,ACTIVE,serums-treatment|moisturizers|acne-treatment|good-molecules,Serums &amp; Treatment|Moisturizers &amp; Cream|acne treatment,1,1,,,0,,0,,,,ALREADY_IMPORTED
23464,23464,La Roche-Posay Cicaplast Balm B5+,Moisturizers &amp; Cream,La Roche-Posay,,22.0,,yes,6,ACTIVE,moisturizers|body-moisturizers|la-roche-posay,Skin Care|Moisturizers &amp; Cream|Body Moisturizers|moisturizer,1,7,,,0,,0,,,,ALREADY_IMPORTED
23521,23521,Uncover Baobab Glow-C Serum,Serums &amp; Treatment,Uncover,,15.0,,yes,0,ACTIVE,serums-treatment|brightening|uncover,Skin Care|Serums &amp; Treatment|BRIGHTENING|EVEN TONE,1,2,,,0,,0,,,,ALREADY_IMPORTED
23868,23868,Anua Rice 70+ Glow Milky Toner 250ml,Moisturizers &amp; Cream,Anua,,20.0,,yes,0,ACTIVE,moisturizers|face-toners-mist-essence|anua,"Moisturizers &amp; Cream|Face Toners, Mist &amp; Essence|toner|MOISTURISING|milky toner",1,1,,,0,,0,,,,ALREADY_IMPORTED
23957,23957,Medix 5.5 Glow Bright Combo Deal (Copy),Body Wash,Medix 5.5,,70.0,75.0,yes,5,DRAFT,body-wash|body-lotion|body-care|brightening|tradefair-combo-deals|combo-deals|medix-5-5,Bath &amp; Body Care|Body Wash|Body Lotion|Body Body|BRIGHTENING|TRADEFAIR COMBO DEAL|Combo Deals|EVEN TONE|BODY GLOW|body wash,1,1,,,0,,0,,,,ALREADY_IMPORTED
24052,24052,25Pskyn Hydragenesis Moisturizer,Moisturizers &amp; Cream,25 Pskyn,,15.0,,yes,32,ACTIVE,moisturizers|25-pskyn,Moisturizers &amp; Cream,1,1,,,0,,0,,,,ALREADY_IMPORTED
24654,24654,ACWELL Licorice pH Balancing Extreme Moisture Cream 55ml,Moisturizers &amp; Cream,Acwell,,16.0,,yes,6,ACTIVE,moisturizers|acwell,Moisturizers &amp; Cream,1,3,,,0,,0,,,,ALREADY_IMPORTED
25089,25089,MEDIX GLOW BUNDLE,TRADEFAIR COMBO DEAL,,,,,no,,DRAFT,tradefair-combo-deals,TRADEFAIR COMBO DEAL,1,1,,,0,,0,,,Simple product has no regular_price and no price - nothing sellable to import,QUARANTINE
25092,25092,EOS  Bundle Deal,TRADEFAIR COMBO DEAL,Eos,,,,no,,DRAFT,tradefair-combo-deals|eos,TRADEFAIR COMBO DEAL,1,1,,,0,,0,,,Simple product has no regular_price and no price - nothing sellable to import,QUARANTINE
25095,25095,Skin by Zaron body glow bundle,TRADEFAIR COMBO DEAL,Skin by Zaron,,82.0,,yes,8,ACTIVE,tradefair-combo-deals|skin-by-zaron,TRADEFAIR COMBO DEAL,1,1,,,0,,0,,,,ALREADY_IMPORTED
25099,25099,Olay Body Glow Bundle Deal,TRADEFAIR COMBO DEAL,Olay,,88.0,,yes,7,ACTIVE,tradefair-combo-deals|olay,TRADEFAIR COMBO DEAL,1,1,,,0,,0,,,,ALREADY_IMPORTED
25109,25109,25Pskyn Grade 1 & Grade 2 Acne bundle,TRADEFAIR COMBO DEAL,25 Pskyn,,,,no,,DRAFT,tradefair-combo-deals|25-pskyn,TRADEFAIR COMBO DEAL,1,1,,,0,,0,,,Simple product has no regular_price and no price - nothing sellable to import,QUARANTINE
25111,25111,25Pskyn Grade 3 & 4 Acne Bundle,TRADEFAIR COMBO DEAL,25 Pskyn,,,,no,,DRAFT,tradefair-combo-deals|25-pskyn,TRADEFAIR COMBO DEAL,1,1,,,0,,0,,,Simple product has no regular_price and no price - nothing sellable to import,QUARANTINE
25113,25113,25Pskyn Mixed Hyperpigmentation Bundle Deal,TRADEFAIR COMBO DEAL,25 Pskyn,,,,no,,DRAFT,tradefair-combo-deals|25-pskyn,TRADEFAIR COMBO DEAL,1,1,,,0,,0,,,Simple product has no regular_price and no price - nothing sellable to import,QUARANTINE
25115,25115,25Pskyn Superficial Hyperpigmetation Bundle Deal,TRADEFAIR COMBO DEAL,25 Pskyn,,,,no,,DRAFT,tradefair-combo-deals|25-pskyn,TRADEFAIR COMBO DEAL,1,1,,,0,,0,,,Simple product has no regular_price and no price - nothing sellable to import,QUARANTINE
25117,25117,25Pskyn Post inflammatory Hyperpigmentation,TRADEFAIR COMBO DEAL,25 Pskyn,,,,no,,DRAFT,tradefair-combo-deals|25-pskyn,TRADEFAIR COMBO DEAL,1,1,,,0,,0,,,Simple product has no regular_price and no price - nothing sellable to import,QUARANTINE
25119,25119,Skin By Zaron Face & Body Sun Block,Sunscreen,Skin by Zaron,,15.0,,yes,5,ACTIVE,sunscreen|skin-by-zaron,Skin Care|Sunscreen,1,1,,,0,,0,,,,ALREADY_IMPORTED
25122,25122,Differin Epiduo Acne Gel,Serums &amp; Treatment,Differin,,49.99,,yes,1,ACTIVE,serums-treatment|acne-treatment|serums-treatment|differin,Skin Care|Serums &amp; Treatment|acne treatment|Dark spots &amp; Discoloration serums,2,1,2,2,0,,0,,,,ALREADY_IMPORTED
25129,25129,Differin Dark Spot Correcting Serum,Serums &amp; Treatment,Differin,,26.99,,yes,8,ACTIVE,serums-treatment|acne-treatment|serums-treatment|hyperpigmentation|differin,Skin Care|Serums &amp; Treatment|acne treatment|Dark spots &amp; Discoloration serums|HYPERPIGMENTATION,1,1,,,0,,0,,,,ALREADY_IMPORTED
25217,25217,Beauty Line By Didi Lash Climax Mascara,Mascara,Beauty Line by Didi,,,,no,,DRAFT,beauty-line-by-didi,Mascara|Makeup,1,1,,,0,,0,,,Simple product has no regular_price and no price - nothing sellable to import,QUARANTINE
25219,25219,Sylvimak Twinkle Town Eyeshadow Palette,Eyeshadow,Sylvimak,,,,no,,DRAFT,sylvimak,Eyeshadow|Makeup,1,1,,,0,,0,,,Simple product has no regular_price and no price - nothing sellable to import,QUARANTINE
25366,25366,Eos Body Lotion Beach Waves,Body Lotion,Eos,,18.0,,yes,8,ACTIVE,body-lotion|eos,Body Lotion,1,1,,,0,,0,,,,ALREADY_IMPORTED
25369,25369,Eos Body Lotion Toasted Marshmallow,,,,,,no,,DRAFT,,,1,0,,,0,,0,,,Simple product has no regular_price and no price - nothing sellable to import,QUARANTINE
25371,25371,Eos Body Lotion Toasted Marshmallow,Body Lotion,Eos,,18.0,,yes,10,ACTIVE,body-lotion|eos,Body Lotion,1,1,,,0,,0,,,,ALREADY_IMPORTED
25372,25372,Eos Cashmere Whipped Oil Butter Crème de pistachio,Body Butter,Eos,,20.0,,yes,12,ACTIVE,body-butter|eos,Body Butter,1,1,,,0,,0,,,,ALREADY_IMPORTED
25374,25374,Eos Cashmere Whipped Oil Butter Pink Champagne,Body Butter,Eos,,20.0,,yes,10,ACTIVE,body-butter|eos,Body Butter,1,1,,,0,,0,,,,ALREADY_IMPORTED
