woo_order_id,status,currency,date,total,disposition,holds,customer_link,line_items,lines_with_null_product_D4,lines_omitting_variant_D5,refunds
1936,wc-cancelled,GBP,2024-06-06 14:54:46,10.00,APPROVED_FOR_IMPORT,,EMAIL_ONLY_D2,1,0,0,0
1974,wc-refunded,GBP,2024-06-27 21:08:10,66.00,APPROVED_FOR_IMPORT,,EMAIL_ONLY_D2,5,0,0,1
1975,wc-refunded,GBP,2024-06-28 04:53:02,47.00,APPROVED_FOR_IMPORT,,EMAIL_ONLY_D2,2,0,0,1
2095,wc-refunded,GBP,2024-06-30 08:45:04,27.00,APPROVED_FOR_IMPORT,,EMAIL_ONLY_D2,1,0,0,1
2288,wc-cancelled,GBP,2024-07-11 19:39:45,23.00,APPROVED_FOR_IMPORT,,ASSOCIATE_GID,1,0,0,0
2289,wc-cancelled,GBP,2024-07-11 19:52:55,13.00,PENDING_DECISION,D-7_source_financial_variance,ASSOCIATE_GID,1,0,0,0
2305,wc-completed,GBP,2024-08-04 12:43:33,24.00,APPROVED_FOR_IMPORT,,EMAIL_ONLY_D2,1,0,0,0
2306,wc-completed,GBP,2024-08-05 08:34:02,31.00,PENDING_DECISION,D-7_source_financial_variance,EMAIL_ONLY_D2,1,0,0,0
2308,wc-completed,GBP,2024-08-06 07:18:27,31.00,PENDING_DECISION,D-7_source_financial_variance,EMAIL_ONLY_D2,1,0,0,0
2309,wc-completed,GBP,2024-08-06 12:49:35,53.00,PENDING_DECISION,D-7_source_financial_variance,EMAIL_ONLY_D2,2,0,0,0
2310,wc-completed,GBP,2024-08-06 13:50:42,52.00,PENDING_DECISION,D-7_source_financial_variance,EMAIL_ONLY_D2,2,1,0,0
2314,wc-completed,GBP,2024-08-07 15:16:08,90.00,PENDING_DECISION,D-7_source_financial_variance,EMAIL_ONLY_D2,4,0,0,0
2433,wc-completed,GBP,2024-08-09 12:18:29,23.00,PENDING_DECISION,D-7_source_financial_variance,EMAIL_ONLY_D2,1,0,0,0
2434,wc-failed,GBP,2024-08-09 13:42:25,54.00,PENDING_DECISION,D-7_source_financial_variance,EMAIL_ONLY_D2,1,0,0,0
2435,wc-completed,GBP,2024-08-09 15:15:30,60.00,PENDING_DECISION,D-7_source_financial_variance,EMAIL_ONLY_D2,3,0,0,0
2465,wc-completed,GBP,2024-08-09 17:26:21,24.00,APPROVED_FOR_IMPORT,,EMAIL_ONLY_D2,1,0,0,0
2466,wc-completed,GBP,2024-08-09 18:38:35,127.00,PENDING_DECISION,D-7_source_financial_variance,EMAIL_ONLY_D2,8,1,0,0
2467,wc-completed,GBP,2024-08-09 23:28:19,53.00,PENDING_DECISION,D-7_source_financial_variance,EMAIL_ONLY_D2,2,0,0,0
2480,wc-completed,GBP,2024-08-10 06:32:46,63.00,APPROVED_FOR_IMPORT,,EMAIL_ONLY_D2,3,0,0,0
2496,wc-completed,GBP,2024-08-10 10:16:03,23.00,PENDING_DECISION,D-7_source_financial_variance,EMAIL_ONLY_D2,1,0,0,0
2497,wc-completed,GBP,2024-08-10 11:11:59,43.00,PENDING_DECISION,D-7_source_financial_variance,EMAIL_ONLY_D2,3,1,0,0
2498,wc-failed,GBP,2024-08-10 11:52:45,34.00,PENDING_DECISION,D-7_source_financial_variance,EMAIL_ONLY_D2,1,0,0,0
2499,wc-completed,GBP,2024-08-10 11:54:19,34.00,PENDING_DECISION,D-7_source_financial_variance,EMAIL_ONLY_D2,1,0,0,0
2500,wc-completed,GBP,2024-08-10 12:55:03,23.00,PENDING_DECISION,D-7_source_financial_variance,EMAIL_ONLY_D2,1,0,0,0
2501,wc-completed,GBP,2024-08-10 12:55:53,46.00,PENDING_DECISION,D-7_source_financial_variance,EMAIL_ONLY_D2,2,0,0,0
2502,wc-completed,GBP,2024-08-10 13:34:48,137.00,PENDING_DECISION,D-7_source_financial_variance,EMAIL_ONLY_D2,7,0,0,0
2548,wc-cancelled,EUR,2024-08-10 14:37:53,79.50,PENDING_DECISION,D-6_non_gbp,EMAIL_ONLY_D2,3,0,0,0
2549,wc-completed,GBP,2024-08-10 14:42:14,45.00,PENDING_DECISION,D-7_source_financial_variance,EMAIL_ONLY_D2,2,0,0,0
2550,wc-completed,GBP,2024-08-10 14:56:41,43.00,APPROVED_FOR_IMPORT,,EMAIL_ONLY_D2,2,0,0,0
2551,wc-completed,GBP,2024-08-10 15:07:59,24.00,APPROVED_FOR_IMPORT,,EMAIL_ONLY_D2,1,0,0,0
2552,wc-completed,GBP,2024-08-10 16:24:55,70.00,PENDING_DECISION,D-7_source_financial_variance,EMAIL_ONLY_D2,2,0,0,0
2553,wc-cancelled,GBP,2024-08-10 23:44:30,28.75,APPROVED_FOR_IMPORT,,EMAIL_ONLY_D2,1,0,0,0
2554,wc-completed,GBP,2024-08-10 23:46:02,28.75,APPROVED_FOR_IMPORT,,EMAIL_ONLY_D2,1,0,0,0
2555,wc-completed,GBP,2024-08-11 04:22:12,81.00,APPROVED_FOR_IMPORT,,EMAIL_ONLY_D2,4,0,0,0
2556,wc-completed,GBP,2024-08-11 05:39:46,69.60,APPROVED_FOR_IMPORT,,EMAIL_ONLY_D2,3,0,0,0
2557,wc-completed,GBP,2024-08-11 06:54:11,86.70,APPROVED_FOR_IMPORT,,EMAIL_ONLY_D2,6,1,0,0
2558,wc-completed,GBP,2024-08-11 10:01:46,43.00,APPROVED_FOR_IMPORT,,EMAIL_ONLY_D2,1,0,0,0
2559,wc-completed,GBP,2024-08-11 11:30:58,80.10,APPROVED_FOR_IMPORT,,EMAIL_ONLY_D2,3,0,0,0
2560,wc-completed,GBP,2024-08-11 11:52:47,18.30,APPROVED_FOR_IMPORT,,EMAIL_ONLY_D2,1,0,0,0
2561,wc-completed,GBP,2024-08-11 14:26:35,190.25,APPROVED_FOR_IMPORT,,EMAIL_ONLY_D2,17,0,0,0
2562,wc-completed,GBP,2024-08-11 14:51:22,150.40,APPROVED_FOR_IMPORT,,EMAIL_ONLY_D2,9,0,0,0
2563,wc-completed,GBP,2024-08-11 15:03:26,125.65,APPROVED_FOR_IMPORT,,EMAIL_ONLY_D2,5,0,0,0
2564,wc-completed,GBP,2024-08-11 15:07:10,133.30,APPROVED_FOR_IMPORT,,EMAIL_ONLY_D2,7,0,0,0
2565,wc-completed,GBP,2024-08-11 16:36:42,52.50,APPROVED_FOR_IMPORT,,EMAIL_ONLY_D2,1,0,0,0
2570,wc-cancelled,USD,2024-08-11 20:31:30,16.00,PENDING_DECISION,D-6_non_gbp,ASSOCIATE_GID,1,1,0,0
2572,wc-completed,GBP,2024-08-11 20:42:02,57.20,APPROVED_FOR_IMPORT,,EMAIL_ONLY_D2,3,0,0,0
2573,wc-completed,EUR,2024-08-11 20:50:18,71.50,PENDING_DECISION,D-6_non_gbp,EMAIL_ONLY_D2,2,0,0,0
2579,wc-completed,GBP,2024-08-11 21:36:41,27.50,APPROVED_FOR_IMPORT,,EMAIL_ONLY_D2,1,0,0,0
2583,wc-completed,GBP,2024-08-11 22:00:30,43.70,APPROVED_FOR_IMPORT,,EMAIL_ONLY_D2,2,0,0,0
2585,wc-completed,GBP,2024-08-11 22:26:24,27.50,APPROVED_FOR_IMPORT,,EMAIL_ONLY_D2,1,0,0,0
2586,wc-completed,GBP,2024-08-11 22:27:35,22.10,APPROVED_FOR_IMPORT,,EMAIL_ONLY_D2,1,0,0,0
2588,wc-completed,GBP,2024-08-11 22:31:26,50.00,APPROVED_FOR_IMPORT,,EMAIL_ONLY_D2,4,0,0,0
2591,wc-completed,GBP,2024-08-11 22:41:47,57.20,APPROVED_FOR_IMPORT,,EMAIL_ONLY_D2,3,0,0,0
2593,wc-completed,GBP,2024-08-11 23:00:01,50.00,APPROVED_FOR_IMPORT,,EMAIL_ONLY_D2,2,0,0,0
2597,wc-completed,GBP,2024-08-11 23:15:14,37.40,APPROVED_FOR_IMPORT,,EMAIL_ONLY_D2,2,0,0,0
2599,wc-completed,GBP,2024-08-11 23:21:51,41.00,APPROVED_FOR_IMPORT,,EMAIL_ONLY_D2,2,0,0,0
2602,wc-completed,GBP,2024-08-12 00:04:27,55.40,APPROVED_FOR_IMPORT,,EMAIL_ONLY_D2,3,0,0,0
2607,wc-completed,GBP,2024-08-12 01:49:31,82.40,APPROVED_FOR_IMPORT,,EMAIL_ONLY_D2,4,0,0,0
2608,wc-completed,GBP,2024-08-12 01:50:15,45.50,APPROVED_FOR_IMPORT,,EMAIL_ONLY_D2,2,0,0,0
2610,wc-completed,GBP,2024-08-12 02:48:06,27.50,APPROVED_FOR_IMPORT,,EMAIL_ONLY_D2,1,0,0,0
2611,wc-completed,GBP,2024-08-12 03:09:35,69.80,APPROVED_FOR_IMPORT,,EMAIL_ONLY_D2,4,0,0,0
2612,wc-completed,GBP,2024-08-12 03:26:29,66.20,APPROVED_FOR_IMPORT,,EMAIL_ONLY_D2,2,0,0,0
2613,wc-completed,GBP,2024-08-12 04:07:44,94.10,APPROVED_FOR_IMPORT,,EMAIL_ONLY_D2,4,0,0,0
2616,wc-completed,GBP,2024-08-12 05:41:42,61.70,APPROVED_FOR_IMPORT,,EMAIL_ONLY_D2,3,0,0,0
2618,wc-completed,GBP,2024-08-12 06:17:42,41.00,APPROVED_FOR_IMPORT,,EMAIL_ONLY_D2,2,0,0,0
2619,wc-completed,GBP,2024-08-12 06:20:39,59.00,APPROVED_FOR_IMPORT,,EMAIL_ONLY_D2,3,0,0,0
2620,wc-completed,GBP,2024-08-12 06:59:20,79.70,APPROVED_FOR_IMPORT,,EMAIL_ONLY_D2,5,0,0,0
2622,wc-completed,GBP,2024-08-12 07:47:33,50.00,APPROVED_FOR_IMPORT,,EMAIL_ONLY_D2,3,0,0,0
2624,wc-completed,GBP,2024-08-12 08:06:43,19.40,APPROVED_FOR_IMPORT,,EMAIL_ONLY_D2,1,1,0,0
2625,wc-completed,GBP,2024-08-12 08:13:59,37.40,APPROVED_FOR_IMPORT,,EMAIL_ONLY_D2,2,0,0,0
2626,wc-completed,GBP,2024-08-12 08:28:17,86.00,APPROVED_FOR_IMPORT,,EMAIL_ONLY_D2,5,0,0,0
2627,wc-completed,GBP,2024-08-12 08:30:34,22.10,APPROVED_FOR_IMPORT,,EMAIL_ONLY_D2,1,0,0,0
2633,wc-completed,GBP,2024-08-12 08:52:54,48.20,APPROVED_FOR_IMPORT,,EMAIL_ONLY_D2,2,0,0,0
2634,wc-completed,GBP,2024-08-12 09:00:34,68.90,APPROVED_FOR_IMPORT,,EMAIL_ONLY_D2,4,0,0,0
2642,wc-completed,GBP,2024-08-12 09:08:25,32.00,APPROVED_FOR_IMPORT,,EMAIL_ONLY_D2,1,0,0,0
2646,wc-completed,EUR,2024-08-12 09:12:21,156.10,PENDING_DECISION,D-6_non_gbp,EMAIL_ONLY_D2,10,0,0,0
2653,wc-completed,GBP,2024-08-12 09:30:16,119.30,APPROVED_FOR_IMPORT,,EMAIL_ONLY_D2,6,0,0,0
2658,wc-completed,GBP,2024-08-12 09:51:45,41.00,APPROVED_FOR_IMPORT,,EMAIL_ONLY_D2,1,0,0,0
2662,wc-completed,GBP,2024-08-12 10:02:43,53.60,APPROVED_FOR_IMPORT,,EMAIL_ONLY_D2,3,0,0,0
2667,wc-completed,GBP,2024-08-12 10:18:22,105.80,APPROVED_FOR_IMPORT,,EMAIL_ONLY_D2,6,0,0,0
2668,wc-completed,GBP,2024-08-12 10:23:23,63.50,APPROVED_FOR_IMPORT,,EMAIL_ONLY_D2,2,0,0,0
2670,wc-completed,GBP,2024-08-12 10:56:02,45.50,APPROVED_FOR_IMPORT,,EMAIL_ONLY_D2,3,0,0,0
2671,wc-completed,GBP,2024-08-12 11:15:18,70.70,APPROVED_FOR_IMPORT,,EMAIL_ONLY_D2,3,0,0,0
2672,wc-completed,GBP,2024-08-12 11:23:21,90.60,APPROVED_FOR_IMPORT,,EMAIL_ONLY_D2,4,0,0,0
2673,wc-completed,GBP,2024-08-12 12:22:13,50.00,APPROVED_FOR_IMPORT,,EMAIL_ONLY_D2,1,0,0,0
2674,wc-completed,GBP,2024-08-12 12:48:59,69.80,APPROVED_FOR_IMPORT,,EMAIL_ONLY_D2,4,0,0,0
2677,wc-completed,GBP,2024-08-12 13:20:40,41.00,APPROVED_FOR_IMPORT,,EMAIL_ONLY_D2,2,0,0,0
2678,wc-completed,GBP,2024-08-12 13:41:09,131.00,APPROVED_FOR_IMPORT,,EMAIL_ONLY_D2,5,0,0,0
2679,wc-completed,GBP,2024-08-12 14:09:48,41.00,APPROVED_FOR_IMPORT,,EMAIL_ONLY_D2,2,0,0,0
2680,wc-completed,GBP,2024-08-12 14:21:27,114.20,APPROVED_FOR_IMPORT,,EMAIL_ONLY_D2,6,0,0,0
2681,wc-completed,GBP,2024-08-12 14:21:42,71.70,APPROVED_FOR_IMPORT,,EMAIL_ONLY_D2,4,0,0,0
2682,wc-completed,GBP,2024-08-12 14:33:25,55.40,APPROVED_FOR_IMPORT,,EMAIL_ONLY_D2,3,0,0,0
2683,wc-completed,GBP,2024-08-12 14:36:48,41.00,APPROVED_FOR_IMPORT,,EMAIL_ONLY_D2,1,0,0,0
2684,wc-completed,GBP,2024-08-12 14:41:55,73.40,APPROVED_FOR_IMPORT,,EMAIL_ONLY_D2,3,0,0,0
2685,wc-completed,GBP,2024-08-12 14:43:38,27.50,APPROVED_FOR_IMPORT,,EMAIL_ONLY_D2,1,0,0,0
2686,wc-completed,GBP,2024-08-12 14:53:37,45.50,APPROVED_FOR_IMPORT,,EMAIL_ONLY_D2,2,0,0,0
2687,wc-completed,GBP,2024-08-12 14:55:42,59.00,APPROVED_FOR_IMPORT,,EMAIL_ONLY_D2,1,0,0,0
2688,wc-completed,GBP,2024-08-12 14:56:21,69.80,APPROVED_FOR_IMPORT,,EMAIL_ONLY_D2,7,0,0,0
2690,wc-completed,GBP,2024-08-12 15:05:46,23.00,APPROVED_FOR_IMPORT,,EMAIL_ONLY_D2,1,0,0,0
2691,wc-failed,GBP,2024-08-12 15:06:53,89.80,APPROVED_FOR_IMPORT,,EMAIL_ONLY_D2,3,0,0,0
2692,wc-completed,GBP,2024-08-12 15:11:05,70.80,APPROVED_FOR_IMPORT,,EMAIL_ONLY_D2,2,0,0,0
2693,wc-completed,GBP,2024-08-12 15:17:57,43.70,APPROVED_FOR_IMPORT,,EMAIL_ONLY_D2,3,0,0,0
2694,wc-completed,GBP,2024-08-12 15:18:02,50.00,APPROVED_FOR_IMPORT,,EMAIL_ONLY_D2,1,0,0,0
2695,wc-completed,GBP,2024-08-12 15:20:25,96.80,APPROVED_FOR_IMPORT,,EMAIL_ONLY_D2,5,0,0,0
2696,wc-completed,GBP,2024-08-12 15:41:10,37.40,APPROVED_FOR_IMPORT,,EMAIL_ONLY_D2,2,0,0,0
2697,wc-completed,GBP,2024-08-12 15:49:25,21.20,APPROVED_FOR_IMPORT,,EMAIL_ONLY_D2,1,0,0,0
2698,wc-completed,GBP,2024-08-12 15:49:58,96.00,APPROVED_FOR_IMPORT,,EMAIL_ONLY_D2,4,0,0,0
2699,wc-completed,GBP,2024-08-12 16:02:21,87.90,APPROVED_FOR_IMPORT,,EMAIL_ONLY_D2,3,0,0,0
2700,wc-completed,GBP,2024-08-12 16:20:23,103.10,APPROVED_FOR_IMPORT,,EMAIL_ONLY_D2,6,0,0,0
2701,wc-completed,GBP,2024-08-12 16:26:46,62.60,APPROVED_FOR_IMPORT,,EMAIL_ONLY_D2,3,0,0,0
2702,wc-completed,GBP,2024-08-12 16:28:19,59.00,APPROVED_FOR_IMPORT,,EMAIL_ONLY_D2,2,0,0,0
2703,wc-completed,GBP,2024-08-12 16:29:41,41.00,APPROVED_FOR_IMPORT,,EMAIL_ONLY_D2,2,0,0,0
2705,wc-completed,GBP,2024-08-12 16:48:23,105.80,APPROVED_FOR_IMPORT,,EMAIL_ONLY_D2,5,0,0,0
2707,wc-completed,GBP,2024-08-12 17:32:31,68.00,APPROVED_FOR_IMPORT,,EMAIL_ONLY_D2,1,1,0,0
2708,wc-completed,GBP,2024-08-12 17:48:18,41.00,APPROVED_FOR_IMPORT,,EMAIL_ONLY_D2,2,0,0,0
2709,wc-completed,GBP,2024-08-12 17:58:28,23.00,APPROVED_FOR_IMPORT,,EMAIL_ONLY_D2,1,0,0,0
2710,wc-completed,GBP,2024-08-12 17:59:28,41.00,APPROVED_FOR_IMPORT,,EMAIL_ONLY_D2,2,0,0,0
2713,wc-completed,GBP,2024-08-12 18:23:42,59.00,APPROVED_FOR_IMPORT,,EMAIL_ONLY_D2,3,0,0,0
2714,wc-completed,GBP,2024-08-12 18:41:07,77.90,APPROVED_FOR_IMPORT,,EMAIL_ONLY_D2,4,0,0,0
2715,wc-completed,GBP,2024-08-12 18:50:27,59.90,APPROVED_FOR_IMPORT,,EMAIL_ONLY_D2,3,0,0,0
2716,wc-completed,GBP,2024-08-12 18:57:35,60.80,APPROVED_FOR_IMPORT,,EMAIL_ONLY_D2,3,0,0,0
2717,wc-completed,GBP,2024-08-12 18:58:43,32.00,APPROVED_FOR_IMPORT,,EMAIL_ONLY_D2,1,0,0,0
2718,wc-completed,GBP,2024-08-12 19:08:14,23.00,APPROVED_FOR_IMPORT,,EMAIL_ONLY_D2,1,0,0,0
2719,wc-completed,GBP,2024-08-12 19:41:11,95.77,APPROVED_FOR_IMPORT,,EMAIL_ONLY_D2,5,0,0,0
2720,wc-completed,GBP,2024-08-12 19:49:32,41.00,APPROVED_FOR_IMPORT,,EMAIL_ONLY_D2,2,0,0,0
2722,wc-completed,GBP,2024-08-12 20:26:52,79.70,APPROVED_FOR_IMPORT,,EMAIL_ONLY_D2,5,0,0,0
2723,wc-completed,GBP,2024-08-12 20:29:51,23.00,APPROVED_FOR_IMPORT,,EMAIL_ONLY_D2,1,0,0,0
2737,wc-completed,GBP,2024-08-12 21:04:38,21.20,APPROVED_FOR_IMPORT,,EMAIL_ONLY_D2,1,0,0,0
2739,wc-completed,GBP,2024-08-12 21:09:45,37.40,APPROVED_FOR_IMPORT,,EMAIL_ONLY_D2,5,1,0,0
2743,wc-completed,GBP,2024-08-12 21:21:54,138.30,APPROVED_FOR_IMPORT,,EMAIL_ONLY_D2,7,0,0,0
2745,wc-completed,GBP,2024-08-12 21:43:51,41.90,APPROVED_FOR_IMPORT,,EMAIL_ONLY_D2,2,1,0,0
2760,wc-completed,GBP,2024-08-12 22:48:36,33.80,APPROVED_FOR_IMPORT,,EMAIL_ONLY_D2,2,0,0,0
2761,wc-completed,GBP,2024-08-12 22:53:49,79.70,APPROVED_FOR_IMPORT,,EMAIL_ONLY_D2,4,0,0,0
2767,wc-completed,GBP,2024-08-13 00:18:44,55.40,APPROVED_FOR_IMPORT,,EMAIL_ONLY_D2,3,0,0,0
2778,wc-completed,GBP,2024-08-13 05:49:50,17.60,APPROVED_FOR_IMPORT,,EMAIL_ONLY_D2,3,0,0,0
2781,wc-completed,GBP,2024-08-13 07:09:23,23.00,APPROVED_FOR_IMPORT,,EMAIL_ONLY_D2,1,0,0,0
2782,wc-completed,GBP,2024-08-13 07:26:55,103.10,APPROVED_FOR_IMPORT,,EMAIL_ONLY_D2,5,0,0,0
2783,wc-completed,GBP,2024-08-13 07:39:18,30.00,APPROVED_FOR_IMPORT,,EMAIL_ONLY_D2,1,0,0,0
2789,wc-completed,GBP,2024-08-13 08:32:22,83.00,APPROVED_FOR_IMPORT,,EMAIL_ONLY_D2,5,0,0,0
2796,wc-completed,GBP,2024-08-13 12:55:13,55.00,APPROVED_FOR_IMPORT,,EMAIL_ONLY_D2,2,0,0,0
2798,wc-completed,GBP,2024-08-13 13:54:14,45.00,APPROVED_FOR_IMPORT,,EMAIL_ONLY_D2,2,0,0,0
2799,wc-completed,GBP,2024-08-13 15:18:31,35.00,APPROVED_FOR_IMPORT,,EMAIL_ONLY_D2,1,0,0,0
2801,wc-completed,GBP,2024-08-13 15:23:26,35.00,APPROVED_FOR_IMPORT,,EMAIL_ONLY_D2,1,0,0,0
2802,wc-completed,GBP,2024-08-13 15:54:28,115.00,APPROVED_FOR_IMPORT,,EMAIL_ONLY_D2,6,0,0,0
2811,wc-completed,GBP,2024-08-14 09:21:24,37.00,APPROVED_FOR_IMPORT,,EMAIL_ONLY_D2,2,1,0,0
2816,wc-completed,GBP,2024-08-14 11:24:27,35.00,APPROVED_FOR_IMPORT,,EMAIL_ONLY_D2,1,0,0,0
2818,wc-completed,GBP,2024-08-14 12:18:05,30.00,APPROVED_FOR_IMPORT,,EMAIL_ONLY_D2,1,0,0,0
2819,wc-completed,GBP,2024-08-14 13:28:19,32.00,APPROVED_FOR_IMPORT,,EMAIL_ONLY_D2,1,0,0,0
2821,wc-completed,GBP,2024-08-14 14:27:09,30.00,APPROVED_FOR_IMPORT,,EMAIL_ONLY_D2,2,0,0,0
2824,wc-completed,GBP,2024-08-14 18:25:42,40.00,APPROVED_FOR_IMPORT,,EMAIL_ONLY_D2,2,0,0,0
2825,wc-completed,GBP,2024-08-14 18:30:50,35.00,APPROVED_FOR_IMPORT,,EMAIL_ONLY_D2,1,0,0,0
2830,wc-completed,GBP,2024-08-15 09:08:01,173.00,APPROVED_FOR_IMPORT,,EMAIL_ONLY_D2,6,0,0,0
2833,wc-completed,GBP,2024-08-15 15:18:12,131.00,APPROVED_FOR_IMPORT,,EMAIL_ONLY_D2,6,0,0,0
2834,wc-completed,GBP,2024-08-15 16:41:53,56.00,APPROVED_FOR_IMPORT,,EMAIL_ONLY_D2,4,0,0,0
2835,wc-completed,GBP,2024-08-15 17:36:04,42.00,APPROVED_FOR_IMPORT,,EMAIL_ONLY_D2,4,0,0,0
2836,wc-completed,GBP,2024-08-15 21:05:53,79.00,APPROVED_FOR_IMPORT,,EMAIL_ONLY_D2,5,1,0,0
2837,wc-completed,GBP,2024-08-15 21:29:24,23.00,APPROVED_FOR_IMPORT,,EMAIL_ONLY_D2,1,0,0,0
2838,wc-completed,GBP,2024-08-15 22:23:27,15.00,APPROVED_FOR_IMPORT,,EMAIL_ONLY_D2,1,0,0,0
2847,wc-completed,GBP,2024-08-16 10:04:15,32.00,APPROVED_FOR_IMPORT,,EMAIL_ONLY_D2,1,0,0,0
2848,wc-completed,GBP,2024-08-16 11:48:29,41.00,APPROVED_FOR_IMPORT,,EMAIL_ONLY_D2,1,0,0,0
2849,wc-completed,GBP,2024-08-16 12:09:14,85.00,APPROVED_FOR_IMPORT,,EMAIL_ONLY_D2,4,0,0,0
2850,wc-refunded,GBP,2024-08-16 13:31:24,63.50,APPROVED_FOR_IMPORT,,EMAIL_ONLY_D2,2,0,0,1
2851,wc-completed,GBP,2024-08-16 15:02:49,32.00,APPROVED_FOR_IMPORT,,EMAIL_ONLY_D2,1,0,0,0
2853,wc-refunded,GBP,2024-08-16 18:38:53,45.50,APPROVED_FOR_IMPORT,,EMAIL_ONLY_D2,2,0,0,1
2854,wc-completed,GBP,2024-08-16 21:00:43,32.00,APPROVED_FOR_IMPORT,,EMAIL_ONLY_D2,2,0,0,0
2855,wc-completed,GBP,2024-08-16 21:45:55,101.30,APPROVED_FOR_IMPORT,,EMAIL_ONLY_D2,4,0,0,0
2856,wc-completed,GBP,2024-08-16 21:51:09,93.20,APPROVED_FOR_IMPORT,,EMAIL_ONLY_D2,5,0,0,0
2857,wc-completed,GBP,2024-08-16 22:14:59,41.00,APPROVED_FOR_IMPORT,,EMAIL_ONLY_D2,1,0,0,0
2862,wc-completed,GBP,2024-08-16 22:57:41,41.00,APPROVED_FOR_IMPORT,,EMAIL_ONLY_D2,2,0,0,0
2865,wc-completed,GBP,2024-08-17 02:32:32,32.00,APPROVED_FOR_IMPORT,,EMAIL_ONLY_D2,1,0,0,0
2867,wc-completed,GBP,2024-08-17 06:21:17,14.00,APPROVED_FOR_IMPORT,,EMAIL_ONLY_D2,2,0,0,0
2868,wc-completed,GBP,2024-08-17 07:24:09,23.00,APPROVED_FOR_IMPORT,,EMAIL_ONLY_D2,1,0,0,0
2870,wc-completed,GBP,2024-08-17 10:08:28,23.00,APPROVED_FOR_IMPORT,,EMAIL_ONLY_D2,1,0,0,0
2871,wc-completed,GBP,2024-08-17 10:20:48,84.20,APPROVED_FOR_IMPORT,,EMAIL_ONLY_D2,3,1,0,0
2872,wc-completed,GBP,2024-08-17 12:36:58,59.00,APPROVED_FOR_IMPORT,,EMAIL_ONLY_D2,3,0,0,0
2873,wc-completed,GBP,2024-08-17 12:38:39,65.90,APPROVED_FOR_IMPORT,,EMAIL_ONLY_D2,3,0,0,0
2878,wc-completed,GBP,2024-08-17 16:27:13,50.00,APPROVED_FOR_IMPORT,,EMAIL_ONLY_D2,2,0,0,0
2879,wc-failed,GBP,2024-08-17 16:44:09,79.70,APPROVED_FOR_IMPORT,,EMAIL_ONLY_D2,3,0,0,0
2882,wc-completed,GBP,2024-08-17 19:49:22,59.00,APPROVED_FOR_IMPORT,,EMAIL_ONLY_D2,2,0,0,0
2883,wc-completed,GBP,2024-08-17 20:10:55,127.50,APPROVED_FOR_IMPORT,,EMAIL_ONLY_D2,3,0,0,0
2888,wc-completed,GBP,2024-08-18 05:13:37,93.20,APPROVED_FOR_IMPORT,,EMAIL_ONLY_D2,5,0,0,0
2890,wc-completed,GBP,2024-08-18 09:01:11,59.00,APPROVED_FOR_IMPORT,,EMAIL_ONLY_D2,2,0,0,0
2891,wc-completed,GBP,2024-08-18 10:29:23,23.00,APPROVED_FOR_IMPORT,,EMAIL_ONLY_D2,1,0,0,0
2892,wc-completed,GBP,2024-08-18 11:21:33,23.00,APPROVED_FOR_IMPORT,,EMAIL_ONLY_D2,1,0,0,0
2894,wc-completed,GBP,2024-08-18 11:57:09,124.70,APPROVED_FOR_IMPORT,,EMAIL_ONLY_D2,5,0,0,0
2900,wc-completed,GBP,2024-08-18 15:59:19,32.00,APPROVED_FOR_IMPORT,,EMAIL_ONLY_D2,1,0,0,0
2906,wc-completed,GBP,2024-08-18 22:17:28,159.00,APPROVED_FOR_IMPORT,,EMAIL_ONLY_D2,4,0,0,0
2909,wc-refunded,GBP,2024-08-19 07:53:51,20.00,APPROVED_FOR_IMPORT,,EMAIL_ONLY_D2,1,0,0,1
2910,wc-completed,GBP,2024-08-19 08:02:04,37.00,APPROVED_FOR_IMPORT,,EMAIL_ONLY_D2,1,0,0,0
2912,wc-completed,GBP,2024-08-19 10:33:02,25.00,APPROVED_FOR_IMPORT,,EMAIL_ONLY_D2,1,0,0,0
2913,wc-completed,GBP,2024-08-19 10:36:59,46.00,APPROVED_FOR_IMPORT,,EMAIL_ONLY_D2,2,0,0,0
2921,wc-completed,GBP,2024-08-19 12:41:07,25.00,APPROVED_FOR_IMPORT,,EMAIL_ONLY_D2,1,0,0,0
2923,wc-completed,GBP,2024-08-19 13:13:23,45.00,APPROVED_FOR_IMPORT,,EMAIL_ONLY_D2,2,0,0,0
2924,wc-completed,GBP,2024-08-19 13:18:12,17.00,APPROVED_FOR_IMPORT,,EMAIL_ONLY_D2,2,0,0,0
2925,wc-completed,GBP,2024-08-19 13:21:36,65.00,APPROVED_FOR_IMPORT,,EMAIL_ONLY_D2,1,0,0,0
2933,wc-completed,GBP,2024-08-19 19:47:53,30.00,APPROVED_FOR_IMPORT,,EMAIL_ONLY_D2,1,0,0,0
2935,wc-completed,GBP,2024-08-19 21:39:26,45.00,APPROVED_FOR_IMPORT,,EMAIL_ONLY_D2,2,0,0,0
2937,wc-completed,GBP,2024-08-19 22:00:59,47.00,APPROVED_FOR_IMPORT,,EMAIL_ONLY_D2,2,0,0,0
2939,wc-completed,GBP,2024-08-20 00:05:51,45.00,APPROVED_FOR_IMPORT,,EMAIL_ONLY_D2,2,0,0,0
2940,wc-completed,GBP,2024-08-20 01:09:20,60.00,APPROVED_FOR_IMPORT,,EMAIL_ONLY_D2,2,0,0,0
2944,wc-completed,GBP,2024-08-20 11:30:06,150.00,APPROVED_FOR_IMPORT,,EMAIL_ONLY_D2,1,1,0,0
2947,wc-completed,GBP,2024-08-20 11:46:50,60.00,APPROVED_FOR_IMPORT,,EMAIL_ONLY_D2,2,0,0,0
2948,wc-completed,GBP,2024-08-20 12:52:14,45.00,APPROVED_FOR_IMPORT,,EMAIL_ONLY_D2,2,0,0,0
2950,wc-completed,GBP,2024-08-20 14:26:36,30.00,APPROVED_FOR_IMPORT,,EMAIL_ONLY_D2,1,0,0,0
2951,wc-completed,GBP,2024-08-20 15:01:27,25.00,APPROVED_FOR_IMPORT,,EMAIL_ONLY_D2,1,0,0,0
2952,wc-completed,GBP,2024-08-20 17:23:07,42.00,APPROVED_FOR_IMPORT,,EMAIL_ONLY_D2,2,1,0,0
2955,wc-completed,GBP,2024-08-20 21:13:37,30.00,APPROVED_FOR_IMPORT,,EMAIL_ONLY_D2,1,0,0,0
2956,wc-completed,GBP,2024-08-20 21:21:48,74.00,APPROVED_FOR_IMPORT,,EMAIL_ONLY_D2,2,0,0,0
2957,wc-completed,GBP,2024-08-20 21:45:21,19.00,APPROVED_FOR_IMPORT,,EMAIL_ONLY_D2,1,0,0,0
2959,wc-completed,GBP,2024-08-21 02:14:08,70.00,APPROVED_FOR_IMPORT,,EMAIL_ONLY_D2,3,0,0,0
2960,wc-refunded,GBP,2024-08-21 02:48:00,116.00,APPROVED_FOR_IMPORT,,EMAIL_ONLY_D2,4,0,0,1
2961,wc-completed,GBP,2024-08-21 05:50:45,57.00,APPROVED_FOR_IMPORT,,EMAIL_ONLY_D2,3,0,0,0
2962,wc-completed,GBP,2024-08-21 05:53:46,45.00,APPROVED_FOR_IMPORT,,EMAIL_ONLY_D2,1,0,0,0
2963,wc-completed,GBP,2024-08-21 06:16:37,45.00,APPROVED_FOR_IMPORT,,EMAIL_ONLY_D2,1,0,0,0
2964,wc-completed,GBP,2024-08-21 07:56:06,63.00,APPROVED_FOR_IMPORT,,EMAIL_ONLY_D2,3,0,0,0
2965,wc-completed,GBP,2024-08-21 08:06:36,63.00,APPROVED_FOR_IMPORT,,EMAIL_ONLY_D2,3,0,0,0
2966,wc-completed,GBP,2024-08-21 09:03:54,70.00,APPROVED_FOR_IMPORT,,EMAIL_ONLY_D2,2,0,0,0
2967,wc-completed,GBP,2024-08-21 09:28:15,45.00,APPROVED_FOR_IMPORT,,EMAIL_ONLY_D2,2,0,0,0
2968,wc-completed,GBP,2024-08-21 10:01:31,35.00,APPROVED_FOR_IMPORT,,EMAIL_ONLY_D2,1,0,0,0
2969,wc-completed,GBP,2024-08-21 10:21:10,45.00,APPROVED_FOR_IMPORT,,EMAIL_ONLY_D2,1,0,0,0
2971,wc-completed,GBP,2024-08-21 10:55:55,40.00,APPROVED_FOR_IMPORT,,EMAIL_ONLY_D2,2,0,0,0
2972,wc-completed,GBP,2024-08-21 11:09:32,40.00,APPROVED_FOR_IMPORT,,EMAIL_ONLY_D2,1,0,0,0
2973,wc-completed,GBP,2024-08-21 11:39:26,45.00,APPROVED_FOR_IMPORT,,EMAIL_ONLY_D2,2,0,0,0
2974,wc-completed,GBP,2024-08-21 11:47:02,25.00,APPROVED_FOR_IMPORT,,EMAIL_ONLY_D2,1,0,0,0
2976,wc-completed,GBP,2024-08-21 12:16:49,154.00,APPROVED_FOR_IMPORT,,EMAIL_ONLY_D2,8,0,0,0
2977,wc-completed,GBP,2024-08-21 12:22:14,61.00,APPROVED_FOR_IMPORT,,EMAIL_ONLY_D2,3,1,0,0
2978,wc-completed,GBP,2024-08-21 13:10:10,66.00,APPROVED_FOR_IMPORT,,EMAIL_ONLY_D2,3,0,0,0
2979,wc-completed,GBP,2024-08-21 13:35:11,91.00,APPROVED_FOR_IMPORT,,EMAIL_ONLY_D2,5,2,0,0
2980,wc-completed,GBP,2024-08-21 13:37:57,30.00,APPROVED_FOR_IMPORT,,EMAIL_ONLY_D2,1,0,0,0
2981,wc-completed,GBP,2024-08-21 13:39:17,87.00,APPROVED_FOR_IMPORT,,EMAIL_ONLY_D2,4,0,0,0
2982,wc-completed,GBP,2024-08-21 14:11:09,125.00,APPROVED_FOR_IMPORT,,ASSOCIATE_GID,6,0,0,0
2983,wc-completed,GBP,2024-08-21 16:18:48,24.00,APPROVED_FOR_IMPORT,,EMAIL_ONLY_D2,1,0,0,0
2984,wc-completed,GBP,2024-08-21 16:21:13,73.00,APPROVED_FOR_IMPORT,,EMAIL_ONLY_D2,3,0,0,0
2986,wc-completed,GBP,2024-08-21 16:48:22,45.00,APPROVED_FOR_IMPORT,,ASSOCIATE_GID,1,0,0,0
2988,wc-completed,GBP,2024-08-21 18:54:50,55.00,APPROVED_FOR_IMPORT,,EMAIL_ONLY_D2,2,0,0,0
2989,wc-completed,GBP,2024-08-21 19:13:59,61.00,APPROVED_FOR_IMPORT,,EMAIL_ONLY_D2,3,0,0,0
2990,wc-completed,GBP,2024-08-21 19:18:47,85.00,APPROVED_FOR_IMPORT,,EMAIL_ONLY_D2,4,0,0,0
2991,wc-completed,GBP,2024-08-21 19:47:10,75.00,APPROVED_FOR_IMPORT,,EMAIL_ONLY_D2,3,0,0,0
2992,wc-completed,GBP,2024-08-21 20:03:37,50.00,APPROVED_FOR_IMPORT,,EMAIL_ONLY_D2,2,0,0,0
2994,wc-completed,GBP,2024-08-21 22:50:21,71.00,APPROVED_FOR_IMPORT,,ASSOCIATE_GID,2,1,0,0
2995,wc-completed,GBP,2024-08-21 22:54:17,31.00,APPROVED_FOR_IMPORT,,EMAIL_ONLY_D2,3,0,0,0
2996,wc-completed,GBP,2024-08-21 23:50:10,65.00,APPROVED_FOR_IMPORT,,ASSOCIATE_GID,3,0,0,0
3001,wc-completed,GBP,2024-08-22 05:27:04,25.00,APPROVED_FOR_IMPORT,,EMAIL_ONLY_D2,1,0,0,0
3002,wc-completed,GBP,2024-08-22 06:57:13,101.00,APPROVED_FOR_IMPORT,,EMAIL_ONLY_D2,5,0,0,0
3003,wc-completed,GBP,2024-08-22 07:20:35,45.00,APPROVED_FOR_IMPORT,,EMAIL_ONLY_D2,1,0,0,0
3004,wc-completed,GBP,2024-08-22 07:56:32,55.00,APPROVED_FOR_IMPORT,,EMAIL_ONLY_D2,1,0,0,0
3005,wc-completed,GBP,2024-08-22 11:10:36,25.00,APPROVED_FOR_IMPORT,,ASSOCIATE_GID,1,0,0,0
3007,wc-completed,GBP,2024-08-22 15:01:26,84.00,APPROVED_FOR_IMPORT,,EMAIL_ONLY_D2,4,0,0,0
3009,wc-completed,GBP,2024-08-22 16:22:38,25.00,APPROVED_FOR_IMPORT,,EMAIL_ONLY_D2,1,0,0,0
3012,wc-completed,GBP,2024-08-22 19:20:58,21.00,APPROVED_FOR_IMPORT,,EMAIL_ONLY_D2,1,0,0,0
3013,wc-completed,GBP,2024-08-22 20:19:26,206.00,APPROVED_FOR_IMPORT,,EMAIL_ONLY_D2,6,0,0,0
3014,wc-completed,GBP,2024-08-22 20:23:09,67.00,APPROVED_FOR_IMPORT,,EMAIL_ONLY_D2,3,0,0,0
3015,wc-completed,GBP,2024-08-22 20:40:51,87.00,APPROVED_FOR_IMPORT,,EMAIL_ONLY_D2,4,0,0,0
3016,wc-completed,GBP,2024-08-22 22:42:51,25.00,APPROVED_FOR_IMPORT,,EMAIL_ONLY_D2,1,0,0,0
3017,wc-completed,GBP,2024-08-23 00:05:57,30.00,APPROVED_FOR_IMPORT,,EMAIL_ONLY_D2,1,0,0,0
3021,wc-completed,GBP,2024-08-23 01:32:35,45.00,APPROVED_FOR_IMPORT,,EMAIL_ONLY_D2,2,0,0,0
3022,wc-completed,GBP,2024-08-23 02:02:32,48.00,APPROVED_FOR_IMPORT,,EMAIL_ONLY_D2,2,0,0,0
3023,wc-completed,GBP,2024-08-23 05:06:51,144.00,APPROVED_FOR_IMPORT,,EMAIL_ONLY_D2,6,0,0,0
3024,wc-completed,GBP,2024-08-23 05:50:43,77.00,APPROVED_FOR_IMPORT,,ASSOCIATE_GID,3,0,0,0
3025,wc-completed,GBP,2024-08-23 06:38:08,25.00,APPROVED_FOR_IMPORT,,EMAIL_ONLY_D2,1,0,0,0
3026,wc-completed,GBP,2024-08-23 07:17:08,160.99,APPROVED_FOR_IMPORT,,ASSOCIATE_GID,8,0,0,0
3027,wc-completed,GBP,2024-08-23 07:54:48,36.00,APPROVED_FOR_IMPORT,,EMAIL_ONLY_D2,2,0,0,0
3028,wc-completed,GBP,2024-08-23 09:35:28,25.00,APPROVED_FOR_IMPORT,,EMAIL_ONLY_D2,1,0,0,0
3029,wc-completed,GBP,2024-08-23 09:35:31,25.00,APPROVED_FOR_IMPORT,,EMAIL_ONLY_D2,1,0,0,0
3030,wc-completed,GBP,2024-08-23 10:55:08,21.00,APPROVED_FOR_IMPORT,,EMAIL_ONLY_D2,1,1,0,0
3031,wc-completed,GBP,2024-08-23 11:05:53,71.00,APPROVED_FOR_IMPORT,,EMAIL_ONLY_D2,3,0,0,0
3034,wc-completed,GBP,2024-08-23 11:58:32,70.00,APPROVED_FOR_IMPORT,,EMAIL_ONLY_D2,2,0,0,0
3035,wc-completed,GBP,2024-08-23 12:07:05,32.00,APPROVED_FOR_IMPORT,,EMAIL_ONLY_D2,1,0,0,0
3037,wc-completed,GBP,2024-08-23 13:31:07,23.00,APPROVED_FOR_IMPORT,,EMAIL_ONLY_D2,1,0,0,0
3039,wc-completed,GBP,2024-08-23 16:43:14,23.00,APPROVED_FOR_IMPORT,,ASSOCIATE_GID,1,0,0,0
3040,wc-completed,GBP,2024-08-23 18:25:22,65.00,APPROVED_FOR_IMPORT,,EMAIL_ONLY_D2,3,0,0,0
3043,wc-completed,GBP,2024-08-23 18:47:22,31.00,APPROVED_FOR_IMPORT,,EMAIL_ONLY_D2,1,0,0,0
3044,wc-completed,GBP,2024-08-23 21:04:08,71.00,APPROVED_FOR_IMPORT,,EMAIL_ONLY_D2,3,0,0,0
3046,wc-completed,GBP,2024-08-23 21:15:13,35.00,APPROVED_FOR_IMPORT,,EMAIL_ONLY_D2,1,0,0,0
3050,wc-completed,GBP,2024-08-23 22:52:05,57.00,APPROVED_FOR_IMPORT,,EMAIL_ONLY_D2,3,0,0,0
3054,wc-completed,GBP,2024-08-24 06:56:37,86.00,APPROVED_FOR_IMPORT,,EMAIL_ONLY_D2,4,0,0,0
3057,wc-completed,GBP,2024-08-24 07:30:34,45.00,APPROVED_FOR_IMPORT,,EMAIL_ONLY_D2,4,0,0,0
3058,wc-completed,GBP,2024-08-24 08:52:46,167.00,APPROVED_FOR_IMPORT,,EMAIL_ONLY_D2,6,0,0,0
3060,wc-completed,GBP,2024-08-24 11:56:38,45.00,APPROVED_FOR_IMPORT,,ASSOCIATE_GID,2,0,0,0
3061,wc-completed,GBP,2024-08-24 15:40:33,69.00,APPROVED_FOR_IMPORT,,EMAIL_ONLY_D2,3,0,0,0
3064,wc-completed,GBP,2024-08-24 17:56:20,45.00,APPROVED_FOR_IMPORT,,ASSOCIATE_GID,2,0,0,0
3066,wc-completed,GBP,2024-08-24 19:14:57,48.00,APPROVED_FOR_IMPORT,,EMAIL_ONLY_D2,2,0,0,0
3068,wc-completed,GBP,2024-08-24 20:11:58,44.00,APPROVED_FOR_IMPORT,,EMAIL_ONLY_D2,2,0,0,0
3070,wc-completed,GBP,2024-08-24 20:22:45,86.00,APPROVED_FOR_IMPORT,,EMAIL_ONLY_D2,2,0,0,0
3071,wc-completed,GBP,2024-08-24 21:50:56,70.00,APPROVED_FOR_IMPORT,,EMAIL_ONLY_D2,3,0,0,0
3074,wc-completed,GBP,2024-08-24 23:07:19,62.00,APPROVED_FOR_IMPORT,,ASSOCIATE_GID,4,0,0,0
3077,wc-completed,GBP,2024-08-25 05:06:12,45.00,APPROVED_FOR_IMPORT,,EMAIL_ONLY_D2,2,0,0,0
3078,wc-completed,GBP,2024-08-25 08:22:23,25.00,APPROVED_FOR_IMPORT,,ASSOCIATE_GID,1,0,0,0
3079,wc-completed,GBP,2024-08-25 09:59:25,35.00,APPROVED_FOR_IMPORT,,EMAIL_ONLY_D2,1,0,0,0
3080,wc-completed,GBP,2024-08-25 10:27:19,88.00,APPROVED_FOR_IMPORT,,EMAIL_ONLY_D2,4,0,0,0
3081,wc-completed,GBP,2024-08-25 11:32:20,77.00,APPROVED_FOR_IMPORT,,EMAIL_ONLY_D2,3,0,0,0
3082,wc-completed,GBP,2024-08-25 11:55:58,35.00,APPROVED_FOR_IMPORT,,EMAIL_ONLY_D2,1,0,0,0
3083,wc-completed,GBP,2024-08-25 12:23:32,37.00,APPROVED_FOR_IMPORT,,EMAIL_ONLY_D2,2,0,0,0
3084,wc-completed,GBP,2024-08-25 13:03:19,25.00,APPROVED_FOR_IMPORT,,ASSOCIATE_GID,1,0,0,0
3085,wc-completed,GBP,2024-08-25 13:16:58,38.00,APPROVED_FOR_IMPORT,,EMAIL_ONLY_D2,3,0,0,0
3087,wc-completed,GBP,2024-08-25 14:36:51,63.00,APPROVED_FOR_IMPORT,,EMAIL_ONLY_D2,4,0,0,0
3088,wc-completed,GBP,2024-08-25 15:33:57,25.00,APPROVED_FOR_IMPORT,,EMAIL_ONLY_D2,1,0,0,0
3089,wc-completed,GBP,2024-08-25 16:35:40,39.00,APPROVED_FOR_IMPORT,,EMAIL_ONLY_D2,2,1,0,0
3090,wc-completed,GBP,2024-08-25 16:53:14,45.00,APPROVED_FOR_IMPORT,,EMAIL_ONLY_D2,2,0,0,0
3091,wc-completed,GBP,2024-08-25 18:04:57,48.00,APPROVED_FOR_IMPORT,,EMAIL_ONLY_D2,3,0,0,0
3094,wc-completed,GBP,2024-08-25 19:35:27,45.00,APPROVED_FOR_IMPORT,,EMAIL_ONLY_D2,2,0,0,0
3095,wc-completed,GBP,2024-08-25 19:37:26,31.00,APPROVED_FOR_IMPORT,,ASSOCIATE_GID,1,0,0,0
3096,wc-completed,GBP,2024-08-25 20:27:45,56.00,APPROVED_FOR_IMPORT,,ASSOCIATE_GID,2,0,0,0
3097,wc-completed,GBP,2024-08-25 20:47:22,51.00,APPROVED_FOR_IMPORT,,EMAIL_ONLY_D2,2,0,0,0
3098,wc-completed,GBP,2024-08-25 20:54:50,46.00,APPROVED_FOR_IMPORT,,ASSOCIATE_GID,3,0,0,0
3101,wc-completed,GBP,2024-08-26 00:19:38,148.00,APPROVED_FOR_IMPORT,,ASSOCIATE_GID,6,1,0,0
3104,wc-completed,GBP,2024-08-26 05:39:58,25.00,APPROVED_FOR_IMPORT,,EMAIL_ONLY_D2,1,0,0,0
3106,wc-completed,GBP,2024-08-26 08:06:46,45.00,APPROVED_FOR_IMPORT,,ASSOCIATE_GID,2,0,0,0
3108,wc-completed,GBP,2024-08-26 12:32:29,153.00,APPROVED_FOR_IMPORT,,EMAIL_ONLY_D2,7,0,0,0
3110,wc-completed,GBP,2024-08-26 13:19:17,45.00,APPROVED_FOR_IMPORT,,EMAIL_ONLY_D2,2,0,0,0
3112,wc-completed,GBP,2024-08-26 15:11:24,74.00,APPROVED_FOR_IMPORT,,ASSOCIATE_GID,4,0,0,0
3113,wc-completed,GBP,2024-08-26 16:16:47,43.00,APPROVED_FOR_IMPORT,,EMAIL_ONLY_D2,2,0,0,0
3114,wc-completed,GBP,2024-08-26 16:22:10,38.00,APPROVED_FOR_IMPORT,,ASSOCIATE_GID,2,0,0,0
3116,wc-failed,GBP,2024-08-26 18:28:40,217.00,PENDING_DECISION,D-3_unmapped_customer,UNMAPPED,12,0,0,0
3118,wc-completed,GBP,2024-08-26 19:14:54,58.00,APPROVED_FOR_IMPORT,,ASSOCIATE_GID,3,1,0,0
3123,wc-completed,GBP,2024-08-26 21:13:08,45.00,APPROVED_FOR_IMPORT,,ASSOCIATE_GID,1,0,0,0
3124,wc-completed,GBP,2024-08-26 21:19:31,40.00,APPROVED_FOR_IMPORT,,EMAIL_ONLY_D2,3,0,0,0
3128,wc-completed,GBP,2024-08-26 21:42:26,120.00,APPROVED_FOR_IMPORT,,EMAIL_ONLY_D2,6,0,0,0
3129,wc-completed,GBP,2024-08-26 21:46:24,40.00,APPROVED_FOR_IMPORT,,EMAIL_ONLY_D2,2,0,0,0
3130,wc-completed,GBP,2024-08-26 22:00:40,30.00,APPROVED_FOR_IMPORT,,ASSOCIATE_GID,2,0,0,1
3131,wc-completed,GBP,2024-08-26 22:02:59,96.00,APPROVED_FOR_IMPORT,,EMAIL_ONLY_D2,5,0,0,0
3132,wc-completed,GBP,2024-08-26 22:56:11,78.69,APPROVED_FOR_IMPORT,,EMAIL_ONLY_D2,7,0,0,0
3133,wc-completed,GBP,2024-08-26 23:09:44,65.00,APPROVED_FOR_IMPORT,,EMAIL_ONLY_D2,3,0,0,0
3136,wc-completed,GBP,2024-08-27 00:32:41,24.00,APPROVED_FOR_IMPORT,,EMAIL_ONLY_D2,1,0,0,0
3138,wc-completed,GBP,2024-08-27 00:51:40,65.00,APPROVED_FOR_IMPORT,,EMAIL_ONLY_D2,3,0,0,0
3139,wc-completed,GBP,2024-08-27 01:26:45,95.00,APPROVED_FOR_IMPORT,,EMAIL_ONLY_D2,5,0,0,0
3140,wc-completed,GBP,2024-08-27 04:39:39,66.00,APPROVED_FOR_IMPORT,,EMAIL_ONLY_D2,3,0,0,0
3141,wc-completed,GBP,2024-08-27 04:57:35,25.00,APPROVED_FOR_IMPORT,,EMAIL_ONLY_D2,1,0,0,0
3142,wc-completed,GBP,2024-08-27 05:23:45,77.00,APPROVED_FOR_IMPORT,,ASSOCIATE_GID,1,1,0,0
3143,wc-completed,GBP,2024-08-27 05:31:58,88.00,APPROVED_FOR_IMPORT,,EMAIL_ONLY_D2,4,0,0,0
3144,wc-completed,GBP,2024-08-27 09:58:43,154.00,APPROVED_FOR_IMPORT,,EMAIL_ONLY_D2,1,1,0,0
3146,wc-completed,GBP,2024-08-27 13:40:53,43.00,APPROVED_FOR_IMPORT,,EMAIL_ONLY_D2,2,0,0,0
3147,wc-completed,GBP,2024-08-27 14:16:30,45.00,APPROVED_FOR_IMPORT,,EMAIL_ONLY_D2,2,0,0,0
3148,wc-completed,GBP,2024-08-27 14:36:44,73.00,APPROVED_FOR_IMPORT,,ASSOCIATE_GID,3,0,0,0
3149,wc-completed,GBP,2024-08-27 14:52:32,21.00,APPROVED_FOR_IMPORT,,EMAIL_ONLY_D2,1,1,0,0
3150,wc-completed,GBP,2024-08-27 16:17:26,45.00,APPROVED_FOR_IMPORT,,EMAIL_ONLY_D2,1,0,0,0
3152,wc-completed,GBP,2024-08-27 18:42:15,51.00,APPROVED_FOR_IMPORT,,ASSOCIATE_GID,2,0,0,0
3153,wc-completed,GBP,2024-08-27 21:14:26,117.00,APPROVED_FOR_IMPORT,,EMAIL_ONLY_D2,6,0,0,0
3154,wc-completed,GBP,2024-08-27 22:15:20,39.00,APPROVED_FOR_IMPORT,,EMAIL_ONLY_D2,2,0,0,0
3156,wc-completed,GBP,2024-08-27 22:52:07,51.00,APPROVED_FOR_IMPORT,,ASSOCIATE_GID,2,0,0,0
3158,wc-cancelled,GBP,2024-08-28 00:30:52,92.71,APPROVED_FOR_IMPORT,,EMAIL_ONLY_D2,1,0,0,0
3159,wc-completed,GBP,2024-08-28 01:45:38,54.00,APPROVED_FOR_IMPORT,,EMAIL_ONLY_D2,3,1,0,0
3160,wc-completed,GBP,2024-08-28 02:20:03,45.00,APPROVED_FOR_IMPORT,,EMAIL_ONLY_D2,2,0,0,0
3161,wc-completed,GBP,2024-08-28 03:23:53,21.00,APPROVED_FOR_IMPORT,,ASSOCIATE_GID,1,1,0,0
3162,wc-completed,GBP,2024-08-28 04:57:11,43.00,APPROVED_FOR_IMPORT,,EMAIL_ONLY_D2,3,0,0,0
3164,wc-completed,GBP,2024-08-28 06:00:25,45.00,APPROVED_FOR_IMPORT,,ASSOCIATE_GID,2,0,0,0
3165,wc-completed,GBP,2024-08-28 07:50:32,43.00,APPROVED_FOR_IMPORT,,EMAIL_ONLY_D2,2,1,0,0
3167,wc-completed,GBP,2024-08-28 08:02:57,111.00,APPROVED_FOR_IMPORT,,ASSOCIATE_GID,5,1,0,0
3168,wc-completed,GBP,2024-08-28 09:44:14,60.00,APPROVED_FOR_IMPORT,,EMAIL_ONLY_D2,3,0,0,0
3169,wc-completed,GBP,2024-08-28 10:04:14,65.00,PENDING_DECISION,D-3_unmapped_customer,UNMAPPED,3,0,0,0
3170,wc-completed,GBP,2024-08-28 11:05:31,35.00,APPROVED_FOR_IMPORT,,ASSOCIATE_GID,1,0,0,0
3171,wc-completed,GBP,2024-08-28 11:50:19,89.00,APPROVED_FOR_IMPORT,,EMAIL_ONLY_D2,3,0,0,0
3172,wc-completed,GBP,2024-08-28 11:55:56,57.00,APPROVED_FOR_IMPORT,,EMAIL_ONLY_D2,2,0,0,0
3174,wc-completed,GBP,2024-08-28 15:18:40,57.00,APPROVED_FOR_IMPORT,,EMAIL_ONLY_D2,3,1,0,0
3176,wc-completed,GBP,2024-08-28 15:41:35,63.00,APPROVED_FOR_IMPORT,,EMAIL_ONLY_D2,3,0,0,0
3178,wc-completed,GBP,2024-08-28 16:13:54,74.00,APPROVED_FOR_IMPORT,,EMAIL_ONLY_D2,4,1,0,0
3179,wc-completed,GBP,2024-08-28 17:38:08,25.00,APPROVED_FOR_IMPORT,,EMAIL_ONLY_D2,1,0,0,0
3180,wc-completed,GBP,2024-08-28 19:32:36,79.00,APPROVED_FOR_IMPORT,,EMAIL_ONLY_D2,4,0,0,0
3181,wc-completed,GBP,2024-08-28 20:03:21,25.00,APPROVED_FOR_IMPORT,,EMAIL_ONLY_D2,1,0,0,0
3182,wc-completed,GBP,2024-08-28 20:15:11,82.00,APPROVED_FOR_IMPORT,,EMAIL_ONLY_D2,4,0,0,0
3188,wc-completed,GBP,2024-08-28 22:22:49,100.00,APPROVED_FOR_IMPORT,,EMAIL_ONLY_D2,5,1,0,0
3194,wc-completed,GBP,2024-08-28 22:50:36,29.00,APPROVED_FOR_IMPORT,,EMAIL_ONLY_D2,2,0,0,0
3195,wc-completed,GBP,2024-08-28 23:21:36,60.00,APPROVED_FOR_IMPORT,,EMAIL_ONLY_D2,3,0,0,0
3196,wc-completed,GBP,2024-08-29 00:08:40,40.00,APPROVED_FOR_IMPORT,,EMAIL_ONLY_D2,2,0,0,0
3197,wc-completed,GBP,2024-08-29 00:18:28,89.00,APPROVED_FOR_IMPORT,,EMAIL_ONLY_D2,5,0,0,0
3198,wc-completed,GBP,2024-08-29 00:40:12,41.00,APPROVED_FOR_IMPORT,,EMAIL_ONLY_D2,2,0,0,0
3199,wc-completed,GBP,2024-08-29 04:39:15,35.00,APPROVED_FOR_IMPORT,,EMAIL_ONLY_D2,1,0,0,0
3200,wc-completed,GBP,2024-08-29 04:59:33,37.00,APPROVED_FOR_IMPORT,,EMAIL_ONLY_D2,1,1,0,0
3201,wc-completed,GBP,2024-08-29 05:49:15,56.00,APPROVED_FOR_IMPORT,,ASSOCIATE_GID,3,0,0,0
3202,wc-completed,GBP,2024-08-29 05:57:55,142.99,APPROVED_FOR_IMPORT,,ASSOCIATE_GID,8,0,0,0
3203,wc-completed,GBP,2024-08-29 10:08:58,67.00,APPROVED_FOR_IMPORT,,EMAIL_ONLY_D2,4,0,0,0
3204,wc-completed,GBP,2024-08-29 10:51:40,45.00,APPROVED_FOR_IMPORT,,EMAIL_ONLY_D2,1,0,0,0
3205,wc-completed,GBP,2024-08-29 11:47:34,45.00,APPROVED_FOR_IMPORT,,ASSOCIATE_GID,1,0,0,0
3206,wc-completed,GBP,2024-08-29 12:31:11,41.00,APPROVED_FOR_IMPORT,,EMAIL_ONLY_D2,2,1,0,0
3207,wc-completed,GBP,2024-08-29 12:54:31,153.00,APPROVED_FOR_IMPORT,,EMAIL_ONLY_D2,7,0,0,0
3208,wc-completed,GBP,2024-08-29 13:20:39,92.00,APPROVED_FOR_IMPORT,,EMAIL_ONLY_D2,4,0,0,0
3209,wc-completed,GBP,2024-08-29 13:23:06,26.00,APPROVED_FOR_IMPORT,,EMAIL_ONLY_D2,2,1,0,0
3210,wc-completed,GBP,2024-08-29 13:39:26,25.00,APPROVED_FOR_IMPORT,,ASSOCIATE_GID,1,0,0,0
3211,wc-completed,GBP,2024-08-29 14:06:19,73.00,APPROVED_FOR_IMPORT,,EMAIL_ONLY_D2,2,1,0,0
3212,wc-completed,GBP,2024-08-29 14:15:24,80.85,APPROVED_FOR_IMPORT,,EMAIL_ONLY_D2,2,1,0,0
3214,wc-completed,GBP,2024-08-29 14:39:21,25.00,APPROVED_FOR_IMPORT,,EMAIL_ONLY_D2,1,0,0,0
3215,wc-completed,GBP,2024-08-29 15:49:26,35.48,APPROVED_FOR_IMPORT,,EMAIL_ONLY_D2,2,0,0,0
3216,wc-completed,GBP,2024-08-29 15:51:10,94.00,APPROVED_FOR_IMPORT,,EMAIL_ONLY_D2,5,0,0,0
3217,wc-completed,GBP,2024-08-29 16:12:07,79.85,APPROVED_FOR_IMPORT,,EMAIL_ONLY_D2,5,0,0,0
3218,wc-completed,GBP,2024-08-29 18:02:32,25.00,APPROVED_FOR_IMPORT,,EMAIL_ONLY_D2,1,0,0,0
3219,wc-failed,GBP,2024-08-29 19:18:59,25.00,APPROVED_FOR_IMPORT,,EMAIL_ONLY_D2,1,0,0,0
3220,wc-completed,GBP,2024-08-29 19:41:20,45.00,APPROVED_FOR_IMPORT,,EMAIL_ONLY_D2,2,0,0,0
3221,wc-completed,GBP,2024-08-29 19:43:51,41.00,APPROVED_FOR_IMPORT,,EMAIL_ONLY_D2,2,0,0,0
3222,wc-completed,GBP,2024-08-29 21:01:33,65.00,APPROVED_FOR_IMPORT,,EMAIL_ONLY_D2,3,0,0,0
3224,wc-completed,GBP,2024-08-29 21:38:39,19.48,APPROVED_FOR_IMPORT,,EMAIL_ONLY_D2,1,1,0,0
3225,wc-completed,GBP,2024-08-29 21:52:13,25.00,APPROVED_FOR_IMPORT,,ASSOCIATE_GID,1,1,0,0
3226,wc-completed,GBP,2024-08-29 22:09:11,30.00,APPROVED_FOR_IMPORT,,EMAIL_ONLY_D2,1,0,0,0
3228,wc-completed,GBP,2024-08-29 22:46:34,30.00,PENDING_DECISION,D-3_unmapped_customer,UNMAPPED,1,0,0,0
3230,wc-completed,GBP,2024-08-30 01:08:16,19.48,APPROVED_FOR_IMPORT,,EMAIL_ONLY_D2,1,1,0,0
3232,wc-completed,GBP,2024-08-30 01:48:24,135.00,APPROVED_FOR_IMPORT,,EMAIL_ONLY_D2,4,0,0,0
3233,wc-completed,GBP,2024-08-30 03:29:30,18.94,APPROVED_FOR_IMPORT,,EMAIL_ONLY_D2,1,1,0,0
3234,wc-refunded,GBP,2024-08-30 04:40:24,138.00,APPROVED_FOR_IMPORT,,ASSOCIATE_GID,6,0,0,1
3235,wc-completed,GBP,2024-08-30 04:52:14,45.00,APPROVED_FOR_IMPORT,,ASSOCIATE_GID,2,0,0,0
3236,wc-completed,GBP,2024-08-30 06:13:05,147.00,APPROVED_FOR_IMPORT,,ASSOCIATE_GID,1,0,0,0
3237,wc-completed,GBP,2024-08-30 06:28:47,198.00,APPROVED_FOR_IMPORT,,ASSOCIATE_GID,11,2,0,0
3238,wc-completed,GBP,2024-08-30 07:23:41,128.00,APPROVED_FOR_IMPORT,,ASSOCIATE_GID,1,0,0,0
3239,wc-completed,GBP,2024-08-30 08:17:25,54.00,APPROVED_FOR_IMPORT,,EMAIL_ONLY_D2,3,0,0,0
3240,wc-completed,GBP,2024-08-30 09:10:04,25.00,APPROVED_FOR_IMPORT,,EMAIL_ONLY_D2,1,0,0,0
3241,wc-completed,GBP,2024-08-30 10:11:27,25.00,APPROVED_FOR_IMPORT,,EMAIL_ONLY_D2,1,0,0,0
3243,wc-completed,GBP,2024-08-30 12:24:06,38.00,APPROVED_FOR_IMPORT,,EMAIL_ONLY_D2,2,0,0,0
3244,wc-completed,GBP,2024-08-30 13:25:41,50.00,APPROVED_FOR_IMPORT,,EMAIL_ONLY_D2,3,0,0,0
3246,wc-completed,GBP,2024-08-30 13:53:19,50.00,APPROVED_FOR_IMPORT,,EMAIL_ONLY_D2,3,0,0,0
3247,wc-completed,GBP,2024-08-30 14:19:12,38.90,APPROVED_FOR_IMPORT,,EMAIL_ONLY_D2,2,0,0,0
3248,wc-completed,GBP,2024-08-30 14:19:30,45.00,APPROVED_FOR_IMPORT,,EMAIL_ONLY_D2,2,0,0,0
3249,wc-completed,GBP,2024-08-30 16:38:53,86.00,APPROVED_FOR_IMPORT,,EMAIL_ONLY_D2,3,0,0,0
3250,wc-completed,GBP,2024-08-30 16:47:01,65.00,APPROVED_FOR_IMPORT,,ASSOCIATE_GID,3,0,0,0
3252,wc-completed,GBP,2024-08-30 17:10:04,45.00,APPROVED_FOR_IMPORT,,EMAIL_ONLY_D2,2,0,0,0
3255,wc-completed,GBP,2024-08-30 17:35:21,45.00,APPROVED_FOR_IMPORT,,EMAIL_ONLY_D2,2,0,0,0
3256,wc-completed,GBP,2024-08-30 18:18:34,89.99,APPROVED_FOR_IMPORT,,EMAIL_ONLY_D2,5,0,0,0
3257,wc-completed,GBP,2024-08-30 18:19:44,35.00,APPROVED_FOR_IMPORT,,ASSOCIATE_GID,1,0,0,0
3258,wc-completed,GBP,2024-08-30 19:00:07,23.00,APPROVED_FOR_IMPORT,,EMAIL_ONLY_D2,1,0,0,0
3259,wc-completed,GBP,2024-08-30 20:37:49,55.00,APPROVED_FOR_IMPORT,,EMAIL_ONLY_D2,1,0,0,0
3261,wc-completed,GBP,2024-08-30 21:16:46,86.00,APPROVED_FOR_IMPORT,,EMAIL_ONLY_D2,2,0,0,0
3263,wc-completed,GBP,2024-08-30 22:33:46,17.00,APPROVED_FOR_IMPORT,,EMAIL_ONLY_D2,1,0,0,0
3266,wc-completed,GBP,2024-08-30 23:29:32,20.00,APPROVED_FOR_IMPORT,,EMAIL_ONLY_D2,1,0,0,0
3267,wc-completed,GBP,2024-08-30 23:34:09,37.00,APPROVED_FOR_IMPORT,,EMAIL_ONLY_D2,2,0,0,0
3269,wc-completed,GBP,2024-08-31 01:47:45,37.85,APPROVED_FOR_IMPORT,,ASSOCIATE_GID,2,0,0,0
3272,wc-completed,GBP,2024-08-31 05:20:04,43.00,APPROVED_FOR_IMPORT,,EMAIL_ONLY_D2,2,0,0,0
3274,wc-completed,GBP,2024-08-31 07:19:35,37.00,APPROVED_FOR_IMPORT,,EMAIL_ONLY_D2,1,0,0,0
3275,wc-completed,GBP,2024-08-31 07:29:13,40.00,APPROVED_FOR_IMPORT,,EMAIL_ONLY_D2,2,0,0,0
3276,wc-completed,GBP,2024-08-31 07:37:23,50.00,APPROVED_FOR_IMPORT,,ASSOCIATE_GID,2,0,0,0
3277,wc-failed,GBP,2024-08-31 07:41:51,21.00,APPROVED_FOR_IMPORT,,EMAIL_ONLY_D2,1,0,0,0
3278,wc-completed,GBP,2024-08-31 08:53:42,165.00,APPROVED_FOR_IMPORT,,ASSOCIATE_GID,9,0,0,0
3279,wc-failed,GBP,2024-08-31 08:56:44,65.00,APPROVED_FOR_IMPORT,,EMAIL_ONLY_D2,3,0,0,0
3280,wc-completed,GBP,2024-08-31 08:57:33,23.00,APPROVED_FOR_IMPORT,,EMAIL_ONLY_D2,1,0,0,0
3281,wc-completed,GBP,2024-08-31 09:05:55,45.00,APPROVED_FOR_IMPORT,,EMAIL_ONLY_D2,2,0,0,0
3282,wc-completed,GBP,2024-08-31 11:25:15,41.00,APPROVED_FOR_IMPORT,,EMAIL_ONLY_D2,2,0,0,0
3287,wc-completed,GBP,2024-08-31 13:05:51,25.00,APPROVED_FOR_IMPORT,,ASSOCIATE_GID,1,0,0,0
3288,wc-completed,GBP,2024-08-31 13:26:05,21.00,APPROVED_FOR_IMPORT,,EMAIL_ONLY_D2,1,1,0,0
3289,wc-completed,GBP,2024-08-31 14:02:03,38.00,APPROVED_FOR_IMPORT,,EMAIL_ONLY_D2,2,0,0,0
3290,wc-completed,GBP,2024-08-31 14:12:10,45.00,APPROVED_FOR_IMPORT,,ASSOCIATE_GID,2,0,0,0
3291,wc-completed,GBP,2024-08-31 14:12:16,51.00,APPROVED_FOR_IMPORT,,ASSOCIATE_GID,2,0,0,0
3292,wc-completed,GBP,2024-08-31 15:36:33,16.00,APPROVED_FOR_IMPORT,,EMAIL_ONLY_D2,1,1,0,0
3294,wc-completed,GBP,2024-08-31 16:38:46,35.00,APPROVED_FOR_IMPORT,,EMAIL_ONLY_D2,1,0,0,0
3296,wc-completed,GBP,2024-08-31 17:10:08,63.00,APPROVED_FOR_IMPORT,,ASSOCIATE_GID,3,0,0,0
3298,wc-completed,GBP,2024-08-31 17:18:20,65.00,APPROVED_FOR_IMPORT,,ASSOCIATE_GID,3,0,0,0
3299,wc-completed,GBP,2024-08-31 17:52:46,70.00,APPROVED_FOR_IMPORT,,EMAIL_ONLY_D2,3,0,0,0
3300,wc-completed,GBP,2024-08-31 18:20:01,45.00,APPROVED_FOR_IMPORT,,EMAIL_ONLY_D2,2,0,0,0
3302,wc-completed,GBP,2024-08-31 19:42:52,63.00,APPROVED_FOR_IMPORT,,EMAIL_ONLY_D2,4,0,0,0
3303,wc-completed,GBP,2024-08-31 19:56:54,45.00,APPROVED_FOR_IMPORT,,ASSOCIATE_GID,2,0,0,0
3307,wc-completed,GBP,2024-08-31 22:25:26,86.00,APPROVED_FOR_IMPORT,,EMAIL_ONLY_D2,4,1,0,0
3308,wc-completed,GBP,2024-08-31 22:39:56,35.00,APPROVED_FOR_IMPORT,,EMAIL_ONLY_D2,1,0,0,0
3311,wc-cancelled,GBP,2024-09-01 01:23:49,19.48,APPROVED_FOR_IMPORT,,EMAIL_ONLY_D2,1,1,0,0
3312,wc-completed,GBP,2024-09-01 03:34:16,234.00,APPROVED_FOR_IMPORT,,EMAIL_ONLY_D2,2,1,0,0
3313,wc-completed,GBP,2024-09-01 05:34:46,54.00,APPROVED_FOR_IMPORT,,EMAIL_ONLY_D2,3,0,0,0
3315,wc-completed,GBP,2024-09-01 08:42:27,45.00,APPROVED_FOR_IMPORT,,ASSOCIATE_GID,2,0,0,0
3316,wc-completed,GBP,2024-09-01 09:38:42,28.48,APPROVED_FOR_IMPORT,,EMAIL_ONLY_D2,1,0,0,0
3317,wc-completed,GBP,2024-09-01 09:41:15,19.48,APPROVED_FOR_IMPORT,,EMAIL_ONLY_D2,1,1,0,0
3318,wc-completed,GBP,2024-09-01 09:45:36,28.15,APPROVED_FOR_IMPORT,,EMAIL_ONLY_D2,1,0,0,0
3320,wc-completed,GBP,2024-09-01 10:55:07,15.00,APPROVED_FOR_IMPORT,,EMAIL_ONLY_D2,1,0,0,0
3321,wc-completed,GBP,2024-09-01 10:57:43,70.00,APPROVED_FOR_IMPORT,,EMAIL_ONLY_D2,3,1,0,0
3323,wc-completed,GBP,2024-09-01 12:35:49,50.00,APPROVED_FOR_IMPORT,,EMAIL_ONLY_D2,2,0,0,0
3324,wc-completed,GBP,2024-09-01 13:36:02,28.48,APPROVED_FOR_IMPORT,,EMAIL_ONLY_D2,1,0,0,0
3325,wc-completed,GBP,2024-09-01 15:20:36,25.00,APPROVED_FOR_IMPORT,,EMAIL_ONLY_D2,1,0,0,0
3326,wc-completed,GBP,2024-09-01 16:01:43,39.00,APPROVED_FOR_IMPORT,,ASSOCIATE_GID,3,1,0,0
3327,wc-completed,GBP,2024-09-01 16:02:12,100.00,APPROVED_FOR_IMPORT,,ASSOCIATE_GID,5,0,0,0
3331,wc-completed,GBP,2024-09-01 17:16:12,25.00,APPROVED_FOR_IMPORT,,ASSOCIATE_GID,1,0,0,0
3332,wc-completed,GBP,2024-09-01 19:18:22,42.00,APPROVED_FOR_IMPORT,,EMAIL_ONLY_D2,2,0,0,0
3333,wc-completed,GBP,2024-09-01 19:29:35,27.81,APPROVED_FOR_IMPORT,,EMAIL_ONLY_D2,1,0,0,0
3334,wc-completed,GBP,2024-09-01 19:43:14,33.48,APPROVED_FOR_IMPORT,,EMAIL_ONLY_D2,1,1,0,0
3336,wc-completed,GBP,2024-09-01 21:12:44,21.00,APPROVED_FOR_IMPORT,,EMAIL_ONLY_D2,1,0,0,0
3337,wc-completed,GBP,2024-09-01 22:15:03,18.00,APPROVED_FOR_IMPORT,,ASSOCIATE_GID,1,0,0,0
3339,wc-completed,GBP,2024-09-01 22:41:57,68.00,APPROVED_FOR_IMPORT,,EMAIL_ONLY_D2,2,0,0,0
3340,wc-completed,GBP,2024-09-01 23:12:09,21.48,APPROVED_FOR_IMPORT,,EMAIL_ONLY_D2,1,0,0,0
3342,wc-completed,GBP,2024-09-02 00:52:13,19.48,APPROVED_FOR_IMPORT,,EMAIL_ONLY_D2,1,1,0,0
3343,wc-failed,GBP,2024-09-02 01:18:55,50.00,APPROVED_FOR_IMPORT,,ASSOCIATE_GID,2,0,0,0
3344,wc-completed,GBP,2024-09-02 02:32:31,18.48,APPROVED_FOR_IMPORT,,EMAIL_ONLY_D2,1,1,0,0
3345,wc-completed,GBP,2024-09-02 07:05:29,67.00,APPROVED_FOR_IMPORT,,EMAIL_ONLY_D2,3,0,0,0
3346,wc-completed,GBP,2024-09-02 07:50:38,31.00,APPROVED_FOR_IMPORT,,EMAIL_ONLY_D2,1,0,0,0
3351,wc-completed,GBP,2024-09-02 13:31:14,93.00,APPROVED_FOR_IMPORT,,ASSOCIATE_GID,3,1,0,0
3354,wc-completed,GBP,2024-09-02 13:46:01,72.00,APPROVED_FOR_IMPORT,,EMAIL_ONLY_D2,4,1,0,0
3355,wc-completed,GBP,2024-09-02 13:53:11,55.00,APPROVED_FOR_IMPORT,,ASSOCIATE_GID,3,0,0,0
3356,wc-completed,GBP,2024-09-02 15:28:00,50.00,APPROVED_FOR_IMPORT,,EMAIL_ONLY_D2,2,0,0,0
3357,wc-completed,GBP,2024-09-02 16:18:08,169.00,APPROVED_FOR_IMPORT,,EMAIL_ONLY_D2,2,1,0,0
3358,wc-completed,GBP,2024-09-02 16:33:24,80.00,APPROVED_FOR_IMPORT,,EMAIL_ONLY_D2,4,0,0,0
3360,wc-completed,GBP,2024-09-02 17:48:57,32.00,APPROVED_FOR_IMPORT,,EMAIL_ONLY_D2,1,0,0,0
3361,wc-completed,GBP,2024-09-02 18:13:17,45.00,APPROVED_FOR_IMPORT,,EMAIL_ONLY_D2,2,0,0,0
3364,wc-completed,GBP,2024-09-02 20:46:16,84.00,APPROVED_FOR_IMPORT,,EMAIL_ONLY_D2,4,0,0,0
3365,wc-completed,GBP,2024-09-02 21:14:38,85.00,APPROVED_FOR_IMPORT,,EMAIL_ONLY_D2,2,0,0,0
3369,wc-completed,GBP,2024-09-03 09:38:05,54.00,APPROVED_FOR_IMPORT,,EMAIL_ONLY_D2,3,1,0,0
3370,wc-completed,GBP,2024-09-03 10:37:27,45.00,APPROVED_FOR_IMPORT,,ASSOCIATE_GID,2,0,0,0
3372,wc-completed,GBP,2024-09-03 11:08:46,97.00,APPROVED_FOR_IMPORT,,EMAIL_ONLY_D2,6,0,0,0
3373,wc-completed,GBP,2024-09-03 11:22:51,65.00,APPROVED_FOR_IMPORT,,ASSOCIATE_GID,2,0,0,0
3374,wc-completed,GBP,2024-09-03 12:44:37,30.00,APPROVED_FOR_IMPORT,,EMAIL_ONLY_D2,1,0,0,0
3375,wc-completed,GBP,2024-09-03 14:07:13,50.00,APPROVED_FOR_IMPORT,,EMAIL_ONLY_D2,2,0,0,0
3377,wc-completed,GBP,2024-09-03 15:30:34,25.00,APPROVED_FOR_IMPORT,,EMAIL_ONLY_D2,1,0,0,0
3378,wc-completed,GBP,2024-09-03 16:10:31,37.00,APPROVED_FOR_IMPORT,,EMAIL_ONLY_D2,2,1,0,0
3379,wc-completed,GBP,2024-09-03 19:13:33,45.00,APPROVED_FOR_IMPORT,,EMAIL_ONLY_D2,2,0,0,0
3380,wc-completed,GBP,2024-09-03 19:22:07,39.00,APPROVED_FOR_IMPORT,,ASSOCIATE_GID,2,0,0,0
3382,wc-completed,GBP,2024-09-03 19:31:48,200.00,APPROVED_FOR_IMPORT,,EMAIL_ONLY_D2,7,0,0,0
3383,wc-completed,GBP,2024-09-03 19:41:25,86.00,APPROVED_FOR_IMPORT,,EMAIL_ONLY_D2,4,0,0,0
3384,wc-completed,GBP,2024-09-03 19:45:42,65.00,APPROVED_FOR_IMPORT,,EMAIL_ONLY_D2,3,0,0,0
3385,wc-completed,GBP,2024-09-03 20:40:04,23.00,APPROVED_FOR_IMPORT,,EMAIL_ONLY_D2,1,0,0,0
3389,wc-completed,GBP,2024-09-03 21:00:42,35.00,APPROVED_FOR_IMPORT,,EMAIL_ONLY_D2,1,0,0,0
3391,wc-completed,GBP,2024-09-03 23:13:02,51.00,APPROVED_FOR_IMPORT,,ASSOCIATE_GID,1,0,0,0
3393,wc-completed,GBP,2024-09-04 07:51:05,88.00,APPROVED_FOR_IMPORT,,ASSOCIATE_GID,4,0,0,0
3396,wc-completed,GBP,2024-09-04 08:30:46,45.00,APPROVED_FOR_IMPORT,,EMAIL_ONLY_D2,2,0,0,0
3398,wc-completed,GBP,2024-09-04 10:16:56,18.48,APPROVED_FOR_IMPORT,,EMAIL_ONLY_D2,1,0,0,0
3401,wc-completed,GBP,2024-09-04 10:44:30,27.00,APPROVED_FOR_IMPORT,,ASSOCIATE_GID,2,0,0,0
3402,wc-completed,GBP,2024-09-04 11:13:29,35.00,APPROVED_FOR_IMPORT,,EMAIL_ONLY_D2,1,0,0,0
3408,wc-completed,GBP,2024-09-04 14:52:15,85.00,APPROVED_FOR_IMPORT,,EMAIL_ONLY_D2,3,0,0,0
3409,wc-completed,GBP,2024-09-04 15:30:25,51.00,APPROVED_FOR_IMPORT,,ASSOCIATE_GID,2,0,0,0
3410,wc-completed,GBP,2024-09-04 15:52:36,61.00,APPROVED_FOR_IMPORT,,EMAIL_ONLY_D2,2,0,0,0
3411,wc-completed,GBP,2024-09-04 16:38:18,62.00,APPROVED_FOR_IMPORT,,ASSOCIATE_GID,3,0,0,0
3412,wc-completed,GBP,2024-09-04 16:47:51,25.00,APPROVED_FOR_IMPORT,,ASSOCIATE_GID,1,0,0,0
3413,wc-completed,GBP,2024-09-04 16:49:11,33.00,APPROVED_FOR_IMPORT,,EMAIL_ONLY_D2,2,0,0,0
3415,wc-completed,GBP,2024-09-04 18:03:41,18.00,APPROVED_FOR_IMPORT,,ASSOCIATE_GID,1,0,0,0
3416,wc-completed,GBP,2024-09-04 18:35:23,21.00,APPROVED_FOR_IMPORT,,ASSOCIATE_GID,1,0,0,0
3417,wc-completed,GBP,2024-09-04 19:12:44,34.00,APPROVED_FOR_IMPORT,,EMAIL_ONLY_D2,3,0,0,0
3420,wc-completed,GBP,2024-09-04 21:13:00,78.00,APPROVED_FOR_IMPORT,,ASSOCIATE_GID,4,0,0,0
3423,wc-completed,GBP,2024-09-05 02:28:43,45.00,APPROVED_FOR_IMPORT,,EMAIL_ONLY_D2,1,0,0,0
3424,wc-completed,GBP,2024-09-05 04:31:58,48.00,APPROVED_FOR_IMPORT,,ASSOCIATE_GID,2,0,0,0
3425,wc-completed,GBP,2024-09-05 06:25:52,51.00,APPROVED_FOR_IMPORT,,EMAIL_ONLY_D2,2,0,0,0
3426,wc-completed,GBP,2024-09-05 08:25:13,69.00,APPROVED_FOR_IMPORT,,ASSOCIATE_GID,1,0,0,0
3428,wc-completed,GBP,2024-09-05 09:28:53,30.00,APPROVED_FOR_IMPORT,,ASSOCIATE_GID,1,0,0,0
3429,wc-completed,GBP,2024-09-05 09:39:32,55.00,APPROVED_FOR_IMPORT,,EMAIL_ONLY_D2,3,0,0,0
3433,wc-completed,GBP,2024-09-05 11:57:20,35.00,APPROVED_FOR_IMPORT,,ASSOCIATE_GID,2,0,0,0
3436,wc-completed,GBP,2024-09-05 15:04:21,37.00,APPROVED_FOR_IMPORT,,EMAIL_ONLY_D2,2,0,0,0
3438,wc-completed,GBP,2024-09-05 15:29:25,19.48,APPROVED_FOR_IMPORT,,EMAIL_ONLY_D2,1,0,0,0
3441,wc-completed,GBP,2024-09-05 16:01:36,43.00,APPROVED_FOR_IMPORT,,ASSOCIATE_GID,3,0,0,0
3442,wc-completed,GBP,2024-09-05 16:23:28,105.00,APPROVED_FOR_IMPORT,,ASSOCIATE_GID,5,0,0,0
3446,wc-completed,GBP,2024-09-05 17:53:30,110.00,APPROVED_FOR_IMPORT,,ASSOCIATE_GID,5,0,0,0
3447,wc-completed,GBP,2024-09-05 18:09:08,25.00,APPROVED_FOR_IMPORT,,EMAIL_ONLY_D2,1,0,0,0
3448,wc-completed,GBP,2024-09-05 21:24:36,51.00,APPROVED_FOR_IMPORT,,ASSOCIATE_GID,3,0,0,0
3449,wc-cancelled,GBP,2024-09-05 21:29:53,19.48,APPROVED_FOR_IMPORT,,EMAIL_ONLY_D2,1,0,0,0
3450,wc-cancelled,GBP,2024-09-05 21:30:40,19.48,APPROVED_FOR_IMPORT,,EMAIL_ONLY_D2,1,0,0,0
3451,wc-completed,GBP,2024-09-05 21:37:43,51.00,APPROVED_FOR_IMPORT,,ASSOCIATE_GID,2,0,0,0
3452,wc-completed,GBP,2024-09-05 21:50:09,71.00,APPROVED_FOR_IMPORT,,EMAIL_ONLY_D2,2,0,0,0
3453,wc-completed,GBP,2024-09-05 22:08:00,90.00,APPROVED_FOR_IMPORT,,EMAIL_ONLY_D2,4,0,0,0
3458,wc-completed,GBP,2024-09-06 01:35:29,22.00,APPROVED_FOR_IMPORT,,EMAIL_ONLY_D2,1,0,0,0
3459,wc-completed,GBP,2024-09-06 04:00:50,132.00,APPROVED_FOR_IMPORT,,EMAIL_ONLY_D2,1,1,0,0
3460,wc-completed,GBP,2024-09-06 04:26:55,45.00,APPROVED_FOR_IMPORT,,EMAIL_ONLY_D2,2,1,0,0
3461,wc-completed,GBP,2024-09-06 04:49:40,73.99,APPROVED_FOR_IMPORT,,EMAIL_ONLY_D2,4,0,0,0
3463,wc-completed,GBP,2024-09-06 07:32:23,55.00,APPROVED_FOR_IMPORT,,EMAIL_ONLY_D2,3,0,0,0
3464,wc-completed,GBP,2024-09-06 08:02:36,45.00,APPROVED_FOR_IMPORT,,ASSOCIATE_GID,1,1,0,0
3467,wc-completed,GBP,2024-09-06 09:19:25,51.00,APPROVED_FOR_IMPORT,,EMAIL_ONLY_D2,2,0,0,0
3468,wc-completed,GBP,2024-09-06 09:59:15,20.00,APPROVED_FOR_IMPORT,,EMAIL_ONLY_D2,1,0,0,0
3469,wc-cancelled,GBP,2024-09-06 09:59:44,23.48,APPROVED_FOR_IMPORT,,EMAIL_ONLY_D2,1,0,0,0
3470,wc-completed,GBP,2024-09-06 11:07:46,305.00,APPROVED_FOR_IMPORT,,EMAIL_ONLY_D2,11,0,0,0
3471,wc-completed,GBP,2024-09-06 11:14:38,68.00,APPROVED_FOR_IMPORT,,EMAIL_ONLY_D2,3,0,0,0
3472,wc-completed,GBP,2024-09-06 12:46:12,63.00,APPROVED_FOR_IMPORT,,ASSOCIATE_GID,3,0,0,0
3473,wc-completed,GBP,2024-09-06 13:06:43,84.00,APPROVED_FOR_IMPORT,,EMAIL_ONLY_D2,3,0,0,0
3474,wc-completed,GBP,2024-09-06 13:37:34,74.00,APPROVED_FOR_IMPORT,,EMAIL_ONLY_D2,4,0,0,0
3475,wc-completed,GBP,2024-09-06 14:57:10,154.00,APPROVED_FOR_IMPORT,,EMAIL_ONLY_D2,1,1,0,0
3476,wc-completed,GBP,2024-09-06 15:44:18,45.00,APPROVED_FOR_IMPORT,,EMAIL_ONLY_D2,1,0,0,0
3477,wc-completed,GBP,2024-09-06 16:30:22,26.00,APPROVED_FOR_IMPORT,,EMAIL_ONLY_D2,2,0,0,0
3478,wc-completed,GBP,2024-09-06 16:35:12,21.48,APPROVED_FOR_IMPORT,,EMAIL_ONLY_D2,1,0,0,0
3480,wc-completed,GBP,2024-09-06 18:07:20,21.48,APPROVED_FOR_IMPORT,,EMAIL_ONLY_D2,1,0,0,0
3481,wc-cancelled,GBP,2024-09-06 18:50:34,19.48,APPROVED_FOR_IMPORT,,EMAIL_ONLY_D2,1,0,0,0
3482,wc-cancelled,GBP,2024-09-06 18:52:18,19.48,APPROVED_FOR_IMPORT,,EMAIL_ONLY_D2,1,0,0,0
3483,wc-completed,GBP,2024-09-06 19:01:32,31.00,APPROVED_FOR_IMPORT,,EMAIL_ONLY_D2,1,0,0,0
3485,wc-completed,GBP,2024-09-06 19:59:08,21.48,APPROVED_FOR_IMPORT,,EMAIL_ONLY_D2,1,0,0,0
3488,wc-completed,GBP,2024-09-07 08:17:47,21.48,APPROVED_FOR_IMPORT,,EMAIL_ONLY_D2,1,0,0,0
3489,wc-cancelled,GBP,2024-09-07 11:24:46,19.48,APPROVED_FOR_IMPORT,,EMAIL_ONLY_D2,1,0,0,0
3490,wc-cancelled,GBP,2024-09-07 11:27:03,19.48,APPROVED_FOR_IMPORT,,EMAIL_ONLY_D2,1,0,0,0
3491,wc-cancelled,GBP,2024-09-07 11:27:41,19.48,APPROVED_FOR_IMPORT,,EMAIL_ONLY_D2,1,0,0,0
3493,wc-completed,GBP,2024-09-07 12:12:08,19.48,APPROVED_FOR_IMPORT,,EMAIL_ONLY_D2,1,0,0,0
3494,wc-completed,GBP,2024-09-07 12:28:37,55.00,APPROVED_FOR_IMPORT,,EMAIL_ONLY_D2,2,0,0,0
3496,wc-completed,GBP,2024-09-07 14:04:40,50.00,APPROVED_FOR_IMPORT,,ASSOCIATE_GID,2,0,0,0
3497,wc-completed,GBP,2024-09-07 14:30:10,109.00,APPROVED_FOR_IMPORT,,ASSOCIATE_GID,5,0,0,0
3498,wc-completed,GBP,2024-09-07 15:10:12,39.00,APPROVED_FOR_IMPORT,,EMAIL_ONLY_D2,2,0,0,0
3500,wc-failed,GBP,2024-09-07 18:12:42,45.00,APPROVED_FOR_IMPORT,,ASSOCIATE_GID,2,0,0,0
3501,wc-completed,GBP,2024-09-07 18:17:22,45.00,APPROVED_FOR_IMPORT,,ASSOCIATE_GID,2,0,0,0
3502,wc-completed,GBP,2024-09-07 19:32:27,25.00,APPROVED_FOR_IMPORT,,EMAIL_ONLY_D2,1,0,0,0
3503,wc-completed,GBP,2024-09-07 19:49:54,23.00,APPROVED_FOR_IMPORT,,EMAIL_ONLY_D2,1,0,0,0
3504,wc-completed,GBP,2024-09-07 20:54:54,35.00,APPROVED_FOR_IMPORT,,EMAIL_ONLY_D2,1,0,0,0
3507,wc-completed,GBP,2024-09-07 23:19:06,45.00,APPROVED_FOR_IMPORT,,ASSOCIATE_GID,1,0,0,0
3511,wc-completed,GBP,2024-09-08 09:24:19,25.00,APPROVED_FOR_IMPORT,,EMAIL_ONLY_D2,1,0,0,0
3514,wc-completed,GBP,2024-09-08 14:11:41,86.00,APPROVED_FOR_IMPORT,,EMAIL_ONLY_D2,2,0,0,0
3515,wc-completed,GBP,2024-09-08 15:30:52,25.00,APPROVED_FOR_IMPORT,,EMAIL_ONLY_D2,1,0,0,0
3516,wc-completed,GBP,2024-09-08 15:36:20,45.00,APPROVED_FOR_IMPORT,,EMAIL_ONLY_D2,1,0,0,0
3517,wc-completed,GBP,2024-09-08 15:37:52,195.00,APPROVED_FOR_IMPORT,,EMAIL_ONLY_D2,7,0,0,0
3518,wc-completed,GBP,2024-09-08 16:28:47,35.00,APPROVED_FOR_IMPORT,,EMAIL_ONLY_D2,1,0,0,0
3519,wc-completed,GBP,2024-09-08 17:43:32,25.00,APPROVED_FOR_IMPORT,,EMAIL_ONLY_D2,1,0,0,0
3520,wc-completed,GBP,2024-09-08 17:50:31,33.48,APPROVED_FOR_IMPORT,,EMAIL_ONLY_D2,1,0,0,0
3521,wc-completed,GBP,2024-09-08 19:38:45,88.00,APPROVED_FOR_IMPORT,,EMAIL_ONLY_D2,5,0,0,0
3522,wc-completed,GBP,2024-09-08 21:53:06,45.00,APPROVED_FOR_IMPORT,,EMAIL_ONLY_D2,2,0,0,0
3523,wc-completed,GBP,2024-09-09 01:05:14,30.00,APPROVED_FOR_IMPORT,,EMAIL_ONLY_D2,1,0,0,0
3524,wc-completed,GBP,2024-09-09 02:59:41,35.00,APPROVED_FOR_IMPORT,,EMAIL_ONLY_D2,1,0,0,0
3525,wc-failed,GBP,2024-09-09 06:07:46,38.00,APPROVED_FOR_IMPORT,,ASSOCIATE_GID,3,1,0,0
3526,wc-completed,GBP,2024-09-09 06:38:13,66.00,APPROVED_FOR_IMPORT,,EMAIL_ONLY_D2,3,0,0,0
3527,wc-completed,GBP,2024-09-09 07:17:49,41.00,APPROVED_FOR_IMPORT,,EMAIL_ONLY_D2,2,0,0,0
3528,wc-completed,GBP,2024-09-09 08:26:35,25.00,APPROVED_FOR_IMPORT,,EMAIL_ONLY_D2,1,0,0,0
3530,wc-completed,GBP,2024-09-09 11:03:52,64.00,APPROVED_FOR_IMPORT,,EMAIL_ONLY_D2,3,0,0,0
3531,wc-completed,GBP,2024-09-09 13:23:43,19.48,APPROVED_FOR_IMPORT,,EMAIL_ONLY_D2,1,0,0,0
3532,wc-completed,GBP,2024-09-09 13:26:13,40.00,APPROVED_FOR_IMPORT,,EMAIL_ONLY_D2,2,0,0,0
3533,wc-completed,GBP,2024-09-09 14:33:17,70.00,APPROVED_FOR_IMPORT,,EMAIL_ONLY_D2,3,0,0,0
3534,wc-completed,GBP,2024-09-09 15:02:11,35.00,APPROVED_FOR_IMPORT,,ASSOCIATE_GID,1,0,0,0
3535,wc-completed,GBP,2024-09-09 16:14:51,45.00,APPROVED_FOR_IMPORT,,EMAIL_ONLY_D2,2,0,0,0
3537,wc-completed,GBP,2024-09-09 18:34:33,84.00,APPROVED_FOR_IMPORT,,ASSOCIATE_GID,4,0,0,0
3539,wc-completed,GBP,2024-09-09 22:44:50,41.00,APPROVED_FOR_IMPORT,,ASSOCIATE_GID,2,0,0,0
3540,wc-completed,GBP,2024-09-10 00:09:08,65.00,APPROVED_FOR_IMPORT,,EMAIL_ONLY_D2,3,0,0,0
3542,wc-completed,GBP,2024-09-10 02:46:38,64.00,APPROVED_FOR_IMPORT,,EMAIL_ONLY_D2,3,0,0,0
3543,wc-completed,GBP,2024-09-10 05:42:59,45.00,APPROVED_FOR_IMPORT,,EMAIL_ONLY_D2,2,0,0,0
3545,wc-completed,GBP,2024-09-10 08:08:25,91.00,APPROVED_FOR_IMPORT,,EMAIL_ONLY_D2,3,1,0,0
3547,wc-completed,GBP,2024-09-10 10:30:18,65.00,APPROVED_FOR_IMPORT,,ASSOCIATE_GID,1,0,0,0
3549,wc-completed,GBP,2024-09-10 10:36:27,187.00,APPROVED_FOR_IMPORT,,ASSOCIATE_GID,9,0,0,0
3550,wc-completed,GBP,2024-09-10 11:17:34,25.00,APPROVED_FOR_IMPORT,,ASSOCIATE_GID,1,1,0,0
3552,wc-completed,GBP,2024-09-10 12:52:58,56.00,APPROVED_FOR_IMPORT,,ASSOCIATE_GID,3,0,0,0
3553,wc-completed,GBP,2024-09-10 13:37:30,45.00,APPROVED_FOR_IMPORT,,EMAIL_ONLY_D2,2,0,0,0
3554,wc-completed,GBP,2024-09-10 13:49:04,77.00,APPROVED_FOR_IMPORT,,EMAIL_ONLY_D2,1,1,0,0
3555,wc-completed,GBP,2024-09-10 17:59:07,50.00,APPROVED_FOR_IMPORT,,EMAIL_ONLY_D2,2,0,0,0
3556,wc-completed,GBP,2024-09-10 19:51:33,39.00,APPROVED_FOR_IMPORT,,EMAIL_ONLY_D2,2,0,0,0
3558,wc-completed,GBP,2024-09-10 20:51:29,46.00,APPROVED_FOR_IMPORT,,ASSOCIATE_GID,2,0,0,0
3565,wc-completed,GBP,2024-09-10 21:22:42,30.00,APPROVED_FOR_IMPORT,,ASSOCIATE_GID,1,0,0,0
3569,wc-completed,GBP,2024-09-10 23:10:34,30.00,APPROVED_FOR_IMPORT,,ASSOCIATE_GID,1,0,0,0
3570,wc-completed,GBP,2024-09-11 00:03:17,18.00,APPROVED_FOR_IMPORT,,ASSOCIATE_GID,2,0,0,0
3575,wc-completed,GBP,2024-09-11 01:49:39,42.00,APPROVED_FOR_IMPORT,,EMAIL_ONLY_D2,2,0,0,0
3576,wc-completed,GBP,2024-09-11 03:33:16,18.00,APPROVED_FOR_IMPORT,,EMAIL_ONLY_D2,1,0,0,0
3580,wc-completed,GBP,2024-09-11 10:58:30,79.00,APPROVED_FOR_IMPORT,,ASSOCIATE_GID,4,0,0,0
3581,wc-completed,GBP,2024-09-11 12:18:33,45.00,APPROVED_FOR_IMPORT,,EMAIL_ONLY_D2,1,0,0,0
3582,wc-completed,GBP,2024-09-11 12:26:03,42.00,APPROVED_FOR_IMPORT,,EMAIL_ONLY_D2,2,0,0,0
3584,wc-completed,GBP,2024-09-11 15:29:13,25.00,PENDING_DECISION,D-3_unmapped_customer,UNMAPPED,1,0,0,0
3588,wc-completed,GBP,2024-09-11 17:24:54,35.00,APPROVED_FOR_IMPORT,,EMAIL_ONLY_D2,1,0,0,0
3589,wc-completed,GBP,2024-09-11 18:54:37,66.00,APPROVED_FOR_IMPORT,,ASSOCIATE_GID,4,0,0,0
3590,wc-completed,GBP,2024-09-11 19:16:06,35.00,APPROVED_FOR_IMPORT,,ASSOCIATE_GID,1,0,0,0
3592,wc-failed,GBP,2024-09-11 22:21:09,36.00,APPROVED_FOR_IMPORT,,ASSOCIATE_GID,1,0,0,0
3593,wc-completed,GBP,2024-09-11 22:24:57,37.00,APPROVED_FOR_IMPORT,,EMAIL_ONLY_D2,1,0,0,0
3594,wc-completed,GBP,2024-09-11 22:39:09,46.00,APPROVED_FOR_IMPORT,,EMAIL_ONLY_D2,2,0,0,0
3595,wc-completed,GBP,2024-09-11 23:50:38,35.00,APPROVED_FOR_IMPORT,,EMAIL_ONLY_D2,1,0,0,0
3596,wc-completed,GBP,2024-09-12 01:06:45,69.00,APPROVED_FOR_IMPORT,,ASSOCIATE_GID,3,0,0,0
3597,wc-completed,GBP,2024-09-12 04:12:32,42.00,APPROVED_FOR_IMPORT,,EMAIL_ONLY_D2,3,0,0,0
3598,wc-completed,GBP,2024-09-12 06:08:56,120.00,APPROVED_FOR_IMPORT,,EMAIL_ONLY_D2,6,0,0,0
3599,wc-failed,GBP,2024-09-12 06:50:20,71.00,APPROVED_FOR_IMPORT,,ASSOCIATE_GID,4,0,0,0
3600,wc-completed,GBP,2024-09-12 08:53:57,25.00,APPROVED_FOR_IMPORT,,EMAIL_ONLY_D2,1,0,0,0
3602,wc-completed,GBP,2024-09-12 12:22:42,37.00,APPROVED_FOR_IMPORT,,EMAIL_ONLY_D2,2,0,0,0
3604,wc-completed,GBP,2024-09-12 13:29:23,34.00,APPROVED_FOR_IMPORT,,EMAIL_ONLY_D2,3,0,0,0
3605,wc-completed,GBP,2024-09-12 14:39:26,63.00,APPROVED_FOR_IMPORT,,EMAIL_ONLY_D2,2,0,0,0
3624,wc-completed,GBP,2024-09-12 19:39:45,45.00,APPROVED_FOR_IMPORT,,ASSOCIATE_GID,2,0,0,0
3630,wc-completed,GBP,2024-09-12 20:44:24,138.00,APPROVED_FOR_IMPORT,,ASSOCIATE_GID,6,0,0,0
3632,wc-completed,GBP,2024-09-12 21:34:44,21.00,APPROVED_FOR_IMPORT,,EMAIL_ONLY_D2,1,0,0,0
3634,wc-completed,GBP,2024-09-12 21:47:24,150.00,APPROVED_FOR_IMPORT,,ASSOCIATE_GID,8,0,0,0
3641,wc-failed,GBP,2024-09-12 22:13:33,128.00,APPROVED_FOR_IMPORT,,ASSOCIATE_GID,6,0,0,0
3642,wc-completed,GBP,2024-09-12 22:19:52,128.00,APPROVED_FOR_IMPORT,,ASSOCIATE_GID,6,0,0,0
3664,wc-completed,GBP,2024-09-13 00:33:57,139.99,APPROVED_FOR_IMPORT,,ASSOCIATE_GID,10,0,0,0
3671,wc-completed,GBP,2024-09-13 01:26:41,21.00,APPROVED_FOR_IMPORT,,EMAIL_ONLY_D2,1,0,0,0
3672,wc-completed,GBP,2024-09-13 06:10:20,86.00,APPROVED_FOR_IMPORT,,ASSOCIATE_GID,3,0,0,0
3673,wc-completed,GBP,2024-09-13 07:55:40,71.99,APPROVED_FOR_IMPORT,,EMAIL_ONLY_D2,5,0,0,0
3675,wc-completed,GBP,2024-09-13 08:12:49,117.00,APPROVED_FOR_IMPORT,,EMAIL_ONLY_D2,5,1,0,0
3676,wc-completed,GBP,2024-09-13 08:19:29,45.00,APPROVED_FOR_IMPORT,,EMAIL_ONLY_D2,2,0,0,0
3677,wc-completed,GBP,2024-09-13 08:41:02,67.00,APPROVED_FOR_IMPORT,,ASSOCIATE_GID,3,0,0,0
3681,wc-completed,GBP,2024-09-13 13:01:45,97.00,APPROVED_FOR_IMPORT,,EMAIL_ONLY_D2,2,0,0,0
3684,wc-completed,GBP,2024-09-13 13:56:54,64.00,APPROVED_FOR_IMPORT,,EMAIL_ONLY_D2,3,0,0,0
3685,wc-completed,GBP,2024-09-13 13:57:36,30.00,APPROVED_FOR_IMPORT,,EMAIL_ONLY_D2,1,0,0,0
3686,wc-completed,GBP,2024-09-13 14:50:16,17.00,APPROVED_FOR_IMPORT,,EMAIL_ONLY_D2,1,0,0,0
3700,wc-completed,GBP,2024-09-13 18:35:21,55.00,APPROVED_FOR_IMPORT,,EMAIL_ONLY_D2,2,0,0,0
3704,wc-completed,GBP,2024-09-13 21:06:02,30.00,APPROVED_FOR_IMPORT,,EMAIL_ONLY_D2,1,0,0,0
3706,wc-failed,GBP,2024-09-13 21:40:31,23.00,APPROVED_FOR_IMPORT,,EMAIL_ONLY_D2,1,0,0,0
3708,wc-completed,GBP,2024-09-14 02:04:26,21.00,APPROVED_FOR_IMPORT,,EMAIL_ONLY_D2,1,0,0,0
3712,wc-completed,GBP,2024-09-14 09:07:51,35.00,APPROVED_FOR_IMPORT,,EMAIL_ONLY_D2,1,0,0,0
3713,wc-completed,GBP,2024-09-14 10:18:58,45.00,APPROVED_FOR_IMPORT,,EMAIL_ONLY_D2,2,0,0,0
3716,wc-completed,GBP,2024-09-14 10:27:46,91.00,APPROVED_FOR_IMPORT,,EMAIL_ONLY_D2,4,0,0,0
3717,wc-completed,GBP,2024-09-14 10:50:34,53.00,APPROVED_FOR_IMPORT,,EMAIL_ONLY_D2,3,0,0,0
3720,wc-completed,GBP,2024-09-14 12:20:23,35.00,APPROVED_FOR_IMPORT,,EMAIL_ONLY_D2,1,0,0,0
3724,wc-completed,GBP,2024-09-14 13:49:06,130.00,APPROVED_FOR_IMPORT,,EMAIL_ONLY_D2,7,0,0,0
3727,wc-completed,GBP,2024-09-14 14:40:07,66.98,APPROVED_FOR_IMPORT,,EMAIL_ONLY_D2,3,0,0,0
3729,wc-completed,GBP,2024-09-14 16:19:47,39.00,APPROVED_FOR_IMPORT,,EMAIL_ONLY_D2,2,0,0,0
3732,wc-completed,GBP,2024-09-14 17:17:34,35.00,APPROVED_FOR_IMPORT,,ASSOCIATE_GID,1,0,0,0
3733,wc-completed,GBP,2024-09-14 17:20:05,43.00,APPROVED_FOR_IMPORT,,EMAIL_ONLY_D2,2,0,0,0
3734,wc-completed,GBP,2024-09-14 18:31:41,65.00,APPROVED_FOR_IMPORT,,EMAIL_ONLY_D2,1,0,0,0
3744,wc-completed,GBP,2024-09-14 21:41:40,45.00,APPROVED_FOR_IMPORT,,EMAIL_ONLY_D2,1,0,0,1
3753,wc-completed,GBP,2024-09-15 12:33:02,59.00,APPROVED_FOR_IMPORT,,EMAIL_ONLY_D2,3,1,0,0
3754,wc-completed,GBP,2024-09-15 12:54:52,19.00,APPROVED_FOR_IMPORT,,EMAIL_ONLY_D2,1,0,0,0
3756,wc-completed,GBP,2024-09-15 13:28:39,65.00,APPROVED_FOR_IMPORT,,ASSOCIATE_GID,2,0,0,0
3757,wc-completed,GBP,2024-09-15 17:02:22,45.00,APPROVED_FOR_IMPORT,,EMAIL_ONLY_D2,2,0,0,0
3759,wc-completed,GBP,2024-09-15 17:37:50,62.00,APPROVED_FOR_IMPORT,,EMAIL_ONLY_D2,2,0,0,0
3760,wc-completed,GBP,2024-09-15 18:30:45,50.00,APPROVED_FOR_IMPORT,,EMAIL_ONLY_D2,2,0,0,0
3769,wc-completed,GBP,2024-09-15 18:55:49,78.00,APPROVED_FOR_IMPORT,,ASSOCIATE_GID,4,0,0,0
3772,wc-completed,GBP,2024-09-15 20:54:25,41.00,APPROVED_FOR_IMPORT,,EMAIL_ONLY_D2,2,0,0,0
3774,wc-completed,GBP,2024-09-15 21:06:56,93.00,APPROVED_FOR_IMPORT,,EMAIL_ONLY_D2,4,0,0,0
3775,wc-completed,GBP,2024-09-15 21:12:08,146.80,APPROVED_FOR_IMPORT,,EMAIL_ONLY_D2,12,0,0,0
3776,wc-refunded,GBP,2024-09-15 21:26:30,35.00,PENDING_DECISION,D-3_unmapped_customer,UNMAPPED,1,0,0,1
3777,wc-completed,GBP,2024-09-15 21:55:56,107.00,APPROVED_FOR_IMPORT,,EMAIL_ONLY_D2,4,0,0,0
3781,wc-completed,GBP,2024-09-15 23:24:05,23.00,APPROVED_FOR_IMPORT,,EMAIL_ONLY_D2,1,0,0,0
3782,wc-completed,GBP,2024-09-16 04:26:40,36.99,APPROVED_FOR_IMPORT,,EMAIL_ONLY_D2,2,0,0,0
3783,wc-completed,GBP,2024-09-16 04:58:23,69.00,APPROVED_FOR_IMPORT,,ASSOCIATE_GID,3,0,0,0
3786,wc-completed,GBP,2024-09-16 05:28:50,25.00,APPROVED_FOR_IMPORT,,ASSOCIATE_GID,1,0,0,0
3788,wc-completed,GBP,2024-09-16 10:22:45,37.00,APPROVED_FOR_IMPORT,,EMAIL_ONLY_D2,4,0,0,0
3795,wc-completed,GBP,2024-09-16 17:56:14,37.00,APPROVED_FOR_IMPORT,,EMAIL_ONLY_D2,2,0,0,0
3796,wc-completed,GBP,2024-09-16 18:12:13,25.00,APPROVED_FOR_IMPORT,,EMAIL_ONLY_D2,1,0,0,0
3797,wc-completed,GBP,2024-09-16 18:38:35,159.98,APPROVED_FOR_IMPORT,,EMAIL_ONLY_D2,7,0,0,0
3798,wc-completed,GBP,2024-09-16 18:47:46,99.00,APPROVED_FOR_IMPORT,,ASSOCIATE_GID,5,0,0,0
3801,wc-completed,GBP,2024-09-16 23:36:10,66.00,APPROVED_FOR_IMPORT,,EMAIL_ONLY_D2,1,0,0,0
3822,wc-completed,GBP,2024-09-17 08:58:32,25.00,APPROVED_FOR_IMPORT,,ASSOCIATE_GID,1,0,0,0
3823,wc-completed,GBP,2024-09-17 10:09:34,50.00,APPROVED_FOR_IMPORT,,EMAIL_ONLY_D2,2,0,0,0
3824,wc-completed,GBP,2024-09-17 11:12:30,83.00,APPROVED_FOR_IMPORT,,EMAIL_ONLY_D2,3,0,0,0
3826,wc-completed,GBP,2024-09-17 13:02:50,167.00,APPROVED_FOR_IMPORT,,EMAIL_ONLY_D2,8,0,0,0
3827,wc-completed,GBP,2024-09-17 13:32:25,35.00,APPROVED_FOR_IMPORT,,ASSOCIATE_GID,1,0,0,0
3830,wc-completed,GBP,2024-09-17 17:56:15,35.99,APPROVED_FOR_IMPORT,,EMAIL_ONLY_D2,2,0,0,0
3835,wc-completed,GBP,2024-09-17 21:09:58,91.00,APPROVED_FOR_IMPORT,,EMAIL_ONLY_D2,5,0,0,0
3839,wc-completed,GBP,2024-09-17 21:48:01,49.00,APPROVED_FOR_IMPORT,,EMAIL_ONLY_D2,2,0,0,0
3847,wc-completed,GBP,2024-09-17 22:50:21,30.00,APPROVED_FOR_IMPORT,,EMAIL_ONLY_D2,1,0,0,0
3890,wc-cancelled,GBP,2024-09-18 02:16:00,37.00,APPROVED_FOR_IMPORT,,ASSOCIATE_GID,1,0,0,0
3891,wc-completed,GBP,2024-09-18 02:36:25,37.00,APPROVED_FOR_IMPORT,,ASSOCIATE_GID,1,0,0,0
3892,wc-completed,GBP,2024-09-18 03:55:30,65.00,APPROVED_FOR_IMPORT,,EMAIL_ONLY_D2,4,0,0,0
3893,wc-completed,GBP,2024-09-18 04:59:48,64.00,APPROVED_FOR_IMPORT,,EMAIL_ONLY_D2,3,0,0,0
3894,wc-completed,GBP,2024-09-18 05:15:17,57.00,APPROVED_FOR_IMPORT,,EMAIL_ONLY_D2,2,0,0,0
3895,wc-completed,GBP,2024-09-18 05:15:39,235.00,APPROVED_FOR_IMPORT,,EMAIL_ONLY_D2,5,0,0,0
3896,wc-completed,GBP,2024-09-18 05:19:25,45.00,APPROVED_FOR_IMPORT,,ASSOCIATE_GID,2,0,0,0
3897,wc-completed,GBP,2024-09-18 05:38:59,20.00,APPROVED_FOR_IMPORT,,EMAIL_ONLY_D2,1,0,0,0
3898,wc-completed,GBP,2024-09-18 06:05:18,137.00,APPROVED_FOR_IMPORT,,EMAIL_ONLY_D2,6,0,0,0
3899,wc-completed,GBP,2024-09-18 06:49:31,122.00,APPROVED_FOR_IMPORT,,EMAIL_ONLY_D2,5,0,0,0
3900,wc-completed,GBP,2024-09-18 07:46:51,107.00,APPROVED_FOR_IMPORT,,ASSOCIATE_GID,2,0,0,0
3901,wc-completed,GBP,2024-09-18 08:03:58,40.00,APPROVED_FOR_IMPORT,,EMAIL_ONLY_D2,1,0,0,0
3902,wc-completed,GBP,2024-09-18 08:48:14,90.00,APPROVED_FOR_IMPORT,,ASSOCIATE_GID,3,0,0,0
3904,wc-completed,GBP,2024-09-18 08:55:37,118.00,APPROVED_FOR_IMPORT,,EMAIL_ONLY_D2,6,0,0,0
3910,wc-completed,GBP,2024-09-18 09:44:19,21.00,APPROVED_FOR_IMPORT,,EMAIL_ONLY_D2,1,0,0,0
3911,wc-completed,GBP,2024-09-18 09:44:58,52.00,APPROVED_FOR_IMPORT,,EMAIL_ONLY_D2,3,0,0,0
3913,wc-completed,GBP,2024-09-18 09:55:29,30.00,APPROVED_FOR_IMPORT,,EMAIL_ONLY_D2,1,0,0,0
3916,wc-completed,GBP,2024-09-18 10:06:13,59.00,APPROVED_FOR_IMPORT,,EMAIL_ONLY_D2,3,0,0,0
3920,wc-completed,GBP,2024-09-18 11:43:19,116.00,APPROVED_FOR_IMPORT,,EMAIL_ONLY_D2,5,0,0,0
3922,wc-completed,GBP,2024-09-18 11:52:42,79.00,APPROVED_FOR_IMPORT,,EMAIL_ONLY_D2,5,0,0,0
3923,wc-completed,GBP,2024-09-18 12:00:51,66.00,APPROVED_FOR_IMPORT,,ASSOCIATE_GID,2,0,0,0
3924,wc-completed,GBP,2024-09-18 12:07:07,70.00,APPROVED_FOR_IMPORT,,EMAIL_ONLY_D2,2,0,0,0
3926,wc-completed,GBP,2024-09-18 12:32:12,77.00,APPROVED_FOR_IMPORT,,EMAIL_ONLY_D2,3,0,0,0
3929,wc-completed,GBP,2024-09-18 13:51:54,78.00,APPROVED_FOR_IMPORT,,EMAIL_ONLY_D2,5,0,0,0
3931,wc-completed,GBP,2024-09-18 14:13:02,55.00,APPROVED_FOR_IMPORT,,EMAIL_ONLY_D2,2,0,0,0
3933,wc-completed,GBP,2024-09-18 15:09:01,34.00,APPROVED_FOR_IMPORT,,EMAIL_ONLY_D2,2,0,0,0
3934,wc-completed,GBP,2024-09-18 15:22:13,45.00,APPROVED_FOR_IMPORT,,ASSOCIATE_GID,2,0,0,0
3935,wc-completed,GBP,2024-09-18 15:34:05,25.00,APPROVED_FOR_IMPORT,,EMAIL_ONLY_D2,1,0,0,0
3936,wc-completed,GBP,2024-09-18 15:41:12,59.00,APPROVED_FOR_IMPORT,,EMAIL_ONLY_D2,3,0,0,0
3937,wc-completed,GBP,2024-09-18 15:46:27,30.00,APPROVED_FOR_IMPORT,,EMAIL_ONLY_D2,1,0,0,0
3938,wc-completed,GBP,2024-09-18 15:48:04,45.00,APPROVED_FOR_IMPORT,,ASSOCIATE_GID,2,0,0,0
3940,wc-failed,GBP,2024-09-18 16:02:28,45.00,APPROVED_FOR_IMPORT,,ASSOCIATE_GID,2,0,0,0
3941,wc-completed,GBP,2024-09-18 16:10:04,45.00,APPROVED_FOR_IMPORT,,EMAIL_ONLY_D2,2,0,0,0
3942,wc-completed,GBP,2024-09-18 16:23:02,49.00,APPROVED_FOR_IMPORT,,EMAIL_ONLY_D2,2,0,0,0
3944,wc-completed,GBP,2024-09-18 16:47:20,30.00,APPROVED_FOR_IMPORT,,EMAIL_ONLY_D2,1,0,0,0
3945,wc-completed,GBP,2024-09-18 17:36:32,108.00,APPROVED_FOR_IMPORT,,EMAIL_ONLY_D2,3,0,0,0
3946,wc-completed,GBP,2024-09-18 18:48:55,55.00,APPROVED_FOR_IMPORT,,EMAIL_ONLY_D2,2,0,0,0
3947,wc-completed,GBP,2024-09-18 19:40:03,21.00,APPROVED_FOR_IMPORT,,EMAIL_ONLY_D2,1,0,0,0
3948,wc-completed,GBP,2024-09-18 21:06:20,91.00,APPROVED_FOR_IMPORT,,EMAIL_ONLY_D2,3,0,0,0
3949,wc-completed,GBP,2024-09-18 21:14:12,51.00,APPROVED_FOR_IMPORT,,EMAIL_ONLY_D2,2,0,0,0
3951,wc-completed,GBP,2024-09-18 22:33:56,51.00,APPROVED_FOR_IMPORT,,EMAIL_ONLY_D2,2,0,0,0
3954,wc-completed,GBP,2024-09-19 01:04:55,80.00,APPROVED_FOR_IMPORT,,ASSOCIATE_GID,3,0,0,0
3955,wc-completed,GBP,2024-09-19 04:10:58,39.00,APPROVED_FOR_IMPORT,,ASSOCIATE_GID,2,0,0,0
3956,wc-completed,GBP,2024-09-19 05:33:34,55.00,APPROVED_FOR_IMPORT,,ASSOCIATE_GID,2,0,0,0
3957,wc-completed,GBP,2024-09-19 07:30:28,30.00,APPROVED_FOR_IMPORT,,EMAIL_ONLY_D2,1,0,0,0
3959,wc-completed,GBP,2024-09-19 10:40:52,50.00,APPROVED_FOR_IMPORT,,EMAIL_ONLY_D2,2,0,0,0
3960,wc-completed,GBP,2024-09-19 11:05:37,49.00,APPROVED_FOR_IMPORT,,ASSOCIATE_GID,2,0,0,0
3963,wc-completed,GBP,2024-09-19 11:20:04,50.00,APPROVED_FOR_IMPORT,,EMAIL_ONLY_D2,2,0,0,0
3964,wc-completed,GBP,2024-09-19 12:38:32,45.00,APPROVED_FOR_IMPORT,,ASSOCIATE_GID,2,0,0,0
3965,wc-completed,GBP,2024-09-19 13:09:34,25.00,APPROVED_FOR_IMPORT,,EMAIL_ONLY_D2,2,0,0,0
3977,wc-failed,GBP,2024-09-19 14:35:32,66.00,APPROVED_FOR_IMPORT,,EMAIL_ONLY_D2,5,0,0,0
3978,wc-completed,GBP,2024-09-19 14:58:44,70.00,APPROVED_FOR_IMPORT,,ASSOCIATE_GID,6,0,0,0
3979,wc-completed,GBP,2024-09-19 15:25:31,43.00,APPROVED_FOR_IMPORT,,ASSOCIATE_GID,2,0,0,0
3981,wc-completed,GBP,2024-09-19 15:34:39,27.00,APPROVED_FOR_IMPORT,,EMAIL_ONLY_D2,1,0,0,0
3982,wc-completed,GBP,2024-09-19 16:25:55,21.00,APPROVED_FOR_IMPORT,,EMAIL_ONLY_D2,1,0,0,0
3983,wc-completed,GBP,2024-09-19 17:13:58,31.99,APPROVED_FOR_IMPORT,,ASSOCIATE_GID,2,0,0,0
3989,wc-completed,GBP,2024-09-19 20:58:45,25.00,APPROVED_FOR_IMPORT,,EMAIL_ONLY_D2,1,0,0,0
3990,wc-completed,GBP,2024-09-19 21:07:48,45.00,APPROVED_FOR_IMPORT,,EMAIL_ONLY_D2,2,0,0,0
3993,wc-completed,GBP,2024-09-19 22:02:30,129.00,APPROVED_FOR_IMPORT,,EMAIL_ONLY_D2,3,0,0,0
4000,wc-completed,GBP,2024-09-19 22:40:37,21.00,APPROVED_FOR_IMPORT,,EMAIL_ONLY_D2,1,0,0,0
4029,wc-completed,GBP,2024-09-20 00:36:53,109.00,APPROVED_FOR_IMPORT,,EMAIL_ONLY_D2,3,0,0,0
4057,wc-completed,GBP,2024-09-20 05:42:36,55.00,APPROVED_FOR_IMPORT,,ASSOCIATE_GID,2,0,0,0
4060,wc-failed,GBP,2024-09-20 07:34:25,41.00,APPROVED_FOR_IMPORT,,ASSOCIATE_GID,2,0,0,0
4061,wc-completed,GBP,2024-09-20 08:35:17,41.00,APPROVED_FOR_IMPORT,,EMAIL_ONLY_D2,1,0,0,0
4062,wc-completed,GBP,2024-09-20 08:38:28,36.00,APPROVED_FOR_IMPORT,,ASSOCIATE_GID,2,0,0,0
4063,wc-completed,GBP,2024-09-20 08:54:46,59.00,APPROVED_FOR_IMPORT,,EMAIL_ONLY_D2,2,0,0,0
4064,wc-completed,GBP,2024-09-20 09:43:12,219.98,APPROVED_FOR_IMPORT,,EMAIL_ONLY_D2,5,0,0,0
4065,wc-completed,GBP,2024-09-20 09:51:40,35.00,APPROVED_FOR_IMPORT,,EMAIL_ONLY_D2,1,0,0,0
4066,wc-completed,GBP,2024-09-20 10:11:51,65.00,APPROVED_FOR_IMPORT,,ASSOCIATE_GID,2,0,0,0
4068,wc-completed,GBP,2024-09-20 10:42:10,76.00,APPROVED_FOR_IMPORT,,ASSOCIATE_GID,5,0,0,0
4071,wc-completed,GBP,2024-09-20 13:20:34,23.00,APPROVED_FOR_IMPORT,,ASSOCIATE_GID,1,0,0,0
4073,wc-completed,GBP,2024-09-20 14:15:56,45.00,APPROVED_FOR_IMPORT,,EMAIL_ONLY_D2,1,0,0,0
4076,wc-completed,GBP,2024-09-20 16:02:39,30.00,APPROVED_FOR_IMPORT,,EMAIL_ONLY_D2,1,0,0,0
4080,wc-completed,GBP,2024-09-20 20:46:14,56.00,APPROVED_FOR_IMPORT,,EMAIL_ONLY_D2,3,0,0,0
4083,wc-completed,GBP,2024-09-21 06:18:35,189.99,APPROVED_FOR_IMPORT,,EMAIL_ONLY_D2,11,0,0,0
4086,wc-completed,GBP,2024-09-21 07:56:40,42.00,APPROVED_FOR_IMPORT,,EMAIL_ONLY_D2,2,0,0,0
4088,wc-completed,GBP,2024-09-21 09:16:54,23.00,APPROVED_FOR_IMPORT,,ASSOCIATE_GID,4,0,0,0
4089,wc-completed,GBP,2024-09-21 09:19:36,57.00,APPROVED_FOR_IMPORT,,EMAIL_ONLY_D2,3,0,0,0
4090,wc-completed,GBP,2024-09-21 09:24:15,30.00,APPROVED_FOR_IMPORT,,EMAIL_ONLY_D2,1,0,0,0
4093,wc-completed,GBP,2024-09-21 15:08:44,21.00,APPROVED_FOR_IMPORT,,EMAIL_ONLY_D2,1,0,0,0
4094,wc-completed,GBP,2024-09-21 15:08:45,45.00,APPROVED_FOR_IMPORT,,EMAIL_ONLY_D2,2,0,0,0
4095,wc-completed,GBP,2024-09-21 15:56:55,77.00,APPROVED_FOR_IMPORT,,EMAIL_ONLY_D2,7,0,0,0
4096,wc-completed,GBP,2024-09-21 16:10:25,41.00,APPROVED_FOR_IMPORT,,EMAIL_ONLY_D2,2,0,0,0
4097,wc-completed,GBP,2024-09-21 16:53:09,63.00,APPROVED_FOR_IMPORT,,EMAIL_ONLY_D2,3,0,0,0
4098,wc-completed,GBP,2024-09-21 17:11:18,25.00,APPROVED_FOR_IMPORT,,ASSOCIATE_GID,1,0,0,0
4099,wc-completed,GBP,2024-09-21 17:13:58,45.00,APPROVED_FOR_IMPORT,,EMAIL_ONLY_D2,2,0,0,0
4100,wc-completed,GBP,2024-09-21 19:42:19,154.00,APPROVED_FOR_IMPORT,,EMAIL_ONLY_D2,1,1,0,0
4101,wc-completed,GBP,2024-09-21 20:52:30,158.00,APPROVED_FOR_IMPORT,,ASSOCIATE_GID,8,0,0,0
4102,wc-completed,GBP,2024-09-21 22:00:58,20.00,APPROVED_FOR_IMPORT,,EMAIL_ONLY_D2,1,0,0,0
4104,wc-completed,GBP,2024-09-21 23:58:51,45.00,APPROVED_FOR_IMPORT,,EMAIL_ONLY_D2,1,0,0,0
4105,wc-completed,GBP,2024-09-22 00:55:37,45.00,APPROVED_FOR_IMPORT,,EMAIL_ONLY_D2,2,0,0,0
4107,wc-completed,GBP,2024-09-22 03:14:39,78.00,APPROVED_FOR_IMPORT,,EMAIL_ONLY_D2,4,0,0,0
4108,wc-completed,GBP,2024-09-22 06:33:27,58.00,PENDING_DECISION,D-3_unmapped_customer,UNMAPPED,3,0,0,0
4110,wc-completed,GBP,2024-09-22 08:54:54,58.99,APPROVED_FOR_IMPORT,,EMAIL_ONLY_D2,4,0,0,0
4112,wc-completed,GBP,2024-09-22 10:12:30,81.99,APPROVED_FOR_IMPORT,,ASSOCIATE_GID,5,0,0,0
4113,wc-completed,GBP,2024-09-22 11:44:43,38.00,APPROVED_FOR_IMPORT,,EMAIL_ONLY_D2,2,0,0,0
4114,wc-completed,GBP,2024-09-22 12:37:07,43.00,APPROVED_FOR_IMPORT,,EMAIL_ONLY_D2,2,0,0,0
4115,wc-completed,GBP,2024-09-22 13:03:20,29.00,APPROVED_FOR_IMPORT,,ASSOCIATE_GID,3,0,0,0
4116,wc-completed,GBP,2024-09-22 13:58:57,65.00,APPROVED_FOR_IMPORT,,EMAIL_ONLY_D2,3,0,0,0
4117,wc-completed,GBP,2024-09-22 14:20:34,85.00,APPROVED_FOR_IMPORT,,EMAIL_ONLY_D2,6,0,0,0
4118,wc-completed,GBP,2024-09-22 15:51:59,25.00,APPROVED_FOR_IMPORT,,EMAIL_ONLY_D2,1,0,0,0
4119,wc-completed,GBP,2024-09-22 17:34:34,103.00,APPROVED_FOR_IMPORT,,EMAIL_ONLY_D2,7,1,0,0
4121,wc-completed,GBP,2024-09-22 20:46:39,65.00,APPROVED_FOR_IMPORT,,EMAIL_ONLY_D2,2,0,0,0
4124,wc-completed,GBP,2024-09-22 21:51:51,54.00,APPROVED_FOR_IMPORT,,ASSOCIATE_GID,4,0,0,0
4125,wc-completed,GBP,2024-09-22 22:37:04,45.00,APPROVED_FOR_IMPORT,,EMAIL_ONLY_D2,1,0,0,0
4126,wc-completed,GBP,2024-09-22 22:43:55,48.00,APPROVED_FOR_IMPORT,,EMAIL_ONLY_D2,2,0,0,0
4128,wc-completed,GBP,2024-09-22 23:34:33,41.00,APPROVED_FOR_IMPORT,,EMAIL_ONLY_D2,2,0,0,0
4129,wc-completed,GBP,2024-09-23 01:13:43,75.00,APPROVED_FOR_IMPORT,,EMAIL_ONLY_D2,3,0,0,0
4130,wc-completed,GBP,2024-09-23 06:43:51,86.00,APPROVED_FOR_IMPORT,,ASSOCIATE_GID,5,0,0,0
4131,wc-completed,GBP,2024-09-23 07:29:26,43.00,APPROVED_FOR_IMPORT,,EMAIL_ONLY_D2,2,0,0,0
4132,wc-completed,GBP,2024-09-23 08:53:22,130.00,APPROVED_FOR_IMPORT,,EMAIL_ONLY_D2,4,0,0,0
4135,wc-completed,GBP,2024-09-23 10:04:17,45.00,APPROVED_FOR_IMPORT,,EMAIL_ONLY_D2,2,0,0,0
4136,wc-completed,GBP,2024-09-23 10:13:34,26.00,APPROVED_FOR_IMPORT,,EMAIL_ONLY_D2,2,0,0,0
4138,wc-completed,GBP,2024-09-23 11:56:11,63.00,APPROVED_FOR_IMPORT,,ASSOCIATE_GID,3,0,0,0
4140,wc-completed,GBP,2024-09-23 14:07:11,74.00,APPROVED_FOR_IMPORT,,EMAIL_ONLY_D2,5,0,0,0
4141,wc-completed,GBP,2024-09-23 14:14:41,52.00,APPROVED_FOR_IMPORT,,ASSOCIATE_GID,2,0,0,0
4142,wc-completed,GBP,2024-09-23 15:20:37,65.00,APPROVED_FOR_IMPORT,,EMAIL_ONLY_D2,2,0,0,0
4143,wc-completed,GBP,2024-09-23 15:27:21,45.00,APPROVED_FOR_IMPORT,,ASSOCIATE_GID,2,0,0,0
4144,wc-completed,GBP,2024-09-23 15:33:17,74.99,APPROVED_FOR_IMPORT,,EMAIL_ONLY_D2,3,0,0,0
4145,wc-completed,GBP,2024-09-23 15:47:07,70.00,APPROVED_FOR_IMPORT,,EMAIL_ONLY_D2,3,0,0,0
4149,wc-completed,GBP,2024-09-23 17:44:23,148.00,APPROVED_FOR_IMPORT,,EMAIL_ONLY_D2,3,0,0,0
4150,wc-completed,GBP,2024-09-23 17:47:33,25.00,APPROVED_FOR_IMPORT,,EMAIL_ONLY_D2,1,0,0,0
4158,wc-completed,GBP,2024-09-23 18:47:02,25.00,APPROVED_FOR_IMPORT,,EMAIL_ONLY_D2,1,0,0,0
4159,wc-completed,GBP,2024-09-23 19:40:27,65.00,APPROVED_FOR_IMPORT,,EMAIL_ONLY_D2,1,0,0,0
4160,wc-completed,GBP,2024-09-23 20:15:17,45.00,APPROVED_FOR_IMPORT,,EMAIL_ONLY_D2,1,0,0,0
4164,wc-completed,GBP,2024-09-23 22:55:34,55.00,APPROVED_FOR_IMPORT,,ASSOCIATE_GID,3,0,0,0
4165,wc-completed,GBP,2024-09-24 00:00:16,45.00,APPROVED_FOR_IMPORT,,ASSOCIATE_GID,2,0,0,0
4166,wc-completed,GBP,2024-09-24 01:05:19,93.00,APPROVED_FOR_IMPORT,,ASSOCIATE_GID,3,0,0,0
4167,wc-completed,GBP,2024-09-24 04:53:45,25.00,APPROVED_FOR_IMPORT,,EMAIL_ONLY_D2,1,0,0,0
4168,wc-completed,GBP,2024-09-24 06:14:04,38.00,APPROVED_FOR_IMPORT,,EMAIL_ONLY_D2,2,0,0,0
4169,wc-completed,GBP,2024-09-24 09:41:29,111.00,APPROVED_FOR_IMPORT,,ASSOCIATE_GID,5,0,0,0
4171,wc-completed,GBP,2024-09-24 11:25:31,110.00,APPROVED_FOR_IMPORT,,ASSOCIATE_GID,5,0,0,0
4172,wc-completed,GBP,2024-09-24 12:51:14,23.00,APPROVED_FOR_IMPORT,,ASSOCIATE_GID,1,0,0,0
4173,wc-completed,GBP,2024-09-24 13:44:06,25.00,APPROVED_FOR_IMPORT,,EMAIL_ONLY_D2,1,0,0,0
4174,wc-completed,GBP,2024-09-24 13:56:35,30.00,APPROVED_FOR_IMPORT,,EMAIL_ONLY_D2,1,0,0,0
4175,wc-failed,GBP,2024-09-24 14:39:58,20.00,APPROVED_FOR_IMPORT,,EMAIL_ONLY_D2,1,0,0,0
4177,wc-completed,GBP,2024-09-24 15:41:36,65.00,APPROVED_FOR_IMPORT,,EMAIL_ONLY_D2,3,0,0,0
4178,wc-completed,GBP,2024-09-24 16:18:37,49.99,APPROVED_FOR_IMPORT,,ASSOCIATE_GID,3,0,0,0
4179,wc-failed,GBP,2024-09-24 17:01:01,65.00,APPROVED_FOR_IMPORT,,ASSOCIATE_GID,3,0,0,0
4180,wc-completed,GBP,2024-09-24 18:40:33,45.00,APPROVED_FOR_IMPORT,,EMAIL_ONLY_D2,1,0,0,0
4181,wc-completed,GBP,2024-09-24 19:15:27,95.00,APPROVED_FOR_IMPORT,,EMAIL_ONLY_D2,2,0,0,0
4182,wc-completed,GBP,2024-09-24 19:38:13,48.00,APPROVED_FOR_IMPORT,,EMAIL_ONLY_D2,2,0,0,0
4183,wc-completed,GBP,2024-09-24 22:05:45,45.00,APPROVED_FOR_IMPORT,,ASSOCIATE_GID,2,0,0,0
4184,wc-completed,GBP,2024-09-24 22:12:57,103.00,APPROVED_FOR_IMPORT,,EMAIL_ONLY_D2,7,1,0,0
4185,wc-completed,GBP,2024-09-24 22:17:28,71.00,APPROVED_FOR_IMPORT,,EMAIL_ONLY_D2,3,0,0,0
4186,wc-completed,GBP,2024-09-24 23:04:00,55.00,APPROVED_FOR_IMPORT,,EMAIL_ONLY_D2,1,0,0,0
4187,wc-completed,GBP,2024-09-24 23:19:19,85.00,APPROVED_FOR_IMPORT,,EMAIL_ONLY_D2,3,0,0,0
4188,wc-completed,GBP,2024-09-25 00:07:35,65.00,APPROVED_FOR_IMPORT,,EMAIL_ONLY_D2,3,0,0,0
4189,wc-completed,GBP,2024-09-25 00:11:40,78.00,APPROVED_FOR_IMPORT,,EMAIL_ONLY_D2,4,0,0,0
4190,wc-completed,GBP,2024-09-25 01:42:47,37.00,APPROVED_FOR_IMPORT,,EMAIL_ONLY_D2,2,0,0,0
4191,wc-completed,GBP,2024-09-25 03:12:04,338.00,APPROVED_FOR_IMPORT,,EMAIL_ONLY_D2,16,2,0,0
4193,wc-completed,GBP,2024-09-25 07:53:17,100.00,APPROVED_FOR_IMPORT,,EMAIL_ONLY_D2,5,0,0,0
4194,wc-completed,GBP,2024-09-25 08:43:02,45.00,APPROVED_FOR_IMPORT,,ASSOCIATE_GID,2,0,0,0
4197,wc-completed,GBP,2024-09-25 13:57:14,67.99,APPROVED_FOR_IMPORT,,EMAIL_ONLY_D2,4,0,0,0
4198,wc-completed,GBP,2024-09-25 14:56:42,86.00,APPROVED_FOR_IMPORT,,EMAIL_ONLY_D2,2,0,0,0
4199,wc-completed,GBP,2024-09-25 15:37:20,45.00,APPROVED_FOR_IMPORT,,EMAIL_ONLY_D2,2,0,0,0
4200,wc-completed,GBP,2024-09-25 16:05:11,88.00,APPROVED_FOR_IMPORT,,EMAIL_ONLY_D2,3,0,0,0
4201,wc-completed,GBP,2024-09-25 16:21:36,113.00,APPROVED_FOR_IMPORT,,EMAIL_ONLY_D2,4,0,0,0
4203,wc-completed,GBP,2024-09-25 17:53:19,35.00,APPROVED_FOR_IMPORT,,EMAIL_ONLY_D2,1,0,0,0
4204,wc-completed,GBP,2024-09-25 18:00:51,67.49,APPROVED_FOR_IMPORT,,EMAIL_ONLY_D2,4,0,0,0
4205,wc-failed,GBP,2024-09-25 18:01:11,86.00,APPROVED_FOR_IMPORT,,ASSOCIATE_GID,2,0,0,0
4206,wc-completed,GBP,2024-09-25 18:10:46,25.00,APPROVED_FOR_IMPORT,,EMAIL_ONLY_D2,1,0,0,0
4208,wc-completed,GBP,2024-09-25 19:15:02,65.00,APPROVED_FOR_IMPORT,,ASSOCIATE_GID,3,0,0,0
4209,wc-completed,GBP,2024-09-25 19:27:39,115.00,APPROVED_FOR_IMPORT,,EMAIL_ONLY_D2,5,0,0,0
4210,wc-completed,GBP,2024-09-25 19:40:20,45.00,APPROVED_FOR_IMPORT,,ASSOCIATE_GID,2,0,0,0
4211,wc-completed,GBP,2024-09-25 19:58:52,50.00,APPROVED_FOR_IMPORT,,EMAIL_ONLY_D2,1,0,0,0
4217,wc-completed,GBP,2024-09-25 20:54:38,102.00,PENDING_DECISION,D-3_unmapped_customer,UNMAPPED,5,0,0,0
4218,wc-completed,GBP,2024-09-25 20:59:01,45.00,APPROVED_FOR_IMPORT,,EMAIL_ONLY_D2,1,0,0,0
4219,wc-completed,GBP,2024-09-25 23:17:08,25.00,APPROVED_FOR_IMPORT,,EMAIL_ONLY_D2,1,0,0,0
4220,wc-completed,GBP,2024-09-26 00:05:53,41.00,APPROVED_FOR_IMPORT,,EMAIL_ONLY_D2,2,0,0,0
4221,wc-completed,GBP,2024-09-26 08:22:02,67.97,APPROVED_FOR_IMPORT,,EMAIL_ONLY_D2,2,0,0,0
4223,wc-completed,GBP,2024-09-26 09:50:23,45.00,APPROVED_FOR_IMPORT,,ASSOCIATE_GID,2,0,0,0
4225,wc-completed,GBP,2024-09-26 10:37:34,53.00,APPROVED_FOR_IMPORT,,EMAIL_ONLY_D2,3,0,0,0
4226,wc-completed,GBP,2024-09-26 10:44:07,35.00,APPROVED_FOR_IMPORT,,EMAIL_ONLY_D2,1,0,0,0
4227,wc-completed,GBP,2024-09-26 11:09:19,14.00,APPROVED_FOR_IMPORT,,EMAIL_ONLY_D2,1,0,0,0
4229,wc-completed,GBP,2024-09-26 12:20:25,15.00,PENDING_DECISION,D-3_unmapped_customer,UNMAPPED,1,0,0,0
4230,wc-completed,GBP,2024-09-26 13:37:54,35.00,APPROVED_FOR_IMPORT,,EMAIL_ONLY_D2,1,0,0,0
4231,wc-completed,GBP,2024-09-26 14:30:36,50.00,APPROVED_FOR_IMPORT,,EMAIL_ONLY_D2,2,0,0,0
4232,wc-completed,GBP,2024-09-26 15:12:10,77.99,APPROVED_FOR_IMPORT,,EMAIL_ONLY_D2,4,0,0,0
4233,wc-completed,GBP,2024-09-26 15:14:54,84.00,APPROVED_FOR_IMPORT,,ASSOCIATE_GID,3,0,0,0
4234,wc-completed,GBP,2024-09-26 15:39:57,25.00,APPROVED_FOR_IMPORT,,EMAIL_ONLY_D2,1,0,0,0
4235,wc-completed,GBP,2024-09-26 16:07:32,59.00,APPROVED_FOR_IMPORT,,ASSOCIATE_GID,3,0,0,0
4236,wc-completed,GBP,2024-09-26 17:44:51,75.00,APPROVED_FOR_IMPORT,,EMAIL_ONLY_D2,3,0,0,0
4237,wc-completed,GBP,2024-09-26 19:18:57,66.00,APPROVED_FOR_IMPORT,,EMAIL_ONLY_D2,3,0,0,0
4238,wc-completed,GBP,2024-09-26 20:09:44,49.00,APPROVED_FOR_IMPORT,,ASSOCIATE_GID,2,0,0,0
4239,wc-completed,GBP,2024-09-26 20:38:06,34.00,APPROVED_FOR_IMPORT,,EMAIL_ONLY_D2,2,0,0,0
4240,wc-completed,GBP,2024-09-26 21:26:01,30.00,APPROVED_FOR_IMPORT,,EMAIL_ONLY_D2,1,0,0,0
4242,wc-completed,GBP,2024-09-26 22:17:29,47.00,APPROVED_FOR_IMPORT,,EMAIL_ONLY_D2,3,0,0,0
4243,wc-completed,GBP,2024-09-26 22:18:35,43.00,APPROVED_FOR_IMPORT,,EMAIL_ONLY_D2,2,0,0,0
4248,wc-completed,GBP,2024-09-27 02:51:03,107.00,APPROVED_FOR_IMPORT,,EMAIL_ONLY_D2,5,0,0,0
4249,wc-completed,GBP,2024-09-27 07:25:44,46.00,APPROVED_FOR_IMPORT,,EMAIL_ONLY_D2,2,0,0,0
4250,wc-completed,GBP,2024-09-27 07:32:15,30.00,APPROVED_FOR_IMPORT,,EMAIL_ONLY_D2,1,0,0,0
4251,wc-completed,GBP,2024-09-27 08:14:48,101.00,APPROVED_FOR_IMPORT,,EMAIL_ONLY_D2,4,0,0,1
4252,wc-completed,GBP,2024-09-27 09:03:37,45.00,APPROVED_FOR_IMPORT,,EMAIL_ONLY_D2,2,0,0,0
4254,wc-completed,GBP,2024-09-27 11:21:07,80.00,APPROVED_FOR_IMPORT,,ASSOCIATE_GID,3,0,0,0
4255,wc-completed,GBP,2024-09-27 11:54:14,60.00,APPROVED_FOR_IMPORT,,ASSOCIATE_GID,3,0,0,0
4257,wc-completed,GBP,2024-09-27 12:29:24,87.00,PENDING_DECISION,D-3_unmapped_customer,UNMAPPED,4,0,0,0
4258,wc-completed,GBP,2024-09-27 13:26:45,35.00,APPROVED_FOR_IMPORT,,ASSOCIATE_GID,1,0,0,0
4259,wc-completed,GBP,2024-09-27 14:53:14,43.00,PENDING_DECISION,D-3_unmapped_customer,UNMAPPED,2,0,0,0
4260,wc-completed,GBP,2024-09-27 14:56:36,73.00,APPROVED_FOR_IMPORT,,ASSOCIATE_GID,3,0,0,0
4261,wc-completed,GBP,2024-09-27 15:14:03,61.00,APPROVED_FOR_IMPORT,,ASSOCIATE_GID,2,0,0,0
4262,wc-completed,GBP,2024-09-27 15:34:55,58.00,APPROVED_FOR_IMPORT,,EMAIL_ONLY_D2,3,0,0,1
4263,wc-completed,GBP,2024-09-27 15:49:43,74.99,APPROVED_FOR_IMPORT,,ASSOCIATE_GID,4,1,0,0
4264,wc-completed,GBP,2024-09-27 15:53:04,55.00,APPROVED_FOR_IMPORT,,EMAIL_ONLY_D2,3,0,0,0
4265,wc-completed,GBP,2024-09-27 17:10:09,25.00,APPROVED_FOR_IMPORT,,EMAIL_ONLY_D2,1,0,0,0
4266,wc-completed,GBP,2024-09-27 17:13:09,51.00,PENDING_DECISION,D-3_unmapped_customer,UNMAPPED,3,0,0,0
4267,wc-completed,GBP,2024-09-27 18:24:25,23.00,APPROVED_FOR_IMPORT,,EMAIL_ONLY_D2,1,0,0,0
4268,wc-completed,GBP,2024-09-27 18:31:56,68.00,APPROVED_FOR_IMPORT,,EMAIL_ONLY_D2,3,0,0,0
4269,wc-completed,GBP,2024-09-27 19:21:00,96.00,APPROVED_FOR_IMPORT,,EMAIL_ONLY_D2,3,0,0,0
4270,wc-completed,GBP,2024-09-27 19:33:47,45.00,APPROVED_FOR_IMPORT,,EMAIL_ONLY_D2,2,0,0,0
4275,wc-completed,GBP,2024-09-27 20:36:44,163.00,APPROVED_FOR_IMPORT,,ASSOCIATE_GID,8,2,0,0
4277,wc-completed,GBP,2024-09-27 20:54:16,204.00,APPROVED_FOR_IMPORT,,EMAIL_ONLY_D2,9,0,0,0
4278,wc-completed,GBP,2024-09-27 21:11:04,101.00,APPROVED_FOR_IMPORT,,ASSOCIATE_GID,4,0,0,0
4279,wc-completed,GBP,2024-09-27 21:28:51,122.00,APPROVED_FOR_IMPORT,,EMAIL_ONLY_D2,5,0,0,0
4283,wc-completed,GBP,2024-09-28 03:03:37,40.00,APPROVED_FOR_IMPORT,,EMAIL_ONLY_D2,2,0,0,0
4286,wc-completed,GBP,2024-09-28 08:18:02,396.00,APPROVED_FOR_IMPORT,,ASSOCIATE_GID,23,3,2,0
4288,wc-completed,GBP,2024-09-28 10:14:15,66.00,APPROVED_FOR_IMPORT,,EMAIL_ONLY_D2,3,0,0,0
4289,wc-completed,GBP,2024-09-28 10:31:00,30.00,APPROVED_FOR_IMPORT,,ASSOCIATE_GID,1,0,0,0
4291,wc-completed,GBP,2024-09-28 11:57:06,22.00,APPROVED_FOR_IMPORT,,EMAIL_ONLY_D2,1,0,0,0
4296,wc-completed,GBP,2024-09-28 12:11:18,61.00,APPROVED_FOR_IMPORT,,EMAIL_ONLY_D2,3,0,0,0
4298,wc-completed,GBP,2024-09-28 12:14:36,101.00,APPROVED_FOR_IMPORT,,EMAIL_ONLY_D2,5,0,0,0
4299,wc-completed,GBP,2024-09-28 12:20:27,43.00,APPROVED_FOR_IMPORT,,ASSOCIATE_GID,2,0,0,0
4302,wc-completed,GBP,2024-09-28 13:06:23,9.00,APPROVED_FOR_IMPORT,,EMAIL_ONLY_D2,1,0,0,0
4303,wc-completed,GBP,2024-09-28 13:25:51,72.00,APPROVED_FOR_IMPORT,,EMAIL_ONLY_D2,3,0,0,0
4304,wc-completed,GBP,2024-09-28 14:14:10,52.98,APPROVED_FOR_IMPORT,,ASSOCIATE_GID,4,0,0,0
4305,wc-completed,GBP,2024-09-28 14:44:06,86.00,APPROVED_FOR_IMPORT,,EMAIL_ONLY_D2,3,1,0,0
4306,wc-completed,GBP,2024-09-28 15:36:07,22.00,APPROVED_FOR_IMPORT,,EMAIL_ONLY_D2,2,0,0,0
4307,wc-completed,GBP,2024-09-28 15:55:33,30.00,APPROVED_FOR_IMPORT,,EMAIL_ONLY_D2,1,0,0,0
4309,wc-completed,GBP,2024-09-28 16:12:44,135.00,APPROVED_FOR_IMPORT,,EMAIL_ONLY_D2,6,0,0,0
4310,wc-completed,GBP,2024-09-28 16:45:29,45.00,APPROVED_FOR_IMPORT,,EMAIL_ONLY_D2,1,0,0,0
4311,wc-completed,GBP,2024-09-28 17:16:31,73.00,APPROVED_FOR_IMPORT,,ASSOCIATE_GID,3,0,0,0
4313,wc-completed,GBP,2024-09-28 18:33:06,87.00,APPROVED_FOR_IMPORT,,EMAIL_ONLY_D2,4,0,0,0
4314,wc-completed,GBP,2024-09-28 19:22:49,45.00,APPROVED_FOR_IMPORT,,EMAIL_ONLY_D2,2,0,0,0
4315,wc-completed,GBP,2024-09-28 19:58:09,40.00,APPROVED_FOR_IMPORT,,EMAIL_ONLY_D2,2,0,0,0
4317,wc-completed,GBP,2024-09-28 21:36:45,51.99,APPROVED_FOR_IMPORT,,EMAIL_ONLY_D2,3,0,0,0
4318,wc-completed,GBP,2024-09-28 22:20:29,25.00,APPROVED_FOR_IMPORT,,EMAIL_ONLY_D2,1,0,0,0
4320,wc-failed,GBP,2024-09-28 23:55:57,95.00,APPROVED_FOR_IMPORT,,EMAIL_ONLY_D2,3,1,0,0
4323,wc-completed,GBP,2024-09-29 05:44:32,72.00,APPROVED_FOR_IMPORT,,EMAIL_ONLY_D2,4,0,0,0
4325,wc-completed,GBP,2024-09-29 07:24:28,165.00,PENDING_DECISION,D-3_unmapped_customer,UNMAPPED,6,0,0,0
4326,wc-completed,GBP,2024-09-29 07:49:45,32.00,APPROVED_FOR_IMPORT,,ASSOCIATE_GID,2,0,0,0
4327,wc-completed,GBP,2024-09-29 10:05:47,69.99,APPROVED_FOR_IMPORT,,EMAIL_ONLY_D2,4,0,0,0
4328,wc-completed,GBP,2024-09-29 10:35:16,76.99,APPROVED_FOR_IMPORT,,EMAIL_ONLY_D2,5,1,0,0
4330,wc-completed,GBP,2024-09-29 11:32:09,25.00,APPROVED_FOR_IMPORT,,EMAIL_ONLY_D2,1,0,0,0
4331,wc-completed,GBP,2024-09-29 12:44:52,87.98,APPROVED_FOR_IMPORT,,EMAIL_ONLY_D2,5,0,0,0
4332,wc-completed,GBP,2024-09-29 15:21:22,35.00,APPROVED_FOR_IMPORT,,EMAIL_ONLY_D2,1,0,0,0
4333,wc-completed,GBP,2024-09-29 18:02:27,65.00,APPROVED_FOR_IMPORT,,EMAIL_ONLY_D2,3,0,0,0
4334,wc-completed,GBP,2024-09-29 18:09:27,72.00,APPROVED_FOR_IMPORT,,EMAIL_ONLY_D2,4,0,1,0
4335,wc-completed,GBP,2024-09-29 18:54:11,45.00,APPROVED_FOR_IMPORT,,EMAIL_ONLY_D2,2,0,0,0
4336,wc-completed,GBP,2024-09-29 19:58:17,16.00,APPROVED_FOR_IMPORT,,EMAIL_ONLY_D2,1,0,0,0
4337,wc-completed,GBP,2024-09-29 20:35:15,42.00,APPROVED_FOR_IMPORT,,EMAIL_ONLY_D2,2,0,0,0
4340,wc-completed,GBP,2024-09-29 21:41:16,111.00,APPROVED_FOR_IMPORT,,EMAIL_ONLY_D2,1,0,0,0
4342,wc-completed,GBP,2024-09-29 23:44:04,16.00,APPROVED_FOR_IMPORT,,EMAIL_ONLY_D2,1,0,0,0
4343,wc-completed,GBP,2024-09-30 00:07:39,143.00,APPROVED_FOR_IMPORT,,EMAIL_ONLY_D2,6,0,0,0
4347,wc-completed,GBP,2024-09-30 07:27:53,45.00,APPROVED_FOR_IMPORT,,EMAIL_ONLY_D2,2,0,0,0
4348,wc-completed,GBP,2024-09-30 09:22:30,46.00,APPROVED_FOR_IMPORT,,EMAIL_ONLY_D2,3,0,0,0
4349,wc-completed,GBP,2024-09-30 09:57:04,98.00,APPROVED_FOR_IMPORT,,EMAIL_ONLY_D2,5,0,0,0
4350,wc-completed,GBP,2024-09-30 10:24:24,90.00,APPROVED_FOR_IMPORT,,ASSOCIATE_GID,2,0,0,0
4351,wc-completed,GBP,2024-09-30 12:02:17,41.00,APPROVED_FOR_IMPORT,,EMAIL_ONLY_D2,2,0,0,0
4352,wc-completed,GBP,2024-09-30 12:07:15,30.00,APPROVED_FOR_IMPORT,,EMAIL_ONLY_D2,1,0,0,0
4353,wc-completed,GBP,2024-09-30 12:12:08,25.00,APPROVED_FOR_IMPORT,,ASSOCIATE_GID,1,0,0,0
4354,wc-completed,GBP,2024-09-30 12:29:10,56.00,APPROVED_FOR_IMPORT,,EMAIL_ONLY_D2,3,0,0,0
4355,wc-completed,GBP,2024-09-30 13:15:37,52.00,APPROVED_FOR_IMPORT,,EMAIL_ONLY_D2,2,0,0,0
4356,wc-completed,GBP,2024-09-30 13:44:32,25.00,APPROVED_FOR_IMPORT,,EMAIL_ONLY_D2,1,0,0,0
4357,wc-completed,GBP,2024-09-30 14:44:08,50.00,APPROVED_FOR_IMPORT,,EMAIL_ONLY_D2,1,0,0,0
4358,wc-completed,GBP,2024-09-30 15:00:07,50.00,APPROVED_FOR_IMPORT,,EMAIL_ONLY_D2,3,0,0,0
4361,wc-completed,GBP,2024-09-30 19:15:54,51.98,APPROVED_FOR_IMPORT,,ASSOCIATE_GID,3,0,0,0
4362,wc-completed,GBP,2024-09-30 19:29:28,76.00,APPROVED_FOR_IMPORT,,EMAIL_ONLY_D2,4,0,0,0
4363,wc-completed,GBP,2024-09-30 19:37:47,104.00,APPROVED_FOR_IMPORT,,EMAIL_ONLY_D2,5,0,0,0
4364,wc-completed,GBP,2024-09-30 20:24:23,60.00,APPROVED_FOR_IMPORT,,EMAIL_ONLY_D2,3,0,0,0
4365,wc-completed,GBP,2024-09-30 20:39:20,63.99,APPROVED_FOR_IMPORT,,EMAIL_ONLY_D2,3,0,0,0
4367,wc-completed,GBP,2024-09-30 21:11:15,51.00,APPROVED_FOR_IMPORT,,EMAIL_ONLY_D2,3,0,0,0
4368,wc-completed,GBP,2024-09-30 22:13:43,74.00,APPROVED_FOR_IMPORT,,EMAIL_ONLY_D2,4,1,0,0
4369,wc-completed,GBP,2024-09-30 22:44:57,52.00,APPROVED_FOR_IMPORT,,EMAIL_ONLY_D2,4,0,0,0
4371,wc-completed,GBP,2024-09-30 23:07:49,78.00,APPROVED_FOR_IMPORT,,EMAIL_ONLY_D2,4,0,0,0
4373,wc-completed,GBP,2024-09-30 23:57:59,65.00,APPROVED_FOR_IMPORT,,EMAIL_ONLY_D2,2,0,0,0
4374,wc-completed,GBP,2024-10-01 00:48:01,102.00,APPROVED_FOR_IMPORT,,ASSOCIATE_GID,5,1,1,0
4376,wc-completed,GBP,2024-10-01 03:20:09,38.00,APPROVED_FOR_IMPORT,,EMAIL_ONLY_D2,2,0,0,0
4377,wc-completed,GBP,2024-10-01 07:46:14,66.00,APPROVED_FOR_IMPORT,,ASSOCIATE_GID,3,0,0,0
4378,wc-completed,GBP,2024-10-01 09:45:48,136.00,APPROVED_FOR_IMPORT,,ASSOCIATE_GID,6,0,0,0
4379,wc-completed,GBP,2024-10-01 10:13:22,27.99,APPROVED_FOR_IMPORT,,ASSOCIATE_GID,2,0,0,0
4380,wc-completed,GBP,2024-10-01 10:36:24,69.00,APPROVED_FOR_IMPORT,,EMAIL_ONLY_D2,4,0,0,0
4381,wc-completed,GBP,2024-10-01 12:30:31,23.00,APPROVED_FOR_IMPORT,,EMAIL_ONLY_D2,1,0,0,0
4382,wc-completed,GBP,2024-10-01 12:45:43,117.00,APPROVED_FOR_IMPORT,,ASSOCIATE_GID,7,0,0,0
4383,wc-completed,GBP,2024-10-01 12:56:46,82.00,APPROVED_FOR_IMPORT,,EMAIL_ONLY_D2,3,0,0,0
4384,wc-completed,GBP,2024-10-01 13:43:23,115.00,APPROVED_FOR_IMPORT,,EMAIL_ONLY_D2,5,0,0,0
4385,wc-completed,GBP,2024-10-01 14:39:45,37.00,APPROVED_FOR_IMPORT,,EMAIL_ONLY_D2,1,0,0,0
4386,wc-completed,GBP,2024-10-01 15:13:48,57.00,APPROVED_FOR_IMPORT,,EMAIL_ONLY_D2,3,0,0,0
4388,wc-completed,GBP,2024-10-01 16:17:04,50.49,APPROVED_FOR_IMPORT,,ASSOCIATE_GID,5,0,0,0
4389,wc-completed,GBP,2024-10-01 16:42:23,50.00,APPROVED_FOR_IMPORT,,EMAIL_ONLY_D2,2,0,0,0
4390,wc-completed,GBP,2024-10-01 17:15:27,70.00,APPROVED_FOR_IMPORT,,ASSOCIATE_GID,2,0,0,0
4392,wc-completed,GBP,2024-10-01 18:17:58,50.00,APPROVED_FOR_IMPORT,,EMAIL_ONLY_D2,2,0,0,0
4393,wc-completed,GBP,2024-10-01 18:31:41,43.99,APPROVED_FOR_IMPORT,,EMAIL_ONLY_D2,3,0,0,0
4394,wc-completed,GBP,2024-10-01 19:46:12,20.00,APPROVED_FOR_IMPORT,,EMAIL_ONLY_D2,1,0,0,0
4395,wc-completed,GBP,2024-10-01 19:49:39,38.00,PENDING_DECISION,D-3_unmapped_customer,UNMAPPED,2,0,0,0
4396,wc-completed,GBP,2024-10-01 19:55:45,92.00,APPROVED_FOR_IMPORT,,EMAIL_ONLY_D2,3,0,0,0
4397,wc-completed,GBP,2024-10-01 20:26:00,35.00,APPROVED_FOR_IMPORT,,EMAIL_ONLY_D2,1,0,0,0
4398,wc-completed,GBP,2024-10-01 21:13:37,25.00,APPROVED_FOR_IMPORT,,EMAIL_ONLY_D2,1,0,0,0
4400,wc-completed,GBP,2024-10-01 22:06:16,25.00,APPROVED_FOR_IMPORT,,ASSOCIATE_GID,1,0,0,0
4401,wc-completed,GBP,2024-10-01 22:09:47,50.00,APPROVED_FOR_IMPORT,,EMAIL_ONLY_D2,3,0,0,0
4402,wc-completed,GBP,2024-10-01 22:23:45,105.00,APPROVED_FOR_IMPORT,,EMAIL_ONLY_D2,7,0,0,0
4403,wc-completed,GBP,2024-10-01 22:38:46,77.00,APPROVED_FOR_IMPORT,,EMAIL_ONLY_D2,5,0,0,0
4405,wc-completed,GBP,2024-10-01 23:26:45,92.00,APPROVED_FOR_IMPORT,,EMAIL_ONLY_D2,4,0,0,0
4407,wc-completed,GBP,2024-10-02 00:35:18,120.00,APPROVED_FOR_IMPORT,,ASSOCIATE_GID,6,0,0,0
4408,wc-completed,GBP,2024-10-02 06:29:00,92.00,APPROVED_FOR_IMPORT,,EMAIL_ONLY_D2,4,0,0,0
4409,wc-completed,GBP,2024-10-02 06:39:56,45.00,APPROVED_FOR_IMPORT,,EMAIL_ONLY_D2,2,0,0,0
4411,wc-completed,GBP,2024-10-02 09:26:37,25.00,APPROVED_FOR_IMPORT,,EMAIL_ONLY_D2,1,0,0,0
4413,wc-completed,GBP,2024-10-02 10:33:02,105.99,APPROVED_FOR_IMPORT,,ASSOCIATE_GID,6,0,0,0
4416,wc-completed,GBP,2024-10-02 12:44:26,102.00,APPROVED_FOR_IMPORT,,ASSOCIATE_GID,4,0,0,0
4417,wc-completed,GBP,2024-10-02 12:56:48,35.00,APPROVED_FOR_IMPORT,,EMAIL_ONLY_D2,1,0,0,0
4418,wc-completed,GBP,2024-10-02 13:00:27,69.00,APPROVED_FOR_IMPORT,,EMAIL_ONLY_D2,4,0,0,0
4419,wc-completed,GBP,2024-10-02 13:09:57,58.00,APPROVED_FOR_IMPORT,,EMAIL_ONLY_D2,2,0,0,0
4420,wc-completed,GBP,2024-10-02 13:13:42,36.00,APPROVED_FOR_IMPORT,,EMAIL_ONLY_D2,2,0,0,0
4421,wc-completed,GBP,2024-10-02 13:13:46,56.00,APPROVED_FOR_IMPORT,,EMAIL_ONLY_D2,3,0,0,0
4422,wc-failed,GBP,2024-10-02 13:42:51,25.00,APPROVED_FOR_IMPORT,,EMAIL_ONLY_D2,1,0,0,0
4424,wc-completed,GBP,2024-10-02 15:13:59,25.00,APPROVED_FOR_IMPORT,,EMAIL_ONLY_D2,1,0,0,0
4425,wc-completed,GBP,2024-10-02 15:51:47,57.00,APPROVED_FOR_IMPORT,,EMAIL_ONLY_D2,2,0,0,0
4426,wc-completed,GBP,2024-10-02 15:55:54,30.00,PENDING_DECISION,D-3_unmapped_customer,UNMAPPED,2,0,0,0
4427,wc-completed,GBP,2024-10-02 16:41:20,25.00,APPROVED_FOR_IMPORT,,EMAIL_ONLY_D2,1,0,0,0
4428,wc-completed,GBP,2024-10-02 17:30:59,207.00,APPROVED_FOR_IMPORT,,EMAIL_ONLY_D2,10,0,0,0
4429,wc-completed,GBP,2024-10-02 19:18:17,75.00,APPROVED_FOR_IMPORT,,EMAIL_ONLY_D2,5,0,0,0
4431,wc-completed,GBP,2024-10-02 19:19:57,63.00,APPROVED_FOR_IMPORT,,EMAIL_ONLY_D2,3,0,0,0
4432,wc-completed,GBP,2024-10-02 19:30:08,98.00,APPROVED_FOR_IMPORT,,EMAIL_ONLY_D2,5,0,0,0
4433,wc-completed,GBP,2024-10-02 19:56:58,86.00,APPROVED_FOR_IMPORT,,EMAIL_ONLY_D2,3,0,0,0
4434,wc-completed,GBP,2024-10-02 20:18:58,70.00,APPROVED_FOR_IMPORT,,EMAIL_ONLY_D2,3,0,0,0
4435,wc-completed,GBP,2024-10-02 20:29:01,30.00,APPROVED_FOR_IMPORT,,EMAIL_ONLY_D2,1,0,0,0
4436,wc-completed,GBP,2024-10-02 20:51:30,68.00,APPROVED_FOR_IMPORT,,EMAIL_ONLY_D2,3,0,0,0
4438,wc-completed,GBP,2024-10-02 21:12:34,53.00,APPROVED_FOR_IMPORT,,EMAIL_ONLY_D2,2,0,0,0
4439,wc-completed,GBP,2024-10-02 21:16:13,76.00,APPROVED_FOR_IMPORT,,EMAIL_ONLY_D2,5,0,0,0
4440,wc-completed,GBP,2024-10-02 21:31:26,23.00,PENDING_DECISION,D-3_unmapped_customer,UNMAPPED,1,0,0,0
4441,wc-completed,GBP,2024-10-02 22:05:23,35.00,APPROVED_FOR_IMPORT,,EMAIL_ONLY_D2,1,0,0,0
4442,wc-completed,GBP,2024-10-02 22:16:34,62.99,APPROVED_FOR_IMPORT,,EMAIL_ONLY_D2,4,0,0,0
4444,wc-completed,GBP,2024-10-02 22:55:08,93.00,APPROVED_FOR_IMPORT,,EMAIL_ONLY_D2,5,0,0,0
4445,wc-completed,GBP,2024-10-03 00:20:52,15.00,APPROVED_FOR_IMPORT,,EMAIL_ONLY_D2,1,0,0,0
4446,wc-completed,GBP,2024-10-03 00:54:17,35.00,APPROVED_FOR_IMPORT,,EMAIL_ONLY_D2,1,0,0,0
4448,wc-completed,GBP,2024-10-03 06:35:11,30.00,APPROVED_FOR_IMPORT,,EMAIL_ONLY_D2,1,0,0,0
4449,wc-completed,GBP,2024-10-03 07:25:32,25.00,APPROVED_FOR_IMPORT,,EMAIL_ONLY_D2,1,0,0,0
4450,wc-completed,GBP,2024-10-03 07:54:33,52.00,APPROVED_FOR_IMPORT,,ASSOCIATE_GID,2,0,0,0
4451,wc-completed,GBP,2024-10-03 08:10:16,81.00,APPROVED_FOR_IMPORT,,ASSOCIATE_GID,4,0,0,0
4452,wc-cancelled,GBP,2024-10-03 09:47:37,52.00,APPROVED_FOR_IMPORT,,EMAIL_ONLY_D2,3,0,0,0
4453,wc-completed,GBP,2024-10-03 11:48:31,39.00,APPROVED_FOR_IMPORT,,EMAIL_ONLY_D2,2,0,0,0
4456,wc-completed,GBP,2024-10-03 12:04:25,60.00,APPROVED_FOR_IMPORT,,EMAIL_ONLY_D2,1,0,0,0
4458,wc-completed,GBP,2024-10-03 13:29:11,60.00,APPROVED_FOR_IMPORT,,EMAIL_ONLY_D2,3,0,0,0
4459,wc-completed,GBP,2024-10-03 13:39:45,52.00,APPROVED_FOR_IMPORT,,EMAIL_ONLY_D2,3,0,0,0
4460,wc-completed,GBP,2024-10-03 13:53:36,75.00,APPROVED_FOR_IMPORT,,EMAIL_ONLY_D2,3,1,0,0
4462,wc-completed,GBP,2024-10-03 14:52:14,160.00,APPROVED_FOR_IMPORT,,ASSOCIATE_GID,7,0,0,0
4463,wc-completed,GBP,2024-10-03 15:26:22,58.00,APPROVED_FOR_IMPORT,,EMAIL_ONLY_D2,3,0,0,0
4464,wc-completed,GBP,2024-10-03 15:42:01,20.00,APPROVED_FOR_IMPORT,,EMAIL_ONLY_D2,1,0,0,0
4465,wc-completed,GBP,2024-10-03 15:46:57,43.00,APPROVED_FOR_IMPORT,,EMAIL_ONLY_D2,2,0,0,0
4466,wc-completed,GBP,2024-10-03 17:18:19,25.00,APPROVED_FOR_IMPORT,,EMAIL_ONLY_D2,1,0,0,0
4468,wc-completed,GBP,2024-10-03 17:45:28,57.00,APPROVED_FOR_IMPORT,,EMAIL_ONLY_D2,3,0,0,0
4470,wc-completed,GBP,2024-10-03 18:01:32,114.99,APPROVED_FOR_IMPORT,,ASSOCIATE_GID,5,0,0,0
4473,wc-completed,GBP,2024-10-03 19:34:12,56.00,APPROVED_FOR_IMPORT,,ASSOCIATE_GID,3,0,0,0
4475,wc-completed,GBP,2024-10-03 21:04:45,56.00,APPROVED_FOR_IMPORT,,EMAIL_ONLY_D2,2,0,0,0
4476,wc-completed,GBP,2024-10-03 21:08:06,84.00,APPROVED_FOR_IMPORT,,EMAIL_ONLY_D2,4,0,0,0
4479,wc-completed,GBP,2024-10-03 21:56:20,52.00,APPROVED_FOR_IMPORT,,EMAIL_ONLY_D2,2,0,0,0
4480,wc-completed,GBP,2024-10-03 22:00:56,97.00,APPROVED_FOR_IMPORT,,EMAIL_ONLY_D2,5,0,0,0
4481,wc-completed,GBP,2024-10-03 22:15:36,24.00,APPROVED_FOR_IMPORT,,EMAIL_ONLY_D2,2,0,0,0
4482,wc-completed,GBP,2024-10-03 22:22:52,23.00,APPROVED_FOR_IMPORT,,EMAIL_ONLY_D2,1,0,0,0
4483,wc-completed,GBP,2024-10-03 22:30:54,127.00,APPROVED_FOR_IMPORT,,EMAIL_ONLY_D2,6,0,0,0
4484,wc-completed,GBP,2024-10-03 23:19:48,68.00,APPROVED_FOR_IMPORT,,EMAIL_ONLY_D2,3,0,0,0
4485,wc-completed,GBP,2024-10-03 23:26:36,48.00,APPROVED_FOR_IMPORT,,EMAIL_ONLY_D2,2,0,0,1
4486,wc-completed,GBP,2024-10-03 23:56:19,30.00,APPROVED_FOR_IMPORT,,EMAIL_ONLY_D2,1,0,0,0
4487,wc-completed,GBP,2024-10-03 23:56:39,18.00,APPROVED_FOR_IMPORT,,EMAIL_ONLY_D2,1,0,0,0
4488,wc-completed,GBP,2024-10-04 02:07:04,45.00,APPROVED_FOR_IMPORT,,ASSOCIATE_GID,2,0,0,0
4492,wc-completed,GBP,2024-10-04 03:41:50,30.00,APPROVED_FOR_IMPORT,,EMAIL_ONLY_D2,1,0,0,0
4493,wc-completed,GBP,2024-10-04 04:30:38,23.00,APPROVED_FOR_IMPORT,,EMAIL_ONLY_D2,1,0,0,0
4494,wc-completed,GBP,2024-10-04 08:26:13,25.00,APPROVED_FOR_IMPORT,,EMAIL_ONLY_D2,1,0,0,0
4495,wc-completed,GBP,2024-10-04 08:58:16,32.00,APPROVED_FOR_IMPORT,,ASSOCIATE_GID,1,0,0,0
4503,wc-completed,GBP,2024-10-04 14:52:01,30.00,APPROVED_FOR_IMPORT,,EMAIL_ONLY_D2,1,0,0,0
4506,wc-completed,GBP,2024-10-04 16:09:36,50.00,APPROVED_FOR_IMPORT,,EMAIL_ONLY_D2,4,0,0,0
4508,wc-completed,GBP,2024-10-04 18:17:30,21.00,APPROVED_FOR_IMPORT,,EMAIL_ONLY_D2,1,0,0,0
4509,wc-completed,GBP,2024-10-04 18:36:29,52.00,APPROVED_FOR_IMPORT,,EMAIL_ONLY_D2,3,0,0,0
4510,wc-completed,GBP,2024-10-04 18:53:45,36.00,APPROVED_FOR_IMPORT,,EMAIL_ONLY_D2,2,0,0,0
4511,wc-completed,GBP,2024-10-04 19:58:54,25.00,APPROVED_FOR_IMPORT,,EMAIL_ONLY_D2,1,0,0,0
4512,wc-completed,GBP,2024-10-04 20:15:11,60.80,APPROVED_FOR_IMPORT,,EMAIL_ONLY_D2,5,0,0,0
4516,wc-completed,GBP,2024-10-05 00:10:07,85.00,APPROVED_FOR_IMPORT,,ASSOCIATE_GID,5,0,1,0
4517,wc-completed,GBP,2024-10-05 04:33:47,63.00,APPROVED_FOR_IMPORT,,EMAIL_ONLY_D2,3,0,0,0
4518,wc-completed,GBP,2024-10-05 05:22:47,62.00,APPROVED_FOR_IMPORT,,EMAIL_ONLY_D2,3,0,0,0
4523,wc-completed,GBP,2024-10-05 08:57:05,52.00,APPROVED_FOR_IMPORT,,EMAIL_ONLY_D2,6,0,0,0
4524,wc-completed,GBP,2024-10-05 09:56:12,141.00,APPROVED_FOR_IMPORT,,ASSOCIATE_GID,5,0,0,0
4525,wc-completed,GBP,2024-10-05 10:10:52,41.00,APPROVED_FOR_IMPORT,,ASSOCIATE_GID,2,0,0,0
4526,wc-completed,GBP,2024-10-05 10:28:01,82.00,APPROVED_FOR_IMPORT,,EMAIL_ONLY_D2,4,0,0,0
4527,wc-completed,GBP,2024-10-05 11:23:15,118.00,APPROVED_FOR_IMPORT,,ASSOCIATE_GID,4,0,0,0
4530,wc-completed,GBP,2024-10-05 11:58:10,60.00,APPROVED_FOR_IMPORT,,EMAIL_ONLY_D2,3,0,0,0
4531,wc-completed,GBP,2024-10-05 12:29:11,71.00,APPROVED_FOR_IMPORT,,EMAIL_ONLY_D2,1,0,0,0
4532,wc-completed,GBP,2024-10-05 14:23:57,112.97,APPROVED_FOR_IMPORT,,EMAIL_ONLY_D2,4,0,0,0
4533,wc-completed,GBP,2024-10-05 14:42:01,38.00,APPROVED_FOR_IMPORT,,EMAIL_ONLY_D2,2,0,0,0
4537,wc-completed,GBP,2024-10-05 17:07:01,45.00,APPROVED_FOR_IMPORT,,EMAIL_ONLY_D2,2,0,0,0
4538,wc-completed,GBP,2024-10-05 17:38:15,45.00,APPROVED_FOR_IMPORT,,ASSOCIATE_GID,2,0,0,0
4539,wc-completed,GBP,2024-10-05 18:41:53,25.00,APPROVED_FOR_IMPORT,,EMAIL_ONLY_D2,1,0,0,0
4542,wc-completed,GBP,2024-10-05 21:16:31,24.00,APPROVED_FOR_IMPORT,,EMAIL_ONLY_D2,1,0,0,0
4544,wc-completed,GBP,2024-10-05 21:20:12,110.00,APPROVED_FOR_IMPORT,,EMAIL_ONLY_D2,6,0,0,0
4545,wc-completed,GBP,2024-10-05 22:26:42,45.00,APPROVED_FOR_IMPORT,,EMAIL_ONLY_D2,2,0,0,0
4552,wc-completed,GBP,2024-10-06 08:58:35,42.00,APPROVED_FOR_IMPORT,,EMAIL_ONLY_D2,2,0,0,0
4553,wc-completed,GBP,2024-10-06 09:44:02,59.00,APPROVED_FOR_IMPORT,,EMAIL_ONLY_D2,3,0,0,0
4554,wc-completed,GBP,2024-10-06 12:18:11,28.00,APPROVED_FOR_IMPORT,,EMAIL_ONLY_D2,2,0,0,0
4557,wc-completed,GBP,2024-10-06 15:29:39,25.00,APPROVED_FOR_IMPORT,,EMAIL_ONLY_D2,1,0,0,0
4561,wc-completed,GBP,2024-10-06 16:30:58,45.00,APPROVED_FOR_IMPORT,,ASSOCIATE_GID,2,0,0,0
4564,wc-completed,GBP,2024-10-06 18:35:34,62.00,APPROVED_FOR_IMPORT,,EMAIL_ONLY_D2,3,0,0,0
4566,wc-completed,GBP,2024-10-06 20:17:59,25.00,APPROVED_FOR_IMPORT,,EMAIL_ONLY_D2,1,0,0,0
4569,wc-completed,GBP,2024-10-06 21:57:59,45.00,APPROVED_FOR_IMPORT,,ASSOCIATE_GID,2,0,0,0
4570,wc-completed,GBP,2024-10-06 22:33:12,56.00,APPROVED_FOR_IMPORT,,EMAIL_ONLY_D2,2,0,0,0
4572,wc-completed,GBP,2024-10-06 23:26:36,24.00,APPROVED_FOR_IMPORT,,ASSOCIATE_GID,1,0,0,0
4573,wc-completed,GBP,2024-10-07 05:02:10,98.00,APPROVED_FOR_IMPORT,,EMAIL_ONLY_D2,5,0,0,0
4575,wc-completed,GBP,2024-10-07 06:59:45,69.00,APPROVED_FOR_IMPORT,,EMAIL_ONLY_D2,4,0,0,0
4576,wc-completed,GBP,2024-10-07 07:44:38,137.00,APPROVED_FOR_IMPORT,,EMAIL_ONLY_D2,6,0,0,0
4577,wc-completed,GBP,2024-10-07 08:15:37,52.98,APPROVED_FOR_IMPORT,,EMAIL_ONLY_D2,3,0,0,0
4580,wc-completed,GBP,2024-10-07 11:20:52,39.00,APPROVED_FOR_IMPORT,,ASSOCIATE_GID,2,0,0,0
4581,wc-completed,GBP,2024-10-07 12:25:30,41.00,APPROVED_FOR_IMPORT,,EMAIL_ONLY_D2,1,0,0,0
4582,wc-completed,GBP,2024-10-07 12:37:13,61.00,APPROVED_FOR_IMPORT,,EMAIL_ONLY_D2,2,0,0,0
4583,wc-completed,GBP,2024-10-07 12:50:18,21.00,APPROVED_FOR_IMPORT,,EMAIL_ONLY_D2,1,0,0,0
4584,wc-completed,GBP,2024-10-07 13:33:47,57.00,APPROVED_FOR_IMPORT,,ASSOCIATE_GID,3,0,0,0
4585,wc-completed,GBP,2024-10-07 13:36:49,82.00,APPROVED_FOR_IMPORT,,EMAIL_ONLY_D2,5,0,0,0
4588,wc-completed,GBP,2024-10-07 18:06:24,102.00,APPROVED_FOR_IMPORT,,EMAIL_ONLY_D2,5,0,0,0
4591,wc-completed,GBP,2024-10-07 18:25:42,125.00,APPROVED_FOR_IMPORT,,EMAIL_ONLY_D2,6,0,0,0
4594,wc-completed,GBP,2024-10-07 21:39:55,35.00,APPROVED_FOR_IMPORT,,EMAIL_ONLY_D2,1,0,0,0
4596,wc-completed,GBP,2024-10-07 22:08:52,45.00,APPROVED_FOR_IMPORT,,EMAIL_ONLY_D2,2,0,0,0
4598,wc-completed,GBP,2024-10-08 00:03:44,61.00,APPROVED_FOR_IMPORT,,ASSOCIATE_GID,2,0,0,0
4600,wc-completed,GBP,2024-10-08 09:16:13,86.00,APPROVED_FOR_IMPORT,,EMAIL_ONLY_D2,4,0,0,0
4601,wc-completed,GBP,2024-10-08 09:43:14,25.00,APPROVED_FOR_IMPORT,,EMAIL_ONLY_D2,1,0,0,0
4602,wc-completed,GBP,2024-10-08 09:47:36,25.00,APPROVED_FOR_IMPORT,,EMAIL_ONLY_D2,1,0,0,0
4604,wc-completed,GBP,2024-10-08 11:29:24,45.00,APPROVED_FOR_IMPORT,,EMAIL_ONLY_D2,2,0,0,0
4605,wc-completed,GBP,2024-10-08 12:15:19,25.00,APPROVED_FOR_IMPORT,,EMAIL_ONLY_D2,1,0,0,0
4606,wc-completed,GBP,2024-10-08 13:07:28,44.00,APPROVED_FOR_IMPORT,,EMAIL_ONLY_D2,4,0,0,0
4607,wc-completed,GBP,2024-10-08 14:03:14,72.00,APPROVED_FOR_IMPORT,,EMAIL_ONLY_D2,5,0,0,0
4608,wc-completed,GBP,2024-10-08 15:18:39,45.00,APPROVED_FOR_IMPORT,,EMAIL_ONLY_D2,2,0,0,0
4609,wc-completed,GBP,2024-10-08 20:22:37,35.00,APPROVED_FOR_IMPORT,,EMAIL_ONLY_D2,1,0,0,0
4610,wc-completed,GBP,2024-10-08 23:03:44,35.00,APPROVED_FOR_IMPORT,,EMAIL_ONLY_D2,1,0,0,0
4615,wc-completed,GBP,2024-10-09 02:04:53,234.98,APPROVED_FOR_IMPORT,,EMAIL_ONLY_D2,10,0,0,0
4619,wc-completed,GBP,2024-10-09 10:41:06,30.99,APPROVED_FOR_IMPORT,,EMAIL_ONLY_D2,2,0,0,0
4624,wc-completed,GBP,2024-10-09 11:59:23,109.00,APPROVED_FOR_IMPORT,,ASSOCIATE_GID,5,0,0,0
4625,wc-completed,GBP,2024-10-09 13:23:18,64.00,APPROVED_FOR_IMPORT,,ASSOCIATE_GID,5,0,0,0
4626,wc-completed,GBP,2024-10-09 13:29:46,35.00,APPROVED_FOR_IMPORT,,EMAIL_ONLY_D2,1,0,0,0
4627,wc-completed,GBP,2024-10-09 13:46:34,136.00,APPROVED_FOR_IMPORT,,EMAIL_ONLY_D2,5,0,0,0
4631,wc-failed,GBP,2024-10-09 17:11:50,25.00,APPROVED_FOR_IMPORT,,EMAIL_ONLY_D2,1,0,0,0
4632,wc-completed,GBP,2024-10-09 17:54:10,94.00,APPROVED_FOR_IMPORT,,EMAIL_ONLY_D2,4,0,0,0
4633,wc-completed,GBP,2024-10-09 19:38:49,25.00,APPROVED_FOR_IMPORT,,EMAIL_ONLY_D2,1,0,0,0
4634,wc-completed,GBP,2024-10-09 20:31:42,20.00,APPROVED_FOR_IMPORT,,EMAIL_ONLY_D2,1,0,0,0
4640,wc-completed,GBP,2024-10-10 00:51:30,35.00,APPROVED_FOR_IMPORT,,ASSOCIATE_GID,2,0,0,0
4642,wc-completed,GBP,2024-10-10 05:49:52,65.00,APPROVED_FOR_IMPORT,,EMAIL_ONLY_D2,1,0,0,0
4643,wc-completed,GBP,2024-10-10 08:21:52,34.00,APPROVED_FOR_IMPORT,,EMAIL_ONLY_D2,2,0,0,0
4647,wc-completed,GBP,2024-10-10 10:56:08,65.00,APPROVED_FOR_IMPORT,,EMAIL_ONLY_D2,3,0,0,0
4648,wc-completed,GBP,2024-10-10 12:34:02,86.00,APPROVED_FOR_IMPORT,,EMAIL_ONLY_D2,4,0,0,0
4650,wc-completed,GBP,2024-10-10 14:50:38,37.00,APPROVED_FOR_IMPORT,,EMAIL_ONLY_D2,2,1,0,0
4651,wc-completed,GBP,2024-10-10 15:07:34,10.00,APPROVED_FOR_IMPORT,,EMAIL_ONLY_D2,1,0,0,0
4652,wc-completed,GBP,2024-10-10 16:27:10,45.00,APPROVED_FOR_IMPORT,,ASSOCIATE_GID,2,0,0,0
4653,wc-completed,GBP,2024-10-10 19:02:34,45.00,APPROVED_FOR_IMPORT,,EMAIL_ONLY_D2,2,0,0,0
4654,wc-completed,GBP,2024-10-10 20:50:49,45.00,APPROVED_FOR_IMPORT,,EMAIL_ONLY_D2,2,0,0,0
4656,wc-completed,GBP,2024-10-10 21:19:39,146.00,APPROVED_FOR_IMPORT,,EMAIL_ONLY_D2,6,0,0,0
4657,wc-completed,GBP,2024-10-10 22:32:04,45.00,APPROVED_FOR_IMPORT,,EMAIL_ONLY_D2,2,0,0,0
4658,wc-completed,GBP,2024-10-11 00:07:07,33.00,APPROVED_FOR_IMPORT,,EMAIL_ONLY_D2,2,0,0,0
4659,wc-completed,GBP,2024-10-11 01:06:44,84.99,APPROVED_FOR_IMPORT,,ASSOCIATE_GID,6,0,0,0
4660,wc-completed,GBP,2024-10-11 01:39:17,77.00,APPROVED_FOR_IMPORT,,ASSOCIATE_GID,4,0,0,0
4661,wc-completed,GBP,2024-10-11 07:21:18,55.99,APPROVED_FOR_IMPORT,,EMAIL_ONLY_D2,4,0,0,0
4662,wc-completed,GBP,2024-10-11 08:26:10,77.00,APPROVED_FOR_IMPORT,,EMAIL_ONLY_D2,3,1,0,0
4663,wc-completed,GBP,2024-10-11 09:49:19,51.99,APPROVED_FOR_IMPORT,,EMAIL_ONLY_D2,2,0,0,0
4665,wc-completed,GBP,2024-10-11 11:58:24,58.00,APPROVED_FOR_IMPORT,,ASSOCIATE_GID,3,0,0,0
4670,wc-completed,GBP,2024-10-11 13:23:45,12.00,APPROVED_FOR_IMPORT,,EMAIL_ONLY_D2,1,0,0,0
4672,wc-completed,GBP,2024-10-11 13:29:37,82.00,APPROVED_FOR_IMPORT,,ASSOCIATE_GID,4,2,0,0
4721,wc-completed,GBP,2024-10-11 18:33:53,30.00,APPROVED_FOR_IMPORT,,EMAIL_ONLY_D2,1,0,0,0
4722,wc-completed,GBP,2024-10-11 18:34:30,60.99,APPROVED_FOR_IMPORT,,EMAIL_ONLY_D2,2,0,0,0
4724,wc-completed,GBP,2024-10-11 18:37:08,60.99,APPROVED_FOR_IMPORT,,EMAIL_ONLY_D2,2,0,0,0
4727,wc-completed,GBP,2024-10-11 18:46:12,83.99,APPROVED_FOR_IMPORT,,EMAIL_ONLY_D2,3,0,0,0
4728,wc-completed,GBP,2024-10-11 18:50:30,55.00,APPROVED_FOR_IMPORT,,EMAIL_ONLY_D2,2,0,0,0
4729,wc-completed,GBP,2024-10-11 18:51:53,40.99,APPROVED_FOR_IMPORT,,EMAIL_ONLY_D2,1,0,0,0
4730,wc-completed,GBP,2024-10-11 18:53:24,50.00,APPROVED_FOR_IMPORT,,ASSOCIATE_GID,2,0,0,0
4731,wc-completed,GBP,2024-10-11 19:02:09,96.99,APPROVED_FOR_IMPORT,,EMAIL_ONLY_D2,3,0,0,0
4733,wc-completed,GBP,2024-10-11 19:07:51,56.00,APPROVED_FOR_IMPORT,,ASSOCIATE_GID,3,0,0,0
4734,wc-completed,GBP,2024-10-11 19:15:27,100.00,APPROVED_FOR_IMPORT,,ASSOCIATE_GID,3,0,0,0
4735,wc-completed,GBP,2024-10-11 19:36:51,83.00,APPROVED_FOR_IMPORT,,EMAIL_ONLY_D2,4,0,0,0
4736,wc-completed,GBP,2024-10-11 20:01:55,25.00,APPROVED_FOR_IMPORT,,EMAIL_ONLY_D2,1,0,0,0
4737,wc-completed,GBP,2024-10-11 20:48:56,337.00,APPROVED_FOR_IMPORT,,ASSOCIATE_GID,18,1,1,0
4738,wc-completed,GBP,2024-10-11 21:32:14,65.00,APPROVED_FOR_IMPORT,,EMAIL_ONLY_D2,1,0,0,0
4739,wc-completed,GBP,2024-10-11 21:32:21,40.99,APPROVED_FOR_IMPORT,,EMAIL_ONLY_D2,1,0,0,0
4740,wc-completed,GBP,2024-10-11 21:36:36,25.00,APPROVED_FOR_IMPORT,,EMAIL_ONLY_D2,1,0,0,0
4741,wc-completed,GBP,2024-10-11 22:14:41,30.00,APPROVED_FOR_IMPORT,,EMAIL_ONLY_D2,1,0,0,0
4743,wc-completed,GBP,2024-10-11 22:47:05,25.00,APPROVED_FOR_IMPORT,,EMAIL_ONLY_D2,1,0,0,0
4744,wc-completed,GBP,2024-10-11 23:01:05,30.00,APPROVED_FOR_IMPORT,,ASSOCIATE_GID,1,0,0,0
4745,wc-completed,GBP,2024-10-12 00:20:58,75.00,APPROVED_FOR_IMPORT,,EMAIL_ONLY_D2,2,0,0,0
4746,wc-completed,GBP,2024-10-12 00:54:37,35.00,APPROVED_FOR_IMPORT,,EMAIL_ONLY_D2,1,0,0,0
4747,wc-completed,GBP,2024-10-12 05:24:27,40.99,APPROVED_FOR_IMPORT,,EMAIL_ONLY_D2,1,0,0,0
4748,wc-completed,GBP,2024-10-12 05:42:07,50.00,APPROVED_FOR_IMPORT,,EMAIL_ONLY_D2,2,0,0,0
4749,wc-completed,GBP,2024-10-12 05:54:19,40.99,APPROVED_FOR_IMPORT,,EMAIL_ONLY_D2,1,0,0,0
4750,wc-completed,GBP,2024-10-12 06:02:47,21.00,APPROVED_FOR_IMPORT,,EMAIL_ONLY_D2,1,0,0,0
4752,wc-completed,GBP,2024-10-12 08:31:33,41.00,APPROVED_FOR_IMPORT,,EMAIL_ONLY_D2,2,0,0,0
4753,wc-completed,GBP,2024-10-12 08:48:19,80.99,APPROVED_FOR_IMPORT,,EMAIL_ONLY_D2,3,0,0,0
4754,wc-completed,GBP,2024-10-12 09:10:53,21.00,APPROVED_FOR_IMPORT,,EMAIL_ONLY_D2,1,0,0,0
4755,wc-completed,GBP,2024-10-12 09:26:39,40.99,APPROVED_FOR_IMPORT,,EMAIL_ONLY_D2,1,0,0,0
4756,wc-completed,GBP,2024-10-12 10:29:06,51.00,APPROVED_FOR_IMPORT,,EMAIL_ONLY_D2,3,0,0,0
4758,wc-completed,GBP,2024-10-12 11:57:24,60.00,APPROVED_FOR_IMPORT,,EMAIL_ONLY_D2,2,0,0,0
4759,wc-completed,GBP,2024-10-12 13:05:53,30.00,APPROVED_FOR_IMPORT,,EMAIL_ONLY_D2,1,0,0,0
4760,wc-completed,GBP,2024-10-12 13:08:20,25.00,APPROVED_FOR_IMPORT,,EMAIL_ONLY_D2,1,0,0,0
4761,wc-completed,GBP,2024-10-12 14:23:10,53.00,APPROVED_FOR_IMPORT,,EMAIL_ONLY_D2,3,0,0,0
4762,wc-completed,GBP,2024-10-12 14:50:22,46.99,APPROVED_FOR_IMPORT,,EMAIL_ONLY_D2,1,0,0,0
4763,wc-completed,GBP,2024-10-12 15:03:06,25.00,APPROVED_FOR_IMPORT,,EMAIL_ONLY_D2,2,0,0,0
4764,wc-completed,GBP,2024-10-12 15:32:56,86.00,APPROVED_FOR_IMPORT,,EMAIL_ONLY_D2,2,0,0,0
4765,wc-completed,GBP,2024-10-12 16:03:03,25.00,APPROVED_FOR_IMPORT,,EMAIL_ONLY_D2,1,0,0,0
4766,wc-completed,GBP,2024-10-12 16:47:04,144.00,APPROVED_FOR_IMPORT,,EMAIL_ONLY_D2,6,0,0,0
4767,wc-completed,GBP,2024-10-12 17:09:43,59.00,APPROVED_FOR_IMPORT,,EMAIL_ONLY_D2,3,0,0,0
4768,wc-completed,GBP,2024-10-12 17:14:37,63.00,APPROVED_FOR_IMPORT,,EMAIL_ONLY_D2,3,0,0,0
4769,wc-completed,GBP,2024-10-12 17:47:21,25.00,APPROVED_FOR_IMPORT,,EMAIL_ONLY_D2,1,0,0,0
4770,wc-completed,GBP,2024-10-12 19:10:47,89.00,APPROVED_FOR_IMPORT,,EMAIL_ONLY_D2,5,0,0,0
4772,wc-completed,GBP,2024-10-12 20:31:58,55.00,APPROVED_FOR_IMPORT,,EMAIL_ONLY_D2,1,0,0,0
4773,wc-completed,GBP,2024-10-12 21:19:54,112.99,APPROVED_FOR_IMPORT,,EMAIL_ONLY_D2,8,1,1,0
4774,wc-completed,GBP,2024-10-12 22:57:08,41.00,APPROVED_FOR_IMPORT,,ASSOCIATE_GID,2,0,0,0
4775,wc-completed,GBP,2024-10-13 00:25:33,38.00,APPROVED_FOR_IMPORT,,EMAIL_ONLY_D2,2,0,0,0
4776,wc-completed,GBP,2024-10-13 05:47:41,36.00,APPROVED_FOR_IMPORT,,EMAIL_ONLY_D2,1,0,0,0
4777,wc-completed,GBP,2024-10-13 07:15:53,96.00,APPROVED_FOR_IMPORT,,EMAIL_ONLY_D2,4,0,0,0
4778,wc-completed,GBP,2024-10-13 08:05:41,93.00,APPROVED_FOR_IMPORT,,ASSOCIATE_GID,4,0,0,0
4779,wc-completed,GBP,2024-10-13 08:32:29,36.99,APPROVED_FOR_IMPORT,,EMAIL_ONLY_D2,2,0,0,0
4780,wc-completed,GBP,2024-10-13 11:25:17,66.00,APPROVED_FOR_IMPORT,,EMAIL_ONLY_D2,3,0,0,0
4781,wc-completed,GBP,2024-10-13 11:33:03,56.00,APPROVED_FOR_IMPORT,,ASSOCIATE_GID,3,0,0,0
4782,wc-completed,GBP,2024-10-13 12:23:35,35.00,APPROVED_FOR_IMPORT,,EMAIL_ONLY_D2,1,0,0,0
4783,wc-completed,GBP,2024-10-13 12:35:23,30.00,APPROVED_FOR_IMPORT,,EMAIL_ONLY_D2,1,0,0,0
4784,wc-completed,GBP,2024-10-13 12:54:06,40.99,APPROVED_FOR_IMPORT,,ASSOCIATE_GID,1,0,0,0
4785,wc-completed,GBP,2024-10-13 13:13:52,51.00,APPROVED_FOR_IMPORT,,EMAIL_ONLY_D2,3,0,0,0
4786,wc-completed,GBP,2024-10-13 13:29:49,60.99,APPROVED_FOR_IMPORT,,EMAIL_ONLY_D2,2,0,0,0
4787,wc-completed,GBP,2024-10-13 14:08:07,45.00,APPROVED_FOR_IMPORT,,EMAIL_ONLY_D2,2,0,0,0
4788,wc-completed,GBP,2024-10-13 16:29:03,39.49,APPROVED_FOR_IMPORT,,EMAIL_ONLY_D2,2,0,0,0
4790,wc-completed,GBP,2024-10-13 18:20:13,61.00,APPROVED_FOR_IMPORT,,EMAIL_ONLY_D2,3,0,0,0
4791,wc-completed,GBP,2024-10-13 18:20:29,45.00,APPROVED_FOR_IMPORT,,EMAIL_ONLY_D2,1,0,0,0
4792,wc-completed,GBP,2024-10-13 19:31:15,22.00,APPROVED_FOR_IMPORT,,EMAIL_ONLY_D2,1,0,0,0
4793,wc-completed,GBP,2024-10-13 19:54:55,86.00,APPROVED_FOR_IMPORT,,EMAIL_ONLY_D2,1,0,0,0
4794,wc-completed,GBP,2024-10-13 20:38:19,25.00,APPROVED_FOR_IMPORT,,EMAIL_ONLY_D2,1,0,0,0
4795,wc-completed,GBP,2024-10-13 22:49:55,45.00,APPROVED_FOR_IMPORT,,EMAIL_ONLY_D2,2,0,0,0
4796,wc-completed,GBP,2024-10-14 02:28:26,70.00,APPROVED_FOR_IMPORT,,EMAIL_ONLY_D2,3,0,0,0
4797,wc-completed,GBP,2024-10-14 04:41:17,192.00,APPROVED_FOR_IMPORT,,EMAIL_ONLY_D2,6,0,0,0
4798,wc-completed,GBP,2024-10-14 10:09:47,25.00,APPROVED_FOR_IMPORT,,EMAIL_ONLY_D2,1,0,0,0
4799,wc-completed,GBP,2024-10-14 10:21:25,86.00,APPROVED_FOR_IMPORT,,ASSOCIATE_GID,2,0,0,0
4801,wc-completed,GBP,2024-10-14 11:12:26,35.00,APPROVED_FOR_IMPORT,,EMAIL_ONLY_D2,1,0,0,0
4803,wc-completed,GBP,2024-10-14 12:05:55,30.00,APPROVED_FOR_IMPORT,,ASSOCIATE_GID,1,0,0,0
4805,wc-completed,GBP,2024-10-14 12:58:37,75.00,APPROVED_FOR_IMPORT,,EMAIL_ONLY_D2,3,0,0,0
4806,wc-completed,GBP,2024-10-14 12:59:54,65.00,APPROVED_FOR_IMPORT,,ASSOCIATE_GID,1,0,0,0
4807,wc-completed,GBP,2024-10-14 14:33:00,43.00,APPROVED_FOR_IMPORT,,EMAIL_ONLY_D2,2,0,0,0
4808,wc-completed,GBP,2024-10-14 15:01:43,45.00,APPROVED_FOR_IMPORT,,ASSOCIATE_GID,2,0,0,0
4809,wc-completed,GBP,2024-10-14 16:34:38,87.00,APPROVED_FOR_IMPORT,,EMAIL_ONLY_D2,4,0,0,0
4810,wc-completed,GBP,2024-10-14 16:40:42,37.00,APPROVED_FOR_IMPORT,,EMAIL_ONLY_D2,1,0,0,0
4811,wc-completed,GBP,2024-10-14 16:47:16,173.98,APPROVED_FOR_IMPORT,,EMAIL_ONLY_D2,10,0,0,0
4813,wc-completed,GBP,2024-10-14 22:17:39,65.00,APPROVED_FOR_IMPORT,,EMAIL_ONLY_D2,3,0,0,0
4814,wc-completed,GBP,2024-10-14 22:23:45,71.99,APPROVED_FOR_IMPORT,,ASSOCIATE_GID,5,1,1,0
4815,wc-completed,GBP,2024-10-14 23:37:37,46.00,APPROVED_FOR_IMPORT,,EMAIL_ONLY_D2,3,0,0,0
4816,wc-completed,GBP,2024-10-14 23:39:22,55.00,APPROVED_FOR_IMPORT,,EMAIL_ONLY_D2,2,0,0,0
4817,wc-completed,GBP,2024-10-15 00:45:06,35.00,APPROVED_FOR_IMPORT,,EMAIL_ONLY_D2,2,0,0,0
4818,wc-completed,GBP,2024-10-15 01:08:54,13.00,APPROVED_FOR_IMPORT,,EMAIL_ONLY_D2,1,0,0,0
4819,wc-completed,GBP,2024-10-15 03:08:41,48.00,APPROVED_FOR_IMPORT,,EMAIL_ONLY_D2,2,0,0,0
4820,wc-completed,GBP,2024-10-15 03:15:34,30.00,APPROVED_FOR_IMPORT,,EMAIL_ONLY_D2,1,0,0,0
4821,wc-completed,GBP,2024-10-15 05:58:40,55.99,APPROVED_FOR_IMPORT,,EMAIL_ONLY_D2,3,0,0,0
4822,wc-completed,GBP,2024-10-15 07:56:20,75.00,APPROVED_FOR_IMPORT,,EMAIL_ONLY_D2,2,0,0,0
4824,wc-completed,GBP,2024-10-15 15:58:40,45.00,APPROVED_FOR_IMPORT,,EMAIL_ONLY_D2,2,0,0,0
4863,wc-completed,GBP,2024-10-15 18:20:34,30.00,APPROVED_FOR_IMPORT,,EMAIL_ONLY_D2,1,0,0,0
4864,wc-completed,GBP,2024-10-15 18:40:58,46.00,APPROVED_FOR_IMPORT,,EMAIL_ONLY_D2,2,0,0,0
4865,wc-completed,GBP,2024-10-15 18:52:44,25.00,APPROVED_FOR_IMPORT,,ASSOCIATE_GID,1,0,0,0
4866,wc-completed,GBP,2024-10-15 20:34:48,20.00,APPROVED_FOR_IMPORT,,EMAIL_ONLY_D2,2,0,0,0
4868,wc-completed,GBP,2024-10-15 22:15:29,67.99,APPROVED_FOR_IMPORT,,ASSOCIATE_GID,2,0,0,0
4871,wc-completed,GBP,2024-10-16 05:49:37,70.00,APPROVED_FOR_IMPORT,,EMAIL_ONLY_D2,3,0,0,0
4872,wc-completed,GBP,2024-10-16 06:38:24,68.00,APPROVED_FOR_IMPORT,,EMAIL_ONLY_D2,3,0,0,0
4873,wc-completed,GBP,2024-10-16 10:50:41,40.80,APPROVED_FOR_IMPORT,,EMAIL_ONLY_D2,2,0,0,0
4874,wc-completed,GBP,2024-10-16 11:05:22,20.00,APPROVED_FOR_IMPORT,,EMAIL_ONLY_D2,1,0,0,0
4876,wc-completed,GBP,2024-10-16 12:26:14,37.00,APPROVED_FOR_IMPORT,,EMAIL_ONLY_D2,1,0,0,0
4877,wc-completed,GBP,2024-10-16 12:40:15,110.00,APPROVED_FOR_IMPORT,,EMAIL_ONLY_D2,5,0,0,0
4878,wc-completed,GBP,2024-10-16 15:56:08,61.00,APPROVED_FOR_IMPORT,,ASSOCIATE_GID,2,0,0,0
4879,wc-completed,GBP,2024-10-16 16:54:52,80.00,APPROVED_FOR_IMPORT,,ASSOCIATE_GID,3,0,0,0
4880,wc-completed,GBP,2024-10-16 18:25:05,70.00,APPROVED_FOR_IMPORT,,EMAIL_ONLY_D2,2,0,0,0
4882,wc-completed,GBP,2024-10-16 19:54:23,50.00,APPROVED_FOR_IMPORT,,ASSOCIATE_GID,2,0,0,0
4883,wc-completed,GBP,2024-10-16 20:14:56,48.00,APPROVED_FOR_IMPORT,,EMAIL_ONLY_D2,3,0,0,0
4885,wc-completed,GBP,2024-10-16 22:07:14,50.00,APPROVED_FOR_IMPORT,,EMAIL_ONLY_D2,2,0,0,0
4888,wc-completed,GBP,2024-10-16 22:40:31,49.00,APPROVED_FOR_IMPORT,,EMAIL_ONLY_D2,3,0,0,0
4889,wc-completed,GBP,2024-10-17 06:17:30,45.00,APPROVED_FOR_IMPORT,,EMAIL_ONLY_D2,2,0,0,0
4890,wc-completed,GBP,2024-10-17 10:27:18,77.00,APPROVED_FOR_IMPORT,,EMAIL_ONLY_D2,4,0,0,0
4891,wc-completed,GBP,2024-10-17 10:34:06,154.00,APPROVED_FOR_IMPORT,,EMAIL_ONLY_D2,1,1,0,0
4892,wc-completed,GBP,2024-10-17 10:43:36,45.00,APPROVED_FOR_IMPORT,,EMAIL_ONLY_D2,2,0,0,0
4893,wc-completed,GBP,2024-10-17 11:13:32,80.00,APPROVED_FOR_IMPORT,,EMAIL_ONLY_D2,5,1,0,0
4894,wc-completed,GBP,2024-10-17 12:57:04,60.00,APPROVED_FOR_IMPORT,,EMAIL_ONLY_D2,3,0,0,0
4895,wc-completed,GBP,2024-10-17 13:34:05,191.00,APPROVED_FOR_IMPORT,,EMAIL_ONLY_D2,9,0,0,0
4897,wc-completed,GBP,2024-10-17 14:42:19,20.00,APPROVED_FOR_IMPORT,,EMAIL_ONLY_D2,1,0,0,0
4898,wc-completed,GBP,2024-10-17 15:44:52,40.00,APPROVED_FOR_IMPORT,,EMAIL_ONLY_D2,2,0,0,0
4899,wc-completed,GBP,2024-10-17 19:53:23,42.00,APPROVED_FOR_IMPORT,,ASSOCIATE_GID,2,0,0,0
4900,wc-refunded,GBP,2024-10-17 20:16:22,15.00,APPROVED_FOR_IMPORT,,ASSOCIATE_GID,1,0,0,1
4901,wc-refunded,GBP,2024-10-17 20:28:43,13.00,PENDING_DECISION,D-9_refund_complex,ASSOCIATE_GID,1,0,0,2
4905,wc-completed,GBP,2024-10-17 20:59:36,116.99,APPROVED_FOR_IMPORT,,EMAIL_ONLY_D2,7,0,0,0
4906,wc-completed,GBP,2024-10-17 22:37:37,51.00,APPROVED_FOR_IMPORT,,ASSOCIATE_GID,2,0,0,0
4907,wc-completed,GBP,2024-10-18 06:11:02,71.00,APPROVED_FOR_IMPORT,,EMAIL_ONLY_D2,3,0,0,0
4909,wc-completed,GBP,2024-10-18 08:17:59,99.99,APPROVED_FOR_IMPORT,,EMAIL_ONLY_D2,6,0,0,0
4911,wc-refunded,GBP,2024-10-18 08:39:56,85.99,APPROVED_FOR_IMPORT,,EMAIL_ONLY_D2,3,0,0,1
4913,wc-completed,GBP,2024-10-18 08:52:58,50.00,APPROVED_FOR_IMPORT,,EMAIL_ONLY_D2,2,0,0,0
4914,wc-completed,GBP,2024-10-18 09:47:03,18.00,APPROVED_FOR_IMPORT,,EMAIL_ONLY_D2,1,0,0,0
4915,wc-completed,GBP,2024-10-18 10:05:54,23.00,APPROVED_FOR_IMPORT,,EMAIL_ONLY_D2,1,0,0,0
4916,wc-completed,GBP,2024-10-18 13:10:39,65.00,APPROVED_FOR_IMPORT,,EMAIL_ONLY_D2,1,0,0,0
4918,wc-completed,GBP,2024-10-18 13:53:51,65.00,APPROVED_FOR_IMPORT,,EMAIL_ONLY_D2,2,0,0,0
4919,wc-completed,GBP,2024-10-18 14:40:11,40.00,APPROVED_FOR_IMPORT,,EMAIL_ONLY_D2,2,0,0,0
4920,wc-completed,GBP,2024-10-18 15:19:35,31.99,APPROVED_FOR_IMPORT,,EMAIL_ONLY_D2,2,0,0,0
4921,wc-completed,GBP,2024-10-18 17:59:55,109.00,APPROVED_FOR_IMPORT,,EMAIL_ONLY_D2,4,1,0,0
4922,wc-completed,GBP,2024-10-18 18:46:56,45.00,APPROVED_FOR_IMPORT,,EMAIL_ONLY_D2,2,0,0,0
4923,wc-completed,GBP,2024-10-18 19:04:08,40.99,APPROVED_FOR_IMPORT,,EMAIL_ONLY_D2,1,0,0,0
4925,wc-completed,GBP,2024-10-18 20:52:23,101.00,APPROVED_FOR_IMPORT,,EMAIL_ONLY_D2,12,1,1,1
4926,wc-completed,GBP,2024-10-18 21:38:46,35.00,APPROVED_FOR_IMPORT,,EMAIL_ONLY_D2,1,0,0,0
4928,wc-completed,GBP,2024-10-18 22:02:47,93.00,APPROVED_FOR_IMPORT,,EMAIL_ONLY_D2,5,0,0,0
4929,wc-completed,GBP,2024-10-18 22:12:13,35.00,APPROVED_FOR_IMPORT,,EMAIL_ONLY_D2,1,0,0,0
4930,wc-completed,GBP,2024-10-18 22:25:16,66.00,APPROVED_FOR_IMPORT,,EMAIL_ONLY_D2,3,0,0,0
4931,wc-completed,GBP,2024-10-18 23:17:53,101.00,APPROVED_FOR_IMPORT,,EMAIL_ONLY_D2,4,0,0,0
4932,wc-failed,GBP,2024-10-19 00:17:11,55.00,APPROVED_FOR_IMPORT,,EMAIL_ONLY_D2,2,0,0,0
4933,wc-completed,GBP,2024-10-19 03:42:27,43.00,APPROVED_FOR_IMPORT,,EMAIL_ONLY_D2,1,0,0,0
4934,wc-completed,GBP,2024-10-19 04:44:06,55.00,APPROVED_FOR_IMPORT,,EMAIL_ONLY_D2,2,0,0,0
4935,wc-completed,GBP,2024-10-19 06:48:36,90.99,APPROVED_FOR_IMPORT,,EMAIL_ONLY_D2,3,0,0,0
4936,wc-completed,GBP,2024-10-19 07:12:19,43.00,APPROVED_FOR_IMPORT,,EMAIL_ONLY_D2,2,0,0,0
4940,wc-completed,GBP,2024-10-19 10:03:47,35.00,APPROVED_FOR_IMPORT,,EMAIL_ONLY_D2,1,0,0,0
4942,wc-completed,GBP,2024-10-19 11:49:49,18.00,APPROVED_FOR_IMPORT,,EMAIL_ONLY_D2,1,0,0,0
4943,wc-completed,GBP,2024-10-19 12:33:51,95.99,APPROVED_FOR_IMPORT,,EMAIL_ONLY_D2,5,0,0,0
4944,wc-completed,GBP,2024-10-19 12:52:47,78.00,APPROVED_FOR_IMPORT,,ASSOCIATE_GID,4,0,0,0
4945,wc-completed,GBP,2024-10-19 12:57:17,21.00,APPROVED_FOR_IMPORT,,EMAIL_ONLY_D2,1,0,0,0
4946,wc-completed,GBP,2024-10-19 13:34:43,22.00,APPROVED_FOR_IMPORT,,EMAIL_ONLY_D2,2,0,0,0
4948,wc-completed,GBP,2024-10-19 14:29:50,16.00,APPROVED_FOR_IMPORT,,EMAIL_ONLY_D2,1,0,0,0
4949,wc-completed,GBP,2024-10-19 15:51:52,45.00,APPROVED_FOR_IMPORT,,EMAIL_ONLY_D2,2,0,0,0
4950,wc-completed,GBP,2024-10-19 17:00:36,43.00,APPROVED_FOR_IMPORT,,EMAIL_ONLY_D2,2,0,0,0
4952,wc-completed,GBP,2024-10-19 22:10:19,78.00,APPROVED_FOR_IMPORT,,EMAIL_ONLY_D2,4,0,0,0
4953,wc-completed,GBP,2024-10-19 22:12:35,25.00,APPROVED_FOR_IMPORT,,EMAIL_ONLY_D2,1,0,0,0
4955,wc-completed,GBP,2024-10-19 22:30:43,40.99,APPROVED_FOR_IMPORT,,EMAIL_ONLY_D2,1,0,0,0
4956,wc-completed,GBP,2024-10-19 22:33:37,30.00,APPROVED_FOR_IMPORT,,EMAIL_ONLY_D2,1,0,0,0
4957,wc-completed,GBP,2024-10-20 01:51:01,18.00,APPROVED_FOR_IMPORT,,EMAIL_ONLY_D2,1,0,0,0
4958,wc-completed,GBP,2024-10-20 03:33:56,30.00,APPROVED_FOR_IMPORT,,EMAIL_ONLY_D2,1,0,0,0
4959,wc-completed,GBP,2024-10-20 06:18:19,43.00,APPROVED_FOR_IMPORT,,EMAIL_ONLY_D2,2,0,0,0
4960,wc-completed,GBP,2024-10-20 08:07:46,62.00,APPROVED_FOR_IMPORT,,EMAIL_ONLY_D2,3,0,0,0
4961,wc-completed,GBP,2024-10-20 09:03:16,157.00,APPROVED_FOR_IMPORT,,EMAIL_ONLY_D2,2,2,0,0
4963,wc-completed,GBP,2024-10-20 13:01:29,19.00,APPROVED_FOR_IMPORT,,EMAIL_ONLY_D2,1,0,0,0
4964,wc-completed,GBP,2024-10-20 15:14:30,50.00,APPROVED_FOR_IMPORT,,ASSOCIATE_GID,2,0,0,0
4965,wc-completed,GBP,2024-10-20 15:47:11,39.00,APPROVED_FOR_IMPORT,,EMAIL_ONLY_D2,2,0,0,0
4966,wc-completed,GBP,2024-10-20 17:52:10,82.00,APPROVED_FOR_IMPORT,,EMAIL_ONLY_D2,3,0,0,0
4967,wc-completed,GBP,2024-10-20 20:54:13,18.00,APPROVED_FOR_IMPORT,,EMAIL_ONLY_D2,1,0,0,0
4969,wc-completed,GBP,2024-10-20 21:36:01,25.00,APPROVED_FOR_IMPORT,,EMAIL_ONLY_D2,1,0,0,0
4970,wc-completed,GBP,2024-10-20 21:58:46,21.00,APPROVED_FOR_IMPORT,,EMAIL_ONLY_D2,1,0,0,0
4971,wc-completed,GBP,2024-10-20 22:31:51,60.99,APPROVED_FOR_IMPORT,,EMAIL_ONLY_D2,2,0,0,0
4972,wc-completed,GBP,2024-10-21 00:50:26,36.00,APPROVED_FOR_IMPORT,,EMAIL_ONLY_D2,2,0,0,0
4973,wc-completed,GBP,2024-10-21 07:18:33,93.00,APPROVED_FOR_IMPORT,,EMAIL_ONLY_D2,5,0,0,0
4976,wc-completed,GBP,2024-10-21 11:41:50,21.00,APPROVED_FOR_IMPORT,,EMAIL_ONLY_D2,1,0,0,0
4977,wc-completed,GBP,2024-10-21 11:57:24,31.00,APPROVED_FOR_IMPORT,,ASSOCIATE_GID,1,0,0,0
4978,wc-completed,GBP,2024-10-21 12:15:53,40.99,APPROVED_FOR_IMPORT,,EMAIL_ONLY_D2,1,0,0,0
4979,wc-completed,GBP,2024-10-21 12:40:29,47.99,APPROVED_FOR_IMPORT,,EMAIL_ONLY_D2,3,0,0,0
4980,wc-completed,GBP,2024-10-21 13:03:16,45.00,APPROVED_FOR_IMPORT,,EMAIL_ONLY_D2,1,0,0,0
4981,wc-completed,GBP,2024-10-21 13:46:47,65.99,APPROVED_FOR_IMPORT,,EMAIL_ONLY_D2,4,0,0,0
4984,wc-completed,GBP,2024-10-21 15:26:45,35.00,APPROVED_FOR_IMPORT,,EMAIL_ONLY_D2,2,0,0,0
4985,wc-completed,GBP,2024-10-21 16:04:32,60.00,APPROVED_FOR_IMPORT,,EMAIL_ONLY_D2,1,0,0,0
4986,wc-completed,GBP,2024-10-21 19:39:53,20.00,APPROVED_FOR_IMPORT,,EMAIL_ONLY_D2,1,0,0,0
4989,wc-completed,GBP,2024-10-21 21:46:54,25.00,APPROVED_FOR_IMPORT,,EMAIL_ONLY_D2,1,0,0,0
4990,wc-completed,GBP,2024-10-21 22:36:17,45.00,APPROVED_FOR_IMPORT,,EMAIL_ONLY_D2,2,0,0,0
4991,wc-completed,GBP,2024-10-21 23:24:29,70.00,APPROVED_FOR_IMPORT,,ASSOCIATE_GID,4,0,0,0
4992,wc-completed,GBP,2024-10-22 04:12:11,67.00,APPROVED_FOR_IMPORT,,EMAIL_ONLY_D2,3,0,0,0
4993,wc-completed,GBP,2024-10-22 07:15:07,45.00,APPROVED_FOR_IMPORT,,EMAIL_ONLY_D2,2,0,0,0
4994,wc-completed,GBP,2024-10-22 10:15:48,20.00,APPROVED_FOR_IMPORT,,EMAIL_ONLY_D2,1,0,1,0
4995,wc-completed,GBP,2024-10-22 10:45:53,25.00,APPROVED_FOR_IMPORT,,EMAIL_ONLY_D2,1,0,0,0
4996,wc-completed,GBP,2024-10-22 12:19:28,40.99,APPROVED_FOR_IMPORT,,EMAIL_ONLY_D2,1,0,0,0
4997,wc-failed,GBP,2024-10-22 12:20:11,18.00,APPROVED_FOR_IMPORT,,EMAIL_ONLY_D2,1,0,0,0
4998,wc-completed,GBP,2024-10-22 12:21:46,18.00,APPROVED_FOR_IMPORT,,EMAIL_ONLY_D2,1,0,0,0
4999,wc-completed,GBP,2024-10-22 12:24:19,37.00,PENDING_DECISION,D-3_unmapped_customer,UNMAPPED,2,0,0,0
5000,wc-completed,GBP,2024-10-22 12:25:32,52.00,APPROVED_FOR_IMPORT,,EMAIL_ONLY_D2,2,0,0,0
5002,wc-completed,GBP,2024-10-22 13:28:23,86.00,APPROVED_FOR_IMPORT,,EMAIL_ONLY_D2,3,0,0,0
5003,wc-completed,GBP,2024-10-22 13:43:20,25.00,APPROVED_FOR_IMPORT,,EMAIL_ONLY_D2,1,1,0,0
5004,wc-refunded,GBP,2024-10-22 14:14:59,55.99,APPROVED_FOR_IMPORT,,ASSOCIATE_GID,4,0,0,1
5005,wc-completed,GBP,2024-10-22 15:05:15,55.00,APPROVED_FOR_IMPORT,,EMAIL_ONLY_D2,2,0,0,0
5006,wc-completed,GBP,2024-10-22 15:06:52,70.00,APPROVED_FOR_IMPORT,,EMAIL_ONLY_D2,3,0,0,0
5007,wc-completed,GBP,2024-10-22 17:54:49,121.99,APPROVED_FOR_IMPORT,,EMAIL_ONLY_D2,4,0,0,0
5008,wc-completed,GBP,2024-10-22 18:45:17,52.00,APPROVED_FOR_IMPORT,,ASSOCIATE_GID,3,0,0,0
5009,wc-completed,GBP,2024-10-22 19:13:18,31.00,APPROVED_FOR_IMPORT,,EMAIL_ONLY_D2,3,1,1,0
5010,wc-completed,GBP,2024-10-22 19:20:57,95.00,APPROVED_FOR_IMPORT,,ASSOCIATE_GID,3,0,0,0
5013,wc-completed,GBP,2024-10-22 20:11:51,45.00,APPROVED_FOR_IMPORT,,EMAIL_ONLY_D2,2,0,0,0
5015,wc-completed,GBP,2024-10-22 20:54:44,53.99,APPROVED_FOR_IMPORT,,EMAIL_ONLY_D2,2,0,0,0
5016,wc-completed,GBP,2024-10-22 22:16:29,25.00,APPROVED_FOR_IMPORT,,EMAIL_ONLY_D2,1,0,0,0
5017,wc-completed,GBP,2024-10-23 02:39:46,30.00,APPROVED_FOR_IMPORT,,EMAIL_ONLY_D2,1,0,0,0
5018,wc-completed,GBP,2024-10-23 03:34:08,20.00,APPROVED_FOR_IMPORT,,EMAIL_ONLY_D2,1,0,0,0
5019,wc-completed,GBP,2024-10-23 05:38:41,163.00,APPROVED_FOR_IMPORT,,EMAIL_ONLY_D2,9,0,0,0
5020,wc-completed,GBP,2024-10-23 09:38:31,51.00,APPROVED_FOR_IMPORT,,EMAIL_ONLY_D2,2,0,0,0
5021,wc-completed,GBP,2024-10-23 11:50:34,66.00,APPROVED_FOR_IMPORT,,EMAIL_ONLY_D2,4,0,0,1
5022,wc-completed,GBP,2024-10-23 12:15:50,25.00,APPROVED_FOR_IMPORT,,EMAIL_ONLY_D2,1,0,0,0
5023,wc-completed,GBP,2024-10-23 12:38:55,45.89,APPROVED_FOR_IMPORT,,ASSOCIATE_GID,4,0,0,1
5026,wc-completed,GBP,2024-10-23 15:07:17,23.00,APPROVED_FOR_IMPORT,,EMAIL_ONLY_D2,1,0,0,0
5027,wc-completed,GBP,2024-10-23 16:30:25,110.99,APPROVED_FOR_IMPORT,,EMAIL_ONLY_D2,4,0,0,0
5029,wc-completed,GBP,2024-10-23 17:49:16,112.00,APPROVED_FOR_IMPORT,,EMAIL_ONLY_D2,4,0,0,0
5030,wc-completed,GBP,2024-10-23 17:57:21,43.00,APPROVED_FOR_IMPORT,,EMAIL_ONLY_D2,2,1,0,0
5031,wc-failed,GBP,2024-10-23 20:15:20,20.00,APPROVED_FOR_IMPORT,,EMAIL_ONLY_D2,1,0,0,0
5034,wc-completed,GBP,2024-10-23 20:58:41,45.00,APPROVED_FOR_IMPORT,,EMAIL_ONLY_D2,2,0,0,0
5035,wc-completed,GBP,2024-10-23 21:27:39,30.00,APPROVED_FOR_IMPORT,,EMAIL_ONLY_D2,1,0,0,0
5038,wc-completed,GBP,2024-10-23 22:18:13,90.00,APPROVED_FOR_IMPORT,,EMAIL_ONLY_D2,4,0,0,0
5040,wc-completed,GBP,2024-10-24 08:54:34,155.00,APPROVED_FOR_IMPORT,,EMAIL_ONLY_D2,8,0,0,0
5041,wc-completed,GBP,2024-10-24 10:20:57,60.00,APPROVED_FOR_IMPORT,,EMAIL_ONLY_D2,2,0,0,0
5043,wc-completed,GBP,2024-10-24 13:42:41,59.00,APPROVED_FOR_IMPORT,,EMAIL_ONLY_D2,2,0,0,0
5045,wc-completed,GBP,2024-10-24 18:29:20,83.00,APPROVED_FOR_IMPORT,,EMAIL_ONLY_D2,4,0,0,0
5046,wc-completed,GBP,2024-10-24 18:55:08,25.00,APPROVED_FOR_IMPORT,,EMAIL_ONLY_D2,1,0,0,0
5047,wc-completed,GBP,2024-10-24 21:37:10,83.00,APPROVED_FOR_IMPORT,,EMAIL_ONLY_D2,4,1,0,0
5048,wc-completed,GBP,2024-10-24 23:02:30,35.00,APPROVED_FOR_IMPORT,,EMAIL_ONLY_D2,1,0,0,0
5049,wc-completed,GBP,2024-10-24 23:28:34,65.00,APPROVED_FOR_IMPORT,,ASSOCIATE_GID,3,0,0,0
5052,wc-completed,GBP,2024-10-25 04:18:35,90.00,APPROVED_FOR_IMPORT,,EMAIL_ONLY_D2,6,0,0,0
5053,wc-completed,GBP,2024-10-25 08:17:53,25.00,APPROVED_FOR_IMPORT,,EMAIL_ONLY_D2,1,0,0,0
5054,wc-completed,GBP,2024-10-25 08:48:57,17.00,APPROVED_FOR_IMPORT,,EMAIL_ONLY_D2,1,0,0,0
5055,wc-completed,GBP,2024-10-25 09:55:54,37.00,APPROVED_FOR_IMPORT,,EMAIL_ONLY_D2,2,0,0,0
5056,wc-completed,GBP,2024-10-25 10:45:15,45.00,APPROVED_FOR_IMPORT,,ASSOCIATE_GID,2,0,0,0
5057,wc-completed,GBP,2024-10-25 10:51:40,37.00,APPROVED_FOR_IMPORT,,EMAIL_ONLY_D2,1,0,0,0
5058,wc-completed,GBP,2024-10-25 11:29:03,24.00,APPROVED_FOR_IMPORT,,EMAIL_ONLY_D2,3,0,0,0
5059,wc-completed,GBP,2024-10-25 14:45:13,25.00,APPROVED_FOR_IMPORT,,EMAIL_ONLY_D2,1,0,0,0
5060,wc-completed,GBP,2024-10-25 15:12:18,90.99,APPROVED_FOR_IMPORT,,EMAIL_ONLY_D2,3,0,0,0
5061,wc-completed,GBP,2024-10-25 15:12:41,31.00,APPROVED_FOR_IMPORT,,EMAIL_ONLY_D2,1,0,0,0
5063,wc-completed,GBP,2024-10-25 16:34:34,41.00,APPROVED_FOR_IMPORT,,EMAIL_ONLY_D2,2,0,0,0
5064,wc-completed,GBP,2024-10-25 16:34:34,31.00,APPROVED_FOR_IMPORT,,EMAIL_ONLY_D2,1,0,0,0
5066,wc-completed,GBP,2024-10-25 16:54:18,80.00,APPROVED_FOR_IMPORT,,EMAIL_ONLY_D2,1,0,0,0
5068,wc-completed,GBP,2024-10-25 17:43:36,111.00,APPROVED_FOR_IMPORT,,EMAIL_ONLY_D2,5,0,0,0
5078,wc-completed,GBP,2024-10-25 18:02:23,24.00,APPROVED_FOR_IMPORT,,EMAIL_ONLY_D2,1,0,0,0
5081,wc-completed,GBP,2024-10-25 18:16:54,45.00,APPROVED_FOR_IMPORT,,EMAIL_ONLY_D2,2,0,0,0
5082,wc-completed,GBP,2024-10-25 19:29:42,59.99,APPROVED_FOR_IMPORT,,ASSOCIATE_GID,3,0,0,0
5083,wc-completed,GBP,2024-10-25 20:41:52,139.99,APPROVED_FOR_IMPORT,,EMAIL_ONLY_D2,7,0,0,0
5084,wc-completed,GBP,2024-10-25 21:15:21,124.99,APPROVED_FOR_IMPORT,,EMAIL_ONLY_D2,6,0,0,0
5086,wc-completed,GBP,2024-10-25 22:17:33,55.00,APPROVED_FOR_IMPORT,,EMAIL_ONLY_D2,2,0,0,0
5087,wc-completed,GBP,2024-10-25 22:44:56,120.00,APPROVED_FOR_IMPORT,,EMAIL_ONLY_D2,5,0,0,0
5090,wc-completed,GBP,2024-10-26 05:14:46,72.99,APPROVED_FOR_IMPORT,,ASSOCIATE_GID,4,0,0,0
5091,wc-completed,GBP,2024-10-26 06:03:55,48.00,APPROVED_FOR_IMPORT,,EMAIL_ONLY_D2,2,0,0,0
5092,wc-completed,GBP,2024-10-26 06:51:54,45.00,APPROVED_FOR_IMPORT,,EMAIL_ONLY_D2,2,0,0,0
5093,wc-completed,GBP,2024-10-26 07:55:27,86.99,APPROVED_FOR_IMPORT,,ASSOCIATE_GID,5,0,0,0
5094,wc-completed,GBP,2024-10-26 08:04:08,25.00,APPROVED_FOR_IMPORT,,EMAIL_ONLY_D2,1,0,0,0
5095,wc-completed,GBP,2024-10-26 09:12:39,60.99,APPROVED_FOR_IMPORT,,EMAIL_ONLY_D2,2,0,0,0
5096,wc-completed,GBP,2024-10-26 09:21:06,61.00,APPROVED_FOR_IMPORT,,ASSOCIATE_GID,3,1,0,0
5097,wc-completed,GBP,2024-10-26 10:27:31,91.00,APPROVED_FOR_IMPORT,,EMAIL_ONLY_D2,4,0,0,0
5099,wc-completed,GBP,2024-10-26 11:53:06,63.00,APPROVED_FOR_IMPORT,,EMAIL_ONLY_D2,3,0,0,0
5102,wc-completed,GBP,2024-10-26 12:50:44,25.00,APPROVED_FOR_IMPORT,,EMAIL_ONLY_D2,1,0,0,0
5104,wc-completed,GBP,2024-10-26 13:58:29,30.00,APPROVED_FOR_IMPORT,,EMAIL_ONLY_D2,1,0,0,0
5124,wc-completed,GBP,2024-10-26 14:52:20,70.00,APPROVED_FOR_IMPORT,,ASSOCIATE_GID,3,0,0,0
5125,wc-completed,GBP,2024-10-26 15:22:20,45.00,APPROVED_FOR_IMPORT,,EMAIL_ONLY_D2,2,0,0,0
5126,wc-cancelled,GBP,2024-10-26 15:35:42,32.00,APPROVED_FOR_IMPORT,,ASSOCIATE_GID,2,0,0,0
5127,wc-completed,GBP,2024-10-26 16:33:35,76.00,APPROVED_FOR_IMPORT,,EMAIL_ONLY_D2,4,0,0,0
5128,wc-completed,GBP,2024-10-26 16:45:08,25.00,APPROVED_FOR_IMPORT,,EMAIL_ONLY_D2,1,0,0,0
5129,wc-completed,GBP,2024-10-26 18:11:35,100.00,APPROVED_FOR_IMPORT,,EMAIL_ONLY_D2,5,0,0,0
5130,wc-completed,GBP,2024-10-26 19:44:41,40.99,APPROVED_FOR_IMPORT,,EMAIL_ONLY_D2,1,0,0,0
5131,wc-completed,GBP,2024-10-26 20:26:32,55.00,APPROVED_FOR_IMPORT,,EMAIL_ONLY_D2,1,0,0,0
5133,wc-completed,GBP,2024-10-26 21:56:50,30.00,APPROVED_FOR_IMPORT,,ASSOCIATE_GID,1,0,0,0
5134,wc-completed,GBP,2024-10-26 22:05:01,21.00,APPROVED_FOR_IMPORT,,EMAIL_ONLY_D2,1,0,0,0
5135,wc-completed,GBP,2024-10-26 23:36:53,18.00,APPROVED_FOR_IMPORT,,EMAIL_ONLY_D2,1,0,0,0
5136,wc-completed,GBP,2024-10-27 08:41:13,137.99,APPROVED_FOR_IMPORT,,EMAIL_ONLY_D2,5,0,0,0
5138,wc-completed,GBP,2024-10-27 09:37:07,31.00,APPROVED_FOR_IMPORT,,ASSOCIATE_GID,2,0,0,0
5139,wc-completed,GBP,2024-10-27 09:54:15,14.00,APPROVED_FOR_IMPORT,,EMAIL_ONLY_D2,1,0,0,0
5141,wc-completed,GBP,2024-10-27 14:16:27,62.00,APPROVED_FOR_IMPORT,,EMAIL_ONLY_D2,3,1,0,0
5143,wc-completed,GBP,2024-10-27 15:20:55,45.00,APPROVED_FOR_IMPORT,,ASSOCIATE_GID,2,0,0,0
5144,wc-completed,GBP,2024-10-27 16:02:24,25.00,APPROVED_FOR_IMPORT,,ASSOCIATE_GID,1,0,0,0
5145,wc-completed,GBP,2024-10-27 16:42:03,45.00,APPROVED_FOR_IMPORT,,EMAIL_ONLY_D2,2,0,0,0
5146,wc-completed,GBP,2024-10-27 16:50:41,45.00,APPROVED_FOR_IMPORT,,EMAIL_ONLY_D2,2,0,0,0
5147,wc-completed,GBP,2024-10-27 17:13:24,25.00,APPROVED_FOR_IMPORT,,EMAIL_ONLY_D2,1,0,0,0
5148,wc-completed,GBP,2024-10-27 18:29:49,81.00,APPROVED_FOR_IMPORT,,EMAIL_ONLY_D2,4,1,0,0
5149,wc-completed,GBP,2024-10-27 18:41:18,35.00,APPROVED_FOR_IMPORT,,EMAIL_ONLY_D2,2,0,0,0
5150,wc-completed,GBP,2024-10-27 21:19:43,64.00,APPROVED_FOR_IMPORT,,EMAIL_ONLY_D2,3,0,0,0
5151,wc-completed,GBP,2024-10-27 21:33:02,63.00,APPROVED_FOR_IMPORT,,EMAIL_ONLY_D2,3,0,0,0
5152,wc-completed,GBP,2024-10-27 22:37:58,80.00,APPROVED_FOR_IMPORT,,EMAIL_ONLY_D2,2,0,0,0
5153,wc-completed,GBP,2024-10-28 00:15:58,40.00,APPROVED_FOR_IMPORT,,ASSOCIATE_GID,2,0,0,0
5154,wc-completed,GBP,2024-10-28 01:27:41,25.00,APPROVED_FOR_IMPORT,,ASSOCIATE_GID,1,0,0,0
5155,wc-completed,GBP,2024-10-28 03:58:00,86.00,APPROVED_FOR_IMPORT,,EMAIL_ONLY_D2,2,0,0,0
5156,wc-completed,GBP,2024-10-28 05:48:47,48.00,APPROVED_FOR_IMPORT,,EMAIL_ONLY_D2,2,0,0,0
5158,wc-completed,GBP,2024-10-28 06:41:27,22.00,APPROVED_FOR_IMPORT,,EMAIL_ONLY_D2,1,0,0,0
5159,wc-completed,GBP,2024-10-28 07:45:57,50.98,APPROVED_FOR_IMPORT,,ASSOCIATE_GID,3,0,0,0
5163,wc-completed,GBP,2024-10-28 08:34:30,92.00,APPROVED_FOR_IMPORT,,ASSOCIATE_GID,5,0,0,0
5164,wc-completed,GBP,2024-10-28 08:35:01,39.00,APPROVED_FOR_IMPORT,,EMAIL_ONLY_D2,5,1,0,0
5165,wc-completed,GBP,2024-10-28 09:56:33,45.00,APPROVED_FOR_IMPORT,,ASSOCIATE_GID,1,0,0,0
5166,wc-completed,GBP,2024-10-28 10:20:48,56.00,APPROVED_FOR_IMPORT,,EMAIL_ONLY_D2,3,0,0,0
5167,wc-completed,GBP,2024-10-28 11:22:27,224.99,APPROVED_FOR_IMPORT,,ASSOCIATE_GID,9,0,0,0
5168,wc-completed,GBP,2024-10-28 12:04:10,45.00,APPROVED_FOR_IMPORT,,EMAIL_ONLY_D2,3,0,0,0
5171,wc-completed,GBP,2024-10-28 14:55:28,25.00,APPROVED_FOR_IMPORT,,EMAIL_ONLY_D2,1,0,0,0
5172,wc-completed,GBP,2024-10-28 16:24:06,55.00,APPROVED_FOR_IMPORT,,EMAIL_ONLY_D2,1,0,0,0
5174,wc-completed,GBP,2024-10-28 16:38:10,123.00,APPROVED_FOR_IMPORT,,EMAIL_ONLY_D2,5,0,0,0
5176,wc-completed,GBP,2024-10-28 17:03:38,51.00,APPROVED_FOR_IMPORT,,EMAIL_ONLY_D2,1,0,0,0
5177,wc-completed,GBP,2024-10-28 17:20:52,88.00,APPROVED_FOR_IMPORT,,EMAIL_ONLY_D2,5,0,0,0
5179,wc-completed,GBP,2024-10-28 19:54:34,25.00,APPROVED_FOR_IMPORT,,EMAIL_ONLY_D2,1,0,0,0
5180,wc-completed,GBP,2024-10-28 20:13:58,28.00,APPROVED_FOR_IMPORT,,EMAIL_ONLY_D2,2,0,0,0
5181,wc-completed,GBP,2024-10-28 20:52:33,93.00,APPROVED_FOR_IMPORT,,EMAIL_ONLY_D2,5,0,0,0
5182,wc-completed,GBP,2024-10-28 21:40:57,43.00,APPROVED_FOR_IMPORT,,EMAIL_ONLY_D2,2,0,0,0
5183,wc-completed,GBP,2024-10-28 23:38:53,89.00,APPROVED_FOR_IMPORT,,EMAIL_ONLY_D2,4,0,0,0
5185,wc-completed,GBP,2024-10-29 07:21:16,53.99,APPROVED_FOR_IMPORT,,ASSOCIATE_GID,2,0,0,0
5187,wc-completed,GBP,2024-10-29 08:27:10,92.00,APPROVED_FOR_IMPORT,,EMAIL_ONLY_D2,5,0,0,0
5188,wc-completed,GBP,2024-10-29 09:56:18,28.00,APPROVED_FOR_IMPORT,,EMAIL_ONLY_D2,1,0,0,0
5189,wc-completed,GBP,2024-10-29 10:09:48,40.00,APPROVED_FOR_IMPORT,,EMAIL_ONLY_D2,1,0,0,0
5190,wc-completed,GBP,2024-10-29 10:11:32,97.00,APPROVED_FOR_IMPORT,,ASSOCIATE_GID,5,0,0,0
5191,wc-completed,GBP,2024-10-29 10:15:27,31.00,APPROVED_FOR_IMPORT,,EMAIL_ONLY_D2,2,0,0,0
5192,wc-completed,GBP,2024-10-29 10:45:21,20.00,APPROVED_FOR_IMPORT,,EMAIL_ONLY_D2,1,0,0,0
5194,wc-completed,GBP,2024-10-29 15:02:44,36.00,APPROVED_FOR_IMPORT,,EMAIL_ONLY_D2,2,0,0,0
5195,wc-completed,GBP,2024-10-29 15:33:28,43.00,APPROVED_FOR_IMPORT,,EMAIL_ONLY_D2,2,0,0,0
5196,wc-completed,GBP,2024-10-29 15:52:35,38.00,APPROVED_FOR_IMPORT,,EMAIL_ONLY_D2,2,0,0,0
5197,wc-failed,GBP,2024-10-29 16:05:21,52.00,APPROVED_FOR_IMPORT,,EMAIL_ONLY_D2,2,0,0,0
5198,wc-failed,GBP,2024-10-29 16:07:25,52.00,APPROVED_FOR_IMPORT,,EMAIL_ONLY_D2,2,0,0,0
5199,wc-completed,GBP,2024-10-29 16:08:14,40.00,APPROVED_FOR_IMPORT,,EMAIL_ONLY_D2,2,0,0,0
5200,wc-completed,GBP,2024-10-29 16:38:21,46.00,APPROVED_FOR_IMPORT,,EMAIL_ONLY_D2,2,0,0,0
5204,wc-completed,GBP,2024-10-29 19:12:28,25.00,APPROVED_FOR_IMPORT,,EMAIL_ONLY_D2,1,0,0,0
5205,wc-completed,GBP,2024-10-29 19:47:35,30.00,APPROVED_FOR_IMPORT,,ASSOCIATE_GID,1,0,0,0
5206,wc-failed,GBP,2024-10-29 20:00:16,22.00,APPROVED_FOR_IMPORT,,EMAIL_ONLY_D2,1,0,0,0
5207,wc-completed,GBP,2024-10-29 20:28:41,22.00,APPROVED_FOR_IMPORT,,EMAIL_ONLY_D2,1,0,0,0
5208,wc-completed,GBP,2024-10-29 23:36:48,31.00,APPROVED_FOR_IMPORT,,ASSOCIATE_GID,1,0,0,0
5209,wc-completed,GBP,2024-10-29 23:43:46,38.00,APPROVED_FOR_IMPORT,,EMAIL_ONLY_D2,2,0,0,0
5210,wc-completed,GBP,2024-10-30 03:14:16,25.00,APPROVED_FOR_IMPORT,,EMAIL_ONLY_D2,1,0,0,0
5214,wc-completed,GBP,2024-10-30 10:03:55,25.00,APPROVED_FOR_IMPORT,,EMAIL_ONLY_D2,1,0,0,0
5215,wc-completed,GBP,2024-10-30 10:19:05,55.49,APPROVED_FOR_IMPORT,,EMAIL_ONLY_D2,3,0,0,0
5216,wc-completed,GBP,2024-10-30 11:34:43,30.00,APPROVED_FOR_IMPORT,,EMAIL_ONLY_D2,1,0,0,0
5217,wc-completed,GBP,2024-10-30 11:51:27,45.00,APPROVED_FOR_IMPORT,,EMAIL_ONLY_D2,2,0,0,0
5218,wc-completed,GBP,2024-10-30 13:01:23,30.00,APPROVED_FOR_IMPORT,,ASSOCIATE_GID,1,0,0,0
5219,wc-completed,GBP,2024-10-30 14:54:57,57.98,APPROVED_FOR_IMPORT,,EMAIL_ONLY_D2,4,0,0,0
5220,wc-completed,GBP,2024-10-30 15:36:03,30.00,APPROVED_FOR_IMPORT,,EMAIL_ONLY_D2,1,0,0,0
5221,wc-completed,GBP,2024-10-30 16:03:31,20.00,APPROVED_FOR_IMPORT,,EMAIL_ONLY_D2,1,0,0,0
5223,wc-completed,GBP,2024-10-30 16:13:06,96.00,APPROVED_FOR_IMPORT,,EMAIL_ONLY_D2,3,0,0,0
5224,wc-completed,GBP,2024-10-30 17:41:03,54.00,APPROVED_FOR_IMPORT,,EMAIL_ONLY_D2,3,0,0,0
5225,wc-completed,GBP,2024-10-30 18:12:54,96.98,APPROVED_FOR_IMPORT,,EMAIL_ONLY_D2,6,0,0,0
5226,wc-completed,GBP,2024-10-30 18:26:53,41.00,APPROVED_FOR_IMPORT,,EMAIL_ONLY_D2,2,0,0,0
5227,wc-completed,GBP,2024-10-30 18:32:41,45.00,APPROVED_FOR_IMPORT,,EMAIL_ONLY_D2,2,0,0,0
5228,wc-completed,GBP,2024-10-30 19:28:28,60.00,APPROVED_FOR_IMPORT,,EMAIL_ONLY_D2,2,0,0,0
5229,wc-completed,GBP,2024-10-30 20:32:14,45.00,APPROVED_FOR_IMPORT,,EMAIL_ONLY_D2,2,0,0,0
5230,wc-completed,GBP,2024-10-30 20:33:41,55.00,APPROVED_FOR_IMPORT,,EMAIL_ONLY_D2,1,0,0,0
5231,wc-completed,GBP,2024-10-30 20:59:28,23.00,APPROVED_FOR_IMPORT,,EMAIL_ONLY_D2,1,0,0,0
5233,wc-completed,GBP,2024-10-31 00:09:40,23.49,APPROVED_FOR_IMPORT,,EMAIL_ONLY_D2,2,0,0,0
5237,wc-completed,GBP,2024-10-31 02:10:29,43.00,APPROVED_FOR_IMPORT,,EMAIL_ONLY_D2,2,0,0,0
5238,wc-completed,GBP,2024-10-31 03:29:33,30.00,APPROVED_FOR_IMPORT,,EMAIL_ONLY_D2,2,0,0,0
5239,wc-completed,GBP,2024-10-31 05:49:34,80.00,APPROVED_FOR_IMPORT,,EMAIL_ONLY_D2,2,0,0,0
5240,wc-completed,GBP,2024-10-31 07:20:15,42.00,APPROVED_FOR_IMPORT,,EMAIL_ONLY_D2,2,0,0,0
5243,wc-completed,GBP,2024-10-31 08:12:07,53.00,APPROVED_FOR_IMPORT,,EMAIL_ONLY_D2,3,0,0,0
5244,wc-completed,GBP,2024-10-31 08:27:48,54.99,APPROVED_FOR_IMPORT,,EMAIL_ONLY_D2,4,0,0,0
5245,wc-completed,GBP,2024-10-31 09:05:37,21.00,APPROVED_FOR_IMPORT,,EMAIL_ONLY_D2,1,0,0,0
5246,wc-cancelled,GBP,2024-10-31 09:25:43,44.99,APPROVED_FOR_IMPORT,,EMAIL_ONLY_D2,2,0,0,0
5248,wc-completed,GBP,2024-10-31 10:07:03,41.00,APPROVED_FOR_IMPORT,,EMAIL_ONLY_D2,2,0,0,0
5252,wc-completed,GBP,2024-10-31 10:31:27,155.00,APPROVED_FOR_IMPORT,,EMAIL_ONLY_D2,7,2,2,0
5253,wc-completed,GBP,2024-10-31 10:39:51,114.00,APPROVED_FOR_IMPORT,,ASSOCIATE_GID,6,0,0,0
5254,wc-completed,GBP,2024-10-31 12:09:15,29.00,APPROVED_FOR_IMPORT,,EMAIL_ONLY_D2,2,0,0,0
5255,wc-completed,GBP,2024-10-31 12:22:23,59.00,APPROVED_FOR_IMPORT,,EMAIL_ONLY_D2,4,0,0,0
5257,wc-completed,GBP,2024-10-31 12:49:34,39.00,APPROVED_FOR_IMPORT,,ASSOCIATE_GID,2,0,0,0
5262,wc-completed,GBP,2024-10-31 15:03:54,272.00,APPROVED_FOR_IMPORT,,EMAIL_ONLY_D2,2,0,0,0
5264,wc-completed,GBP,2024-10-31 18:05:24,43.00,APPROVED_FOR_IMPORT,,EMAIL_ONLY_D2,2,0,0,0
5265,wc-completed,GBP,2024-10-31 19:06:59,45.00,APPROVED_FOR_IMPORT,,EMAIL_ONLY_D2,1,0,0,0
5266,wc-completed,GBP,2024-10-31 21:51:26,71.00,APPROVED_FOR_IMPORT,,ASSOCIATE_GID,3,0,0,0
5270,wc-completed,GBP,2024-10-31 22:43:32,20.00,APPROVED_FOR_IMPORT,,EMAIL_ONLY_D2,1,0,0,0
5271,wc-completed,GBP,2024-10-31 22:44:41,37.00,APPROVED_FOR_IMPORT,,ASSOCIATE_GID,2,0,0,0
5272,wc-completed,GBP,2024-10-31 22:49:21,45.00,APPROVED_FOR_IMPORT,,EMAIL_ONLY_D2,2,0,0,0
5273,wc-completed,GBP,2024-10-31 22:55:41,55.00,APPROVED_FOR_IMPORT,,ASSOCIATE_GID,1,0,0,0
5274,wc-completed,GBP,2024-10-31 23:43:37,65.00,APPROVED_FOR_IMPORT,,EMAIL_ONLY_D2,2,0,0,0
5276,wc-completed,GBP,2024-11-01 05:42:24,25.00,APPROVED_FOR_IMPORT,,EMAIL_ONLY_D2,1,0,0,0
5278,wc-completed,GBP,2024-11-01 09:27:11,52.00,APPROVED_FOR_IMPORT,,EMAIL_ONLY_D2,3,0,0,0
5279,wc-completed,GBP,2024-11-01 11:22:13,72.00,APPROVED_FOR_IMPORT,,EMAIL_ONLY_D2,3,0,0,0
5282,wc-completed,GBP,2024-11-01 20:02:45,79.00,APPROVED_FOR_IMPORT,,EMAIL_ONLY_D2,4,0,0,0
5284,wc-completed,GBP,2024-11-01 21:22:49,50.00,APPROVED_FOR_IMPORT,,EMAIL_ONLY_D2,2,0,0,0
5285,wc-completed,GBP,2024-11-01 22:18:30,36.98,APPROVED_FOR_IMPORT,,EMAIL_ONLY_D2,3,0,0,0
5286,wc-completed,GBP,2024-11-01 22:47:17,125.00,APPROVED_FOR_IMPORT,,ASSOCIATE_GID,1,1,0,0
5287,wc-completed,GBP,2024-11-01 23:19:42,55.00,APPROVED_FOR_IMPORT,,EMAIL_ONLY_D2,2,0,0,0
5289,wc-completed,GBP,2024-11-02 00:29:50,43.00,APPROVED_FOR_IMPORT,,EMAIL_ONLY_D2,2,0,0,0
5290,wc-completed,GBP,2024-11-02 01:48:23,50.00,APPROVED_FOR_IMPORT,,EMAIL_ONLY_D2,2,0,0,0
5292,wc-completed,GBP,2024-11-02 09:05:46,20.00,APPROVED_FOR_IMPORT,,EMAIL_ONLY_D2,1,0,0,0
5294,wc-completed,GBP,2024-11-02 09:23:59,69.00,APPROVED_FOR_IMPORT,,EMAIL_ONLY_D2,2,0,0,0
5295,wc-completed,GBP,2024-11-02 09:49:25,124.98,APPROVED_FOR_IMPORT,,EMAIL_ONLY_D2,5,0,0,0
5300,wc-completed,GBP,2024-11-02 12:19:27,104.00,APPROVED_FOR_IMPORT,,EMAIL_ONLY_D2,6,0,0,0
5301,wc-completed,GBP,2024-11-02 13:34:45,124.00,APPROVED_FOR_IMPORT,,ASSOCIATE_GID,6,0,0,0
5302,wc-completed,GBP,2024-11-02 14:15:45,45.00,APPROVED_FOR_IMPORT,,EMAIL_ONLY_D2,1,0,0,0
5303,wc-completed,GBP,2024-11-02 14:27:47,23.00,APPROVED_FOR_IMPORT,,EMAIL_ONLY_D2,1,0,0,0
5305,wc-completed,GBP,2024-11-02 15:17:48,52.99,APPROVED_FOR_IMPORT,,EMAIL_ONLY_D2,3,0,0,0
5306,wc-completed,GBP,2024-11-02 15:18:57,48.00,APPROVED_FOR_IMPORT,,EMAIL_ONLY_D2,3,0,0,0
5308,wc-completed,GBP,2024-11-02 18:09:19,25.00,APPROVED_FOR_IMPORT,,EMAIL_ONLY_D2,1,0,0,0
5309,wc-completed,GBP,2024-11-02 18:09:24,25.00,APPROVED_FOR_IMPORT,,EMAIL_ONLY_D2,1,0,0,0
5311,wc-completed,GBP,2024-11-02 20:39:28,65.00,APPROVED_FOR_IMPORT,,ASSOCIATE_GID,2,0,0,0
5312,wc-completed,GBP,2024-11-02 21:03:10,107.00,PENDING_DECISION,D-3_unmapped_customer,UNMAPPED,6,0,0,0
5313,wc-completed,GBP,2024-11-02 21:42:47,20.00,APPROVED_FOR_IMPORT,,EMAIL_ONLY_D2,1,0,0,0
5314,wc-completed,GBP,2024-11-02 22:11:37,37.00,APPROVED_FOR_IMPORT,,EMAIL_ONLY_D2,2,0,0,0
5315,wc-completed,GBP,2024-11-02 22:39:22,47.99,APPROVED_FOR_IMPORT,,EMAIL_ONLY_D2,4,0,0,0
5317,wc-completed,GBP,2024-11-02 23:17:26,37.00,APPROVED_FOR_IMPORT,,EMAIL_ONLY_D2,1,0,0,0
5319,wc-completed,GBP,2024-11-03 01:11:20,25.00,APPROVED_FOR_IMPORT,,EMAIL_ONLY_D2,1,0,0,0
5320,wc-completed,GBP,2024-11-03 05:53:41,23.00,APPROVED_FOR_IMPORT,,EMAIL_ONLY_D2,1,0,0,0
5322,wc-completed,GBP,2024-11-03 07:14:26,45.00,APPROVED_FOR_IMPORT,,EMAIL_ONLY_D2,2,0,0,0
5323,wc-completed,GBP,2024-11-03 09:18:10,45.00,APPROVED_FOR_IMPORT,,EMAIL_ONLY_D2,2,0,0,0
5326,wc-completed,GBP,2024-11-03 12:35:14,42.00,APPROVED_FOR_IMPORT,,EMAIL_ONLY_D2,2,0,0,0
5328,wc-completed,GBP,2024-11-03 13:15:23,140.00,APPROVED_FOR_IMPORT,,EMAIL_ONLY_D2,1,0,0,0
5329,wc-completed,GBP,2024-11-03 13:39:11,31.00,APPROVED_FOR_IMPORT,,EMAIL_ONLY_D2,1,0,0,0
5331,wc-failed,GBP,2024-11-03 14:28:35,41.00,APPROVED_FOR_IMPORT,,ASSOCIATE_GID,2,0,0,0
5333,wc-completed,GBP,2024-11-03 15:08:42,54.00,APPROVED_FOR_IMPORT,,EMAIL_ONLY_D2,3,0,0,0
5334,wc-completed,GBP,2024-11-03 16:12:59,91.00,PENDING_DECISION,D-3_unmapped_customer,UNMAPPED,4,0,0,0
5335,wc-completed,GBP,2024-11-03 16:13:10,54.00,APPROVED_FOR_IMPORT,,EMAIL_ONLY_D2,3,0,0,0
5336,wc-completed,GBP,2024-11-03 16:14:00,41.00,APPROVED_FOR_IMPORT,,ASSOCIATE_GID,2,0,0,0
5338,wc-completed,GBP,2024-11-03 17:12:50,153.00,APPROVED_FOR_IMPORT,,EMAIL_ONLY_D2,5,0,0,0
5339,wc-completed,GBP,2024-11-03 17:40:13,45.00,APPROVED_FOR_IMPORT,,EMAIL_ONLY_D2,2,0,0,0
5340,wc-completed,GBP,2024-11-03 17:47:31,59.00,APPROVED_FOR_IMPORT,,EMAIL_ONLY_D2,3,0,0,0
5341,wc-completed,GBP,2024-11-03 18:07:49,25.00,APPROVED_FOR_IMPORT,,EMAIL_ONLY_D2,1,0,0,0
5342,wc-completed,GBP,2024-11-03 18:13:34,40.00,APPROVED_FOR_IMPORT,,EMAIL_ONLY_D2,2,0,0,0
5343,wc-completed,GBP,2024-11-03 18:58:08,88.99,APPROVED_FOR_IMPORT,,EMAIL_ONLY_D2,6,0,0,0
5344,wc-completed,GBP,2024-11-03 19:24:36,35.00,APPROVED_FOR_IMPORT,,EMAIL_ONLY_D2,1,0,0,0
5345,wc-completed,GBP,2024-11-03 20:35:45,21.00,APPROVED_FOR_IMPORT,,EMAIL_ONLY_D2,1,0,0,0
5346,wc-completed,GBP,2024-11-03 21:57:47,51.00,APPROVED_FOR_IMPORT,,EMAIL_ONLY_D2,2,0,0,0
5347,wc-completed,GBP,2024-11-03 23:45:11,25.00,APPROVED_FOR_IMPORT,,EMAIL_ONLY_D2,1,0,0,0
5350,wc-completed,GBP,2024-11-04 11:04:22,116.00,APPROVED_FOR_IMPORT,,EMAIL_ONLY_D2,3,0,0,0
5351,wc-completed,GBP,2024-11-04 11:40:29,41.00,APPROVED_FOR_IMPORT,,EMAIL_ONLY_D2,2,0,0,0
5366,wc-completed,GBP,2024-11-04 17:04:08,52.00,APPROVED_FOR_IMPORT,,EMAIL_ONLY_D2,3,0,0,0
5367,wc-completed,GBP,2024-11-04 17:26:48,30.00,APPROVED_FOR_IMPORT,,EMAIL_ONLY_D2,4,1,0,0
5368,wc-completed,GBP,2024-11-04 17:45:41,25.00,APPROVED_FOR_IMPORT,,EMAIL_ONLY_D2,1,0,0,0
5369,wc-completed,GBP,2024-11-04 18:28:42,13.00,APPROVED_FOR_IMPORT,,EMAIL_ONLY_D2,1,0,0,0
5370,wc-completed,GBP,2024-11-04 18:28:55,61.00,APPROVED_FOR_IMPORT,,EMAIL_ONLY_D2,3,0,0,0
5372,wc-completed,GBP,2024-11-04 19:21:38,42.00,APPROVED_FOR_IMPORT,,EMAIL_ONLY_D2,2,0,0,1
5373,wc-completed,GBP,2024-11-04 22:22:54,61.00,APPROVED_FOR_IMPORT,,EMAIL_ONLY_D2,3,0,0,0
5374,wc-completed,GBP,2024-11-04 22:48:59,25.00,APPROVED_FOR_IMPORT,,EMAIL_ONLY_D2,1,0,0,0
5375,wc-completed,GBP,2024-11-04 23:48:43,127.98,APPROVED_FOR_IMPORT,,EMAIL_ONLY_D2,6,0,0,0
5376,wc-completed,GBP,2024-11-05 00:00:38,82.00,APPROVED_FOR_IMPORT,,EMAIL_ONLY_D2,6,0,1,0
5377,wc-completed,GBP,2024-11-05 00:48:51,35.00,APPROVED_FOR_IMPORT,,EMAIL_ONLY_D2,1,0,0,0
5378,wc-completed,GBP,2024-11-05 07:20:15,50.00,APPROVED_FOR_IMPORT,,EMAIL_ONLY_D2,2,0,0,0
5380,wc-completed,GBP,2024-11-05 08:30:31,45.00,APPROVED_FOR_IMPORT,,EMAIL_ONLY_D2,2,0,0,0
5383,wc-refunded,GBP,2024-11-05 10:07:03,51.00,APPROVED_FOR_IMPORT,,EMAIL_ONLY_D2,4,0,0,1
5384,wc-completed,GBP,2024-11-05 10:23:04,40.99,APPROVED_FOR_IMPORT,,ASSOCIATE_GID,1,0,0,0
5385,wc-completed,GBP,2024-11-05 10:56:57,93.00,APPROVED_FOR_IMPORT,,EMAIL_ONLY_D2,4,0,0,0
5386,wc-completed,GBP,2024-11-05 13:18:15,209.00,APPROVED_FOR_IMPORT,,ASSOCIATE_GID,5,1,0,0
5387,wc-completed,GBP,2024-11-05 13:36:36,86.00,APPROVED_FOR_IMPORT,,EMAIL_ONLY_D2,2,0,0,0
5388,wc-completed,GBP,2024-11-05 13:53:17,35.00,APPROVED_FOR_IMPORT,,EMAIL_ONLY_D2,1,0,0,0
5389,wc-completed,GBP,2024-11-05 14:05:38,51.99,APPROVED_FOR_IMPORT,,EMAIL_ONLY_D2,3,0,0,0
5391,wc-completed,GBP,2024-11-05 17:56:13,23.00,APPROVED_FOR_IMPORT,,EMAIL_ONLY_D2,1,0,0,0
5396,wc-completed,GBP,2024-11-05 19:19:13,154.00,APPROVED_FOR_IMPORT,,EMAIL_ONLY_D2,1,1,0,0
5401,wc-completed,GBP,2024-11-05 21:47:32,100.00,APPROVED_FOR_IMPORT,,EMAIL_ONLY_D2,5,0,0,0
5402,wc-completed,GBP,2024-11-05 21:49:40,56.00,APPROVED_FOR_IMPORT,,EMAIL_ONLY_D2,2,0,0,0
5403,wc-completed,GBP,2024-11-05 22:34:20,31.00,APPROVED_FOR_IMPORT,,EMAIL_ONLY_D2,1,0,0,0
5404,wc-completed,GBP,2024-11-05 23:16:51,25.00,APPROVED_FOR_IMPORT,,EMAIL_ONLY_D2,1,0,0,0
5406,wc-completed,GBP,2024-11-06 00:48:17,86.00,APPROVED_FOR_IMPORT,,EMAIL_ONLY_D2,1,0,0,0
5407,wc-completed,GBP,2024-11-06 07:53:41,35.00,APPROVED_FOR_IMPORT,,ASSOCIATE_GID,2,0,0,0
5408,wc-completed,GBP,2024-11-06 09:38:31,25.00,APPROVED_FOR_IMPORT,,EMAIL_ONLY_D2,1,0,0,0
5409,wc-completed,GBP,2024-11-06 09:51:06,24.00,APPROVED_FOR_IMPORT,,EMAIL_ONLY_D2,2,0,0,0
5410,wc-completed,GBP,2024-11-06 10:23:14,47.00,APPROVED_FOR_IMPORT,,EMAIL_ONLY_D2,2,0,0,0
5411,wc-completed,GBP,2024-11-06 11:27:45,89.00,APPROVED_FOR_IMPORT,,EMAIL_ONLY_D2,5,0,0,0
5418,wc-completed,GBP,2024-11-06 12:43:54,55.00,APPROVED_FOR_IMPORT,,EMAIL_ONLY_D2,1,0,0,0
5419,wc-completed,GBP,2024-11-06 12:45:54,25.00,APPROVED_FOR_IMPORT,,EMAIL_ONLY_D2,1,0,0,0
5420,wc-completed,GBP,2024-11-06 13:46:13,86.00,APPROVED_FOR_IMPORT,,EMAIL_ONLY_D2,5,0,0,0
5422,wc-completed,GBP,2024-11-06 14:16:19,45.00,APPROVED_FOR_IMPORT,,EMAIL_ONLY_D2,2,0,0,0
5423,wc-completed,GBP,2024-11-06 15:33:50,63.99,APPROVED_FOR_IMPORT,,EMAIL_ONLY_D2,2,0,0,0
5424,wc-completed,GBP,2024-11-06 17:00:24,42.99,APPROVED_FOR_IMPORT,,EMAIL_ONLY_D2,3,0,0,0
5425,wc-completed,GBP,2024-11-06 19:10:29,33.00,APPROVED_FOR_IMPORT,,ASSOCIATE_GID,2,0,0,0
5426,wc-completed,GBP,2024-11-06 21:44:03,77.00,APPROVED_FOR_IMPORT,,EMAIL_ONLY_D2,4,0,0,0
5427,wc-completed,GBP,2024-11-06 22:12:47,30.00,APPROVED_FOR_IMPORT,,EMAIL_ONLY_D2,1,0,0,0
5429,wc-completed,GBP,2024-11-07 06:44:58,61.00,APPROVED_FOR_IMPORT,,EMAIL_ONLY_D2,3,0,0,0
5430,wc-completed,GBP,2024-11-07 10:49:30,98.00,APPROVED_FOR_IMPORT,,EMAIL_ONLY_D2,4,0,0,0
5431,wc-completed,GBP,2024-11-07 11:04:29,70.00,APPROVED_FOR_IMPORT,,EMAIL_ONLY_D2,4,0,0,0
5432,wc-completed,GBP,2024-11-07 12:44:08,60.00,APPROVED_FOR_IMPORT,,ASSOCIATE_GID,2,0,0,0
5433,wc-completed,GBP,2024-11-07 13:33:57,37.00,APPROVED_FOR_IMPORT,,ASSOCIATE_GID,1,0,0,0
5435,wc-completed,GBP,2024-11-07 13:35:34,55.00,APPROVED_FOR_IMPORT,,EMAIL_ONLY_D2,2,0,0,0
5436,wc-completed,GBP,2024-11-07 14:34:49,24.00,APPROVED_FOR_IMPORT,,EMAIL_ONLY_D2,1,0,0,0
5437,wc-completed,GBP,2024-11-07 15:11:35,41.00,APPROVED_FOR_IMPORT,,EMAIL_ONLY_D2,2,0,0,0
5439,wc-completed,GBP,2024-11-07 16:21:08,127.00,APPROVED_FOR_IMPORT,,EMAIL_ONLY_D2,4,0,0,0
5440,wc-completed,GBP,2024-11-07 16:29:31,86.00,APPROVED_FOR_IMPORT,,EMAIL_ONLY_D2,3,0,0,0
5441,wc-completed,GBP,2024-11-07 17:43:57,20.00,APPROVED_FOR_IMPORT,,EMAIL_ONLY_D2,1,0,0,0
5442,wc-completed,GBP,2024-11-07 18:43:38,60.00,APPROVED_FOR_IMPORT,,EMAIL_ONLY_D2,2,0,0,0
5443,wc-completed,GBP,2024-11-07 19:34:16,93.00,APPROVED_FOR_IMPORT,,EMAIL_ONLY_D2,4,0,0,0
5447,wc-completed,GBP,2024-11-07 21:43:34,64.00,APPROVED_FOR_IMPORT,,EMAIL_ONLY_D2,3,0,0,0
5448,wc-completed,GBP,2024-11-07 21:44:03,38.00,APPROVED_FOR_IMPORT,,EMAIL_ONLY_D2,2,0,0,0
5449,wc-completed,GBP,2024-11-07 23:17:49,23.00,APPROVED_FOR_IMPORT,,EMAIL_ONLY_D2,1,0,0,0
5450,wc-completed,GBP,2024-11-07 23:23:43,57.00,APPROVED_FOR_IMPORT,,EMAIL_ONLY_D2,3,0,0,0
5452,wc-completed,GBP,2024-11-08 06:27:51,60.00,APPROVED_FOR_IMPORT,,EMAIL_ONLY_D2,2,0,0,0
5453,wc-completed,GBP,2024-11-08 08:47:42,75.00,APPROVED_FOR_IMPORT,,EMAIL_ONLY_D2,2,0,0,0
5455,wc-completed,GBP,2024-11-08 11:01:11,57.00,APPROVED_FOR_IMPORT,,ASSOCIATE_GID,3,0,0,0
5457,wc-completed,GBP,2024-11-08 12:21:48,35.00,APPROVED_FOR_IMPORT,,ASSOCIATE_GID,2,0,0,0
5458,wc-completed,GBP,2024-11-08 12:23:20,57.00,APPROVED_FOR_IMPORT,,EMAIL_ONLY_D2,2,0,0,0
5459,wc-completed,GBP,2024-11-08 12:40:21,131.00,APPROVED_FOR_IMPORT,,ASSOCIATE_GID,5,0,0,0
5460,wc-completed,GBP,2024-11-08 12:44:13,70.00,APPROVED_FOR_IMPORT,,EMAIL_ONLY_D2,4,0,0,0
5461,wc-completed,GBP,2024-11-08 12:46:49,45.00,APPROVED_FOR_IMPORT,,EMAIL_ONLY_D2,2,0,0,0
5462,wc-completed,GBP,2024-11-08 12:58:46,45.00,APPROVED_FOR_IMPORT,,ASSOCIATE_GID,1,0,0,0
5463,wc-completed,GBP,2024-11-08 13:54:21,55.00,APPROVED_FOR_IMPORT,,EMAIL_ONLY_D2,3,0,0,0
5464,wc-completed,GBP,2024-11-08 14:16:06,135.00,APPROVED_FOR_IMPORT,,EMAIL_ONLY_D2,12,0,0,0
5465,wc-completed,GBP,2024-11-08 14:18:00,52.00,APPROVED_FOR_IMPORT,,EMAIL_ONLY_D2,2,0,0,0
5466,wc-completed,GBP,2024-11-08 14:26:05,72.99,APPROVED_FOR_IMPORT,,EMAIL_ONLY_D2,5,0,0,0
5467,wc-completed,GBP,2024-11-08 14:27:48,60.99,APPROVED_FOR_IMPORT,,EMAIL_ONLY_D2,5,0,0,0
5468,wc-completed,GBP,2024-11-08 15:32:19,37.00,APPROVED_FOR_IMPORT,,EMAIL_ONLY_D2,2,0,0,0
5469,wc-completed,GBP,2024-11-08 15:33:44,60.00,APPROVED_FOR_IMPORT,,EMAIL_ONLY_D2,1,0,0,0
5470,wc-completed,GBP,2024-11-08 15:38:30,70.00,APPROVED_FOR_IMPORT,,EMAIL_ONLY_D2,5,0,0,0
5475,wc-refunded,GBP,2024-11-08 18:40:50,52.00,APPROVED_FOR_IMPORT,,EMAIL_ONLY_D2,3,0,0,1
5476,wc-completed,GBP,2024-11-08 19:38:07,78.00,APPROVED_FOR_IMPORT,,EMAIL_ONLY_D2,8,0,0,0
5477,wc-completed,GBP,2024-11-08 20:09:18,62.00,APPROVED_FOR_IMPORT,,EMAIL_ONLY_D2,3,0,0,0
5478,wc-completed,GBP,2024-11-09 05:26:11,54.00,APPROVED_FOR_IMPORT,,EMAIL_ONLY_D2,4,0,0,0
5482,wc-completed,GBP,2024-11-09 15:11:49,67.00,APPROVED_FOR_IMPORT,,EMAIL_ONLY_D2,4,1,0,0
5483,wc-completed,GBP,2024-11-09 16:59:27,20.00,APPROVED_FOR_IMPORT,,EMAIL_ONLY_D2,1,0,0,0
5484,wc-completed,GBP,2024-11-09 17:38:19,43.00,APPROVED_FOR_IMPORT,,EMAIL_ONLY_D2,2,0,0,0
5485,wc-completed,GBP,2024-11-09 18:00:43,86.00,APPROVED_FOR_IMPORT,,EMAIL_ONLY_D2,2,0,0,0
5486,wc-completed,GBP,2024-11-09 18:47:12,48.00,APPROVED_FOR_IMPORT,,EMAIL_ONLY_D2,3,0,0,0
5491,wc-completed,GBP,2024-11-09 21:40:37,34.00,APPROVED_FOR_IMPORT,,EMAIL_ONLY_D2,2,0,0,0
5492,wc-completed,GBP,2024-11-09 21:56:04,21.00,APPROVED_FOR_IMPORT,,EMAIL_ONLY_D2,1,0,0,0
5493,wc-completed,GBP,2024-11-10 01:51:05,43.00,APPROVED_FOR_IMPORT,,ASSOCIATE_GID,2,0,0,0
5495,wc-completed,GBP,2024-11-10 12:15:24,114.00,APPROVED_FOR_IMPORT,,EMAIL_ONLY_D2,6,0,0,0
5500,wc-completed,GBP,2024-11-10 19:12:01,37.00,APPROVED_FOR_IMPORT,,EMAIL_ONLY_D2,2,0,0,0
5501,wc-completed,GBP,2024-11-10 20:17:34,103.00,APPROVED_FOR_IMPORT,,ASSOCIATE_GID,3,0,0,0
5502,wc-completed,GBP,2024-11-10 22:04:48,48.00,APPROVED_FOR_IMPORT,,EMAIL_ONLY_D2,2,0,0,0
5503,wc-completed,GBP,2024-11-10 23:55:27,101.35,APPROVED_FOR_IMPORT,,EMAIL_ONLY_D2,6,0,0,0
5504,wc-completed,GBP,2024-11-11 00:05:41,70.68,APPROVED_FOR_IMPORT,,ASSOCIATE_GID,4,0,0,0
5505,wc-completed,GBP,2024-11-11 00:42:49,88.35,APPROVED_FOR_IMPORT,,EMAIL_ONLY_D2,4,0,0,0
5506,wc-refunded,GBP,2024-11-11 01:03:04,35.69,APPROVED_FOR_IMPORT,,EMAIL_ONLY_D2,2,0,0,1
5517,wc-completed,GBP,2024-11-11 05:41:08,80.90,APPROVED_FOR_IMPORT,,EMAIL_ONLY_D2,4,0,0,0
5518,wc-completed,GBP,2024-11-11 05:48:34,79.44,APPROVED_FOR_IMPORT,,EMAIL_ONLY_D2,4,0,0,0
5519,wc-completed,GBP,2024-11-11 07:50:13,94.86,APPROVED_FOR_IMPORT,,EMAIL_ONLY_D2,6,0,0,0
5520,wc-completed,GBP,2024-11-11 08:06:30,17.00,APPROVED_FOR_IMPORT,,EMAIL_ONLY_D2,1,0,0,0
5521,wc-completed,GBP,2024-11-11 08:10:37,44.06,APPROVED_FOR_IMPORT,,EMAIL_ONLY_D2,2,0,0,0
5522,wc-completed,GBP,2024-11-11 08:14:59,157.20,APPROVED_FOR_IMPORT,,ASSOCIATE_GID,8,1,0,0
5523,wc-completed,GBP,2024-11-11 08:42:46,42.19,APPROVED_FOR_IMPORT,,EMAIL_ONLY_D2,2,0,0,0
5524,wc-completed,GBP,2024-11-11 08:45:18,42.20,APPROVED_FOR_IMPORT,,EMAIL_ONLY_D2,2,0,0,0
5525,wc-completed,GBP,2024-11-11 09:11:47,51.50,APPROVED_FOR_IMPORT,,EMAIL_ONLY_D2,2,0,0,0
5526,wc-completed,GBP,2024-11-11 09:14:28,42.20,APPROVED_FOR_IMPORT,,EMAIL_ONLY_D2,2,0,0,0
5527,wc-completed,GBP,2024-11-11 09:20:27,21.74,APPROVED_FOR_IMPORT,,EMAIL_ONLY_D2,1,0,0,0
5529,wc-completed,GBP,2024-11-11 10:34:47,58.93,APPROVED_FOR_IMPORT,,ASSOCIATE_GID,3,0,0,0
5530,wc-completed,GBP,2024-11-11 10:40:13,67.94,APPROVED_FOR_IMPORT,,EMAIL_ONLY_D2,4,0,0,0
5531,wc-completed,GBP,2024-11-11 12:04:00,201.75,APPROVED_FOR_IMPORT,,EMAIL_ONLY_D2,14,0,0,0
5532,wc-completed,GBP,2024-11-11 12:05:37,134.85,APPROVED_FOR_IMPORT,,EMAIL_ONLY_D2,1,1,0,0
5533,wc-completed,GBP,2024-11-11 12:17:10,60.48,APPROVED_FOR_IMPORT,,EMAIL_ONLY_D2,3,0,0,0
5534,wc-completed,GBP,2024-11-11 12:21:39,75.68,APPROVED_FOR_IMPORT,,EMAIL_ONLY_D2,4,0,0,0
5535,wc-completed,GBP,2024-11-11 12:32:20,55.80,APPROVED_FOR_IMPORT,,EMAIL_ONLY_D2,3,0,0,0
5536,wc-completed,GBP,2024-11-11 12:47:43,51.00,APPROVED_FOR_IMPORT,,EMAIL_ONLY_D2,4,0,0,0
5537,wc-completed,GBP,2024-11-11 12:51:42,292.10,APPROVED_FOR_IMPORT,,ASSOCIATE_GID,12,0,0,0
5538,wc-completed,GBP,2024-11-11 12:53:11,52.65,APPROVED_FOR_IMPORT,,EMAIL_ONLY_D2,3,0,0,0
5540,wc-completed,GBP,2024-11-11 13:16:23,34.76,APPROVED_FOR_IMPORT,,EMAIL_ONLY_D2,2,0,0,0
5541,wc-completed,GBP,2024-11-11 13:18:55,66.60,APPROVED_FOR_IMPORT,,ASSOCIATE_GID,3,0,0,0
5542,wc-completed,GBP,2024-11-11 13:37:53,64.65,APPROVED_FOR_IMPORT,,EMAIL_ONLY_D2,3,0,0,0
5543,wc-completed,GBP,2024-11-11 13:48:02,74.40,APPROVED_FOR_IMPORT,,ASSOCIATE_GID,4,0,0,0
5544,wc-completed,GBP,2024-11-11 13:54:02,20.00,APPROVED_FOR_IMPORT,,ASSOCIATE_GID,1,0,0,0
5546,wc-completed,GBP,2024-11-11 14:38:38,46.85,APPROVED_FOR_IMPORT,,EMAIL_ONLY_D2,2,0,0,0
5547,wc-completed,GBP,2024-11-11 14:47:41,142.62,APPROVED_FOR_IMPORT,,EMAIL_ONLY_D2,8,1,0,0
5549,wc-refunded,GBP,2024-11-11 15:21:57,18.95,APPROVED_FOR_IMPORT,,ASSOCIATE_GID,1,0,0,1
5550,wc-completed,GBP,2024-11-11 15:38:53,58.59,APPROVED_FOR_IMPORT,,EMAIL_ONLY_D2,3,0,0,0
5551,wc-completed,GBP,2024-11-11 16:01:25,72.54,APPROVED_FOR_IMPORT,,EMAIL_ONLY_D2,4,0,0,0
5553,wc-completed,GBP,2024-11-11 16:34:33,102.30,APPROVED_FOR_IMPORT,,EMAIL_ONLY_D2,4,0,0,0
5554,wc-completed,GBP,2024-11-11 17:26:45,140.43,APPROVED_FOR_IMPORT,,EMAIL_ONLY_D2,7,0,0,0
5555,wc-completed,GBP,2024-11-11 17:48:23,61.38,APPROVED_FOR_IMPORT,,EMAIL_ONLY_D2,4,0,0,0
5556,wc-completed,GBP,2024-11-11 18:06:02,44.06,APPROVED_FOR_IMPORT,,EMAIL_ONLY_D2,2,0,0,0
5557,wc-completed,GBP,2024-11-11 18:26:21,74.40,APPROVED_FOR_IMPORT,,EMAIL_ONLY_D2,4,0,0,0
5558,wc-completed,GBP,2024-11-11 18:47:06,89.28,APPROVED_FOR_IMPORT,,ASSOCIATE_GID,4,0,0,0
5559,wc-completed,GBP,2024-11-11 18:51:26,60.80,APPROVED_FOR_IMPORT,,EMAIL_ONLY_D2,4,0,0,0
5561,wc-completed,GBP,2024-11-11 19:18:46,68.82,APPROVED_FOR_IMPORT,,EMAIL_ONLY_D2,4,0,0,0
5562,wc-completed,GBP,2024-11-11 19:26:23,56.84,APPROVED_FOR_IMPORT,,EMAIL_ONLY_D2,4,0,0,0
5563,wc-completed,GBP,2024-11-11 19:37:46,68.46,APPROVED_FOR_IMPORT,,EMAIL_ONLY_D2,4,0,0,0
5564,wc-completed,GBP,2024-11-11 19:44:13,80.40,APPROVED_FOR_IMPORT,,EMAIL_ONLY_D2,2,0,0,0
5565,wc-completed,GBP,2024-11-11 19:46:29,69.30,APPROVED_FOR_IMPORT,,EMAIL_ONLY_D2,4,0,0,0
5568,wc-completed,GBP,2024-11-11 20:21:31,77.64,APPROVED_FOR_IMPORT,,ASSOCIATE_GID,5,0,0,0
5569,wc-completed,GBP,2024-11-11 20:25:19,135.77,APPROVED_FOR_IMPORT,,EMAIL_ONLY_D2,6,1,0,0
5570,wc-completed,GBP,2024-11-11 20:27:57,87.42,APPROVED_FOR_IMPORT,,ASSOCIATE_GID,5,0,0,0
5572,wc-completed,GBP,2024-11-11 20:43:37,158.61,APPROVED_FOR_IMPORT,,ASSOCIATE_GID,9,0,0,0
5573,wc-completed,GBP,2024-11-11 20:50:13,23.60,APPROVED_FOR_IMPORT,,EMAIL_ONLY_D2,1,0,0,0
5574,wc-completed,GBP,2024-11-11 20:50:58,24.00,APPROVED_FOR_IMPORT,,EMAIL_ONLY_D2,1,0,0,0
5575,wc-completed,GBP,2024-11-11 20:58:51,52.08,APPROVED_FOR_IMPORT,,EMAIL_ONLY_D2,3,0,0,0
5576,wc-completed,GBP,2024-11-11 21:08:15,33.83,APPROVED_FOR_IMPORT,,EMAIL_ONLY_D2,2,0,0,0
5577,wc-completed,GBP,2024-11-11 21:11:13,50.69,APPROVED_FOR_IMPORT,,EMAIL_ONLY_D2,6,2,2,0
5578,wc-completed,GBP,2024-11-11 21:39:00,28.25,APPROVED_FOR_IMPORT,,EMAIL_ONLY_D2,1,0,0,0
5579,wc-completed,GBP,2024-11-11 21:46:06,19.88,APPROVED_FOR_IMPORT,,EMAIL_ONLY_D2,1,0,0,0
5580,wc-failed,GBP,2024-11-11 21:56:44,51.49,APPROVED_FOR_IMPORT,,EMAIL_ONLY_D2,3,0,0,0
5581,wc-completed,GBP,2024-11-11 21:59:23,98.49,APPROVED_FOR_IMPORT,,EMAIL_ONLY_D2,5,0,0,0
5582,wc-completed,GBP,2024-11-11 22:00:32,50.22,APPROVED_FOR_IMPORT,,EMAIL_ONLY_D2,3,1,0,0
5583,wc-completed,GBP,2024-11-11 22:10:32,51.13,APPROVED_FOR_IMPORT,,EMAIL_ONLY_D2,3,0,0,0
5584,wc-completed,GBP,2024-11-11 22:17:26,39.41,APPROVED_FOR_IMPORT,,EMAIL_ONLY_D2,2,0,0,0
5585,wc-completed,GBP,2024-11-11 22:26:08,52.08,APPROVED_FOR_IMPORT,,ASSOCIATE_GID,2,0,0,0
5586,wc-completed,GBP,2024-11-11 22:32:26,62.31,APPROVED_FOR_IMPORT,,ASSOCIATE_GID,4,0,0,0
5588,wc-completed,GBP,2024-11-11 22:52:31,42.20,APPROVED_FOR_IMPORT,,EMAIL_ONLY_D2,2,0,0,0
5589,wc-completed,GBP,2024-11-11 23:13:46,106.36,APPROVED_FOR_IMPORT,,ASSOCIATE_GID,6,0,0,0
5590,wc-completed,GBP,2024-11-11 23:15:29,60.45,APPROVED_FOR_IMPORT,,EMAIL_ONLY_D2,3,0,0,0
5591,wc-completed,GBP,2024-11-11 23:22:38,63.26,APPROVED_FOR_IMPORT,,EMAIL_ONLY_D2,4,0,0,0
5592,wc-completed,GBP,2024-11-11 23:26:38,80.55,APPROVED_FOR_IMPORT,,ASSOCIATE_GID,4,0,0,0
5593,wc-completed,GBP,2024-11-11 23:32:55,176.70,APPROVED_FOR_IMPORT,,EMAIL_ONLY_D2,3,0,0,0
5594,wc-completed,GBP,2024-11-11 23:35:58,23.60,APPROVED_FOR_IMPORT,,EMAIL_ONLY_D2,1,0,0,0
5595,wc-completed,GBP,2024-11-11 23:36:35,56.25,APPROVED_FOR_IMPORT,,EMAIL_ONLY_D2,3,0,0,0
5596,wc-completed,GBP,2024-11-11 23:37:33,136.69,APPROVED_FOR_IMPORT,,EMAIL_ONLY_D2,7,0,0,0
5597,wc-completed,GBP,2024-11-11 23:40:20,52.00,APPROVED_FOR_IMPORT,,EMAIL_ONLY_D2,2,0,0,0
5599,wc-completed,GBP,2024-11-11 23:56:18,140.41,APPROVED_FOR_IMPORT,,EMAIL_ONLY_D2,8,0,0,0
5601,wc-completed,GBP,2024-11-12 00:24:09,58.49,APPROVED_FOR_IMPORT,,ASSOCIATE_GID,3,0,0,0
5602,wc-completed,GBP,2024-11-12 00:30:54,42.20,APPROVED_FOR_IMPORT,,EMAIL_ONLY_D2,2,0,0,0
5603,wc-completed,GBP,2024-11-12 00:39:48,63.24,APPROVED_FOR_IMPORT,,EMAIL_ONLY_D2,2,0,0,0
5604,wc-completed,GBP,2024-11-12 01:00:59,19.00,APPROVED_FOR_IMPORT,,EMAIL_ONLY_D2,1,0,0,0
5605,wc-completed,GBP,2024-11-12 01:17:00,54.00,APPROVED_FOR_IMPORT,,EMAIL_ONLY_D2,1,0,0,0
5606,wc-completed,GBP,2024-11-12 03:37:59,65.10,APPROVED_FOR_IMPORT,,EMAIL_ONLY_D2,4,0,0,0
5607,wc-completed,GBP,2024-11-12 05:24:59,51.50,APPROVED_FOR_IMPORT,,EMAIL_ONLY_D2,2,0,0,0
5608,wc-completed,GBP,2024-11-12 06:42:58,54.90,APPROVED_FOR_IMPORT,,EMAIL_ONLY_D2,3,0,0,0
5609,wc-completed,GBP,2024-11-12 07:57:47,55.70,APPROVED_FOR_IMPORT,,EMAIL_ONLY_D2,4,1,1,0
5610,wc-completed,GBP,2024-11-12 08:00:12,24.00,APPROVED_FOR_IMPORT,,EMAIL_ONLY_D2,1,0,0,0
5612,wc-completed,GBP,2024-11-12 08:34:25,100.43,APPROVED_FOR_IMPORT,,EMAIL_ONLY_D2,4,0,0,0
5613,wc-completed,GBP,2024-11-12 09:18:13,55.80,APPROVED_FOR_IMPORT,,EMAIL_ONLY_D2,2,0,0,0
5616,wc-completed,GBP,2024-11-12 10:57:55,28.80,APPROVED_FOR_IMPORT,,EMAIL_ONLY_D2,2,0,0,0
5617,wc-completed,GBP,2024-11-12 11:27:03,64.20,APPROVED_FOR_IMPORT,,ASSOCIATE_GID,3,0,0,0
5618,wc-completed,GBP,2024-11-12 11:51:02,50.21,APPROVED_FOR_IMPORT,,ASSOCIATE_GID,5,0,0,0
5619,wc-completed,GBP,2024-11-12 12:15:49,55.20,APPROVED_FOR_IMPORT,,EMAIL_ONLY_D2,2,0,0,0
5620,wc-completed,GBP,2024-11-12 12:40:35,135.03,APPROVED_FOR_IMPORT,,EMAIL_ONLY_D2,9,0,0,0
5621,wc-completed,GBP,2024-11-12 12:59:57,52.08,APPROVED_FOR_IMPORT,,EMAIL_ONLY_D2,3,0,0,0
5622,wc-completed,GBP,2024-11-12 13:00:27,23.60,APPROVED_FOR_IMPORT,,EMAIL_ONLY_D2,1,0,0,0
5623,wc-completed,GBP,2024-11-12 14:58:40,55.80,APPROVED_FOR_IMPORT,,EMAIL_ONLY_D2,1,0,0,0
5624,wc-completed,GBP,2024-11-12 15:12:51,42.20,APPROVED_FOR_IMPORT,,EMAIL_ONLY_D2,2,0,0,0
5625,wc-completed,GBP,2024-11-12 15:14:10,23.60,APPROVED_FOR_IMPORT,,EMAIL_ONLY_D2,1,0,0,0
5626,wc-completed,GBP,2024-11-12 15:33:38,55.80,APPROVED_FOR_IMPORT,,EMAIL_ONLY_D2,1,0,0,0
5627,wc-completed,GBP,2024-11-12 15:52:31,58.59,APPROVED_FOR_IMPORT,,EMAIL_ONLY_D2,4,0,0,0
5628,wc-completed,GBP,2024-11-12 16:01:15,16.15,APPROVED_FOR_IMPORT,,EMAIL_ONLY_D2,2,0,0,0
5629,wc-completed,GBP,2024-11-12 16:52:11,85.20,APPROVED_FOR_IMPORT,,EMAIL_ONLY_D2,5,0,0,0
5630,wc-completed,GBP,2024-11-12 17:04:45,32.00,APPROVED_FOR_IMPORT,,EMAIL_ONLY_D2,1,0,0,0
5631,wc-completed,GBP,2024-11-12 18:13:45,42.20,APPROVED_FOR_IMPORT,,EMAIL_ONLY_D2,2,0,0,0
5634,wc-completed,GBP,2024-11-12 19:44:26,50.22,APPROVED_FOR_IMPORT,,ASSOCIATE_GID,2,0,0,0
5636,wc-completed,GBP,2024-11-12 20:09:45,45.16,APPROVED_FOR_IMPORT,,EMAIL_ONLY_D2,5,0,0,0
5637,wc-completed,GBP,2024-11-12 20:16:53,51.20,APPROVED_FOR_IMPORT,,EMAIL_ONLY_D2,3,0,0,0
5638,wc-completed,GBP,2024-11-12 20:19:29,52.08,APPROVED_FOR_IMPORT,,ASSOCIATE_GID,4,0,0,0
5639,wc-completed,GBP,2024-11-12 20:37:35,116.25,APPROVED_FOR_IMPORT,,EMAIL_ONLY_D2,6,0,0,0
5640,wc-completed,GBP,2024-11-12 21:12:20,50.69,APPROVED_FOR_IMPORT,,ASSOCIATE_GID,6,1,1,0
5641,wc-completed,GBP,2024-11-12 21:20:49,21.74,APPROVED_FOR_IMPORT,,ASSOCIATE_GID,1,0,0,0
5642,wc-completed,GBP,2024-11-12 21:21:46,69.75,APPROVED_FOR_IMPORT,,EMAIL_ONLY_D2,4,0,0,0
5643,wc-completed,GBP,2024-11-12 21:42:32,66.53,APPROVED_FOR_IMPORT,,EMAIL_ONLY_D2,4,0,0,0
5644,wc-completed,GBP,2024-11-12 21:48:35,248.50,APPROVED_FOR_IMPORT,,EMAIL_ONLY_D2,14,1,1,0
5645,wc-completed,GBP,2024-11-12 21:51:35,124.62,APPROVED_FOR_IMPORT,,ASSOCIATE_GID,6,0,0,0
5646,wc-completed,GBP,2024-11-12 22:07:20,55.80,APPROVED_FOR_IMPORT,,ASSOCIATE_GID,3,0,0,0
5647,wc-completed,GBP,2024-11-12 22:08:06,67.41,APPROVED_FOR_IMPORT,,EMAIL_ONLY_D2,5,0,0,0
5648,wc-completed,GBP,2024-11-12 22:55:11,42.20,APPROVED_FOR_IMPORT,,ASSOCIATE_GID,2,0,0,0
5649,wc-completed,GBP,2024-11-12 23:46:46,59.52,APPROVED_FOR_IMPORT,,ASSOCIATE_GID,1,0,0,0
5650,wc-completed,GBP,2024-11-12 23:52:47,107.88,APPROVED_FOR_IMPORT,,ASSOCIATE_GID,6,0,0,0
5653,wc-completed,GBP,2024-11-13 01:57:45,47.78,APPROVED_FOR_IMPORT,,EMAIL_ONLY_D2,2,0,0,0
5654,wc-completed,GBP,2024-11-13 02:15:50,28.25,APPROVED_FOR_IMPORT,,EMAIL_ONLY_D2,1,0,0,0
5655,wc-completed,GBP,2024-11-13 07:26:33,32.00,APPROVED_FOR_IMPORT,,EMAIL_ONLY_D2,1,0,0,0
5656,wc-completed,GBP,2024-11-13 07:28:45,70.68,APPROVED_FOR_IMPORT,,EMAIL_ONLY_D2,4,0,0,0
5657,wc-completed,GBP,2024-11-13 08:07:24,45.16,PENDING_DECISION,D-9_refund_complex,EMAIL_ONLY_D2,5,0,0,2
5658,wc-completed,GBP,2024-11-13 09:42:23,58.59,APPROVED_FOR_IMPORT,,EMAIL_ONLY_D2,3,0,0,0
5659,wc-completed,GBP,2024-11-13 09:45:48,58.39,PENDING_DECISION,D-3_unmapped_customer,UNMAPPED,4,0,0,0
5660,wc-completed,GBP,2024-11-13 10:58:12,63.81,APPROVED_FOR_IMPORT,,EMAIL_ONLY_D2,4,0,0,0
5661,wc-completed,GBP,2024-11-13 10:58:28,31.49,APPROVED_FOR_IMPORT,,EMAIL_ONLY_D2,2,0,0,0
5664,wc-completed,GBP,2024-11-13 13:29:51,20.00,APPROVED_FOR_IMPORT,,ASSOCIATE_GID,1,0,0,0
5665,wc-cancelled,GBP,2024-11-13 13:54:00,57.08,APPROVED_FOR_IMPORT,,ASSOCIATE_GID,3,0,0,0
5666,wc-completed,GBP,2024-11-13 13:55:34,52.08,APPROVED_FOR_IMPORT,,ASSOCIATE_GID,3,0,0,0
5696,wc-completed,GBP,2024-11-13 17:28:24,26.38,APPROVED_FOR_IMPORT,,ASSOCIATE_GID,2,0,0,0
5697,wc-completed,GBP,2024-11-13 17:34:40,10.58,APPROVED_FOR_IMPORT,,EMAIL_ONLY_D2,1,0,0,0
5699,wc-completed,GBP,2024-11-13 18:22:42,73.50,APPROVED_FOR_IMPORT,,EMAIL_ONLY_D2,3,0,0,0
5700,wc-completed,GBP,2024-11-13 18:25:15,53.94,APPROVED_FOR_IMPORT,,EMAIL_ONLY_D2,3,0,0,0
5701,wc-completed,GBP,2024-11-13 19:28:44,28.25,APPROVED_FOR_IMPORT,,EMAIL_ONLY_D2,1,0,0,0
5703,wc-completed,GBP,2024-11-13 20:16:22,143.03,APPROVED_FOR_IMPORT,,EMAIL_ONLY_D2,13,1,1,0
5705,wc-completed,GBP,2024-11-13 22:18:37,55.80,APPROVED_FOR_IMPORT,,EMAIL_ONLY_D2,2,0,0,0
5706,wc-completed,GBP,2024-11-14 00:37:42,263.64,APPROVED_FOR_IMPORT,,EMAIL_ONLY_D2,13,0,0,0
5707,wc-completed,GBP,2024-11-14 01:47:37,53.94,APPROVED_FOR_IMPORT,,EMAIL_ONLY_D2,3,0,0,0
5708,wc-completed,GBP,2024-11-14 02:53:05,18.60,APPROVED_FOR_IMPORT,,EMAIL_ONLY_D2,1,0,0,0
5709,wc-completed,GBP,2024-11-14 09:52:34,53.58,APPROVED_FOR_IMPORT,,EMAIL_ONLY_D2,4,0,0,0
5710,wc-failed,GBP,2024-11-14 11:22:17,46.84,APPROVED_FOR_IMPORT,,EMAIL_ONLY_D2,4,0,0,0
5711,wc-completed,GBP,2024-11-14 11:37:56,55.20,APPROVED_FOR_IMPORT,,EMAIL_ONLY_D2,4,0,0,0
5712,wc-completed,GBP,2024-11-14 11:46:28,34.76,APPROVED_FOR_IMPORT,,EMAIL_ONLY_D2,1,0,0,0
5713,wc-completed,GBP,2024-11-14 11:56:12,51.50,APPROVED_FOR_IMPORT,,EMAIL_ONLY_D2,2,0,0,0
5714,wc-completed,GBP,2024-11-14 12:35:25,201.44,APPROVED_FOR_IMPORT,,ASSOCIATE_GID,5,0,0,0
5715,wc-refunded,GBP,2024-11-14 12:41:35,193.44,APPROVED_FOR_IMPORT,,EMAIL_ONLY_D2,5,0,0,1
5716,wc-completed,GBP,2024-11-14 12:42:37,23.60,APPROVED_FOR_IMPORT,,EMAIL_ONLY_D2,1,0,0,0
5717,wc-completed,GBP,2024-11-14 14:25:10,23.60,APPROVED_FOR_IMPORT,,EMAIL_ONLY_D2,1,0,0,0
5718,wc-completed,GBP,2024-11-14 16:44:00,63.24,APPROVED_FOR_IMPORT,,EMAIL_ONLY_D2,3,1,0,0
5719,wc-completed,GBP,2024-11-14 16:57:01,50.60,APPROVED_FOR_IMPORT,,ASSOCIATE_GID,2,0,0,0
5720,wc-completed,GBP,2024-11-14 18:09:58,57.66,APPROVED_FOR_IMPORT,,EMAIL_ONLY_D2,4,0,0,0
5721,wc-completed,GBP,2024-11-14 18:53:07,79.50,APPROVED_FOR_IMPORT,,EMAIL_ONLY_D2,4,0,0,0
5723,wc-completed,GBP,2024-11-14 20:53:24,32.54,APPROVED_FOR_IMPORT,,EMAIL_ONLY_D2,2,0,0,0
5724,wc-completed,GBP,2024-11-14 21:47:40,37.55,APPROVED_FOR_IMPORT,,EMAIL_ONLY_D2,2,0,0,0
5726,wc-completed,GBP,2024-11-14 22:46:32,46.85,APPROVED_FOR_IMPORT,,EMAIL_ONLY_D2,2,0,0,0
5727,wc-completed,GBP,2024-11-14 22:57:24,58.01,APPROVED_FOR_IMPORT,,EMAIL_ONLY_D2,3,0,0,0
5731,wc-completed,GBP,2024-11-14 23:12:08,66.96,APPROVED_FOR_IMPORT,,EMAIL_ONLY_D2,4,0,0,0
5736,wc-completed,GBP,2024-11-15 03:16:21,151.46,APPROVED_FOR_IMPORT,,EMAIL_ONLY_D2,3,0,0,0
5737,wc-completed,GBP,2024-11-15 04:49:14,103.65,APPROVED_FOR_IMPORT,,EMAIL_ONLY_D2,3,0,0,0
5738,wc-completed,GBP,2024-11-15 06:29:55,55.80,APPROVED_FOR_IMPORT,,EMAIL_ONLY_D2,2,0,0,0
5739,wc-completed,GBP,2024-11-15 06:40:22,52.08,APPROVED_FOR_IMPORT,,ASSOCIATE_GID,2,0,0,0
5740,wc-completed,GBP,2024-11-15 06:58:01,23.60,APPROVED_FOR_IMPORT,,EMAIL_ONLY_D2,1,0,0,0
5742,wc-completed,GBP,2024-11-15 11:30:29,58.59,APPROVED_FOR_IMPORT,,EMAIL_ONLY_D2,3,0,0,0
5743,wc-completed,GBP,2024-11-15 12:33:33,111.60,APPROVED_FOR_IMPORT,,ASSOCIATE_GID,6,0,0,0
5752,wc-completed,GBP,2024-11-15 13:00:59,55.80,APPROVED_FOR_IMPORT,,EMAIL_ONLY_D2,3,0,0,0
5761,wc-completed,GBP,2024-11-15 14:01:26,65.45,APPROVED_FOR_IMPORT,,EMAIL_ONLY_D2,2,0,0,0
5762,wc-completed,GBP,2024-11-15 15:01:29,93.00,APPROVED_FOR_IMPORT,,EMAIL_ONLY_D2,2,0,0,0
5763,wc-completed,GBP,2024-11-15 15:31:40,23.00,APPROVED_FOR_IMPORT,,EMAIL_ONLY_D2,1,0,0,0
5764,wc-completed,GBP,2024-11-15 15:39:41,51.15,APPROVED_FOR_IMPORT,,EMAIL_ONLY_D2,3,0,0,0
5765,wc-completed,GBP,2024-11-15 15:39:57,40.34,APPROVED_FOR_IMPORT,,EMAIL_ONLY_D2,2,0,0,0
5767,wc-completed,GBP,2024-11-15 15:53:32,19.88,APPROVED_FOR_IMPORT,,EMAIL_ONLY_D2,1,0,0,0
5768,wc-completed,GBP,2024-11-15 15:55:35,40.79,APPROVED_FOR_IMPORT,,EMAIL_ONLY_D2,3,0,0,0
5769,wc-cancelled,GBP,2024-11-15 16:08:32,98.00,APPROVED_FOR_IMPORT,,ASSOCIATE_GID,4,0,0,0
5770,wc-completed,GBP,2024-11-15 16:10:33,93.00,APPROVED_FOR_IMPORT,,ASSOCIATE_GID,4,0,0,0
5771,wc-completed,GBP,2024-11-15 16:37:23,14.88,APPROVED_FOR_IMPORT,,EMAIL_ONLY_D2,1,0,0,0
5772,wc-completed,GBP,2024-11-15 16:46:00,116.25,APPROVED_FOR_IMPORT,,EMAIL_ONLY_D2,1,1,0,0
5773,wc-completed,GBP,2024-11-15 16:47:14,23.60,APPROVED_FOR_IMPORT,,EMAIL_ONLY_D2,1,0,0,0
5774,wc-completed,GBP,2024-11-15 16:48:02,70.68,APPROVED_FOR_IMPORT,,ASSOCIATE_GID,3,0,0,0
5775,wc-completed,GBP,2024-11-15 17:09:14,44.99,APPROVED_FOR_IMPORT,,EMAIL_ONLY_D2,3,0,0,0
5776,wc-completed,GBP,2024-11-15 17:17:18,40.34,APPROVED_FOR_IMPORT,,EMAIL_ONLY_D2,2,0,0,0
5777,wc-completed,GBP,2024-11-15 17:27:33,42.20,APPROVED_FOR_IMPORT,,EMAIL_ONLY_D2,2,0,0,0
5778,wc-completed,GBP,2024-11-15 17:41:37,59.52,APPROVED_FOR_IMPORT,,EMAIL_ONLY_D2,4,0,0,0
5779,wc-completed,GBP,2024-11-15 17:45:11,57.52,APPROVED_FOR_IMPORT,,ASSOCIATE_GID,4,0,0,0
5780,wc-completed,GBP,2024-11-15 18:10:39,60.45,APPROVED_FOR_IMPORT,,EMAIL_ONLY_D2,3,0,0,0
5782,wc-completed,GBP,2024-11-15 18:52:12,123.69,APPROVED_FOR_IMPORT,,EMAIL_ONLY_D2,3,0,0,0
5783,wc-completed,GBP,2024-11-15 18:52:53,42.20,APPROVED_FOR_IMPORT,,EMAIL_ONLY_D2,2,0,0,0
5786,wc-completed,GBP,2024-11-15 19:03:02,55.80,APPROVED_FOR_IMPORT,,EMAIL_ONLY_D2,2,0,0,0
5788,wc-completed,GBP,2024-11-15 19:07:43,134.90,APPROVED_FOR_IMPORT,,ASSOCIATE_GID,8,0,0,0
5790,wc-completed,GBP,2024-11-15 19:31:45,28.25,APPROVED_FOR_IMPORT,,EMAIL_ONLY_D2,1,0,0,0
5791,wc-completed,GBP,2024-11-15 19:32:19,46.85,APPROVED_FOR_IMPORT,,EMAIL_ONLY_D2,2,0,0,0
5792,wc-completed,GBP,2024-11-15 19:39:23,51.50,APPROVED_FOR_IMPORT,,EMAIL_ONLY_D2,1,0,0,0
5793,wc-completed,GBP,2024-11-15 19:44:28,79.04,APPROVED_FOR_IMPORT,,EMAIL_ONLY_D2,4,0,0,0
5794,wc-completed,GBP,2024-11-15 19:52:46,42.20,APPROVED_FOR_IMPORT,,EMAIL_ONLY_D2,1,0,0,0
5795,wc-completed,GBP,2024-11-15 19:59:42,50.05,APPROVED_FOR_IMPORT,,EMAIL_ONLY_D2,5,0,0,0
5796,wc-completed,GBP,2024-11-15 20:24:54,70.68,APPROVED_FOR_IMPORT,,EMAIL_ONLY_D2,4,0,0,0
5797,wc-completed,GBP,2024-11-15 20:25:43,42.20,APPROVED_FOR_IMPORT,,EMAIL_ONLY_D2,1,0,0,0
5798,wc-completed,GBP,2024-11-15 20:37:35,42.20,APPROVED_FOR_IMPORT,,ASSOCIATE_GID,2,0,0,0
5799,wc-completed,GBP,2024-11-15 20:56:47,52.07,APPROVED_FOR_IMPORT,,EMAIL_ONLY_D2,4,0,0,0
5800,wc-completed,GBP,2024-11-15 21:17:53,34.76,APPROVED_FOR_IMPORT,,EMAIL_ONLY_D2,2,0,0,0
5802,wc-completed,GBP,2024-11-15 21:56:08,50.22,APPROVED_FOR_IMPORT,,ASSOCIATE_GID,3,0,0,0
5803,wc-completed,GBP,2024-11-15 22:06:27,70.68,APPROVED_FOR_IMPORT,,EMAIL_ONLY_D2,3,0,0,0
5804,wc-completed,GBP,2024-11-15 22:11:52,19.88,APPROVED_FOR_IMPORT,,ASSOCIATE_GID,1,0,0,0
5805,wc-completed,GBP,2024-11-15 22:17:14,85.91,APPROVED_FOR_IMPORT,,EMAIL_ONLY_D2,4,0,0,0
5806,wc-completed,GBP,2024-11-15 22:25:26,33.83,APPROVED_FOR_IMPORT,,EMAIL_ONLY_D2,2,0,0,0
5807,wc-completed,GBP,2024-11-15 22:33:36,31.04,APPROVED_FOR_IMPORT,,EMAIL_ONLY_D2,1,0,0,0
5809,wc-completed,GBP,2024-11-15 23:03:08,42.20,APPROVED_FOR_IMPORT,,EMAIL_ONLY_D2,1,0,0,0
5811,wc-completed,GBP,2024-11-15 23:11:39,28.25,APPROVED_FOR_IMPORT,,ASSOCIATE_GID,1,0,0,0
5812,wc-completed,GBP,2024-11-15 23:12:51,36.14,APPROVED_FOR_IMPORT,,EMAIL_ONLY_D2,2,0,0,0
5813,wc-completed,GBP,2024-11-15 23:51:36,55.80,APPROVED_FOR_IMPORT,,EMAIL_ONLY_D2,2,0,0,0
5814,wc-completed,GBP,2024-11-16 01:00:10,28.25,APPROVED_FOR_IMPORT,,ASSOCIATE_GID,1,0,0,0
5815,wc-refunded,GBP,2024-11-16 01:12:41,173.00,APPROVED_FOR_IMPORT,,EMAIL_ONLY_D2,8,0,0,1
5826,wc-completed,GBP,2024-11-16 01:47:45,75.00,APPROVED_FOR_IMPORT,,EMAIL_ONLY_D2,2,0,0,0
5827,wc-completed,GBP,2024-11-16 03:15:38,61.00,APPROVED_FOR_IMPORT,,EMAIL_ONLY_D2,3,0,0,0
5828,wc-completed,GBP,2024-11-16 03:25:52,27.99,APPROVED_FOR_IMPORT,,EMAIL_ONLY_D2,1,0,0,0
5830,wc-completed,GBP,2024-11-16 10:30:22,65.00,APPROVED_FOR_IMPORT,,EMAIL_ONLY_D2,3,0,0,0
5831,wc-completed,GBP,2024-11-16 10:58:36,45.00,APPROVED_FOR_IMPORT,,EMAIL_ONLY_D2,2,0,0,0
5832,wc-completed,GBP,2024-11-16 12:39:33,25.00,APPROVED_FOR_IMPORT,,EMAIL_ONLY_D2,1,0,0,0
5833,wc-completed,GBP,2024-11-16 12:41:33,23.00,APPROVED_FOR_IMPORT,,EMAIL_ONLY_D2,1,0,0,0
5836,wc-completed,GBP,2024-11-16 17:35:53,69.00,APPROVED_FOR_IMPORT,,ASSOCIATE_GID,3,0,0,0
5837,wc-completed,GBP,2024-11-16 18:33:26,25.00,APPROVED_FOR_IMPORT,,EMAIL_ONLY_D2,1,0,0,0
5838,wc-completed,GBP,2024-11-16 19:08:12,76.00,APPROVED_FOR_IMPORT,,ASSOCIATE_GID,3,0,0,0
5839,wc-completed,GBP,2024-11-16 19:23:09,30.00,APPROVED_FOR_IMPORT,,EMAIL_ONLY_D2,1,0,0,0
5840,wc-completed,GBP,2024-11-16 20:09:00,39.00,APPROVED_FOR_IMPORT,,EMAIL_ONLY_D2,2,0,0,0
5842,wc-completed,GBP,2024-11-16 20:55:52,61.00,APPROVED_FOR_IMPORT,,EMAIL_ONLY_D2,1,0,0,0
5843,wc-completed,GBP,2024-11-16 21:32:49,25.00,APPROVED_FOR_IMPORT,,EMAIL_ONLY_D2,1,0,0,0
5844,wc-completed,GBP,2024-11-16 22:28:01,65.00,APPROVED_FOR_IMPORT,,ASSOCIATE_GID,2,0,0,0
5845,wc-completed,GBP,2024-11-16 23:34:24,30.00,APPROVED_FOR_IMPORT,,ASSOCIATE_GID,2,0,0,0
5846,wc-completed,GBP,2024-11-17 01:18:56,30.00,APPROVED_FOR_IMPORT,,EMAIL_ONLY_D2,1,0,0,0
5847,wc-completed,GBP,2024-11-17 02:44:55,74.00,APPROVED_FOR_IMPORT,,EMAIL_ONLY_D2,3,0,0,0
5848,wc-completed,GBP,2024-11-17 04:29:12,61.00,APPROVED_FOR_IMPORT,,EMAIL_ONLY_D2,2,0,0,0
5849,wc-completed,GBP,2024-11-17 08:15:13,45.00,PENDING_DECISION,D-3_unmapped_customer,UNMAPPED,2,0,0,0
5854,wc-completed,GBP,2024-11-17 11:25:06,12.00,APPROVED_FOR_IMPORT,,EMAIL_ONLY_D2,1,1,0,0
5855,wc-completed,GBP,2024-11-17 13:56:39,37.00,APPROVED_FOR_IMPORT,,EMAIL_ONLY_D2,1,0,0,0
5857,wc-completed,GBP,2024-11-17 15:26:42,30.00,APPROVED_FOR_IMPORT,,EMAIL_ONLY_D2,1,0,0,0
5858,wc-completed,GBP,2024-11-17 20:11:50,103.48,APPROVED_FOR_IMPORT,,EMAIL_ONLY_D2,6,0,0,0
5859,wc-completed,GBP,2024-11-17 20:16:01,25.00,APPROVED_FOR_IMPORT,,EMAIL_ONLY_D2,1,0,0,0
5865,wc-completed,GBP,2024-11-17 22:24:43,41.00,APPROVED_FOR_IMPORT,,EMAIL_ONLY_D2,2,0,0,0
5866,wc-completed,GBP,2024-11-18 02:41:08,45.00,APPROVED_FOR_IMPORT,,EMAIL_ONLY_D2,2,0,0,0
5867,wc-completed,GBP,2024-11-18 07:27:45,45.00,APPROVED_FOR_IMPORT,,ASSOCIATE_GID,2,0,0,0
5869,wc-completed,GBP,2024-11-18 11:06:02,23.00,APPROVED_FOR_IMPORT,,ASSOCIATE_GID,1,0,0,0
5870,wc-completed,GBP,2024-11-18 11:25:09,28.00,APPROVED_FOR_IMPORT,,EMAIL_ONLY_D2,2,0,0,0
5872,wc-completed,GBP,2024-11-18 12:17:59,30.00,APPROVED_FOR_IMPORT,,EMAIL_ONLY_D2,2,0,0,0
5873,wc-completed,GBP,2024-11-18 13:35:21,25.00,APPROVED_FOR_IMPORT,,EMAIL_ONLY_D2,1,0,0,0
5874,wc-completed,GBP,2024-11-18 14:16:34,114.00,APPROVED_FOR_IMPORT,,ASSOCIATE_GID,5,0,0,0
5878,wc-completed,GBP,2024-11-18 15:56:36,26.00,APPROVED_FOR_IMPORT,,EMAIL_ONLY_D2,2,0,0,0
5879,wc-completed,GBP,2024-11-18 16:04:53,69.00,APPROVED_FOR_IMPORT,,ASSOCIATE_GID,4,0,0,0
5880,wc-completed,GBP,2024-11-18 16:09:17,30.00,APPROVED_FOR_IMPORT,,EMAIL_ONLY_D2,1,0,0,0
5881,wc-completed,GBP,2024-11-18 16:50:44,22.00,APPROVED_FOR_IMPORT,,EMAIL_ONLY_D2,1,0,0,0
5882,wc-completed,GBP,2024-11-18 17:49:20,45.00,APPROVED_FOR_IMPORT,,ASSOCIATE_GID,2,0,0,0
5883,wc-completed,GBP,2024-11-18 18:43:36,30.00,APPROVED_FOR_IMPORT,,EMAIL_ONLY_D2,1,0,0,0
5884,wc-completed,GBP,2024-11-18 18:55:38,25.00,APPROVED_FOR_IMPORT,,EMAIL_ONLY_D2,1,0,0,0
5885,wc-completed,GBP,2024-11-18 19:35:25,45.00,APPROVED_FOR_IMPORT,,EMAIL_ONLY_D2,2,0,0,0
5886,wc-completed,GBP,2024-11-18 20:41:14,26.00,APPROVED_FOR_IMPORT,,EMAIL_ONLY_D2,3,0,0,0
5887,wc-completed,GBP,2024-11-18 21:54:26,75.00,APPROVED_FOR_IMPORT,,EMAIL_ONLY_D2,4,0,0,0
5889,wc-completed,GBP,2024-11-18 23:36:56,41.00,APPROVED_FOR_IMPORT,,EMAIL_ONLY_D2,2,0,0,0
5890,wc-completed,GBP,2024-11-19 06:08:27,86.00,APPROVED_FOR_IMPORT,,EMAIL_ONLY_D2,2,0,0,0
5893,wc-completed,GBP,2024-11-19 06:26:15,161.00,APPROVED_FOR_IMPORT,,EMAIL_ONLY_D2,9,0,0,0
5894,wc-completed,GBP,2024-11-19 08:22:35,47.99,APPROVED_FOR_IMPORT,,ASSOCIATE_GID,3,0,0,0
5895,wc-completed,GBP,2024-11-19 09:14:38,60.00,APPROVED_FOR_IMPORT,,EMAIL_ONLY_D2,2,0,0,0
5896,wc-completed,GBP,2024-11-19 10:40:37,23.00,APPROVED_FOR_IMPORT,,EMAIL_ONLY_D2,1,0,0,0
5897,wc-completed,GBP,2024-11-19 10:57:32,86.00,APPROVED_FOR_IMPORT,,EMAIL_ONLY_D2,4,0,0,0
5898,wc-completed,GBP,2024-11-19 11:01:15,37.00,APPROVED_FOR_IMPORT,,EMAIL_ONLY_D2,1,0,0,0
5899,wc-completed,GBP,2024-11-19 12:34:26,69.00,APPROVED_FOR_IMPORT,,ASSOCIATE_GID,2,0,0,0
5900,wc-completed,GBP,2024-11-19 13:34:46,30.00,APPROVED_FOR_IMPORT,,EMAIL_ONLY_D2,1,0,0,0
5904,wc-completed,GBP,2024-11-19 16:55:14,120.00,APPROVED_FOR_IMPORT,,ASSOCIATE_GID,5,0,0,0
5906,wc-completed,GBP,2024-11-19 18:47:43,28.00,APPROVED_FOR_IMPORT,,EMAIL_ONLY_D2,1,0,0,0
5907,wc-completed,GBP,2024-11-19 19:56:43,50.00,APPROVED_FOR_IMPORT,,EMAIL_ONLY_D2,2,1,0,0
5909,wc-completed,GBP,2024-11-19 20:56:12,45.00,APPROVED_FOR_IMPORT,,EMAIL_ONLY_D2,2,0,0,0
5920,wc-completed,GBP,2024-11-19 23:00:36,104.99,APPROVED_FOR_IMPORT,,EMAIL_ONLY_D2,6,0,0,0
5963,wc-completed,GBP,2024-11-20 08:01:34,85.00,APPROVED_FOR_IMPORT,,EMAIL_ONLY_D2,3,0,0,0
5969,wc-completed,GBP,2024-11-20 13:45:39,24.99,APPROVED_FOR_IMPORT,,ASSOCIATE_GID,1,0,0,0
5970,wc-completed,GBP,2024-11-20 14:08:41,30.00,APPROVED_FOR_IMPORT,,EMAIL_ONLY_D2,1,0,0,0
5972,wc-completed,GBP,2024-11-20 21:14:33,25.00,APPROVED_FOR_IMPORT,,EMAIL_ONLY_D2,1,0,0,0
5973,wc-completed,GBP,2024-11-20 22:08:32,19.00,APPROVED_FOR_IMPORT,,EMAIL_ONLY_D2,1,0,0,0
5975,wc-completed,GBP,2024-11-21 02:40:00,44.00,APPROVED_FOR_IMPORT,,ASSOCIATE_GID,2,0,0,0
5976,wc-completed,GBP,2024-11-21 03:39:09,69.99,APPROVED_FOR_IMPORT,,EMAIL_ONLY_D2,5,0,0,0
5977,wc-completed,GBP,2024-11-21 05:06:43,41.00,APPROVED_FOR_IMPORT,,EMAIL_ONLY_D2,3,0,0,0
5978,wc-completed,GBP,2024-11-21 07:14:34,45.00,APPROVED_FOR_IMPORT,,EMAIL_ONLY_D2,1,0,0,0
5979,wc-completed,GBP,2024-11-21 09:06:41,19.00,APPROVED_FOR_IMPORT,,EMAIL_ONLY_D2,1,0,0,0
5980,wc-completed,GBP,2024-11-21 13:00:21,21.99,APPROVED_FOR_IMPORT,,EMAIL_ONLY_D2,1,0,0,0
5983,wc-completed,GBP,2024-11-21 14:07:08,37.00,APPROVED_FOR_IMPORT,,EMAIL_ONLY_D2,2,0,0,0
5984,wc-completed,GBP,2024-11-21 14:11:49,25.00,APPROVED_FOR_IMPORT,,EMAIL_ONLY_D2,1,0,0,0
5993,wc-completed,GBP,2024-11-21 15:47:03,20.00,APPROVED_FOR_IMPORT,,EMAIL_ONLY_D2,1,0,0,0
5995,wc-completed,GBP,2024-11-21 17:08:38,25.00,APPROVED_FOR_IMPORT,,EMAIL_ONLY_D2,1,0,0,0
5996,wc-completed,GBP,2024-11-21 19:46:14,55.00,APPROVED_FOR_IMPORT,,EMAIL_ONLY_D2,4,0,0,0
5997,wc-completed,GBP,2024-11-21 23:27:11,43.00,APPROVED_FOR_IMPORT,,EMAIL_ONLY_D2,2,0,0,0
5998,wc-completed,GBP,2024-11-21 23:31:07,21.00,APPROVED_FOR_IMPORT,,ASSOCIATE_GID,1,0,0,0
5999,wc-completed,GBP,2024-11-22 01:53:26,91.00,APPROVED_FOR_IMPORT,,EMAIL_ONLY_D2,6,0,0,0
6001,wc-completed,GBP,2024-11-22 11:22:42,25.00,APPROVED_FOR_IMPORT,,EMAIL_ONLY_D2,1,0,0,0
6002,wc-completed,GBP,2024-11-22 11:36:07,58.00,APPROVED_FOR_IMPORT,,EMAIL_ONLY_D2,3,0,0,0
6015,wc-completed,GBP,2024-11-22 16:25:53,50.00,APPROVED_FOR_IMPORT,,EMAIL_ONLY_D2,2,0,0,0
6016,wc-completed,GBP,2024-11-22 16:38:09,23.00,APPROVED_FOR_IMPORT,,EMAIL_ONLY_D2,1,0,0,0
6017,wc-failed,GBP,2024-11-22 16:56:22,30.00,APPROVED_FOR_IMPORT,,EMAIL_ONLY_D2,1,0,0,0
6018,wc-completed,GBP,2024-11-22 19:14:11,65.00,APPROVED_FOR_IMPORT,,EMAIL_ONLY_D2,3,0,0,0
6019,wc-completed,GBP,2024-11-22 23:20:03,55.00,APPROVED_FOR_IMPORT,,EMAIL_ONLY_D2,3,0,0,0
6021,wc-completed,GBP,2024-11-23 00:22:04,45.00,APPROVED_FOR_IMPORT,,EMAIL_ONLY_D2,2,0,0,0
6023,wc-completed,GBP,2024-11-23 04:34:08,25.00,APPROVED_FOR_IMPORT,,EMAIL_ONLY_D2,1,0,0,0
6024,wc-completed,GBP,2024-11-23 08:21:53,176.99,APPROVED_FOR_IMPORT,,ASSOCIATE_GID,9,0,0,0
6025,wc-completed,GBP,2024-11-23 09:09:13,43.00,APPROVED_FOR_IMPORT,,EMAIL_ONLY_D2,2,0,0,0
6026,wc-completed,GBP,2024-11-23 11:17:13,56.00,APPROVED_FOR_IMPORT,,EMAIL_ONLY_D2,3,0,0,0
6027,wc-completed,GBP,2024-11-23 13:09:55,81.99,APPROVED_FOR_IMPORT,,EMAIL_ONLY_D2,4,0,0,0
6028,wc-completed,GBP,2024-11-23 14:45:16,69.00,APPROVED_FOR_IMPORT,,EMAIL_ONLY_D2,4,0,0,0
6029,wc-completed,GBP,2024-11-23 14:47:23,21.00,APPROVED_FOR_IMPORT,,EMAIL_ONLY_D2,1,0,0,0
6030,wc-completed,GBP,2024-11-23 16:26:03,25.00,APPROVED_FOR_IMPORT,,EMAIL_ONLY_D2,2,0,0,0
6031,wc-completed,GBP,2024-11-23 17:47:45,57.00,APPROVED_FOR_IMPORT,,EMAIL_ONLY_D2,2,0,0,0
6033,wc-completed,GBP,2024-11-23 20:20:41,33.00,APPROVED_FOR_IMPORT,,EMAIL_ONLY_D2,1,0,0,0
6034,wc-completed,GBP,2024-11-23 23:44:19,25.00,APPROVED_FOR_IMPORT,,EMAIL_ONLY_D2,1,0,0,0
6035,wc-completed,GBP,2024-11-24 00:34:11,44.00,APPROVED_FOR_IMPORT,,EMAIL_ONLY_D2,3,0,0,0
6036,wc-completed,GBP,2024-11-24 01:29:09,25.00,APPROVED_FOR_IMPORT,,EMAIL_ONLY_D2,1,0,0,0
6040,wc-completed,GBP,2024-11-24 11:57:06,37.00,PENDING_DECISION,D-3_unmapped_customer,UNMAPPED,2,0,0,0
6042,wc-completed,GBP,2024-11-24 15:12:21,154.00,APPROVED_FOR_IMPORT,,EMAIL_ONLY_D2,1,1,0,0
6043,wc-failed,GBP,2024-11-24 19:01:53,33.00,APPROVED_FOR_IMPORT,,EMAIL_ONLY_D2,2,0,0,0
6044,wc-completed,GBP,2024-11-24 19:44:53,25.00,APPROVED_FOR_IMPORT,,EMAIL_ONLY_D2,1,0,0,0
6045,wc-completed,GBP,2024-11-24 22:16:13,20.00,APPROVED_FOR_IMPORT,,EMAIL_ONLY_D2,1,0,0,0
6049,wc-completed,GBP,2024-11-24 23:44:19,65.00,APPROVED_FOR_IMPORT,,EMAIL_ONLY_D2,3,0,0,0
6050,wc-completed,GBP,2024-11-25 01:07:40,71.00,APPROVED_FOR_IMPORT,,ASSOCIATE_GID,3,0,0,0
6051,wc-completed,GBP,2024-11-25 05:08:30,45.00,APPROVED_FOR_IMPORT,,EMAIL_ONLY_D2,2,0,0,0
6052,wc-completed,GBP,2024-11-25 06:27:55,45.00,APPROVED_FOR_IMPORT,,EMAIL_ONLY_D2,2,1,0,0
6055,wc-completed,GBP,2024-11-25 10:39:41,45.00,APPROVED_FOR_IMPORT,,EMAIL_ONLY_D2,2,0,0,0
6056,wc-completed,GBP,2024-11-25 11:56:52,65.00,APPROVED_FOR_IMPORT,,EMAIL_ONLY_D2,1,0,0,0
6057,wc-completed,GBP,2024-11-25 12:36:11,30.00,APPROVED_FOR_IMPORT,,EMAIL_ONLY_D2,1,0,0,0
6059,wc-completed,GBP,2024-11-25 13:52:37,25.00,APPROVED_FOR_IMPORT,,EMAIL_ONLY_D2,1,0,0,0
6060,wc-completed,GBP,2024-11-25 14:38:49,87.98,APPROVED_FOR_IMPORT,,EMAIL_ONLY_D2,6,0,0,0
6061,wc-completed,GBP,2024-11-25 16:31:38,85.00,APPROVED_FOR_IMPORT,,EMAIL_ONLY_D2,4,0,0,0
6062,wc-completed,GBP,2024-11-25 20:21:20,219.00,APPROVED_FOR_IMPORT,,EMAIL_ONLY_D2,4,0,0,0
6063,wc-completed,GBP,2024-11-25 20:42:06,16.00,APPROVED_FOR_IMPORT,,EMAIL_ONLY_D2,1,0,0,0
6064,wc-completed,GBP,2024-11-25 21:37:35,25.00,APPROVED_FOR_IMPORT,,EMAIL_ONLY_D2,1,0,0,0
6065,wc-completed,GBP,2024-11-25 22:03:43,21.00,APPROVED_FOR_IMPORT,,EMAIL_ONLY_D2,1,0,0,0
6066,wc-completed,GBP,2024-11-25 22:07:26,78.00,PENDING_DECISION,D-3_unmapped_customer,UNMAPPED,4,0,0,0
6067,wc-completed,GBP,2024-11-25 22:28:23,61.00,APPROVED_FOR_IMPORT,,EMAIL_ONLY_D2,3,0,0,0
6068,wc-completed,GBP,2024-11-25 23:23:47,35.00,APPROVED_FOR_IMPORT,,EMAIL_ONLY_D2,1,0,0,0
6069,wc-completed,GBP,2024-11-26 01:02:32,65.00,APPROVED_FOR_IMPORT,,EMAIL_ONLY_D2,3,0,0,0
6070,wc-completed,GBP,2024-11-26 02:42:57,45.00,APPROVED_FOR_IMPORT,,EMAIL_ONLY_D2,2,0,0,0
6072,wc-completed,GBP,2024-11-26 05:14:57,16.99,APPROVED_FOR_IMPORT,,ASSOCIATE_GID,2,0,0,0
6073,wc-completed,GBP,2024-11-26 05:26:32,35.00,APPROVED_FOR_IMPORT,,EMAIL_ONLY_D2,1,0,0,0
6074,wc-completed,GBP,2024-11-26 08:18:46,107.00,APPROVED_FOR_IMPORT,,EMAIL_ONLY_D2,5,0,0,0
6075,wc-completed,GBP,2024-11-26 08:29:21,69.00,APPROVED_FOR_IMPORT,,ASSOCIATE_GID,3,0,0,0
6076,wc-completed,GBP,2024-11-26 08:53:54,41.00,APPROVED_FOR_IMPORT,,EMAIL_ONLY_D2,1,0,0,0
6077,wc-completed,GBP,2024-11-26 09:02:37,25.00,APPROVED_FOR_IMPORT,,EMAIL_ONLY_D2,1,0,0,0
6078,wc-completed,GBP,2024-11-26 09:20:00,29.00,APPROVED_FOR_IMPORT,,EMAIL_ONLY_D2,2,0,0,0
6079,wc-completed,GBP,2024-11-26 09:52:33,65.00,APPROVED_FOR_IMPORT,,ASSOCIATE_GID,1,0,0,0
6080,wc-completed,GBP,2024-11-26 10:25:48,35.00,APPROVED_FOR_IMPORT,,ASSOCIATE_GID,1,0,0,0
6081,wc-completed,GBP,2024-11-26 10:45:40,93.00,APPROVED_FOR_IMPORT,,EMAIL_ONLY_D2,3,0,0,0
6084,wc-completed,GBP,2024-11-26 14:49:27,21.00,APPROVED_FOR_IMPORT,,EMAIL_ONLY_D2,1,0,0,0
6085,wc-completed,GBP,2024-11-26 18:46:45,45.00,APPROVED_FOR_IMPORT,,EMAIL_ONLY_D2,2,0,0,0
6088,wc-completed,GBP,2024-11-26 19:32:39,111.00,APPROVED_FOR_IMPORT,,EMAIL_ONLY_D2,7,0,0,0
6091,wc-completed,GBP,2024-11-26 22:27:15,55.00,APPROVED_FOR_IMPORT,,ASSOCIATE_GID,2,0,0,0
6092,wc-completed,GBP,2024-11-26 22:57:14,25.00,APPROVED_FOR_IMPORT,,EMAIL_ONLY_D2,1,0,0,0
6093,wc-completed,GBP,2024-11-26 23:04:33,37.00,APPROVED_FOR_IMPORT,,EMAIL_ONLY_D2,1,0,0,0
6094,wc-completed,GBP,2024-11-26 23:18:19,61.00,APPROVED_FOR_IMPORT,,EMAIL_ONLY_D2,3,0,0,0
6095,wc-completed,GBP,2024-11-27 00:04:27,50.00,APPROVED_FOR_IMPORT,,EMAIL_ONLY_D2,2,0,0,0
6096,wc-completed,GBP,2024-11-27 12:03:29,45.00,APPROVED_FOR_IMPORT,,EMAIL_ONLY_D2,2,0,0,0
6097,wc-completed,GBP,2024-11-27 12:21:29,55.00,APPROVED_FOR_IMPORT,,EMAIL_ONLY_D2,1,0,0,0
6098,wc-completed,GBP,2024-11-27 12:26:18,124.00,APPROVED_FOR_IMPORT,,EMAIL_ONLY_D2,6,0,0,0
6099,wc-completed,GBP,2024-11-27 12:35:26,137.99,APPROVED_FOR_IMPORT,,EMAIL_ONLY_D2,5,0,0,0
6100,wc-completed,GBP,2024-11-27 12:41:15,65.00,APPROVED_FOR_IMPORT,,EMAIL_ONLY_D2,1,0,0,0
6101,wc-completed,GBP,2024-11-27 13:59:15,70.00,APPROVED_FOR_IMPORT,,EMAIL_ONLY_D2,4,0,0,0
6103,wc-completed,GBP,2024-11-27 16:08:29,21.00,APPROVED_FOR_IMPORT,,EMAIL_ONLY_D2,1,0,0,0
6104,wc-completed,GBP,2024-11-27 17:05:19,45.00,APPROVED_FOR_IMPORT,,EMAIL_ONLY_D2,2,0,0,0
6105,wc-completed,GBP,2024-11-27 18:11:09,25.00,APPROVED_FOR_IMPORT,,EMAIL_ONLY_D2,1,0,0,0
6106,wc-completed,GBP,2024-11-27 18:31:03,25.00,APPROVED_FOR_IMPORT,,EMAIL_ONLY_D2,1,0,0,0
6107,wc-completed,GBP,2024-11-27 18:46:50,89.00,APPROVED_FOR_IMPORT,,EMAIL_ONLY_D2,4,0,0,0
6108,wc-completed,GBP,2024-11-27 18:59:21,25.00,APPROVED_FOR_IMPORT,,EMAIL_ONLY_D2,1,0,0,0
6110,wc-completed,GBP,2024-11-27 22:40:13,45.00,APPROVED_FOR_IMPORT,,EMAIL_ONLY_D2,2,0,0,0
6111,wc-completed,GBP,2024-11-27 23:12:45,31.99,APPROVED_FOR_IMPORT,,EMAIL_ONLY_D2,2,0,0,0
6112,wc-completed,GBP,2024-11-27 23:20:45,62.00,APPROVED_FOR_IMPORT,,ASSOCIATE_GID,3,0,0,0
6113,wc-completed,GBP,2024-11-28 08:06:49,23.00,APPROVED_FOR_IMPORT,,EMAIL_ONLY_D2,1,0,0,0
6114,wc-completed,GBP,2024-11-28 11:01:16,140.99,APPROVED_FOR_IMPORT,,EMAIL_ONLY_D2,6,0,0,0
6115,wc-completed,GBP,2024-11-28 11:54:33,55.00,APPROVED_FOR_IMPORT,,EMAIL_ONLY_D2,2,0,0,1
6117,wc-completed,GBP,2024-11-28 14:20:15,45.00,APPROVED_FOR_IMPORT,,EMAIL_ONLY_D2,1,0,0,0
6118,wc-completed,GBP,2024-11-28 17:46:58,45.00,APPROVED_FOR_IMPORT,,EMAIL_ONLY_D2,1,0,0,0
6119,wc-completed,GBP,2024-11-28 18:41:50,45.00,APPROVED_FOR_IMPORT,,ASSOCIATE_GID,2,0,0,0
6120,wc-completed,GBP,2024-11-28 19:45:49,45.00,APPROVED_FOR_IMPORT,,EMAIL_ONLY_D2,2,0,0,0
6121,wc-completed,GBP,2024-11-28 19:47:57,158.00,APPROVED_FOR_IMPORT,,EMAIL_ONLY_D2,3,0,0,0
6122,wc-completed,GBP,2024-11-28 20:39:54,78.00,APPROVED_FOR_IMPORT,,ASSOCIATE_GID,4,0,0,0
6123,wc-completed,GBP,2024-11-28 21:26:10,48.00,APPROVED_FOR_IMPORT,,ASSOCIATE_GID,2,0,0,0
6124,wc-completed,GBP,2024-11-28 21:26:33,68.00,APPROVED_FOR_IMPORT,,EMAIL_ONLY_D2,3,0,0,0
6125,wc-completed,GBP,2024-11-28 22:07:44,27.00,APPROVED_FOR_IMPORT,,EMAIL_ONLY_D2,1,0,0,0
6126,wc-completed,GBP,2024-11-28 22:55:16,21.00,APPROVED_FOR_IMPORT,,EMAIL_ONLY_D2,1,0,0,0
6127,wc-completed,GBP,2024-11-28 23:28:34,45.00,APPROVED_FOR_IMPORT,,EMAIL_ONLY_D2,2,0,0,0
6128,wc-completed,GBP,2024-11-29 00:11:59,27.00,APPROVED_FOR_IMPORT,,EMAIL_ONLY_D2,1,0,0,0
6130,wc-completed,GBP,2024-11-29 01:16:15,63.00,APPROVED_FOR_IMPORT,,EMAIL_ONLY_D2,3,0,0,0
6131,wc-completed,GBP,2024-11-29 01:45:11,25.00,APPROVED_FOR_IMPORT,,EMAIL_ONLY_D2,1,0,0,0
6132,wc-completed,GBP,2024-11-29 02:19:28,97.00,APPROVED_FOR_IMPORT,,ASSOCIATE_GID,5,0,0,0
6133,wc-completed,GBP,2024-11-29 03:22:59,101.00,APPROVED_FOR_IMPORT,,EMAIL_ONLY_D2,4,0,0,1
6134,wc-completed,GBP,2024-11-29 04:29:28,55.00,APPROVED_FOR_IMPORT,,ASSOCIATE_GID,2,0,0,0
6135,wc-completed,GBP,2024-11-29 05:49:24,60.00,APPROVED_FOR_IMPORT,,EMAIL_ONLY_D2,3,0,0,0
6137,wc-completed,GBP,2024-11-29 07:33:54,25.00,APPROVED_FOR_IMPORT,,EMAIL_ONLY_D2,1,0,0,0
6139,wc-completed,GBP,2024-11-29 09:21:19,105.00,APPROVED_FOR_IMPORT,,ASSOCIATE_GID,4,0,0,0
6140,wc-completed,GBP,2024-11-29 09:29:45,60.00,APPROVED_FOR_IMPORT,,EMAIL_ONLY_D2,3,0,0,0
6143,wc-completed,GBP,2024-11-29 09:52:57,74.00,APPROVED_FOR_IMPORT,,EMAIL_ONLY_D2,3,0,0,0
6144,wc-completed,GBP,2024-11-29 09:53:25,37.00,APPROVED_FOR_IMPORT,,EMAIL_ONLY_D2,2,0,0,0
6145,wc-completed,GBP,2024-11-29 10:04:43,51.00,APPROVED_FOR_IMPORT,,EMAIL_ONLY_D2,2,0,0,0
6146,wc-completed,GBP,2024-11-29 11:42:55,24.00,APPROVED_FOR_IMPORT,,EMAIL_ONLY_D2,1,0,0,0
6147,wc-completed,GBP,2024-11-29 14:18:58,70.00,APPROVED_FOR_IMPORT,,EMAIL_ONLY_D2,3,0,0,0
6148,wc-completed,GBP,2024-11-29 14:35:15,35.00,APPROVED_FOR_IMPORT,,EMAIL_ONLY_D2,1,0,0,0
6151,wc-completed,GBP,2024-11-29 15:51:34,60.00,APPROVED_FOR_IMPORT,,EMAIL_ONLY_D2,3,0,0,0
6152,wc-completed,GBP,2024-11-29 15:55:23,50.00,APPROVED_FOR_IMPORT,,EMAIL_ONLY_D2,2,0,0,0
6153,wc-completed,GBP,2024-11-29 15:57:17,101.00,APPROVED_FOR_IMPORT,,EMAIL_ONLY_D2,5,0,0,1
6154,wc-completed,GBP,2024-11-29 16:01:49,41.00,APPROVED_FOR_IMPORT,,EMAIL_ONLY_D2,2,0,0,0
6155,wc-completed,GBP,2024-11-29 17:46:59,41.00,APPROVED_FOR_IMPORT,,EMAIL_ONLY_D2,2,0,0,0
6157,wc-completed,GBP,2024-11-29 19:44:26,116.00,APPROVED_FOR_IMPORT,,EMAIL_ONLY_D2,5,0,0,0
6158,wc-completed,GBP,2024-11-29 20:49:30,25.00,APPROVED_FOR_IMPORT,,EMAIL_ONLY_D2,1,0,0,0
6160,wc-completed,GBP,2024-11-29 23:29:39,43.00,APPROVED_FOR_IMPORT,,EMAIL_ONLY_D2,2,0,0,0
6161,wc-completed,GBP,2024-11-29 23:30:10,37.00,APPROVED_FOR_IMPORT,,EMAIL_ONLY_D2,2,0,0,0
6165,wc-completed,GBP,2024-11-30 07:10:38,70.00,APPROVED_FOR_IMPORT,,EMAIL_ONLY_D2,3,0,0,0
6166,wc-completed,GBP,2024-11-30 07:15:06,21.00,APPROVED_FOR_IMPORT,,EMAIL_ONLY_D2,1,0,0,0
6172,wc-completed,GBP,2024-11-30 07:47:21,21.00,APPROVED_FOR_IMPORT,,EMAIL_ONLY_D2,1,0,0,0
6173,wc-completed,GBP,2024-11-30 08:05:22,17.00,APPROVED_FOR_IMPORT,,EMAIL_ONLY_D2,1,0,0,0
6174,wc-completed,GBP,2024-11-30 08:56:25,184.00,APPROVED_FOR_IMPORT,,EMAIL_ONLY_D2,7,0,0,0
6177,wc-failed,GBP,2024-11-30 12:53:44,30.00,APPROVED_FOR_IMPORT,,EMAIL_ONLY_D2,1,0,0,0
6178,wc-completed,GBP,2024-11-30 13:10:22,60.00,APPROVED_FOR_IMPORT,,EMAIL_ONLY_D2,3,0,0,0
6179,wc-completed,GBP,2024-11-30 13:36:25,21.00,APPROVED_FOR_IMPORT,,EMAIL_ONLY_D2,1,0,0,0
6180,wc-completed,GBP,2024-11-30 14:10:28,30.00,APPROVED_FOR_IMPORT,,ASSOCIATE_GID,1,0,0,0
6181,wc-completed,GBP,2024-11-30 14:26:49,50.00,APPROVED_FOR_IMPORT,,EMAIL_ONLY_D2,1,0,0,0
6182,wc-completed,GBP,2024-11-30 14:39:11,21.00,APPROVED_FOR_IMPORT,,EMAIL_ONLY_D2,1,0,0,0
6183,wc-completed,GBP,2024-11-30 18:04:18,25.00,APPROVED_FOR_IMPORT,,EMAIL_ONLY_D2,1,0,0,0
6184,wc-completed,GBP,2024-11-30 19:23:43,54.98,APPROVED_FOR_IMPORT,,ASSOCIATE_GID,3,0,0,0
6185,wc-completed,GBP,2024-11-30 19:48:43,24.00,APPROVED_FOR_IMPORT,,EMAIL_ONLY_D2,1,0,0,0
6189,wc-completed,GBP,2024-11-30 23:05:39,32.00,APPROVED_FOR_IMPORT,,EMAIL_ONLY_D2,4,0,0,0
6192,wc-completed,GBP,2024-11-30 23:40:22,193.99,APPROVED_FOR_IMPORT,,EMAIL_ONLY_D2,8,0,0,0
6193,wc-completed,GBP,2024-12-01 11:42:11,95.98,APPROVED_FOR_IMPORT,,EMAIL_ONLY_D2,4,0,0,0
6197,wc-completed,GBP,2024-12-01 13:14:56,106.00,APPROVED_FOR_IMPORT,,ASSOCIATE_GID,5,0,0,0
6198,wc-completed,GBP,2024-12-01 14:19:23,42.00,APPROVED_FOR_IMPORT,,EMAIL_ONLY_D2,2,0,0,0
6201,wc-refunded,GBP,2024-12-01 21:14:00,11.00,APPROVED_FOR_IMPORT,,EMAIL_ONLY_D2,1,0,0,1
6203,wc-completed,GBP,2024-12-01 21:32:02,129.00,APPROVED_FOR_IMPORT,,EMAIL_ONLY_D2,5,0,0,0
6204,wc-completed,GBP,2024-12-01 21:33:10,45.00,APPROVED_FOR_IMPORT,,EMAIL_ONLY_D2,2,0,0,0
6206,wc-completed,GBP,2024-12-01 22:10:22,84.49,APPROVED_FOR_IMPORT,,ASSOCIATE_GID,5,0,0,0
6210,wc-completed,GBP,2024-12-02 01:01:44,92.00,APPROVED_FOR_IMPORT,,EMAIL_ONLY_D2,5,0,0,0
6211,wc-failed,GBP,2024-12-02 02:21:23,25.00,APPROVED_FOR_IMPORT,,EMAIL_ONLY_D2,1,0,0,0
6212,wc-completed,GBP,2024-12-02 08:11:20,45.00,APPROVED_FOR_IMPORT,,EMAIL_ONLY_D2,1,0,0,0
6213,wc-completed,GBP,2024-12-02 08:50:14,37.00,APPROVED_FOR_IMPORT,,EMAIL_ONLY_D2,1,0,0,0
6214,wc-completed,GBP,2024-12-02 09:06:00,43.00,APPROVED_FOR_IMPORT,,ASSOCIATE_GID,2,0,0,0
6215,wc-completed,GBP,2024-12-02 09:10:36,60.00,APPROVED_FOR_IMPORT,,EMAIL_ONLY_D2,3,0,0,0
6216,wc-completed,GBP,2024-12-02 09:27:12,50.00,APPROVED_FOR_IMPORT,,EMAIL_ONLY_D2,2,0,0,0
6231,wc-completed,GBP,2024-12-02 15:53:31,24.00,APPROVED_FOR_IMPORT,,ASSOCIATE_GID,1,0,0,0
6232,wc-failed,GBP,2024-12-02 17:18:06,33.00,APPROVED_FOR_IMPORT,,EMAIL_ONLY_D2,1,0,0,0
6233,wc-completed,GBP,2024-12-02 17:19:15,33.00,APPROVED_FOR_IMPORT,,EMAIL_ONLY_D2,1,0,0,0
6234,wc-completed,GBP,2024-12-02 18:15:57,67.99,APPROVED_FOR_IMPORT,,EMAIL_ONLY_D2,4,0,0,0
6235,wc-completed,GBP,2024-12-02 19:37:48,45.00,APPROVED_FOR_IMPORT,,ASSOCIATE_GID,2,0,0,0
6236,wc-completed,GBP,2024-12-02 20:07:01,101.00,APPROVED_FOR_IMPORT,,EMAIL_ONLY_D2,5,0,0,0
6238,wc-completed,GBP,2024-12-02 20:48:14,80.00,APPROVED_FOR_IMPORT,,EMAIL_ONLY_D2,4,0,0,0
6239,wc-completed,GBP,2024-12-02 22:41:25,37.00,APPROVED_FOR_IMPORT,,EMAIL_ONLY_D2,1,0,0,0
6240,wc-completed,GBP,2024-12-02 23:49:27,118.00,APPROVED_FOR_IMPORT,,ASSOCIATE_GID,6,0,0,1
6241,wc-completed,GBP,2024-12-03 02:06:53,45.00,APPROVED_FOR_IMPORT,,EMAIL_ONLY_D2,1,0,0,0
6242,wc-cancelled,GBP,2024-12-03 03:15:34,35.00,APPROVED_FOR_IMPORT,,EMAIL_ONLY_D2,1,0,0,0
6243,wc-completed,GBP,2024-12-03 06:34:58,41.00,APPROVED_FOR_IMPORT,,EMAIL_ONLY_D2,1,0,0,0
6244,wc-completed,GBP,2024-12-03 10:33:14,29.00,APPROVED_FOR_IMPORT,,EMAIL_ONLY_D2,2,0,0,0
6245,wc-completed,GBP,2024-12-03 12:05:34,197.00,APPROVED_FOR_IMPORT,,EMAIL_ONLY_D2,4,1,0,0
6246,wc-completed,GBP,2024-12-03 16:21:24,25.00,APPROVED_FOR_IMPORT,,EMAIL_ONLY_D2,1,0,0,0
6248,wc-completed,GBP,2024-12-03 16:39:57,35.00,APPROVED_FOR_IMPORT,,EMAIL_ONLY_D2,1,0,0,0
6249,wc-completed,GBP,2024-12-03 17:16:41,25.00,APPROVED_FOR_IMPORT,,EMAIL_ONLY_D2,1,0,0,0
6250,wc-completed,GBP,2024-12-03 19:53:13,62.00,APPROVED_FOR_IMPORT,,EMAIL_ONLY_D2,3,0,0,0
6251,wc-completed,GBP,2024-12-03 20:13:04,35.00,APPROVED_FOR_IMPORT,,EMAIL_ONLY_D2,1,0,0,0
6254,wc-completed,GBP,2024-12-03 21:16:18,53.00,APPROVED_FOR_IMPORT,,EMAIL_ONLY_D2,2,0,0,0
6255,wc-completed,GBP,2024-12-03 21:19:44,25.00,APPROVED_FOR_IMPORT,,EMAIL_ONLY_D2,2,0,0,0
6257,wc-completed,GBP,2024-12-03 23:04:19,77.00,APPROVED_FOR_IMPORT,,EMAIL_ONLY_D2,4,0,0,0
6258,wc-completed,GBP,2024-12-04 00:50:37,51.00,APPROVED_FOR_IMPORT,,EMAIL_ONLY_D2,6,0,0,0
6261,wc-completed,GBP,2024-12-04 01:55:17,66.00,APPROVED_FOR_IMPORT,,ASSOCIATE_GID,3,0,0,0
6262,wc-completed,GBP,2024-12-04 05:56:28,50.00,APPROVED_FOR_IMPORT,,EMAIL_ONLY_D2,2,0,0,0
6264,wc-completed,GBP,2024-12-04 06:16:46,42.00,APPROVED_FOR_IMPORT,,EMAIL_ONLY_D2,2,0,0,0
6265,wc-completed,GBP,2024-12-04 09:38:10,50.00,APPROVED_FOR_IMPORT,,EMAIL_ONLY_D2,2,0,0,0
6268,wc-completed,GBP,2024-12-04 09:58:38,84.99,APPROVED_FOR_IMPORT,,EMAIL_ONLY_D2,5,0,0,0
6270,wc-completed,GBP,2024-12-04 11:22:03,73.00,APPROVED_FOR_IMPORT,,EMAIL_ONLY_D2,3,0,0,0
6271,wc-completed,GBP,2024-12-04 12:14:37,111.00,APPROVED_FOR_IMPORT,,EMAIL_ONLY_D2,4,0,0,0
6272,wc-completed,GBP,2024-12-04 12:19:42,72.00,APPROVED_FOR_IMPORT,,EMAIL_ONLY_D2,3,0,0,0
6273,wc-completed,GBP,2024-12-04 12:55:52,145.00,APPROVED_FOR_IMPORT,,EMAIL_ONLY_D2,1,1,0,0
6274,wc-completed,GBP,2024-12-04 15:26:25,35.00,APPROVED_FOR_IMPORT,,EMAIL_ONLY_D2,1,0,0,0
6275,wc-completed,GBP,2024-12-04 15:55:54,20.00,APPROVED_FOR_IMPORT,,EMAIL_ONLY_D2,1,0,0,0
6276,wc-completed,GBP,2024-12-04 17:20:23,117.00,APPROVED_FOR_IMPORT,,EMAIL_ONLY_D2,6,0,0,0
6278,wc-completed,GBP,2024-12-04 19:04:52,60.00,APPROVED_FOR_IMPORT,,ASSOCIATE_GID,3,1,0,0
6279,wc-completed,GBP,2024-12-04 20:16:42,25.00,APPROVED_FOR_IMPORT,,EMAIL_ONLY_D2,1,0,0,0
6280,wc-completed,GBP,2024-12-04 22:38:06,59.00,APPROVED_FOR_IMPORT,,EMAIL_ONLY_D2,4,0,0,0
6282,wc-completed,GBP,2024-12-05 04:12:52,62.00,APPROVED_FOR_IMPORT,,EMAIL_ONLY_D2,4,0,0,0
6283,wc-completed,GBP,2024-12-05 06:04:33,85.00,APPROVED_FOR_IMPORT,,EMAIL_ONLY_D2,4,0,0,0
6284,wc-completed,GBP,2024-12-05 07:00:57,25.00,APPROVED_FOR_IMPORT,,EMAIL_ONLY_D2,1,0,0,0
6285,wc-completed,GBP,2024-12-05 10:08:26,20.00,APPROVED_FOR_IMPORT,,EMAIL_ONLY_D2,1,0,0,0
6287,wc-completed,GBP,2024-12-05 12:37:25,33.00,APPROVED_FOR_IMPORT,,EMAIL_ONLY_D2,2,0,0,0
6289,wc-completed,GBP,2024-12-05 13:58:53,179.00,APPROVED_FOR_IMPORT,,EMAIL_ONLY_D2,7,0,0,0
6290,wc-completed,GBP,2024-12-05 16:19:16,81.00,APPROVED_FOR_IMPORT,,EMAIL_ONLY_D2,4,0,0,0
6292,wc-completed,GBP,2024-12-05 16:53:26,23.00,APPROVED_FOR_IMPORT,,EMAIL_ONLY_D2,1,0,0,0
6294,wc-completed,GBP,2024-12-05 19:13:10,62.00,PENDING_DECISION,D-3_unmapped_customer,UNMAPPED,3,0,0,0
6295,wc-completed,GBP,2024-12-05 20:34:18,25.00,APPROVED_FOR_IMPORT,,EMAIL_ONLY_D2,1,0,0,0
6297,wc-completed,GBP,2024-12-05 21:52:43,35.00,PENDING_DECISION,D-3_unmapped_customer,UNMAPPED,1,0,0,0
6298,wc-completed,GBP,2024-12-06 00:40:18,33.00,APPROVED_FOR_IMPORT,,EMAIL_ONLY_D2,2,0,0,0
6299,wc-completed,GBP,2024-12-06 01:29:09,88.00,APPROVED_FOR_IMPORT,,EMAIL_ONLY_D2,4,0,0,0
6300,wc-completed,GBP,2024-12-06 01:35:55,41.00,APPROVED_FOR_IMPORT,,EMAIL_ONLY_D2,2,0,0,0
6301,wc-completed,GBP,2024-12-06 02:17:16,58.00,APPROVED_FOR_IMPORT,,EMAIL_ONLY_D2,2,0,0,0
6302,wc-completed,GBP,2024-12-06 02:36:29,23.00,APPROVED_FOR_IMPORT,,EMAIL_ONLY_D2,1,0,0,0
6303,wc-completed,GBP,2024-12-06 05:50:52,58.00,APPROVED_FOR_IMPORT,,EMAIL_ONLY_D2,3,0,0,0
6304,wc-completed,GBP,2024-12-06 07:38:45,67.00,APPROVED_FOR_IMPORT,,ASSOCIATE_GID,3,0,0,0
6306,wc-completed,GBP,2024-12-06 09:20:21,60.00,APPROVED_FOR_IMPORT,,EMAIL_ONLY_D2,2,0,0,0
6307,wc-completed,GBP,2024-12-06 11:35:09,42.00,APPROVED_FOR_IMPORT,,ASSOCIATE_GID,2,0,0,0
6308,wc-completed,GBP,2024-12-06 11:42:31,45.00,APPROVED_FOR_IMPORT,,EMAIL_ONLY_D2,2,0,0,0
6309,wc-completed,GBP,2024-12-06 11:44:28,63.00,APPROVED_FOR_IMPORT,,EMAIL_ONLY_D2,2,0,0,0
6310,wc-completed,GBP,2024-12-06 11:51:32,61.99,APPROVED_FOR_IMPORT,,EMAIL_ONLY_D2,5,0,0,0
6311,wc-completed,GBP,2024-12-06 12:21:00,93.99,APPROVED_FOR_IMPORT,,EMAIL_ONLY_D2,5,0,0,0
6312,wc-completed,GBP,2024-12-06 12:40:19,35.00,APPROVED_FOR_IMPORT,,EMAIL_ONLY_D2,1,0,0,0
6313,wc-completed,GBP,2024-12-06 13:21:55,69.00,APPROVED_FOR_IMPORT,,ASSOCIATE_GID,3,0,0,0
6314,wc-completed,GBP,2024-12-06 13:34:18,25.00,APPROVED_FOR_IMPORT,,EMAIL_ONLY_D2,1,0,0,0
6315,wc-completed,GBP,2024-12-06 14:11:02,25.00,APPROVED_FOR_IMPORT,,EMAIL_ONLY_D2,1,0,0,0
6320,wc-completed,GBP,2024-12-06 21:29:51,44.00,APPROVED_FOR_IMPORT,,EMAIL_ONLY_D2,3,0,0,0
6321,wc-completed,GBP,2024-12-06 23:11:49,121.00,APPROVED_FOR_IMPORT,,ASSOCIATE_GID,5,0,0,0
6322,wc-completed,GBP,2024-12-06 23:34:12,145.00,APPROVED_FOR_IMPORT,,EMAIL_ONLY_D2,8,0,0,0
6323,wc-completed,GBP,2024-12-06 23:58:07,55.00,APPROVED_FOR_IMPORT,,ASSOCIATE_GID,1,0,0,0
6324,wc-completed,GBP,2024-12-07 00:35:17,25.00,APPROVED_FOR_IMPORT,,ASSOCIATE_GID,1,0,0,0
6325,wc-completed,GBP,2024-12-07 02:30:56,78.00,APPROVED_FOR_IMPORT,,EMAIL_ONLY_D2,4,0,0,0
6328,wc-completed,GBP,2024-12-07 07:43:56,50.00,APPROVED_FOR_IMPORT,,EMAIL_ONLY_D2,2,0,0,0
6330,wc-completed,GBP,2024-12-07 09:35:41,43.00,APPROVED_FOR_IMPORT,,EMAIL_ONLY_D2,2,0,0,0
6331,wc-completed,GBP,2024-12-07 09:42:11,63.00,APPROVED_FOR_IMPORT,,EMAIL_ONLY_D2,3,0,0,0
6332,wc-completed,GBP,2024-12-07 10:51:38,22.00,APPROVED_FOR_IMPORT,,EMAIL_ONLY_D2,1,0,0,0
6333,wc-completed,GBP,2024-12-07 11:28:55,23.00,APPROVED_FOR_IMPORT,,EMAIL_ONLY_D2,1,0,0,0
6334,wc-completed,GBP,2024-12-07 12:59:32,65.00,APPROVED_FOR_IMPORT,,EMAIL_ONLY_D2,2,0,0,0
6335,wc-completed,GBP,2024-12-07 14:34:10,59.00,APPROVED_FOR_IMPORT,,EMAIL_ONLY_D2,4,1,0,0
6336,wc-completed,GBP,2024-12-07 14:37:30,45.00,APPROVED_FOR_IMPORT,,EMAIL_ONLY_D2,1,0,0,0
6337,wc-completed,GBP,2024-12-07 15:00:44,80.00,APPROVED_FOR_IMPORT,,ASSOCIATE_GID,4,0,0,0
6342,wc-completed,GBP,2024-12-07 16:18:48,57.00,APPROVED_FOR_IMPORT,,ASSOCIATE_GID,3,0,0,0
6344,wc-completed,GBP,2024-12-07 16:29:19,25.00,APPROVED_FOR_IMPORT,,EMAIL_ONLY_D2,1,0,0,0
6348,wc-completed,GBP,2024-12-07 17:25:53,35.00,APPROVED_FOR_IMPORT,,EMAIL_ONLY_D2,2,0,0,0
6349,wc-completed,GBP,2024-12-07 18:01:34,25.00,APPROVED_FOR_IMPORT,,EMAIL_ONLY_D2,1,0,0,0
6350,wc-completed,GBP,2024-12-07 18:04:37,45.00,APPROVED_FOR_IMPORT,,EMAIL_ONLY_D2,2,0,0,0
6351,wc-completed,GBP,2024-12-07 18:52:41,21.00,APPROVED_FOR_IMPORT,,EMAIL_ONLY_D2,1,0,0,0
6352,wc-completed,GBP,2024-12-07 19:15:58,25.00,APPROVED_FOR_IMPORT,,EMAIL_ONLY_D2,1,0,0,0
6353,wc-completed,GBP,2024-12-07 20:03:09,89.00,APPROVED_FOR_IMPORT,,EMAIL_ONLY_D2,5,0,0,0
6355,wc-completed,GBP,2024-12-07 20:39:06,23.00,APPROVED_FOR_IMPORT,,EMAIL_ONLY_D2,1,0,0,0
6358,wc-completed,GBP,2024-12-07 23:32:20,33.00,APPROVED_FOR_IMPORT,,EMAIL_ONLY_D2,1,0,0,0
6359,wc-completed,GBP,2024-12-07 23:33:58,73.00,APPROVED_FOR_IMPORT,,EMAIL_ONLY_D2,4,0,0,0
6361,wc-completed,GBP,2024-12-08 00:56:14,21.00,APPROVED_FOR_IMPORT,,EMAIL_ONLY_D2,1,0,0,0
6363,wc-completed,GBP,2024-12-08 02:22:53,30.00,APPROVED_FOR_IMPORT,,EMAIL_ONLY_D2,1,0,0,0
6364,wc-completed,GBP,2024-12-08 07:33:52,38.00,APPROVED_FOR_IMPORT,,EMAIL_ONLY_D2,2,0,0,0
6365,wc-completed,GBP,2024-12-08 08:11:00,56.00,APPROVED_FOR_IMPORT,,ASSOCIATE_GID,4,0,0,0
6367,wc-completed,GBP,2024-12-08 09:47:53,24.00,APPROVED_FOR_IMPORT,,EMAIL_ONLY_D2,1,0,0,0
6368,wc-completed,GBP,2024-12-08 10:52:09,25.00,PENDING_DECISION,D-3_unmapped_customer,UNMAPPED,1,0,0,0
6369,wc-completed,GBP,2024-12-08 10:55:45,35.00,APPROVED_FOR_IMPORT,,EMAIL_ONLY_D2,1,0,0,0
6370,wc-completed,GBP,2024-12-08 11:24:17,50.00,APPROVED_FOR_IMPORT,,EMAIL_ONLY_D2,2,0,0,0
6374,wc-completed,GBP,2024-12-08 16:03:31,62.00,APPROVED_FOR_IMPORT,,ASSOCIATE_GID,3,0,0,0
6377,wc-completed,GBP,2024-12-08 17:20:15,25.00,APPROVED_FOR_IMPORT,,ASSOCIATE_GID,1,0,0,0
6383,wc-completed,GBP,2024-12-08 18:04:04,45.00,APPROVED_FOR_IMPORT,,EMAIL_ONLY_D2,2,0,0,0
6384,wc-completed,GBP,2024-12-08 19:25:51,35.00,APPROVED_FOR_IMPORT,,EMAIL_ONLY_D2,1,0,0,0
6385,wc-completed,GBP,2024-12-08 20:25:22,37.00,APPROVED_FOR_IMPORT,,EMAIL_ONLY_D2,3,0,0,0
6388,wc-completed,GBP,2024-12-09 02:22:21,45.00,APPROVED_FOR_IMPORT,,EMAIL_ONLY_D2,2,0,0,0
6389,wc-completed,GBP,2024-12-09 03:09:29,41.00,APPROVED_FOR_IMPORT,,EMAIL_ONLY_D2,2,0,0,0
6390,wc-completed,GBP,2024-12-09 05:19:16,101.00,APPROVED_FOR_IMPORT,,EMAIL_ONLY_D2,1,0,0,0
6391,wc-completed,GBP,2024-12-09 06:35:54,45.00,APPROVED_FOR_IMPORT,,EMAIL_ONLY_D2,2,0,0,0
6393,wc-completed,GBP,2024-12-09 12:28:16,50.00,APPROVED_FOR_IMPORT,,ASSOCIATE_GID,2,0,0,0
6395,wc-completed,GBP,2024-12-09 15:09:41,29.00,APPROVED_FOR_IMPORT,,EMAIL_ONLY_D2,2,0,0,0
6396,wc-completed,GBP,2024-12-09 15:27:19,30.00,APPROVED_FOR_IMPORT,,EMAIL_ONLY_D2,1,0,0,0
6397,wc-completed,GBP,2024-12-09 17:21:55,35.00,APPROVED_FOR_IMPORT,,EMAIL_ONLY_D2,1,0,0,0
6403,wc-completed,GBP,2024-12-09 21:20:55,80.00,APPROVED_FOR_IMPORT,,EMAIL_ONLY_D2,4,0,0,0
6404,wc-completed,GBP,2024-12-09 22:16:00,25.00,APPROVED_FOR_IMPORT,,ASSOCIATE_GID,1,0,0,0
6405,wc-completed,GBP,2024-12-09 23:06:44,52.00,APPROVED_FOR_IMPORT,,ASSOCIATE_GID,3,0,0,0
6407,wc-failed,GBP,2024-12-10 03:30:24,55.00,PENDING_DECISION,D-3_unmapped_customer,UNMAPPED,2,0,0,0
6408,wc-completed,GBP,2024-12-10 03:34:11,55.00,APPROVED_FOR_IMPORT,,EMAIL_ONLY_D2,2,0,0,0
6410,wc-completed,GBP,2024-12-10 06:28:10,60.00,APPROVED_FOR_IMPORT,,EMAIL_ONLY_D2,2,0,0,0
6411,wc-completed,GBP,2024-12-10 07:21:14,45.00,APPROVED_FOR_IMPORT,,EMAIL_ONLY_D2,1,0,0,0
6412,wc-completed,GBP,2024-12-10 08:11:39,61.00,APPROVED_FOR_IMPORT,,ASSOCIATE_GID,3,0,0,0
6413,wc-completed,GBP,2024-12-10 08:43:01,25.00,APPROVED_FOR_IMPORT,,EMAIL_ONLY_D2,1,0,0,0
6414,wc-completed,GBP,2024-12-10 09:10:15,45.00,APPROVED_FOR_IMPORT,,EMAIL_ONLY_D2,1,0,0,0
6415,wc-completed,GBP,2024-12-10 10:26:28,25.00,APPROVED_FOR_IMPORT,,EMAIL_ONLY_D2,1,0,0,0
6417,wc-completed,GBP,2024-12-10 11:26:26,104.00,APPROVED_FOR_IMPORT,,ASSOCIATE_GID,5,0,0,0
6418,wc-completed,GBP,2024-12-10 13:08:21,21.00,APPROVED_FOR_IMPORT,,EMAIL_ONLY_D2,1,0,0,0
6420,wc-completed,GBP,2024-12-10 14:54:00,61.00,APPROVED_FOR_IMPORT,,EMAIL_ONLY_D2,7,1,1,0
6421,wc-completed,GBP,2024-12-10 15:23:55,24.00,APPROVED_FOR_IMPORT,,EMAIL_ONLY_D2,1,0,0,0
6422,wc-completed,GBP,2024-12-10 18:55:26,76.00,APPROVED_FOR_IMPORT,,EMAIL_ONLY_D2,4,0,0,0
6427,wc-completed,GBP,2024-12-10 20:21:09,53.00,APPROVED_FOR_IMPORT,,EMAIL_ONLY_D2,2,0,0,0
6428,wc-completed,GBP,2024-12-10 20:49:05,40.00,APPROVED_FOR_IMPORT,,ASSOCIATE_GID,2,0,0,0
6429,wc-completed,GBP,2024-12-10 21:08:03,60.00,APPROVED_FOR_IMPORT,,EMAIL_ONLY_D2,3,0,0,0
6430,wc-completed,GBP,2024-12-10 21:30:01,43.00,APPROVED_FOR_IMPORT,,ASSOCIATE_GID,2,0,0,0
6431,wc-completed,GBP,2024-12-10 22:04:36,25.00,APPROVED_FOR_IMPORT,,EMAIL_ONLY_D2,1,0,0,0
6432,wc-completed,GBP,2024-12-10 22:09:36,25.00,APPROVED_FOR_IMPORT,,EMAIL_ONLY_D2,1,0,0,0
6434,wc-completed,GBP,2024-12-10 22:55:43,62.00,APPROVED_FOR_IMPORT,,ASSOCIATE_GID,3,0,0,0
6435,wc-completed,GBP,2024-12-10 23:58:17,55.00,APPROVED_FOR_IMPORT,,EMAIL_ONLY_D2,1,0,0,0
6438,wc-completed,GBP,2024-12-11 10:08:54,55.00,APPROVED_FOR_IMPORT,,EMAIL_ONLY_D2,2,0,0,0
6439,wc-completed,GBP,2024-12-11 10:31:53,21.00,APPROVED_FOR_IMPORT,,EMAIL_ONLY_D2,1,0,0,0
6442,wc-completed,GBP,2024-12-11 12:40:33,76.00,APPROVED_FOR_IMPORT,,ASSOCIATE_GID,4,0,0,0
6444,wc-completed,GBP,2024-12-11 13:51:35,19.00,APPROVED_FOR_IMPORT,,EMAIL_ONLY_D2,1,0,0,0
6447,wc-completed,GBP,2024-12-11 17:31:30,62.99,APPROVED_FOR_IMPORT,,ASSOCIATE_GID,3,0,0,0
6448,wc-completed,GBP,2024-12-11 17:37:22,23.00,APPROVED_FOR_IMPORT,,EMAIL_ONLY_D2,1,0,0,0
6449,wc-completed,GBP,2024-12-11 18:40:26,20.00,APPROVED_FOR_IMPORT,,EMAIL_ONLY_D2,1,0,0,0
6452,wc-completed,GBP,2024-12-11 23:19:38,70.00,APPROVED_FOR_IMPORT,,EMAIL_ONLY_D2,2,0,0,0
6453,wc-completed,GBP,2024-12-12 01:18:21,62.98,APPROVED_FOR_IMPORT,,ASSOCIATE_GID,5,0,0,0
6454,wc-completed,GBP,2024-12-12 05:28:37,21.00,APPROVED_FOR_IMPORT,,EMAIL_ONLY_D2,1,0,0,0
6455,wc-failed,GBP,2024-12-12 05:58:17,32.00,APPROVED_FOR_IMPORT,,EMAIL_ONLY_D2,1,0,0,0
6457,wc-completed,GBP,2024-12-12 07:35:56,60.00,APPROVED_FOR_IMPORT,,EMAIL_ONLY_D2,1,0,0,0
6458,wc-completed,GBP,2024-12-12 07:36:09,136.00,APPROVED_FOR_IMPORT,,EMAIL_ONLY_D2,4,0,0,0
6459,wc-completed,GBP,2024-12-12 09:30:35,25.00,APPROVED_FOR_IMPORT,,EMAIL_ONLY_D2,1,0,0,0
6460,wc-completed,GBP,2024-12-12 12:00:33,23.00,APPROVED_FOR_IMPORT,,EMAIL_ONLY_D2,1,0,0,0
6462,wc-completed,GBP,2024-12-12 17:59:34,41.00,APPROVED_FOR_IMPORT,,EMAIL_ONLY_D2,1,0,0,0
6465,wc-completed,GBP,2024-12-12 23:43:52,25.00,APPROVED_FOR_IMPORT,,EMAIL_ONLY_D2,1,0,0,0
6466,wc-completed,GBP,2024-12-13 00:23:53,41.00,APPROVED_FOR_IMPORT,,EMAIL_ONLY_D2,1,0,0,0
6469,wc-completed,GBP,2024-12-13 06:07:20,30.00,APPROVED_FOR_IMPORT,,EMAIL_ONLY_D2,1,0,0,0
6470,wc-completed,GBP,2024-12-13 06:37:18,45.00,APPROVED_FOR_IMPORT,,EMAIL_ONLY_D2,2,0,0,0
6471,wc-completed,GBP,2024-12-13 06:46:27,78.00,APPROVED_FOR_IMPORT,,EMAIL_ONLY_D2,4,0,0,0
6473,wc-completed,GBP,2024-12-13 08:23:47,61.00,APPROVED_FOR_IMPORT,,EMAIL_ONLY_D2,3,0,0,0
6474,wc-completed,GBP,2024-12-13 09:13:26,21.00,APPROVED_FOR_IMPORT,,EMAIL_ONLY_D2,1,0,0,0
6476,wc-completed,GBP,2024-12-13 11:56:56,78.00,APPROVED_FOR_IMPORT,,EMAIL_ONLY_D2,3,0,0,0
6477,wc-failed,GBP,2024-12-13 13:52:46,64.00,APPROVED_FOR_IMPORT,,ASSOCIATE_GID,3,0,0,0
6478,wc-completed,GBP,2024-12-13 14:14:22,29.00,APPROVED_FOR_IMPORT,,EMAIL_ONLY_D2,1,0,0,0
6480,wc-completed,GBP,2024-12-13 17:13:04,60.00,APPROVED_FOR_IMPORT,,EMAIL_ONLY_D2,2,0,0,0
6482,wc-completed,GBP,2024-12-13 19:42:06,128.00,APPROVED_FOR_IMPORT,,EMAIL_ONLY_D2,6,0,0,0
6485,wc-completed,GBP,2024-12-13 22:12:53,35.00,APPROVED_FOR_IMPORT,,EMAIL_ONLY_D2,1,0,0,0
6491,wc-failed,GBP,2024-12-14 09:30:44,35.00,APPROVED_FOR_IMPORT,,EMAIL_ONLY_D2,1,0,0,0
6493,wc-completed,GBP,2024-12-14 09:52:30,48.00,APPROVED_FOR_IMPORT,,EMAIL_ONLY_D2,2,0,0,0
6494,wc-completed,GBP,2024-12-14 09:59:37,69.00,APPROVED_FOR_IMPORT,,ASSOCIATE_GID,3,0,0,1
6495,wc-completed,GBP,2024-12-14 09:59:53,50.00,APPROVED_FOR_IMPORT,,EMAIL_ONLY_D2,2,0,0,0
6497,wc-completed,GBP,2024-12-14 10:33:56,48.00,APPROVED_FOR_IMPORT,,EMAIL_ONLY_D2,2,0,0,0
6498,wc-completed,GBP,2024-12-14 10:40:29,39.00,APPROVED_FOR_IMPORT,,ASSOCIATE_GID,1,0,0,0
6499,wc-failed,GBP,2024-12-14 11:12:50,60.00,APPROVED_FOR_IMPORT,,EMAIL_ONLY_D2,2,0,0,0
6500,wc-completed,GBP,2024-12-14 11:19:17,30.00,APPROVED_FOR_IMPORT,,EMAIL_ONLY_D2,1,0,0,0
6502,wc-completed,GBP,2024-12-14 11:42:04,54.98,APPROVED_FOR_IMPORT,,EMAIL_ONLY_D2,2,0,0,0
6503,wc-completed,GBP,2024-12-14 11:43:02,36.00,APPROVED_FOR_IMPORT,,EMAIL_ONLY_D2,3,0,0,0
6504,wc-completed,GBP,2024-12-14 11:54:17,30.00,APPROVED_FOR_IMPORT,,EMAIL_ONLY_D2,1,0,0,0
6506,wc-completed,GBP,2024-12-14 12:57:08,83.99,APPROVED_FOR_IMPORT,,EMAIL_ONLY_D2,4,0,0,0
6507,wc-completed,GBP,2024-12-14 13:17:07,30.00,APPROVED_FOR_IMPORT,,ASSOCIATE_GID,1,0,0,0
6508,wc-completed,GBP,2024-12-14 13:53:57,71.98,APPROVED_FOR_IMPORT,,EMAIL_ONLY_D2,1,0,0,0
6509,wc-completed,GBP,2024-12-14 14:04:14,19.00,APPROVED_FOR_IMPORT,,EMAIL_ONLY_D2,1,0,0,0
6510,wc-completed,GBP,2024-12-14 15:28:15,166.98,APPROVED_FOR_IMPORT,,ASSOCIATE_GID,4,0,0,0
6511,wc-completed,GBP,2024-12-14 15:54:44,45.99,APPROVED_FOR_IMPORT,,EMAIL_ONLY_D2,3,0,0,0
6513,wc-completed,GBP,2024-12-14 17:25:23,19.00,APPROVED_FOR_IMPORT,,EMAIL_ONLY_D2,1,0,0,0
6514,wc-completed,GBP,2024-12-14 19:19:04,35.00,APPROVED_FOR_IMPORT,,EMAIL_ONLY_D2,1,0,0,0
6516,wc-completed,GBP,2024-12-14 20:37:09,76.00,APPROVED_FOR_IMPORT,,ASSOCIATE_GID,3,0,0,0
6517,wc-completed,GBP,2024-12-14 20:50:40,59.00,APPROVED_FOR_IMPORT,,EMAIL_ONLY_D2,3,0,0,0
6518,wc-completed,GBP,2024-12-14 21:34:23,47.99,APPROVED_FOR_IMPORT,,ASSOCIATE_GID,3,0,0,0
6519,wc-completed,GBP,2024-12-14 22:12:00,33.00,APPROVED_FOR_IMPORT,,EMAIL_ONLY_D2,2,0,0,0
6520,wc-completed,GBP,2024-12-14 22:28:08,119.00,APPROVED_FOR_IMPORT,,ASSOCIATE_GID,5,0,0,0
6523,wc-completed,GBP,2024-12-15 02:26:33,55.00,APPROVED_FOR_IMPORT,,ASSOCIATE_GID,2,0,0,0
6524,wc-completed,GBP,2024-12-15 03:19:31,58.00,APPROVED_FOR_IMPORT,,ASSOCIATE_GID,2,0,0,0
6527,wc-completed,GBP,2024-12-15 06:33:30,96.00,APPROVED_FOR_IMPORT,,EMAIL_ONLY_D2,5,0,0,0
6529,wc-completed,GBP,2024-12-15 07:19:04,45.00,APPROVED_FOR_IMPORT,,EMAIL_ONLY_D2,1,0,0,0
6531,wc-completed,GBP,2024-12-15 07:47:32,174.00,APPROVED_FOR_IMPORT,,EMAIL_ONLY_D2,2,1,0,0
6532,wc-completed,GBP,2024-12-15 11:10:27,78.00,APPROVED_FOR_IMPORT,,EMAIL_ONLY_D2,5,0,0,0
6533,wc-completed,GBP,2024-12-15 11:24:27,60.00,APPROVED_FOR_IMPORT,,EMAIL_ONLY_D2,1,0,0,0
6534,wc-completed,GBP,2024-12-15 12:44:40,41.98,APPROVED_FOR_IMPORT,,EMAIL_ONLY_D2,3,0,0,0
6535,wc-completed,GBP,2024-12-15 12:59:40,30.00,APPROVED_FOR_IMPORT,,EMAIL_ONLY_D2,1,0,0,0
6536,wc-refunded,GBP,2024-12-15 13:43:37,30.00,APPROVED_FOR_IMPORT,,EMAIL_ONLY_D2,1,0,0,1
6537,wc-completed,GBP,2024-12-15 18:02:54,25.00,APPROVED_FOR_IMPORT,,EMAIL_ONLY_D2,1,0,0,0
6538,wc-completed,GBP,2024-12-15 18:52:31,85.00,APPROVED_FOR_IMPORT,,EMAIL_ONLY_D2,3,0,0,0
6539,wc-completed,GBP,2024-12-15 20:27:58,63.00,APPROVED_FOR_IMPORT,,EMAIL_ONLY_D2,4,0,0,0
6540,wc-completed,GBP,2024-12-15 20:43:03,65.00,APPROVED_FOR_IMPORT,,ASSOCIATE_GID,2,0,0,0
6541,wc-completed,GBP,2024-12-15 21:08:14,23.00,APPROVED_FOR_IMPORT,,EMAIL_ONLY_D2,1,0,0,0
6542,wc-completed,GBP,2024-12-15 21:17:34,35.00,APPROVED_FOR_IMPORT,,EMAIL_ONLY_D2,1,0,0,0
6543,wc-completed,GBP,2024-12-15 21:26:14,65.00,APPROVED_FOR_IMPORT,,EMAIL_ONLY_D2,3,0,0,0
6544,wc-completed,GBP,2024-12-15 23:14:48,291.00,APPROVED_FOR_IMPORT,,EMAIL_ONLY_D2,8,0,0,0
6545,wc-completed,GBP,2024-12-16 00:25:55,97.00,APPROVED_FOR_IMPORT,,ASSOCIATE_GID,7,0,0,0
6547,wc-completed,GBP,2024-12-16 03:48:51,20.00,APPROVED_FOR_IMPORT,,EMAIL_ONLY_D2,1,0,0,0
6548,wc-completed,GBP,2024-12-16 09:02:35,78.00,APPROVED_FOR_IMPORT,,EMAIL_ONLY_D2,6,0,0,0
6549,wc-completed,GBP,2024-12-16 10:42:20,45.00,APPROVED_FOR_IMPORT,,EMAIL_ONLY_D2,1,0,0,0
6550,wc-completed,GBP,2024-12-16 12:25:23,60.00,APPROVED_FOR_IMPORT,,EMAIL_ONLY_D2,2,0,0,0
6551,wc-completed,GBP,2024-12-16 13:49:54,45.00,APPROVED_FOR_IMPORT,,EMAIL_ONLY_D2,3,0,0,0
6552,wc-completed,GBP,2024-12-16 14:48:52,80.00,APPROVED_FOR_IMPORT,,EMAIL_ONLY_D2,4,0,0,0
6553,wc-completed,GBP,2024-12-16 14:50:56,120.00,APPROVED_FOR_IMPORT,,EMAIL_ONLY_D2,4,0,0,0
6555,wc-completed,GBP,2024-12-16 16:55:44,15.00,APPROVED_FOR_IMPORT,,ASSOCIATE_GID,1,0,0,0
6558,wc-completed,GBP,2024-12-16 18:37:20,63.00,APPROVED_FOR_IMPORT,,EMAIL_ONLY_D2,4,1,1,0
6559,wc-completed,GBP,2024-12-16 18:47:27,65.00,APPROVED_FOR_IMPORT,,EMAIL_ONLY_D2,1,0,0,0
6560,wc-completed,GBP,2024-12-16 20:31:51,66.00,APPROVED_FOR_IMPORT,,EMAIL_ONLY_D2,1,0,0,0
6563,wc-completed,GBP,2024-12-16 21:05:36,55.00,APPROVED_FOR_IMPORT,,ASSOCIATE_GID,2,0,0,0
6564,wc-completed,GBP,2024-12-16 21:44:06,98.00,APPROVED_FOR_IMPORT,,ASSOCIATE_GID,4,0,0,0
6567,wc-completed,GBP,2024-12-16 22:30:39,35.00,APPROVED_FOR_IMPORT,,EMAIL_ONLY_D2,1,0,0,0
6568,wc-completed,GBP,2024-12-16 22:47:41,61.99,APPROVED_FOR_IMPORT,,EMAIL_ONLY_D2,4,1,1,0
6569,wc-completed,GBP,2024-12-17 00:14:38,45.00,APPROVED_FOR_IMPORT,,EMAIL_ONLY_D2,1,0,0,0
6571,wc-completed,GBP,2024-12-17 10:25:26,60.00,APPROVED_FOR_IMPORT,,EMAIL_ONLY_D2,5,0,0,0
6572,wc-completed,GBP,2024-12-17 13:15:15,65.00,APPROVED_FOR_IMPORT,,EMAIL_ONLY_D2,2,0,0,0
6573,wc-completed,GBP,2024-12-17 13:26:04,87.00,APPROVED_FOR_IMPORT,,ASSOCIATE_GID,5,0,0,0
6574,wc-completed,GBP,2024-12-17 13:57:44,96.00,APPROVED_FOR_IMPORT,,ASSOCIATE_GID,4,0,0,0
6579,wc-completed,GBP,2024-12-17 18:16:41,25.00,APPROVED_FOR_IMPORT,,EMAIL_ONLY_D2,1,0,0,0
6580,wc-completed,GBP,2024-12-17 18:33:59,76.98,APPROVED_FOR_IMPORT,,EMAIL_ONLY_D2,3,0,0,0
6585,wc-completed,GBP,2024-12-17 22:44:29,63.00,APPROVED_FOR_IMPORT,,EMAIL_ONLY_D2,4,0,0,0
6586,wc-completed,GBP,2024-12-17 22:49:23,35.00,APPROVED_FOR_IMPORT,,EMAIL_ONLY_D2,1,0,0,0
6587,wc-completed,GBP,2024-12-17 23:16:03,21.00,APPROVED_FOR_IMPORT,,EMAIL_ONLY_D2,1,0,0,0
6588,wc-completed,GBP,2024-12-18 00:25:38,70.00,APPROVED_FOR_IMPORT,,EMAIL_ONLY_D2,3,0,0,0
6590,wc-completed,GBP,2024-12-18 05:04:35,25.00,APPROVED_FOR_IMPORT,,ASSOCIATE_GID,1,0,0,0
6591,wc-completed,GBP,2024-12-18 07:09:29,55.98,APPROVED_FOR_IMPORT,,EMAIL_ONLY_D2,3,0,0,0
6594,wc-completed,GBP,2024-12-18 08:56:53,83.98,APPROVED_FOR_IMPORT,,EMAIL_ONLY_D2,5,0,0,0
6595,wc-completed,GBP,2024-12-18 11:06:41,65.99,APPROVED_FOR_IMPORT,,EMAIL_ONLY_D2,2,0,0,0
6597,wc-completed,GBP,2024-12-18 13:47:23,72.00,APPROVED_FOR_IMPORT,,ASSOCIATE_GID,2,0,0,0
6598,wc-completed,GBP,2024-12-18 13:50:51,64.99,APPROVED_FOR_IMPORT,,EMAIL_ONLY_D2,4,1,1,0
6603,wc-completed,GBP,2024-12-18 15:58:57,56.00,APPROVED_FOR_IMPORT,,EMAIL_ONLY_D2,2,0,0,0
6604,wc-completed,GBP,2024-12-18 16:13:37,30.00,APPROVED_FOR_IMPORT,,EMAIL_ONLY_D2,1,0,0,0
6605,wc-completed,GBP,2024-12-18 16:29:07,31.00,APPROVED_FOR_IMPORT,,EMAIL_ONLY_D2,2,0,0,0
6606,wc-completed,GBP,2024-12-18 16:52:55,76.00,APPROVED_FOR_IMPORT,,EMAIL_ONLY_D2,3,0,0,0
6607,wc-completed,GBP,2024-12-18 17:37:52,29.99,APPROVED_FOR_IMPORT,,EMAIL_ONLY_D2,2,0,0,0
6610,wc-completed,GBP,2024-12-18 19:57:01,66.00,APPROVED_FOR_IMPORT,,EMAIL_ONLY_D2,3,0,0,0
6611,wc-completed,GBP,2024-12-18 21:51:14,80.99,APPROVED_FOR_IMPORT,,EMAIL_ONLY_D2,3,0,0,0
6612,wc-completed,GBP,2024-12-18 22:16:54,60.00,APPROVED_FOR_IMPORT,,EMAIL_ONLY_D2,3,0,0,0
6613,wc-completed,GBP,2024-12-18 22:38:09,112.00,APPROVED_FOR_IMPORT,,EMAIL_ONLY_D2,5,0,0,0
6614,wc-completed,GBP,2024-12-18 23:13:30,86.00,APPROVED_FOR_IMPORT,,EMAIL_ONLY_D2,5,0,0,0
6616,wc-completed,GBP,2024-12-18 23:25:13,97.00,APPROVED_FOR_IMPORT,,EMAIL_ONLY_D2,4,0,0,0
6617,wc-completed,GBP,2024-12-18 23:48:45,124.00,APPROVED_FOR_IMPORT,,EMAIL_ONLY_D2,5,0,0,0
6619,wc-completed,GBP,2024-12-19 06:09:21,85.00,APPROVED_FOR_IMPORT,,ASSOCIATE_GID,2,0,0,0
6621,wc-completed,GBP,2024-12-19 07:11:35,59.00,APPROVED_FOR_IMPORT,,EMAIL_ONLY_D2,3,0,0,0
6622,wc-completed,GBP,2024-12-19 07:57:59,35.00,APPROVED_FOR_IMPORT,,EMAIL_ONLY_D2,1,0,0,0
6623,wc-completed,GBP,2024-12-19 09:59:51,93.00,APPROVED_FOR_IMPORT,,EMAIL_ONLY_D2,4,0,0,0
6624,wc-completed,GBP,2024-12-19 10:39:48,42.00,APPROVED_FOR_IMPORT,,EMAIL_ONLY_D2,2,0,0,0
6625,wc-completed,GBP,2024-12-19 10:57:28,41.00,APPROVED_FOR_IMPORT,,EMAIL_ONLY_D2,2,0,0,0
6626,wc-completed,GBP,2024-12-19 13:15:40,68.00,APPROVED_FOR_IMPORT,,EMAIL_ONLY_D2,3,0,0,0
6627,wc-completed,GBP,2024-12-19 13:48:16,24.00,APPROVED_FOR_IMPORT,,EMAIL_ONLY_D2,1,0,0,0
6628,wc-completed,GBP,2024-12-19 14:34:15,43.00,APPROVED_FOR_IMPORT,,EMAIL_ONLY_D2,2,0,0,0
6629,wc-completed,GBP,2024-12-19 14:36:41,70.00,APPROVED_FOR_IMPORT,,EMAIL_ONLY_D2,4,0,0,0
6631,wc-completed,GBP,2024-12-19 15:22:30,40.00,APPROVED_FOR_IMPORT,,EMAIL_ONLY_D2,2,0,0,0
6632,wc-completed,GBP,2024-12-19 16:38:03,45.00,APPROVED_FOR_IMPORT,,EMAIL_ONLY_D2,2,0,0,0
6633,wc-completed,GBP,2024-12-19 16:45:20,29.00,APPROVED_FOR_IMPORT,,EMAIL_ONLY_D2,1,0,0,0
6637,wc-completed,GBP,2024-12-19 23:49:02,37.00,APPROVED_FOR_IMPORT,,EMAIL_ONLY_D2,2,0,0,0
6638,wc-completed,GBP,2024-12-19 23:59:15,89.00,APPROVED_FOR_IMPORT,,EMAIL_ONLY_D2,3,0,0,0
6639,wc-failed,GBP,2024-12-20 03:06:03,37.00,APPROVED_FOR_IMPORT,,EMAIL_ONLY_D2,2,0,0,0
6640,wc-completed,GBP,2024-12-20 04:44:01,104.00,APPROVED_FOR_IMPORT,,EMAIL_ONLY_D2,4,0,0,0
6641,wc-completed,GBP,2024-12-20 05:58:54,39.00,APPROVED_FOR_IMPORT,,EMAIL_ONLY_D2,2,0,0,0
6644,wc-completed,GBP,2024-12-20 07:37:05,96.99,APPROVED_FOR_IMPORT,,EMAIL_ONLY_D2,3,0,0,0
6645,wc-completed,GBP,2024-12-20 08:29:30,67.00,APPROVED_FOR_IMPORT,,EMAIL_ONLY_D2,3,0,0,0
6646,wc-completed,GBP,2024-12-20 09:32:52,50.00,APPROVED_FOR_IMPORT,,EMAIL_ONLY_D2,2,0,0,0
6647,wc-completed,GBP,2024-12-20 09:35:55,25.00,APPROVED_FOR_IMPORT,,EMAIL_ONLY_D2,1,0,0,0
6648,wc-completed,GBP,2024-12-20 09:45:58,30.00,APPROVED_FOR_IMPORT,,EMAIL_ONLY_D2,1,0,0,0
6649,wc-completed,GBP,2024-12-20 10:04:35,25.00,APPROVED_FOR_IMPORT,,EMAIL_ONLY_D2,1,0,0,0
6650,wc-completed,GBP,2024-12-20 10:52:40,65.00,APPROVED_FOR_IMPORT,,EMAIL_ONLY_D2,3,0,0,0
6651,wc-completed,GBP,2024-12-20 11:03:37,103.00,APPROVED_FOR_IMPORT,,EMAIL_ONLY_D2,9,3,3,0
6653,wc-completed,GBP,2024-12-20 13:58:31,61.99,APPROVED_FOR_IMPORT,,EMAIL_ONLY_D2,2,0,0,0
6654,wc-completed,GBP,2024-12-20 15:29:12,86.99,APPROVED_FOR_IMPORT,,EMAIL_ONLY_D2,4,0,0,0
6655,wc-completed,GBP,2024-12-20 17:11:32,72.99,APPROVED_FOR_IMPORT,,EMAIL_ONLY_D2,4,0,0,0
6657,wc-completed,GBP,2024-12-20 17:59:55,72.00,APPROVED_FOR_IMPORT,,EMAIL_ONLY_D2,1,0,0,0
6658,wc-completed,GBP,2024-12-20 20:09:07,98.00,APPROVED_FOR_IMPORT,,EMAIL_ONLY_D2,5,0,0,0
6663,wc-completed,GBP,2024-12-20 21:21:35,43.00,APPROVED_FOR_IMPORT,,ASSOCIATE_GID,5,2,2,0
6665,wc-completed,GBP,2024-12-20 22:19:43,54.99,APPROVED_FOR_IMPORT,,EMAIL_ONLY_D2,3,0,0,1
6666,wc-completed,GBP,2024-12-20 23:26:54,450.00,APPROVED_FOR_IMPORT,,EMAIL_ONLY_D2,3,0,0,0
6669,wc-completed,GBP,2024-12-21 00:21:43,30.00,APPROVED_FOR_IMPORT,,EMAIL_ONLY_D2,1,0,0,0
6671,wc-completed,GBP,2024-12-21 00:48:52,44.00,APPROVED_FOR_IMPORT,,EMAIL_ONLY_D2,3,1,1,0
6672,wc-failed,GBP,2024-12-21 10:10:34,22.00,APPROVED_FOR_IMPORT,,EMAIL_ONLY_D2,1,0,0,0
6676,wc-completed,GBP,2024-12-21 13:20:23,68.99,APPROVED_FOR_IMPORT,,EMAIL_ONLY_D2,3,0,0,0
6677,wc-completed,GBP,2024-12-21 14:40:50,23.00,APPROVED_FOR_IMPORT,,EMAIL_ONLY_D2,1,0,0,0
6678,wc-completed,GBP,2024-12-21 15:26:15,34.00,APPROVED_FOR_IMPORT,,EMAIL_ONLY_D2,3,0,0,0
6682,wc-completed,GBP,2024-12-21 16:58:35,64.00,APPROVED_FOR_IMPORT,,ASSOCIATE_GID,4,0,0,0
6683,wc-completed,GBP,2024-12-21 16:59:34,35.00,APPROVED_FOR_IMPORT,,EMAIL_ONLY_D2,1,0,0,0
6685,wc-completed,GBP,2024-12-21 19:48:21,62.99,APPROVED_FOR_IMPORT,,EMAIL_ONLY_D2,3,0,0,0
6686,wc-completed,GBP,2024-12-21 21:14:21,72.00,APPROVED_FOR_IMPORT,,EMAIL_ONLY_D2,4,0,0,0
6688,wc-completed,GBP,2024-12-21 21:41:20,52.00,APPROVED_FOR_IMPORT,,ASSOCIATE_GID,2,0,0,0
6690,wc-completed,GBP,2024-12-22 01:14:37,105.99,APPROVED_FOR_IMPORT,,EMAIL_ONLY_D2,4,0,0,0
6691,wc-completed,GBP,2024-12-22 01:52:18,104.98,APPROVED_FOR_IMPORT,,EMAIL_ONLY_D2,5,0,0,0
6692,wc-completed,GBP,2024-12-22 03:18:20,22.00,APPROVED_FOR_IMPORT,,EMAIL_ONLY_D2,1,0,0,0
6693,wc-completed,GBP,2024-12-22 05:47:41,42.00,APPROVED_FOR_IMPORT,,ASSOCIATE_GID,2,0,0,0
6694,wc-completed,GBP,2024-12-22 06:18:31,53.00,APPROVED_FOR_IMPORT,,EMAIL_ONLY_D2,2,0,0,0
6697,wc-completed,GBP,2024-12-22 12:34:53,30.00,APPROVED_FOR_IMPORT,,EMAIL_ONLY_D2,1,0,0,0
6698,wc-completed,GBP,2024-12-22 12:47:44,59.00,APPROVED_FOR_IMPORT,,ASSOCIATE_GID,3,0,0,0
6702,wc-completed,GBP,2024-12-22 16:10:30,60.00,APPROVED_FOR_IMPORT,,EMAIL_ONLY_D2,3,0,0,0
6704,wc-completed,GBP,2024-12-22 18:35:12,41.00,APPROVED_FOR_IMPORT,,EMAIL_ONLY_D2,2,0,0,0
6705,wc-completed,GBP,2024-12-22 19:00:43,51.99,APPROVED_FOR_IMPORT,,EMAIL_ONLY_D2,3,0,0,0
6706,wc-completed,GBP,2024-12-22 19:12:12,50.00,APPROVED_FOR_IMPORT,,EMAIL_ONLY_D2,2,0,0,0
6707,wc-completed,GBP,2024-12-22 20:53:41,74.00,APPROVED_FOR_IMPORT,,EMAIL_ONLY_D2,4,0,0,0
6709,wc-completed,GBP,2024-12-22 22:42:02,39.00,APPROVED_FOR_IMPORT,,EMAIL_ONLY_D2,2,0,0,0
6710,wc-completed,GBP,2024-12-22 23:00:43,105.99,APPROVED_FOR_IMPORT,,EMAIL_ONLY_D2,6,0,0,0
6712,wc-completed,GBP,2024-12-23 00:40:47,62.00,APPROVED_FOR_IMPORT,,EMAIL_ONLY_D2,5,0,0,0
6714,wc-completed,GBP,2024-12-23 04:39:44,63.00,APPROVED_FOR_IMPORT,,EMAIL_ONLY_D2,3,0,0,0
6717,wc-completed,GBP,2024-12-23 10:11:59,43.00,APPROVED_FOR_IMPORT,,EMAIL_ONLY_D2,2,0,0,0
6718,wc-completed,GBP,2024-12-23 10:19:11,20.00,APPROVED_FOR_IMPORT,,EMAIL_ONLY_D2,1,0,0,0
6720,wc-completed,GBP,2024-12-23 14:30:33,2.00,APPROVED_FOR_IMPORT,,ASSOCIATE_GID,1,0,0,0
6721,wc-completed,GBP,2024-12-23 17:01:17,17.00,APPROVED_FOR_IMPORT,,EMAIL_ONLY_D2,1,0,0,0
6722,wc-completed,GBP,2024-12-23 17:31:04,43.00,APPROVED_FOR_IMPORT,,EMAIL_ONLY_D2,2,0,0,0
6723,wc-completed,GBP,2024-12-23 22:00:12,39.00,APPROVED_FOR_IMPORT,,EMAIL_ONLY_D2,1,0,0,0
6727,wc-completed,GBP,2024-12-24 01:08:43,20.00,APPROVED_FOR_IMPORT,,EMAIL_ONLY_D2,1,0,0,0
6728,wc-completed,GBP,2024-12-24 01:08:48,93.00,APPROVED_FOR_IMPORT,,EMAIL_ONLY_D2,2,0,0,0
6730,wc-completed,GBP,2024-12-24 01:42:42,85.00,APPROVED_FOR_IMPORT,,EMAIL_ONLY_D2,3,0,0,0
6731,wc-completed,GBP,2024-12-24 01:46:15,98.99,APPROVED_FOR_IMPORT,,ASSOCIATE_GID,4,0,0,0
6732,wc-completed,GBP,2024-12-24 02:02:29,85.00,APPROVED_FOR_IMPORT,,EMAIL_ONLY_D2,4,0,0,0
6733,wc-completed,GBP,2024-12-24 04:08:56,139.00,APPROVED_FOR_IMPORT,,ASSOCIATE_GID,3,0,0,0
6735,wc-completed,GBP,2024-12-24 07:18:43,43.00,APPROVED_FOR_IMPORT,,EMAIL_ONLY_D2,2,0,0,0
6737,wc-completed,GBP,2024-12-24 10:54:08,23.00,APPROVED_FOR_IMPORT,,ASSOCIATE_GID,1,0,0,0
6741,wc-completed,GBP,2024-12-24 17:52:13,60.00,APPROVED_FOR_IMPORT,,EMAIL_ONLY_D2,1,0,0,0
6742,wc-completed,GBP,2024-12-24 21:58:23,51.99,APPROVED_FOR_IMPORT,,EMAIL_ONLY_D2,3,0,0,0
6743,wc-failed,GBP,2024-12-25 00:31:19,39.00,APPROVED_FOR_IMPORT,,ASSOCIATE_GID,3,0,0,0
6744,wc-completed,GBP,2024-12-25 00:36:05,39.00,APPROVED_FOR_IMPORT,,ASSOCIATE_GID,3,0,0,0
6745,wc-completed,GBP,2024-12-25 01:28:07,20.00,APPROVED_FOR_IMPORT,,EMAIL_ONLY_D2,1,0,0,0
6746,wc-completed,GBP,2024-12-25 02:40:42,130.00,APPROVED_FOR_IMPORT,,EMAIL_ONLY_D2,7,1,0,0
6747,wc-completed,GBP,2024-12-25 08:17:28,23.00,APPROVED_FOR_IMPORT,,EMAIL_ONLY_D2,1,0,0,0
6748,wc-completed,GBP,2024-12-25 12:23:45,41.00,APPROVED_FOR_IMPORT,,ASSOCIATE_GID,2,0,0,0
6749,wc-completed,GBP,2024-12-25 20:29:17,56.00,APPROVED_FOR_IMPORT,,EMAIL_ONLY_D2,1,0,0,0
6750,wc-completed,GBP,2024-12-25 20:36:33,55.00,APPROVED_FOR_IMPORT,,EMAIL_ONLY_D2,2,0,0,0
6751,wc-completed,GBP,2024-12-25 21:40:18,60.00,APPROVED_FOR_IMPORT,,EMAIL_ONLY_D2,4,0,0,0
6752,wc-completed,GBP,2024-12-25 22:05:52,57.00,APPROVED_FOR_IMPORT,,EMAIL_ONLY_D2,3,0,0,0
6753,wc-completed,GBP,2024-12-25 23:01:37,63.00,APPROVED_FOR_IMPORT,,EMAIL_ONLY_D2,3,0,0,0
6754,wc-completed,GBP,2024-12-26 12:39:06,53.00,APPROVED_FOR_IMPORT,,EMAIL_ONLY_D2,2,0,0,0
6756,wc-refunded,GBP,2024-12-26 14:45:47,48.00,APPROVED_FOR_IMPORT,,EMAIL_ONLY_D2,2,0,0,1
6757,wc-completed,GBP,2024-12-26 15:43:14,45.00,APPROVED_FOR_IMPORT,,EMAIL_ONLY_D2,1,0,0,0
6758,wc-completed,GBP,2024-12-26 16:39:21,74.99,APPROVED_FOR_IMPORT,,ASSOCIATE_GID,2,0,0,0
6759,wc-completed,GBP,2024-12-26 17:01:07,30.00,APPROVED_FOR_IMPORT,,EMAIL_ONLY_D2,1,0,0,0
6761,wc-completed,GBP,2024-12-26 21:01:33,25.00,APPROVED_FOR_IMPORT,,EMAIL_ONLY_D2,1,0,0,0
6762,wc-completed,GBP,2024-12-26 21:12:36,30.00,APPROVED_FOR_IMPORT,,EMAIL_ONLY_D2,1,0,0,0
6763,wc-completed,GBP,2024-12-26 21:22:49,71.00,APPROVED_FOR_IMPORT,,EMAIL_ONLY_D2,4,0,0,0
6764,wc-completed,GBP,2024-12-26 21:46:29,41.00,APPROVED_FOR_IMPORT,,EMAIL_ONLY_D2,1,0,0,0
6766,wc-completed,GBP,2024-12-26 22:38:43,41.00,APPROVED_FOR_IMPORT,,EMAIL_ONLY_D2,2,0,0,0
6767,wc-completed,GBP,2024-12-27 07:55:49,66.00,APPROVED_FOR_IMPORT,,EMAIL_ONLY_D2,2,0,0,0
6768,wc-completed,GBP,2024-12-27 09:47:37,44.00,APPROVED_FOR_IMPORT,,EMAIL_ONLY_D2,3,0,0,0
6769,wc-completed,GBP,2024-12-27 09:54:06,74.00,APPROVED_FOR_IMPORT,,ASSOCIATE_GID,4,0,0,0
6770,wc-completed,GBP,2024-12-27 10:10:10,22.00,APPROVED_FOR_IMPORT,,EMAIL_ONLY_D2,1,0,0,0
6771,wc-completed,GBP,2024-12-27 11:10:36,30.00,APPROVED_FOR_IMPORT,,ASSOCIATE_GID,1,0,0,0
6772,wc-completed,GBP,2024-12-27 11:19:19,40.00,APPROVED_FOR_IMPORT,,ASSOCIATE_GID,2,0,0,0
6773,wc-completed,GBP,2024-12-27 14:06:02,35.00,APPROVED_FOR_IMPORT,,EMAIL_ONLY_D2,1,0,0,0
6776,wc-completed,GBP,2024-12-27 16:11:52,64.00,APPROVED_FOR_IMPORT,,ASSOCIATE_GID,3,0,0,0
6777,wc-completed,GBP,2024-12-27 19:24:40,63.00,APPROVED_FOR_IMPORT,,EMAIL_ONLY_D2,2,0,0,0
6779,wc-completed,GBP,2024-12-27 22:35:12,71.98,APPROVED_FOR_IMPORT,,EMAIL_ONLY_D2,5,0,0,0
6780,wc-completed,GBP,2024-12-28 00:29:39,50.00,APPROVED_FOR_IMPORT,,EMAIL_ONLY_D2,4,0,0,0
6781,wc-completed,GBP,2024-12-28 01:30:07,45.00,APPROVED_FOR_IMPORT,,EMAIL_ONLY_D2,2,0,0,0
6783,wc-completed,GBP,2024-12-28 08:23:45,85.00,APPROVED_FOR_IMPORT,,EMAIL_ONLY_D2,3,0,0,0
6784,wc-completed,GBP,2024-12-28 08:44:32,55.00,APPROVED_FOR_IMPORT,,EMAIL_ONLY_D2,2,0,0,0
6786,wc-completed,GBP,2024-12-28 12:10:53,15.00,APPROVED_FOR_IMPORT,,EMAIL_ONLY_D2,2,0,0,0
6787,wc-completed,GBP,2024-12-28 13:04:41,50.00,APPROVED_FOR_IMPORT,,EMAIL_ONLY_D2,2,0,0,0
6788,wc-completed,GBP,2024-12-28 14:10:26,62.00,APPROVED_FOR_IMPORT,,EMAIL_ONLY_D2,2,0,0,0
6789,wc-completed,GBP,2024-12-28 14:15:17,113.00,APPROVED_FOR_IMPORT,,EMAIL_ONLY_D2,6,0,0,0
6793,wc-completed,GBP,2024-12-28 15:51:55,41.00,APPROVED_FOR_IMPORT,,ASSOCIATE_GID,2,0,0,0
6799,wc-completed,GBP,2024-12-28 19:46:23,41.00,APPROVED_FOR_IMPORT,,EMAIL_ONLY_D2,2,0,0,0
6801,wc-completed,GBP,2024-12-28 22:14:50,59.00,APPROVED_FOR_IMPORT,,EMAIL_ONLY_D2,4,0,0,0
6802,wc-completed,GBP,2024-12-29 02:16:36,79.99,APPROVED_FOR_IMPORT,,EMAIL_ONLY_D2,4,0,0,0
6804,wc-completed,GBP,2024-12-29 07:34:48,20.00,APPROVED_FOR_IMPORT,,EMAIL_ONLY_D2,1,0,0,0
6805,wc-completed,GBP,2024-12-29 09:32:09,35.00,APPROVED_FOR_IMPORT,,ASSOCIATE_GID,1,0,0,0
6807,wc-completed,GBP,2024-12-29 12:40:16,24.00,APPROVED_FOR_IMPORT,,EMAIL_ONLY_D2,1,0,0,0
6808,wc-completed,GBP,2024-12-29 15:14:01,175.00,APPROVED_FOR_IMPORT,,EMAIL_ONLY_D2,7,0,0,0
6809,wc-completed,GBP,2024-12-29 16:45:07,23.00,APPROVED_FOR_IMPORT,,EMAIL_ONLY_D2,1,0,0,0
6810,wc-completed,GBP,2024-12-29 17:52:19,56.00,APPROVED_FOR_IMPORT,,EMAIL_ONLY_D2,1,0,0,0
6811,wc-completed,GBP,2024-12-29 18:09:42,119.00,APPROVED_FOR_IMPORT,,EMAIL_ONLY_D2,7,1,0,0
6812,wc-completed,GBP,2024-12-29 18:53:42,29.99,APPROVED_FOR_IMPORT,,EMAIL_ONLY_D2,2,0,0,0
6813,wc-completed,GBP,2024-12-29 19:30:32,72.00,APPROVED_FOR_IMPORT,,ASSOCIATE_GID,2,0,0,0
6815,wc-completed,GBP,2024-12-29 21:17:04,85.00,APPROVED_FOR_IMPORT,,EMAIL_ONLY_D2,5,1,0,0
6816,wc-completed,GBP,2024-12-29 22:04:32,20.00,APPROVED_FOR_IMPORT,,EMAIL_ONLY_D2,1,0,0,0
6817,wc-completed,GBP,2024-12-30 01:53:46,60.00,APPROVED_FOR_IMPORT,,EMAIL_ONLY_D2,3,1,0,0
6820,wc-completed,GBP,2024-12-30 09:30:00,59.00,APPROVED_FOR_IMPORT,,EMAIL_ONLY_D2,5,2,0,0
6822,wc-completed,GBP,2024-12-30 12:59:29,23.00,APPROVED_FOR_IMPORT,,EMAIL_ONLY_D2,1,0,0,0
6823,wc-completed,GBP,2024-12-30 13:10:36,41.00,APPROVED_FOR_IMPORT,,EMAIL_ONLY_D2,2,0,0,0
6824,wc-completed,GBP,2024-12-30 17:19:42,60.00,APPROVED_FOR_IMPORT,,EMAIL_ONLY_D2,2,0,0,0
6825,wc-completed,GBP,2024-12-30 20:22:38,56.00,APPROVED_FOR_IMPORT,,EMAIL_ONLY_D2,2,0,0,0
6828,wc-completed,GBP,2024-12-30 21:24:54,45.00,APPROVED_FOR_IMPORT,,EMAIL_ONLY_D2,1,0,0,0
6830,wc-completed,GBP,2024-12-30 22:51:28,87.00,APPROVED_FOR_IMPORT,,EMAIL_ONLY_D2,3,0,0,0
6831,wc-completed,GBP,2024-12-31 01:35:47,80.00,APPROVED_FOR_IMPORT,,EMAIL_ONLY_D2,2,0,0,0
6832,wc-completed,GBP,2024-12-31 01:49:29,55.00,APPROVED_FOR_IMPORT,,EMAIL_ONLY_D2,3,0,0,0
6833,wc-completed,GBP,2024-12-31 02:02:06,83.99,APPROVED_FOR_IMPORT,,EMAIL_ONLY_D2,3,0,0,0
6834,wc-completed,GBP,2024-12-31 03:13:23,45.00,APPROVED_FOR_IMPORT,,EMAIL_ONLY_D2,2,0,0,0
6835,wc-completed,GBP,2024-12-31 04:15:29,80.00,APPROVED_FOR_IMPORT,,EMAIL_ONLY_D2,2,0,0,0
6836,wc-completed,GBP,2024-12-31 04:25:40,35.00,APPROVED_FOR_IMPORT,,EMAIL_ONLY_D2,1,0,0,0
6838,wc-completed,GBP,2024-12-31 08:19:24,91.00,APPROVED_FOR_IMPORT,,EMAIL_ONLY_D2,4,0,0,0
6839,wc-completed,GBP,2024-12-31 08:23:23,62.00,APPROVED_FOR_IMPORT,,EMAIL_ONLY_D2,3,0,0,0
6840,wc-completed,GBP,2024-12-31 08:28:48,41.00,APPROVED_FOR_IMPORT,,EMAIL_ONLY_D2,2,0,0,0
6841,wc-completed,GBP,2024-12-31 10:14:45,45.00,APPROVED_FOR_IMPORT,,EMAIL_ONLY_D2,2,0,0,0
6842,wc-completed,GBP,2024-12-31 11:16:34,50.00,APPROVED_FOR_IMPORT,,EMAIL_ONLY_D2,2,0,0,0
6844,wc-completed,GBP,2024-12-31 12:04:37,55.00,APPROVED_FOR_IMPORT,,EMAIL_ONLY_D2,2,0,0,0
6845,wc-completed,GBP,2024-12-31 12:40:20,84.99,APPROVED_FOR_IMPORT,,EMAIL_ONLY_D2,5,0,0,0
6846,wc-completed,GBP,2024-12-31 12:41:57,63.00,APPROVED_FOR_IMPORT,,ASSOCIATE_GID,3,0,0,0
6847,wc-completed,GBP,2024-12-31 12:51:56,35.00,APPROVED_FOR_IMPORT,,EMAIL_ONLY_D2,1,0,0,0
6848,wc-completed,GBP,2024-12-31 12:52:56,45.00,APPROVED_FOR_IMPORT,,ASSOCIATE_GID,2,0,0,0
6849,wc-completed,GBP,2024-12-31 14:14:31,74.00,APPROVED_FOR_IMPORT,,EMAIL_ONLY_D2,4,0,0,0
6850,wc-completed,GBP,2024-12-31 17:17:18,140.99,APPROVED_FOR_IMPORT,,EMAIL_ONLY_D2,6,0,0,0
6851,wc-completed,GBP,2024-12-31 17:18:39,65.00,APPROVED_FOR_IMPORT,,ASSOCIATE_GID,2,0,0,0
6852,wc-completed,GBP,2024-12-31 17:48:28,100.00,APPROVED_FOR_IMPORT,,ASSOCIATE_GID,1,0,0,0
6853,wc-completed,GBP,2024-12-31 17:59:47,85.00,APPROVED_FOR_IMPORT,,EMAIL_ONLY_D2,4,0,0,0
6854,wc-completed,GBP,2024-12-31 18:22:17,25.00,APPROVED_FOR_IMPORT,,EMAIL_ONLY_D2,1,0,0,0
6856,wc-completed,GBP,2024-12-31 18:44:58,40.00,PENDING_DECISION,D-3_unmapped_customer,UNMAPPED,2,0,0,0
6857,wc-completed,GBP,2024-12-31 18:58:45,25.00,APPROVED_FOR_IMPORT,,EMAIL_ONLY_D2,1,0,0,0
6858,wc-completed,GBP,2024-12-31 22:13:39,53.00,APPROVED_FOR_IMPORT,,EMAIL_ONLY_D2,3,0,0,0
6859,wc-completed,GBP,2025-01-01 00:40:13,106.00,APPROVED_FOR_IMPORT,,ASSOCIATE_GID,5,0,0,0
6860,wc-completed,GBP,2025-01-01 00:50:28,101.00,APPROVED_FOR_IMPORT,,EMAIL_ONLY_D2,9,0,0,0
6861,wc-completed,GBP,2025-01-01 05:43:23,48.00,APPROVED_FOR_IMPORT,,EMAIL_ONLY_D2,2,0,0,0
6862,wc-completed,GBP,2025-01-01 05:51:24,43.00,APPROVED_FOR_IMPORT,,EMAIL_ONLY_D2,2,0,0,0
6864,wc-completed,GBP,2025-01-01 10:24:54,36.00,APPROVED_FOR_IMPORT,,EMAIL_ONLY_D2,2,0,0,0
6865,wc-completed,GBP,2025-01-01 12:33:19,25.00,APPROVED_FOR_IMPORT,,ASSOCIATE_GID,1,0,0,0
6866,wc-completed,GBP,2025-01-01 12:59:26,49.00,APPROVED_FOR_IMPORT,,ASSOCIATE_GID,3,0,0,0
6867,wc-completed,GBP,2025-01-01 13:35:44,21.00,APPROVED_FOR_IMPORT,,EMAIL_ONLY_D2,1,0,0,0
6868,wc-completed,GBP,2025-01-01 15:19:51,50.00,APPROVED_FOR_IMPORT,,EMAIL_ONLY_D2,2,0,0,0
6869,wc-completed,GBP,2025-01-01 16:35:28,70.00,APPROVED_FOR_IMPORT,,ASSOCIATE_GID,3,0,0,0
6870,wc-completed,GBP,2025-01-01 16:55:20,20.00,APPROVED_FOR_IMPORT,,EMAIL_ONLY_D2,1,0,0,0
6871,wc-completed,GBP,2025-01-01 17:46:50,43.00,APPROVED_FOR_IMPORT,,ASSOCIATE_GID,2,0,0,0
6872,wc-completed,GBP,2025-01-01 18:47:50,30.00,APPROVED_FOR_IMPORT,,EMAIL_ONLY_D2,1,0,0,0
6873,wc-completed,GBP,2025-01-01 20:43:10,39.00,APPROVED_FOR_IMPORT,,EMAIL_ONLY_D2,2,0,0,0
6874,wc-completed,GBP,2025-01-01 21:18:31,145.00,APPROVED_FOR_IMPORT,,EMAIL_ONLY_D2,1,1,0,0
6875,wc-completed,GBP,2025-01-01 21:20:10,64.00,APPROVED_FOR_IMPORT,,EMAIL_ONLY_D2,3,0,0,0
6876,wc-completed,GBP,2025-01-01 21:43:33,60.00,APPROVED_FOR_IMPORT,,EMAIL_ONLY_D2,2,0,0,0
6879,wc-completed,GBP,2025-01-01 22:34:52,60.00,APPROVED_FOR_IMPORT,,EMAIL_ONLY_D2,3,0,0,0
6880,wc-completed,GBP,2025-01-01 23:18:52,145.00,APPROVED_FOR_IMPORT,,EMAIL_ONLY_D2,1,1,0,0
6881,wc-completed,GBP,2025-01-02 06:45:22,40.00,APPROVED_FOR_IMPORT,,EMAIL_ONLY_D2,2,0,0,0
6882,wc-completed,GBP,2025-01-02 07:30:27,50.00,APPROVED_FOR_IMPORT,,EMAIL_ONLY_D2,2,0,0,0
6883,wc-completed,GBP,2025-01-02 10:23:41,137.00,APPROVED_FOR_IMPORT,,EMAIL_ONLY_D2,7,0,0,0
6884,wc-completed,GBP,2025-01-02 10:34:37,39.00,APPROVED_FOR_IMPORT,,EMAIL_ONLY_D2,1,0,0,0
6885,wc-completed,GBP,2025-01-02 11:08:28,45.00,APPROVED_FOR_IMPORT,,ASSOCIATE_GID,1,0,0,0
6886,wc-completed,GBP,2025-01-02 11:19:20,45.00,APPROVED_FOR_IMPORT,,EMAIL_ONLY_D2,2,0,0,0
6887,wc-completed,GBP,2025-01-02 11:21:46,25.00,APPROVED_FOR_IMPORT,,EMAIL_ONLY_D2,1,0,0,0
6888,wc-completed,GBP,2025-01-02 12:41:42,22.00,APPROVED_FOR_IMPORT,,EMAIL_ONLY_D2,2,0,0,0
6889,wc-completed,GBP,2025-01-02 13:17:39,25.00,APPROVED_FOR_IMPORT,,EMAIL_ONLY_D2,1,0,0,0
6890,wc-completed,GBP,2025-01-02 13:46:03,56.99,APPROVED_FOR_IMPORT,,EMAIL_ONLY_D2,3,0,0,0
6891,wc-completed,GBP,2025-01-02 13:47:28,91.00,APPROVED_FOR_IMPORT,,ASSOCIATE_GID,5,0,0,0
6893,wc-completed,GBP,2025-01-02 15:55:32,40.99,APPROVED_FOR_IMPORT,,EMAIL_ONLY_D2,1,0,0,0
6894,wc-completed,GBP,2025-01-02 16:17:41,70.00,APPROVED_FOR_IMPORT,,EMAIL_ONLY_D2,3,0,0,0
6895,wc-completed,GBP,2025-01-02 16:22:19,45.00,APPROVED_FOR_IMPORT,,EMAIL_ONLY_D2,2,0,0,0
6896,wc-completed,GBP,2025-01-02 17:01:42,45.00,APPROVED_FOR_IMPORT,,EMAIL_ONLY_D2,2,0,0,0
6898,wc-completed,GBP,2025-01-02 19:38:29,282.99,APPROVED_FOR_IMPORT,,EMAIL_ONLY_D2,13,0,0,0
6899,wc-completed,GBP,2025-01-02 20:49:18,31.00,APPROVED_FOR_IMPORT,,EMAIL_ONLY_D2,2,0,0,0
6902,wc-completed,GBP,2025-01-02 21:51:36,28.00,APPROVED_FOR_IMPORT,,EMAIL_ONLY_D2,2,1,0,0
6905,wc-completed,GBP,2025-01-02 22:39:23,25.00,APPROVED_FOR_IMPORT,,EMAIL_ONLY_D2,1,0,0,0
6906,wc-completed,GBP,2025-01-02 22:45:37,53.00,APPROVED_FOR_IMPORT,,EMAIL_ONLY_D2,2,0,0,0
6907,wc-completed,GBP,2025-01-03 03:06:10,86.00,APPROVED_FOR_IMPORT,,EMAIL_ONLY_D2,1,0,0,0
6908,wc-completed,GBP,2025-01-03 04:40:49,35.00,APPROVED_FOR_IMPORT,,EMAIL_ONLY_D2,1,0,0,0
6911,wc-completed,GBP,2025-01-03 12:18:36,33.00,APPROVED_FOR_IMPORT,,EMAIL_ONLY_D2,1,0,0,0
6912,wc-completed,GBP,2025-01-03 12:23:45,25.00,APPROVED_FOR_IMPORT,,EMAIL_ONLY_D2,1,0,0,0
6913,wc-completed,GBP,2025-01-03 12:39:57,77.00,APPROVED_FOR_IMPORT,,EMAIL_ONLY_D2,3,0,0,0
6914,wc-completed,GBP,2025-01-03 13:50:09,37.00,APPROVED_FOR_IMPORT,,EMAIL_ONLY_D2,1,0,0,0
6915,wc-completed,GBP,2025-01-03 13:54:40,90.00,APPROVED_FOR_IMPORT,,EMAIL_ONLY_D2,4,0,0,0
6916,wc-failed,GBP,2025-01-03 15:27:33,84.00,APPROVED_FOR_IMPORT,,ASSOCIATE_GID,4,0,0,0
6917,wc-completed,GBP,2025-01-03 15:30:59,68.00,APPROVED_FOR_IMPORT,,ASSOCIATE_GID,3,0,0,0
6918,wc-completed,GBP,2025-01-03 15:54:40,68.00,APPROVED_FOR_IMPORT,,EMAIL_ONLY_D2,3,0,0,0
6919,wc-completed,GBP,2025-01-03 17:37:17,43.00,APPROVED_FOR_IMPORT,,EMAIL_ONLY_D2,2,0,0,0
6920,wc-completed,GBP,2025-01-03 17:52:52,81.00,APPROVED_FOR_IMPORT,,EMAIL_ONLY_D2,4,0,0,0
6922,wc-completed,GBP,2025-01-03 18:19:34,25.00,APPROVED_FOR_IMPORT,,EMAIL_ONLY_D2,1,0,0,0
6923,wc-completed,GBP,2025-01-03 22:01:14,35.00,APPROVED_FOR_IMPORT,,EMAIL_ONLY_D2,1,0,0,0
6925,wc-completed,GBP,2025-01-04 03:12:17,25.00,APPROVED_FOR_IMPORT,,EMAIL_ONLY_D2,1,0,0,0
6926,wc-completed,GBP,2025-01-04 06:13:52,50.00,PENDING_DECISION,D-3_unmapped_customer,UNMAPPED,2,0,0,0
6927,wc-completed,GBP,2025-01-04 07:03:33,35.00,APPROVED_FOR_IMPORT,,EMAIL_ONLY_D2,1,0,0,0
6928,wc-completed,GBP,2025-01-04 08:24:45,22.00,APPROVED_FOR_IMPORT,,EMAIL_ONLY_D2,1,0,0,0
6929,wc-completed,GBP,2025-01-04 11:50:36,58.00,APPROVED_FOR_IMPORT,,EMAIL_ONLY_D2,4,0,0,0
6930,wc-completed,GBP,2025-01-04 13:17:03,35.00,APPROVED_FOR_IMPORT,,ASSOCIATE_GID,1,0,0,0
6931,wc-completed,GBP,2025-01-04 14:39:53,25.00,APPROVED_FOR_IMPORT,,EMAIL_ONLY_D2,1,0,0,0
6932,wc-refunded,GBP,2025-01-04 15:02:52,162.00,APPROVED_FOR_IMPORT,,EMAIL_ONLY_D2,2,0,0,1
6933,wc-failed,GBP,2025-01-04 15:40:21,50.00,PENDING_DECISION,D-3_unmapped_customer,UNMAPPED,2,0,0,0
6934,wc-completed,GBP,2025-01-04 15:46:28,50.00,PENDING_DECISION,D-3_unmapped_customer,UNMAPPED,2,0,0,0
6935,wc-completed,GBP,2025-01-04 16:04:07,70.00,APPROVED_FOR_IMPORT,,ASSOCIATE_GID,2,0,0,0
6938,wc-completed,GBP,2025-01-05 00:24:02,45.00,APPROVED_FOR_IMPORT,,EMAIL_ONLY_D2,2,0,0,0
6939,wc-completed,GBP,2025-01-05 00:33:28,55.00,APPROVED_FOR_IMPORT,,EMAIL_ONLY_D2,2,0,0,0
6940,wc-completed,GBP,2025-01-05 00:37:47,25.00,APPROVED_FOR_IMPORT,,EMAIL_ONLY_D2,1,0,0,0
6941,wc-completed,GBP,2025-01-05 00:57:49,24.00,APPROVED_FOR_IMPORT,,EMAIL_ONLY_D2,1,0,0,0
6942,wc-completed,GBP,2025-01-05 01:36:30,35.00,APPROVED_FOR_IMPORT,,EMAIL_ONLY_D2,1,0,0,0
6943,wc-completed,GBP,2025-01-05 09:01:59,25.00,PENDING_DECISION,D-3_unmapped_customer,UNMAPPED,1,0,0,0
6944,wc-completed,GBP,2025-01-05 10:09:35,95.00,APPROVED_FOR_IMPORT,,EMAIL_ONLY_D2,3,0,0,0
6945,wc-completed,GBP,2025-01-05 11:43:53,30.00,APPROVED_FOR_IMPORT,,EMAIL_ONLY_D2,1,0,0,0
6948,wc-completed,GBP,2025-01-05 17:20:26,45.00,APPROVED_FOR_IMPORT,,EMAIL_ONLY_D2,1,0,0,0
6949,wc-completed,GBP,2025-01-05 17:44:14,60.00,APPROVED_FOR_IMPORT,,ASSOCIATE_GID,3,1,0,0
6950,wc-completed,GBP,2025-01-05 19:30:59,62.00,APPROVED_FOR_IMPORT,,EMAIL_ONLY_D2,3,0,0,0
6951,wc-completed,GBP,2025-01-05 20:31:53,21.00,APPROVED_FOR_IMPORT,,EMAIL_ONLY_D2,1,0,0,0
6952,wc-completed,GBP,2025-01-05 22:02:27,41.00,APPROVED_FOR_IMPORT,,EMAIL_ONLY_D2,1,0,0,0
6953,wc-completed,GBP,2025-01-05 22:18:05,84.00,APPROVED_FOR_IMPORT,,EMAIL_ONLY_D2,3,0,0,0
6954,wc-completed,GBP,2025-01-05 22:26:11,25.00,APPROVED_FOR_IMPORT,,EMAIL_ONLY_D2,1,0,0,0
6955,wc-completed,GBP,2025-01-05 22:30:21,86.00,APPROVED_FOR_IMPORT,,ASSOCIATE_GID,4,0,0,0
6956,wc-completed,GBP,2025-01-05 22:53:32,91.00,APPROVED_FOR_IMPORT,,ASSOCIATE_GID,5,1,0,0
6957,wc-completed,GBP,2025-01-05 23:26:31,101.00,APPROVED_FOR_IMPORT,,EMAIL_ONLY_D2,5,0,0,0
6958,wc-completed,GBP,2025-01-06 01:15:08,45.00,APPROVED_FOR_IMPORT,,EMAIL_ONLY_D2,2,0,0,0
6960,wc-completed,GBP,2025-01-06 11:00:47,105.99,APPROVED_FOR_IMPORT,,EMAIL_ONLY_D2,4,0,0,0
6961,wc-completed,GBP,2025-01-06 12:03:33,35.00,APPROVED_FOR_IMPORT,,EMAIL_ONLY_D2,1,0,0,0
6962,wc-completed,GBP,2025-01-06 14:31:22,21.00,APPROVED_FOR_IMPORT,,EMAIL_ONLY_D2,1,0,0,0
6963,wc-completed,GBP,2025-01-06 15:43:17,25.00,APPROVED_FOR_IMPORT,,ASSOCIATE_GID,1,0,0,0
6964,wc-completed,GBP,2025-01-06 15:53:42,86.00,APPROVED_FOR_IMPORT,,ASSOCIATE_GID,2,0,0,0
6965,wc-completed,GBP,2025-01-06 16:56:10,74.99,APPROVED_FOR_IMPORT,,EMAIL_ONLY_D2,3,0,0,0
6966,wc-completed,GBP,2025-01-06 17:22:47,72.00,APPROVED_FOR_IMPORT,,EMAIL_ONLY_D2,3,0,0,0
6967,wc-completed,GBP,2025-01-06 18:51:47,64.00,APPROVED_FOR_IMPORT,,EMAIL_ONLY_D2,2,0,0,0
6968,wc-completed,GBP,2025-01-06 19:26:17,25.00,APPROVED_FOR_IMPORT,,EMAIL_ONLY_D2,1,0,0,0
6969,wc-completed,GBP,2025-01-06 19:47:18,55.00,PENDING_DECISION,D-3_unmapped_customer,UNMAPPED,2,0,0,0
6970,wc-completed,GBP,2025-01-06 20:13:20,35.00,APPROVED_FOR_IMPORT,,EMAIL_ONLY_D2,1,0,0,0
6971,wc-completed,GBP,2025-01-06 20:22:56,43.00,APPROVED_FOR_IMPORT,,EMAIL_ONLY_D2,2,0,0,0
6972,wc-completed,GBP,2025-01-06 22:03:28,25.00,APPROVED_FOR_IMPORT,,EMAIL_ONLY_D2,1,0,0,0
6973,wc-completed,GBP,2025-01-07 00:18:40,41.00,APPROVED_FOR_IMPORT,,EMAIL_ONLY_D2,1,0,0,0
6974,wc-completed,GBP,2025-01-07 00:28:56,45.00,APPROVED_FOR_IMPORT,,EMAIL_ONLY_D2,2,0,0,0
6976,wc-completed,GBP,2025-01-07 09:31:44,63.00,APPROVED_FOR_IMPORT,,EMAIL_ONLY_D2,3,0,0,1
6979,wc-completed,GBP,2025-01-07 10:16:03,186.00,APPROVED_FOR_IMPORT,,ASSOCIATE_GID,7,0,0,0
6980,wc-completed,GBP,2025-01-07 10:32:00,42.00,APPROVED_FOR_IMPORT,,EMAIL_ONLY_D2,2,0,0,0
6982,wc-completed,GBP,2025-01-07 12:02:44,60.00,APPROVED_FOR_IMPORT,,EMAIL_ONLY_D2,3,0,0,0
6984,wc-completed,GBP,2025-01-07 13:21:34,48.00,APPROVED_FOR_IMPORT,,EMAIL_ONLY_D2,2,0,0,0
6985,wc-completed,GBP,2025-01-07 13:28:15,22.00,APPROVED_FOR_IMPORT,,EMAIL_ONLY_D2,1,0,0,0
6989,wc-completed,GBP,2025-01-07 16:12:14,40.00,APPROVED_FOR_IMPORT,,EMAIL_ONLY_D2,4,0,0,0
6990,wc-completed,GBP,2025-01-07 17:31:19,35.00,APPROVED_FOR_IMPORT,,EMAIL_ONLY_D2,1,0,0,0
6991,wc-completed,GBP,2025-01-07 19:42:02,75.00,APPROVED_FOR_IMPORT,,EMAIL_ONLY_D2,2,0,0,0
6992,wc-completed,GBP,2025-01-07 21:50:30,50.00,APPROVED_FOR_IMPORT,,EMAIL_ONLY_D2,2,0,0,0
6993,wc-completed,GBP,2025-01-07 21:56:32,25.00,APPROVED_FOR_IMPORT,,EMAIL_ONLY_D2,1,0,0,0
6997,wc-completed,GBP,2025-01-08 01:41:45,63.00,APPROVED_FOR_IMPORT,,EMAIL_ONLY_D2,3,0,0,0
6998,wc-completed,GBP,2025-01-08 03:00:54,140.00,APPROVED_FOR_IMPORT,,ASSOCIATE_GID,6,0,0,0
7002,wc-completed,GBP,2025-01-08 12:18:39,55.00,APPROVED_FOR_IMPORT,,EMAIL_ONLY_D2,3,0,0,0
7003,wc-completed,GBP,2025-01-08 13:13:35,45.00,APPROVED_FOR_IMPORT,,EMAIL_ONLY_D2,2,0,0,0
7004,wc-completed,GBP,2025-01-08 15:02:59,30.00,APPROVED_FOR_IMPORT,,EMAIL_ONLY_D2,1,0,0,0
7005,wc-completed,GBP,2025-01-08 15:06:13,92.98,APPROVED_FOR_IMPORT,,EMAIL_ONLY_D2,4,0,0,0
7008,wc-completed,GBP,2025-01-08 17:15:32,88.00,APPROVED_FOR_IMPORT,,EMAIL_ONLY_D2,7,0,0,0
7010,wc-completed,GBP,2025-01-08 20:45:16,35.00,APPROVED_FOR_IMPORT,,EMAIL_ONLY_D2,1,0,0,0
7011,wc-completed,GBP,2025-01-08 22:29:20,42.00,APPROVED_FOR_IMPORT,,EMAIL_ONLY_D2,2,0,0,0
7013,wc-completed,GBP,2025-01-08 23:06:32,66.75,APPROVED_FOR_IMPORT,,EMAIL_ONLY_D2,3,0,0,0
7016,wc-completed,GBP,2025-01-09 00:20:30,23.00,APPROVED_FOR_IMPORT,,EMAIL_ONLY_D2,1,0,0,0
7017,wc-completed,GBP,2025-01-09 01:06:17,50.00,APPROVED_FOR_IMPORT,,EMAIL_ONLY_D2,2,0,0,0
7018,wc-completed,GBP,2025-01-09 01:22:51,30.00,APPROVED_FOR_IMPORT,,EMAIL_ONLY_D2,1,0,0,0
7020,wc-completed,GBP,2025-01-09 10:09:05,33.00,APPROVED_FOR_IMPORT,,EMAIL_ONLY_D2,1,0,0,0
7021,wc-completed,GBP,2025-01-09 10:16:19,28.75,APPROVED_FOR_IMPORT,,ASSOCIATE_GID,1,0,0,0
7023,wc-completed,GBP,2025-01-09 16:12:29,89.75,APPROVED_FOR_IMPORT,,EMAIL_ONLY_D2,4,0,0,0
7024,wc-completed,GBP,2025-01-09 18:32:10,31.00,APPROVED_FOR_IMPORT,,EMAIL_ONLY_D2,3,0,0,0
7025,wc-completed,GBP,2025-01-09 19:25:11,69.00,APPROVED_FOR_IMPORT,,EMAIL_ONLY_D2,5,0,0,0
7027,wc-completed,GBP,2025-01-09 21:20:13,17.00,APPROVED_FOR_IMPORT,,EMAIL_ONLY_D2,2,1,1,0
7028,wc-completed,GBP,2025-01-09 21:22:06,40.00,APPROVED_FOR_IMPORT,,EMAIL_ONLY_D2,1,0,0,0
7032,wc-completed,GBP,2025-01-09 22:54:13,25.00,APPROVED_FOR_IMPORT,,EMAIL_ONLY_D2,1,0,0,0
7034,wc-completed,GBP,2025-01-09 23:33:27,20.00,APPROVED_FOR_IMPORT,,EMAIL_ONLY_D2,1,0,0,0
7035,wc-completed,GBP,2025-01-10 00:09:09,33.00,APPROVED_FOR_IMPORT,,ASSOCIATE_GID,1,1,0,0
7036,wc-completed,GBP,2025-01-10 00:14:42,61.00,APPROVED_FOR_IMPORT,,EMAIL_ONLY_D2,2,0,0,0
7040,wc-completed,GBP,2025-01-10 06:20:52,63.00,APPROVED_FOR_IMPORT,,EMAIL_ONLY_D2,3,0,0,0
7041,wc-completed,GBP,2025-01-10 06:33:14,59.00,APPROVED_FOR_IMPORT,,EMAIL_ONLY_D2,3,0,0,0
7042,wc-completed,GBP,2025-01-10 10:47:23,45.00,APPROVED_FOR_IMPORT,,ASSOCIATE_GID,1,0,0,0
7045,wc-completed,GBP,2025-01-10 12:11:01,45.00,APPROVED_FOR_IMPORT,,EMAIL_ONLY_D2,2,0,0,0
7046,wc-completed,GBP,2025-01-10 13:35:19,48.47,APPROVED_FOR_IMPORT,,EMAIL_ONLY_D2,3,0,0,0
7050,wc-completed,GBP,2025-01-10 15:00:31,45.00,APPROVED_FOR_IMPORT,,EMAIL_ONLY_D2,2,0,0,0
7052,wc-completed,GBP,2025-01-10 16:04:47,92.00,APPROVED_FOR_IMPORT,,EMAIL_ONLY_D2,4,0,0,0
7053,wc-completed,GBP,2025-01-10 18:21:56,54.00,APPROVED_FOR_IMPORT,,EMAIL_ONLY_D2,3,0,0,0
7057,wc-completed,GBP,2025-01-10 22:39:11,25.00,APPROVED_FOR_IMPORT,,EMAIL_ONLY_D2,1,0,0,0
7058,wc-completed,GBP,2025-01-10 22:51:39,137.98,APPROVED_FOR_IMPORT,,EMAIL_ONLY_D2,4,0,0,0
7059,wc-completed,GBP,2025-01-10 23:02:52,143.99,APPROVED_FOR_IMPORT,,ASSOCIATE_GID,6,0,0,0
7061,wc-completed,GBP,2025-01-10 23:18:36,56.00,APPROVED_FOR_IMPORT,,EMAIL_ONLY_D2,3,0,0,0
7062,wc-completed,GBP,2025-01-10 23:45:18,74.00,APPROVED_FOR_IMPORT,,EMAIL_ONLY_D2,3,0,0,0
7063,wc-completed,GBP,2025-01-11 01:15:39,86.00,APPROVED_FOR_IMPORT,,ASSOCIATE_GID,4,0,0,0
7064,wc-completed,GBP,2025-01-11 01:59:45,108.00,APPROVED_FOR_IMPORT,,ASSOCIATE_GID,5,0,0,0
7066,wc-completed,GBP,2025-01-11 04:02:18,105.00,APPROVED_FOR_IMPORT,,EMAIL_ONLY_D2,5,0,0,0
7067,wc-completed,GBP,2025-01-11 05:36:14,55.00,APPROVED_FOR_IMPORT,,EMAIL_ONLY_D2,1,0,0,0
7068,wc-completed,GBP,2025-01-11 09:53:37,23.00,APPROVED_FOR_IMPORT,,EMAIL_ONLY_D2,1,0,0,0
7070,wc-completed,GBP,2025-01-11 11:53:13,53.00,APPROVED_FOR_IMPORT,,EMAIL_ONLY_D2,2,0,0,0
7071,wc-completed,GBP,2025-01-11 17:09:46,25.00,APPROVED_FOR_IMPORT,,ASSOCIATE_GID,1,0,0,0
7072,wc-completed,GBP,2025-01-11 17:33:15,55.00,APPROVED_FOR_IMPORT,,EMAIL_ONLY_D2,3,0,0,0
7073,wc-completed,GBP,2025-01-11 18:28:41,50.00,APPROVED_FOR_IMPORT,,ASSOCIATE_GID,2,0,0,0
7074,wc-completed,GBP,2025-01-11 19:25:29,29.00,APPROVED_FOR_IMPORT,,EMAIL_ONLY_D2,3,0,0,0
7075,wc-completed,GBP,2025-01-11 21:05:17,30.00,APPROVED_FOR_IMPORT,,EMAIL_ONLY_D2,2,0,0,0
7076,wc-completed,GBP,2025-01-12 00:17:55,25.00,APPROVED_FOR_IMPORT,,EMAIL_ONLY_D2,1,0,0,0
7077,wc-completed,GBP,2025-01-12 00:26:50,45.00,APPROVED_FOR_IMPORT,,EMAIL_ONLY_D2,2,0,0,0
7078,wc-completed,GBP,2025-01-12 00:50:57,90.00,APPROVED_FOR_IMPORT,,ASSOCIATE_GID,6,0,0,0
7080,wc-completed,GBP,2025-01-12 12:36:23,20.00,APPROVED_FOR_IMPORT,,EMAIL_ONLY_D2,1,0,0,0
7081,wc-completed,GBP,2025-01-12 13:49:04,39.00,APPROVED_FOR_IMPORT,,EMAIL_ONLY_D2,2,0,0,0
7082,wc-completed,GBP,2025-01-12 14:02:58,79.00,APPROVED_FOR_IMPORT,,EMAIL_ONLY_D2,4,0,0,0
7083,wc-completed,GBP,2025-01-12 14:15:26,90.00,APPROVED_FOR_IMPORT,,EMAIL_ONLY_D2,4,0,0,0
7084,wc-completed,GBP,2025-01-12 15:22:33,76.00,APPROVED_FOR_IMPORT,,EMAIL_ONLY_D2,3,0,0,0
7089,wc-completed,GBP,2025-01-12 19:10:20,30.00,APPROVED_FOR_IMPORT,,EMAIL_ONLY_D2,1,0,0,0
7090,wc-failed,GBP,2025-01-12 20:26:39,35.00,PENDING_DECISION,D-3_unmapped_customer,UNMAPPED,1,0,0,0
7091,wc-completed,GBP,2025-01-12 20:32:27,35.00,PENDING_DECISION,D-3_unmapped_customer,UNMAPPED,1,0,0,0
7092,wc-completed,GBP,2025-01-12 20:39:32,94.98,APPROVED_FOR_IMPORT,,ASSOCIATE_GID,8,0,0,0
7100,wc-completed,GBP,2025-01-13 01:16:01,95.00,APPROVED_FOR_IMPORT,,EMAIL_ONLY_D2,4,0,0,0
7101,wc-completed,GBP,2025-01-13 03:23:52,130.00,APPROVED_FOR_IMPORT,,EMAIL_ONLY_D2,7,0,0,0
7103,wc-completed,GBP,2025-01-13 09:30:08,85.00,APPROVED_FOR_IMPORT,,EMAIL_ONLY_D2,2,0,0,0
7104,wc-completed,GBP,2025-01-13 10:54:24,20.00,APPROVED_FOR_IMPORT,,EMAIL_ONLY_D2,1,0,0,0
7105,wc-completed,GBP,2025-01-13 11:04:12,94.00,APPROVED_FOR_IMPORT,,ASSOCIATE_GID,7,0,0,0
7106,wc-completed,GBP,2025-01-13 12:52:22,41.00,APPROVED_FOR_IMPORT,,EMAIL_ONLY_D2,1,0,0,0
7107,wc-completed,GBP,2025-01-13 13:00:57,17.00,APPROVED_FOR_IMPORT,,EMAIL_ONLY_D2,1,0,0,0
7109,wc-completed,GBP,2025-01-13 15:47:47,63.00,APPROVED_FOR_IMPORT,,EMAIL_ONLY_D2,3,0,0,0
7116,wc-completed,GBP,2025-01-13 21:52:44,100.99,APPROVED_FOR_IMPORT,,EMAIL_ONLY_D2,4,0,0,0
7118,wc-completed,GBP,2025-01-13 23:20:33,35.00,APPROVED_FOR_IMPORT,,EMAIL_ONLY_D2,1,0,0,0
7119,wc-completed,GBP,2025-01-13 23:41:37,61.00,APPROVED_FOR_IMPORT,,EMAIL_ONLY_D2,1,0,0,0
7122,wc-completed,GBP,2025-01-14 01:21:26,20.00,APPROVED_FOR_IMPORT,,EMAIL_ONLY_D2,2,0,0,0
7123,wc-completed,GBP,2025-01-14 01:45:50,23.00,APPROVED_FOR_IMPORT,,EMAIL_ONLY_D2,1,0,0,0
7124,wc-completed,GBP,2025-01-14 04:55:25,25.00,APPROVED_FOR_IMPORT,,EMAIL_ONLY_D2,1,0,0,0
7125,wc-completed,GBP,2025-01-14 08:00:15,70.00,APPROVED_FOR_IMPORT,,EMAIL_ONLY_D2,3,1,0,0
7129,wc-completed,GBP,2025-01-14 10:36:35,25.00,APPROVED_FOR_IMPORT,,EMAIL_ONLY_D2,1,0,0,0
7131,wc-completed,GBP,2025-01-14 16:08:54,35.00,APPROVED_FOR_IMPORT,,EMAIL_ONLY_D2,1,0,0,0
7132,wc-completed,GBP,2025-01-14 17:15:27,79.00,APPROVED_FOR_IMPORT,,EMAIL_ONLY_D2,4,0,0,0
7135,wc-completed,GBP,2025-01-14 19:14:03,23.00,APPROVED_FOR_IMPORT,,EMAIL_ONLY_D2,1,0,0,0
7136,wc-completed,GBP,2025-01-14 19:18:29,43.00,APPROVED_FOR_IMPORT,,EMAIL_ONLY_D2,2,0,0,0
7143,wc-completed,GBP,2025-01-14 21:01:25,41.00,APPROVED_FOR_IMPORT,,ASSOCIATE_GID,3,0,0,0
7144,wc-completed,GBP,2025-01-14 21:22:34,68.00,APPROVED_FOR_IMPORT,,EMAIL_ONLY_D2,4,0,0,0
7147,wc-completed,GBP,2025-01-14 22:10:01,61.00,APPROVED_FOR_IMPORT,,EMAIL_ONLY_D2,2,0,0,0
7148,wc-completed,GBP,2025-01-14 22:25:46,45.00,APPROVED_FOR_IMPORT,,ASSOCIATE_GID,2,0,0,0
7149,wc-completed,GBP,2025-01-14 22:30:28,107.00,APPROVED_FOR_IMPORT,,EMAIL_ONLY_D2,5,0,0,0
7150,wc-completed,GBP,2025-01-14 22:30:46,25.00,APPROVED_FOR_IMPORT,,EMAIL_ONLY_D2,1,0,0,0
7151,wc-completed,GBP,2025-01-14 23:20:13,35.00,APPROVED_FOR_IMPORT,,EMAIL_ONLY_D2,1,0,0,0
7154,wc-completed,GBP,2025-01-15 00:15:00,101.00,APPROVED_FOR_IMPORT,,EMAIL_ONLY_D2,5,0,0,0
7155,wc-completed,GBP,2025-01-15 01:07:17,26.00,APPROVED_FOR_IMPORT,,EMAIL_ONLY_D2,2,0,0,0
7156,wc-completed,GBP,2025-01-15 01:14:39,45.00,APPROVED_FOR_IMPORT,,EMAIL_ONLY_D2,2,0,0,0
7157,wc-completed,GBP,2025-01-15 01:15:36,43.00,APPROVED_FOR_IMPORT,,ASSOCIATE_GID,2,0,0,0
7158,wc-completed,GBP,2025-01-15 02:33:59,85.00,APPROVED_FOR_IMPORT,,EMAIL_ONLY_D2,2,0,0,0
7159,wc-completed,GBP,2025-01-15 04:28:46,55.00,APPROVED_FOR_IMPORT,,EMAIL_ONLY_D2,1,0,0,0
7161,wc-completed,GBP,2025-01-15 08:32:13,25.00,APPROVED_FOR_IMPORT,,EMAIL_ONLY_D2,1,0,0,0
7162,wc-completed,GBP,2025-01-15 09:07:51,19.00,APPROVED_FOR_IMPORT,,EMAIL_ONLY_D2,1,0,0,0
7163,wc-completed,GBP,2025-01-15 10:04:18,21.00,APPROVED_FOR_IMPORT,,EMAIL_ONLY_D2,1,0,0,0
7164,wc-completed,GBP,2025-01-15 10:42:57,60.00,APPROVED_FOR_IMPORT,,EMAIL_ONLY_D2,3,0,0,0
7165,wc-completed,GBP,2025-01-15 11:16:22,35.00,APPROVED_FOR_IMPORT,,EMAIL_ONLY_D2,1,0,0,0
7166,wc-completed,GBP,2025-01-15 11:19:47,25.00,APPROVED_FOR_IMPORT,,ASSOCIATE_GID,1,0,0,0
7167,wc-completed,GBP,2025-01-15 13:34:11,111.00,APPROVED_FOR_IMPORT,,ASSOCIATE_GID,5,0,0,0
7168,wc-completed,GBP,2025-01-15 13:43:09,61.00,APPROVED_FOR_IMPORT,,EMAIL_ONLY_D2,4,0,0,0
7169,wc-completed,GBP,2025-01-15 15:41:16,89.00,APPROVED_FOR_IMPORT,,EMAIL_ONLY_D2,4,0,0,0
7172,wc-completed,GBP,2025-01-15 19:23:08,35.00,APPROVED_FOR_IMPORT,,EMAIL_ONLY_D2,1,0,0,0
7173,wc-completed,GBP,2025-01-15 19:59:59,25.00,APPROVED_FOR_IMPORT,,ASSOCIATE_GID,1,0,0,0
7174,wc-completed,GBP,2025-01-15 20:54:04,72.00,PENDING_DECISION,D-3_unmapped_customer,UNMAPPED,4,0,0,0
7175,wc-completed,GBP,2025-01-15 21:35:41,42.00,APPROVED_FOR_IMPORT,,EMAIL_ONLY_D2,2,0,0,0
7176,wc-completed,GBP,2025-01-15 21:46:56,106.00,APPROVED_FOR_IMPORT,,EMAIL_ONLY_D2,3,0,0,0
7177,wc-completed,GBP,2025-01-15 22:30:41,45.00,APPROVED_FOR_IMPORT,,EMAIL_ONLY_D2,2,0,0,0
7178,wc-completed,GBP,2025-01-15 22:42:48,65.00,APPROVED_FOR_IMPORT,,EMAIL_ONLY_D2,2,1,0,0
7179,wc-completed,GBP,2025-01-15 23:07:07,25.00,APPROVED_FOR_IMPORT,,EMAIL_ONLY_D2,1,0,0,0
7180,wc-completed,GBP,2025-01-15 23:16:39,45.75,APPROVED_FOR_IMPORT,,EMAIL_ONLY_D2,2,0,0,0
7181,wc-completed,GBP,2025-01-15 23:59:48,39.00,APPROVED_FOR_IMPORT,,EMAIL_ONLY_D2,2,0,0,0
7182,wc-completed,GBP,2025-01-16 00:47:18,25.00,APPROVED_FOR_IMPORT,,EMAIL_ONLY_D2,1,0,0,0
7183,wc-completed,GBP,2025-01-16 00:55:00,37.00,APPROVED_FOR_IMPORT,,EMAIL_ONLY_D2,3,0,0,0
7184,wc-completed,GBP,2025-01-16 02:31:12,46.75,APPROVED_FOR_IMPORT,,EMAIL_ONLY_D2,2,0,0,0
7186,wc-completed,GBP,2025-01-16 07:01:01,40.99,APPROVED_FOR_IMPORT,,EMAIL_ONLY_D2,1,0,0,0
7187,wc-completed,GBP,2025-01-16 07:36:22,33.00,APPROVED_FOR_IMPORT,,EMAIL_ONLY_D2,1,0,0,0
7188,wc-completed,GBP,2025-01-16 07:55:28,85.00,APPROVED_FOR_IMPORT,,ASSOCIATE_GID,2,0,0,0
7189,wc-completed,GBP,2025-01-16 09:21:28,73.00,APPROVED_FOR_IMPORT,,EMAIL_ONLY_D2,2,0,0,0
7190,wc-completed,GBP,2025-01-16 10:37:41,86.00,APPROVED_FOR_IMPORT,,EMAIL_ONLY_D2,4,0,0,0
7193,wc-completed,GBP,2025-01-16 12:07:28,28.00,PENDING_DECISION,D-3_unmapped_customer,UNMAPPED,4,0,0,0
7195,wc-completed,GBP,2025-01-16 12:37:33,84.00,APPROVED_FOR_IMPORT,,EMAIL_ONLY_D2,3,0,0,0
7196,wc-completed,GBP,2025-01-16 14:29:21,43.00,APPROVED_FOR_IMPORT,,ASSOCIATE_GID,2,0,0,0
7197,wc-failed,GBP,2025-01-16 15:11:38,21.00,APPROVED_FOR_IMPORT,,EMAIL_ONLY_D2,1,0,0,0
7199,wc-completed,GBP,2025-01-16 18:51:22,23.00,APPROVED_FOR_IMPORT,,EMAIL_ONLY_D2,1,0,0,0
7200,wc-completed,GBP,2025-01-16 20:00:38,65.00,APPROVED_FOR_IMPORT,,EMAIL_ONLY_D2,3,0,0,0
7201,wc-completed,GBP,2025-01-16 20:16:03,80.00,APPROVED_FOR_IMPORT,,EMAIL_ONLY_D2,4,0,0,0
7203,wc-completed,GBP,2025-01-16 21:12:09,60.00,APPROVED_FOR_IMPORT,,EMAIL_ONLY_D2,3,0,0,0
7204,wc-completed,GBP,2025-01-16 21:12:56,35.00,APPROVED_FOR_IMPORT,,EMAIL_ONLY_D2,1,0,0,0
7205,wc-completed,GBP,2025-01-16 21:13:44,102.00,APPROVED_FOR_IMPORT,,EMAIL_ONLY_D2,5,1,0,0
7206,wc-completed,GBP,2025-01-16 21:29:23,60.00,APPROVED_FOR_IMPORT,,EMAIL_ONLY_D2,3,0,0,0
7207,wc-completed,GBP,2025-01-16 23:02:31,58.00,APPROVED_FOR_IMPORT,,EMAIL_ONLY_D2,3,0,0,0
7208,wc-cancelled,GBP,2025-01-16 23:09:01,112.00,APPROVED_FOR_IMPORT,,ASSOCIATE_GID,4,0,0,0
7210,wc-completed,GBP,2025-01-17 02:12:33,95.99,APPROVED_FOR_IMPORT,,EMAIL_ONLY_D2,3,0,0,0
7211,wc-completed,GBP,2025-01-17 10:01:26,85.00,APPROVED_FOR_IMPORT,,EMAIL_ONLY_D2,2,0,0,0
7212,wc-completed,GBP,2025-01-17 11:45:40,43.00,APPROVED_FOR_IMPORT,,EMAIL_ONLY_D2,2,0,0,0
7213,wc-completed,GBP,2025-01-17 11:59:20,22.00,APPROVED_FOR_IMPORT,,EMAIL_ONLY_D2,1,0,0,0
7214,wc-completed,GBP,2025-01-17 12:48:21,42.00,APPROVED_FOR_IMPORT,,EMAIL_ONLY_D2,2,0,0,0
7215,wc-completed,GBP,2025-01-17 12:58:28,77.00,APPROVED_FOR_IMPORT,,EMAIL_ONLY_D2,3,0,0,0
7216,wc-completed,GBP,2025-01-17 15:35:31,55.00,APPROVED_FOR_IMPORT,,EMAIL_ONLY_D2,2,0,0,0
7218,wc-completed,GBP,2025-01-17 18:31:10,99.00,APPROVED_FOR_IMPORT,,EMAIL_ONLY_D2,4,0,0,0
7220,wc-completed,GBP,2025-01-17 19:08:52,62.00,APPROVED_FOR_IMPORT,,EMAIL_ONLY_D2,3,0,0,0
7221,wc-completed,GBP,2025-01-18 00:14:42,135.19,APPROVED_FOR_IMPORT,,ASSOCIATE_GID,7,0,0,0
7223,wc-completed,GBP,2025-01-18 11:23:28,57.99,APPROVED_FOR_IMPORT,,EMAIL_ONLY_D2,2,0,0,0
7224,wc-completed,GBP,2025-01-18 11:50:02,60.00,APPROVED_FOR_IMPORT,,EMAIL_ONLY_D2,3,0,0,0
7226,wc-completed,GBP,2025-01-18 13:05:08,25.00,APPROVED_FOR_IMPORT,,ASSOCIATE_GID,1,0,0,0
7227,wc-completed,GBP,2025-01-18 15:06:05,25.00,APPROVED_FOR_IMPORT,,EMAIL_ONLY_D2,1,0,0,0
7228,wc-completed,GBP,2025-01-18 15:23:30,43.00,APPROVED_FOR_IMPORT,,EMAIL_ONLY_D2,2,0,0,0
7229,wc-completed,GBP,2025-01-18 15:33:38,56.98,APPROVED_FOR_IMPORT,,EMAIL_ONLY_D2,4,0,0,0
7232,wc-completed,GBP,2025-01-18 19:49:06,57.00,APPROVED_FOR_IMPORT,,EMAIL_ONLY_D2,3,0,0,0
7233,wc-completed,GBP,2025-01-18 20:55:25,65.00,APPROVED_FOR_IMPORT,,EMAIL_ONLY_D2,2,0,0,0
7234,wc-completed,GBP,2025-01-18 23:41:32,73.00,PENDING_DECISION,D-3_unmapped_customer,UNMAPPED,3,0,0,0
7235,wc-completed,GBP,2025-01-18 23:48:05,45.00,APPROVED_FOR_IMPORT,,ASSOCIATE_GID,2,0,0,0
7236,wc-completed,GBP,2025-01-19 07:26:41,25.00,APPROVED_FOR_IMPORT,,EMAIL_ONLY_D2,1,0,0,0
7237,wc-completed,GBP,2025-01-19 10:57:23,71.00,APPROVED_FOR_IMPORT,,EMAIL_ONLY_D2,3,0,0,0
7238,wc-completed,GBP,2025-01-19 16:56:43,59.00,APPROVED_FOR_IMPORT,,EMAIL_ONLY_D2,3,0,0,0
7239,wc-completed,GBP,2025-01-19 17:35:37,115.00,APPROVED_FOR_IMPORT,,EMAIL_ONLY_D2,5,0,0,0
7240,wc-completed,GBP,2025-01-19 18:28:47,40.00,APPROVED_FOR_IMPORT,,EMAIL_ONLY_D2,2,0,0,0
7241,wc-completed,GBP,2025-01-19 18:54:49,31.99,APPROVED_FOR_IMPORT,,EMAIL_ONLY_D2,2,0,0,0
7242,wc-completed,GBP,2025-01-19 19:16:30,73.00,APPROVED_FOR_IMPORT,,EMAIL_ONLY_D2,2,0,0,0
7243,wc-completed,GBP,2025-01-19 20:16:16,61.00,APPROVED_FOR_IMPORT,,EMAIL_ONLY_D2,2,0,0,0
7244,wc-completed,GBP,2025-01-19 22:23:06,102.00,APPROVED_FOR_IMPORT,,EMAIL_ONLY_D2,4,0,0,0
7245,wc-completed,GBP,2025-01-19 22:39:01,128.00,APPROVED_FOR_IMPORT,,EMAIL_ONLY_D2,6,0,0,0
7246,wc-completed,GBP,2025-01-19 23:39:35,76.99,APPROVED_FOR_IMPORT,,EMAIL_ONLY_D2,4,0,0,0
7247,wc-completed,GBP,2025-01-19 23:55:48,41.00,APPROVED_FOR_IMPORT,,EMAIL_ONLY_D2,2,0,0,0
7248,wc-completed,GBP,2025-01-20 01:13:30,45.00,APPROVED_FOR_IMPORT,,EMAIL_ONLY_D2,2,0,0,0
7249,wc-completed,GBP,2025-01-20 01:51:40,40.99,APPROVED_FOR_IMPORT,,EMAIL_ONLY_D2,1,0,0,0
7250,wc-completed,GBP,2025-01-20 02:41:00,60.00,APPROVED_FOR_IMPORT,,EMAIL_ONLY_D2,2,0,0,0
7252,wc-completed,GBP,2025-01-20 08:30:17,105.99,APPROVED_FOR_IMPORT,,ASSOCIATE_GID,4,0,0,0
7253,wc-completed,GBP,2025-01-20 09:04:18,25.00,APPROVED_FOR_IMPORT,,EMAIL_ONLY_D2,1,0,0,0
7255,wc-completed,GBP,2025-01-20 13:30:53,60.00,APPROVED_FOR_IMPORT,,EMAIL_ONLY_D2,3,0,0,0
7258,wc-completed,GBP,2025-01-20 19:41:58,25.00,APPROVED_FOR_IMPORT,,EMAIL_ONLY_D2,1,0,0,0
7259,wc-completed,GBP,2025-01-20 20:16:18,121.00,APPROVED_FOR_IMPORT,,EMAIL_ONLY_D2,5,0,0,0
7260,wc-completed,GBP,2025-01-20 21:06:31,23.00,APPROVED_FOR_IMPORT,,EMAIL_ONLY_D2,1,0,0,0
7261,wc-completed,GBP,2025-01-20 21:08:54,23.00,APPROVED_FOR_IMPORT,,EMAIL_ONLY_D2,1,0,0,0
7262,wc-completed,GBP,2025-01-20 22:28:23,68.00,APPROVED_FOR_IMPORT,,EMAIL_ONLY_D2,3,0,0,0
7263,wc-completed,GBP,2025-01-20 23:28:04,65.00,APPROVED_FOR_IMPORT,,EMAIL_ONLY_D2,3,0,0,0
7264,wc-completed,GBP,2025-01-21 00:35:13,52.00,APPROVED_FOR_IMPORT,,EMAIL_ONLY_D2,3,1,0,0
7265,wc-completed,GBP,2025-01-21 05:32:35,45.00,APPROVED_FOR_IMPORT,,EMAIL_ONLY_D2,2,0,0,0
7266,wc-completed,GBP,2025-01-21 07:56:44,40.00,APPROVED_FOR_IMPORT,,EMAIL_ONLY_D2,2,0,0,0
7267,wc-failed,GBP,2025-01-21 08:41:08,37.99,APPROVED_FOR_IMPORT,,ASSOCIATE_GID,2,0,0,0
7268,wc-completed,GBP,2025-01-21 08:43:40,37.99,APPROVED_FOR_IMPORT,,ASSOCIATE_GID,2,0,0,0
7270,wc-completed,GBP,2025-01-21 11:35:45,30.00,APPROVED_FOR_IMPORT,,EMAIL_ONLY_D2,1,0,0,0
7271,wc-completed,GBP,2025-01-21 14:00:04,45.00,APPROVED_FOR_IMPORT,,EMAIL_ONLY_D2,2,0,0,0
7272,wc-completed,GBP,2025-01-21 15:45:49,39.00,APPROVED_FOR_IMPORT,,EMAIL_ONLY_D2,2,0,0,0
7274,wc-completed,GBP,2025-01-21 20:56:57,65.00,APPROVED_FOR_IMPORT,,EMAIL_ONLY_D2,2,0,0,0
7275,wc-completed,GBP,2025-01-21 21:45:23,82.00,APPROVED_FOR_IMPORT,,EMAIL_ONLY_D2,3,0,0,0
7276,wc-completed,GBP,2025-01-21 21:53:19,21.00,APPROVED_FOR_IMPORT,,EMAIL_ONLY_D2,1,0,0,0
7277,wc-completed,GBP,2025-01-21 22:23:30,35.00,APPROVED_FOR_IMPORT,,EMAIL_ONLY_D2,1,0,0,0
7278,wc-completed,GBP,2025-01-21 22:47:55,61.00,APPROVED_FOR_IMPORT,,ASSOCIATE_GID,3,0,0,0
7279,wc-completed,GBP,2025-01-21 23:21:51,21.00,APPROVED_FOR_IMPORT,,EMAIL_ONLY_D2,1,0,0,0
7280,wc-completed,GBP,2025-01-22 00:42:24,109.00,APPROVED_FOR_IMPORT,,EMAIL_ONLY_D2,1,0,0,0
7281,wc-completed,GBP,2025-01-22 01:11:14,20.00,APPROVED_FOR_IMPORT,,EMAIL_ONLY_D2,2,0,0,0
7283,wc-completed,GBP,2025-01-22 08:30:35,59.00,APPROVED_FOR_IMPORT,,EMAIL_ONLY_D2,3,0,0,0
7284,wc-completed,GBP,2025-01-22 10:31:29,23.00,APPROVED_FOR_IMPORT,,EMAIL_ONLY_D2,1,0,0,0
7285,wc-completed,GBP,2025-01-22 11:52:37,45.00,APPROVED_FOR_IMPORT,,EMAIL_ONLY_D2,2,0,0,0
7286,wc-completed,GBP,2025-01-22 11:54:33,21.00,APPROVED_FOR_IMPORT,,EMAIL_ONLY_D2,1,0,0,0
7287,wc-failed,GBP,2025-01-22 11:55:34,21.00,APPROVED_FOR_IMPORT,,EMAIL_ONLY_D2,1,0,0,0
7288,wc-completed,GBP,2025-01-22 12:02:50,65.00,APPROVED_FOR_IMPORT,,EMAIL_ONLY_D2,1,0,0,0
7289,wc-completed,GBP,2025-01-22 12:45:50,20.00,APPROVED_FOR_IMPORT,,EMAIL_ONLY_D2,1,0,0,0
7290,wc-completed,GBP,2025-01-22 12:48:33,30.00,APPROVED_FOR_IMPORT,,EMAIL_ONLY_D2,1,0,0,0
7292,wc-completed,GBP,2025-01-22 15:52:24,25.00,PENDING_DECISION,D-3_unmapped_customer,UNMAPPED,1,0,0,0
7293,wc-completed,GBP,2025-01-22 19:23:37,27.00,APPROVED_FOR_IMPORT,,EMAIL_ONLY_D2,2,0,0,0
7294,wc-completed,GBP,2025-01-22 21:03:46,36.00,APPROVED_FOR_IMPORT,,EMAIL_ONLY_D2,2,0,0,0
7295,wc-completed,GBP,2025-01-22 21:56:16,56.00,APPROVED_FOR_IMPORT,,EMAIL_ONLY_D2,3,0,0,0
7297,wc-completed,GBP,2025-01-23 00:38:09,55.00,APPROVED_FOR_IMPORT,,EMAIL_ONLY_D2,2,0,0,0
7298,wc-completed,GBP,2025-01-23 01:25:20,130.99,APPROVED_FOR_IMPORT,,ASSOCIATE_GID,4,0,0,0
7301,wc-completed,GBP,2025-01-23 07:45:06,50.00,APPROVED_FOR_IMPORT,,EMAIL_ONLY_D2,2,0,0,0
7302,wc-completed,GBP,2025-01-23 08:31:13,50.00,APPROVED_FOR_IMPORT,,EMAIL_ONLY_D2,2,0,0,0
7303,wc-completed,GBP,2025-01-23 10:03:03,83.99,APPROVED_FOR_IMPORT,,EMAIL_ONLY_D2,3,0,0,0
7304,wc-completed,GBP,2025-01-23 10:13:38,15.00,APPROVED_FOR_IMPORT,,ASSOCIATE_GID,2,0,0,0
7307,wc-completed,GBP,2025-01-23 11:08:22,45.00,APPROVED_FOR_IMPORT,,EMAIL_ONLY_D2,1,0,0,0
7308,wc-completed,GBP,2025-01-23 11:37:27,32.00,APPROVED_FOR_IMPORT,,EMAIL_ONLY_D2,1,0,0,0
7315,wc-completed,GBP,2025-01-23 16:34:27,70.00,APPROVED_FOR_IMPORT,,EMAIL_ONLY_D2,3,0,0,0
7316,wc-completed,GBP,2025-01-23 18:07:58,20.00,APPROVED_FOR_IMPORT,,EMAIL_ONLY_D2,1,0,0,0
7317,wc-completed,GBP,2025-01-23 22:24:25,45.00,APPROVED_FOR_IMPORT,,EMAIL_ONLY_D2,1,0,0,0
7318,wc-completed,GBP,2025-01-23 23:24:41,19.00,APPROVED_FOR_IMPORT,,EMAIL_ONLY_D2,1,0,0,0
7320,wc-completed,GBP,2025-01-24 09:07:37,48.00,APPROVED_FOR_IMPORT,,EMAIL_ONLY_D2,2,0,0,0
7336,wc-completed,GBP,2025-01-24 13:14:44,60.00,APPROVED_FOR_IMPORT,,ASSOCIATE_GID,2,0,0,0
7338,wc-completed,GBP,2025-01-24 14:16:45,19.00,APPROVED_FOR_IMPORT,,ASSOCIATE_GID,1,0,0,0
7340,wc-completed,GBP,2025-01-24 14:48:39,90.99,APPROVED_FOR_IMPORT,,EMAIL_ONLY_D2,4,0,0,0
7341,wc-completed,GBP,2025-01-24 15:54:28,61.00,APPROVED_FOR_IMPORT,,EMAIL_ONLY_D2,3,0,0,0
7342,wc-completed,GBP,2025-01-24 16:16:33,35.00,APPROVED_FOR_IMPORT,,EMAIL_ONLY_D2,1,0,0,0
7343,wc-completed,GBP,2025-01-24 18:28:13,41.00,APPROVED_FOR_IMPORT,,EMAIL_ONLY_D2,2,0,0,0
7344,wc-failed,GBP,2025-01-24 19:35:20,84.99,APPROVED_FOR_IMPORT,,EMAIL_ONLY_D2,5,0,0,0
7345,wc-completed,GBP,2025-01-24 20:20:16,91.00,APPROVED_FOR_IMPORT,,EMAIL_ONLY_D2,4,0,0,0
7346,wc-completed,GBP,2025-01-24 20:22:21,59.99,APPROVED_FOR_IMPORT,,EMAIL_ONLY_D2,4,0,0,0
7349,wc-completed,GBP,2025-01-24 22:19:33,37.00,APPROVED_FOR_IMPORT,,EMAIL_ONLY_D2,1,0,0,0
7350,wc-completed,GBP,2025-01-24 22:42:59,21.00,APPROVED_FOR_IMPORT,,EMAIL_ONLY_D2,1,0,0,0
7352,wc-completed,GBP,2025-01-24 23:26:53,70.00,APPROVED_FOR_IMPORT,,ASSOCIATE_GID,3,0,0,0
7353,wc-completed,GBP,2025-01-25 00:17:33,24.00,APPROVED_FOR_IMPORT,,EMAIL_ONLY_D2,1,0,0,0
7354,wc-completed,GBP,2025-01-25 00:48:18,43.00,APPROVED_FOR_IMPORT,,ASSOCIATE_GID,2,0,0,0
7355,wc-completed,GBP,2025-01-25 01:00:31,25.00,APPROVED_FOR_IMPORT,,EMAIL_ONLY_D2,1,0,0,0
7356,wc-completed,GBP,2025-01-25 01:39:24,78.99,APPROVED_FOR_IMPORT,,ASSOCIATE_GID,3,0,0,0
7358,wc-completed,GBP,2025-01-25 02:15:08,225.98,APPROVED_FOR_IMPORT,,ASSOCIATE_GID,8,0,0,0
7359,wc-completed,GBP,2025-01-25 03:22:57,79.00,APPROVED_FOR_IMPORT,,EMAIL_ONLY_D2,3,0,0,0
7360,wc-completed,GBP,2025-01-25 03:50:11,25.00,APPROVED_FOR_IMPORT,,EMAIL_ONLY_D2,1,0,0,0
7361,wc-completed,GBP,2025-01-25 07:00:32,45.00,APPROVED_FOR_IMPORT,,ASSOCIATE_GID,1,0,0,0
7363,wc-completed,GBP,2025-01-25 11:04:14,25.00,APPROVED_FOR_IMPORT,,EMAIL_ONLY_D2,1,0,0,0
7364,wc-completed,GBP,2025-01-25 12:49:05,95.25,APPROVED_FOR_IMPORT,,EMAIL_ONLY_D2,3,0,0,0
7365,wc-completed,GBP,2025-01-25 14:24:35,75.00,APPROVED_FOR_IMPORT,,EMAIL_ONLY_D2,4,0,0,0
7366,wc-cancelled,GBP,2025-01-25 14:30:57,148.99,APPROVED_FOR_IMPORT,,EMAIL_ONLY_D2,10,0,0,0
7367,wc-completed,GBP,2025-01-25 14:46:55,94.00,APPROVED_FOR_IMPORT,,EMAIL_ONLY_D2,4,0,0,0
7368,wc-completed,GBP,2025-01-25 15:17:08,74.00,APPROVED_FOR_IMPORT,,ASSOCIATE_GID,3,0,0,0
7369,wc-completed,GBP,2025-01-25 15:42:18,198.00,APPROVED_FOR_IMPORT,,EMAIL_ONLY_D2,6,0,0,0
7370,wc-completed,GBP,2025-01-25 16:31:22,43.00,APPROVED_FOR_IMPORT,,ASSOCIATE_GID,2,0,0,0
7372,wc-completed,GBP,2025-01-25 17:17:19,175.00,PENDING_DECISION,D-3_unmapped_customer,UNMAPPED,6,0,0,0
7373,wc-completed,GBP,2025-01-25 17:51:12,55.00,APPROVED_FOR_IMPORT,,EMAIL_ONLY_D2,2,0,0,0
7374,wc-completed,GBP,2025-01-25 18:17:24,35.00,APPROVED_FOR_IMPORT,,ASSOCIATE_GID,2,0,0,0
7375,wc-completed,GBP,2025-01-25 19:12:44,55.00,APPROVED_FOR_IMPORT,,EMAIL_ONLY_D2,2,0,0,0
7376,wc-completed,GBP,2025-01-25 19:43:34,45.00,APPROVED_FOR_IMPORT,,ASSOCIATE_GID,2,0,0,0
7378,wc-completed,GBP,2025-01-25 21:13:24,58.00,APPROVED_FOR_IMPORT,,EMAIL_ONLY_D2,3,0,0,0
7379,wc-completed,GBP,2025-01-25 22:16:42,35.00,APPROVED_FOR_IMPORT,,EMAIL_ONLY_D2,2,0,0,0
7380,wc-completed,GBP,2025-01-25 22:25:28,50.00,APPROVED_FOR_IMPORT,,EMAIL_ONLY_D2,2,0,0,0
7382,wc-failed,GBP,2025-01-26 01:32:54,148.99,APPROVED_FOR_IMPORT,,EMAIL_ONLY_D2,10,0,0,0
7383,wc-completed,GBP,2025-01-26 01:35:31,18.00,APPROVED_FOR_IMPORT,,EMAIL_ONLY_D2,1,0,0,0
7385,wc-refunded,GBP,2025-01-26 02:15:51,63.00,APPROVED_FOR_IMPORT,,EMAIL_ONLY_D2,3,0,0,1
7386,wc-completed,GBP,2025-01-26 09:05:27,25.00,APPROVED_FOR_IMPORT,,EMAIL_ONLY_D2,1,0,0,0
7388,wc-completed,GBP,2025-01-26 10:31:27,61.98,APPROVED_FOR_IMPORT,,ASSOCIATE_GID,4,0,0,0
7389,wc-completed,GBP,2025-01-26 11:25:33,148.99,APPROVED_FOR_IMPORT,,EMAIL_ONLY_D2,10,0,0,0
7390,wc-completed,GBP,2025-01-26 12:02:52,53.00,APPROVED_FOR_IMPORT,,EMAIL_ONLY_D2,2,0,0,0
7391,wc-completed,GBP,2025-01-26 12:29:58,65.00,APPROVED_FOR_IMPORT,,ASSOCIATE_GID,2,0,0,0
7392,wc-completed,GBP,2025-01-26 13:24:45,124.00,APPROVED_FOR_IMPORT,,EMAIL_ONLY_D2,6,0,0,0
7393,wc-completed,GBP,2025-01-26 16:23:10,21.00,APPROVED_FOR_IMPORT,,EMAIL_ONLY_D2,1,0,0,0
7394,wc-completed,GBP,2025-01-26 16:40:16,154.00,APPROVED_FOR_IMPORT,,EMAIL_ONLY_D2,1,1,0,0
7395,wc-completed,GBP,2025-01-26 17:02:24,19.00,APPROVED_FOR_IMPORT,,ASSOCIATE_GID,1,0,0,0
7396,wc-completed,GBP,2025-01-26 17:09:55,48.00,APPROVED_FOR_IMPORT,,EMAIL_ONLY_D2,2,0,0,0
7397,wc-completed,GBP,2025-01-26 17:27:06,25.00,APPROVED_FOR_IMPORT,,EMAIL_ONLY_D2,1,0,0,0
7398,wc-completed,GBP,2025-01-26 18:13:18,65.00,APPROVED_FOR_IMPORT,,EMAIL_ONLY_D2,3,0,0,0
7399,wc-completed,GBP,2025-01-26 18:21:01,26.84,APPROVED_FOR_IMPORT,,EMAIL_ONLY_D2,2,0,0,0
7400,wc-completed,GBP,2025-01-26 20:25:27,63.00,APPROVED_FOR_IMPORT,,EMAIL_ONLY_D2,2,0,0,0
7401,wc-completed,GBP,2025-01-26 20:41:52,50.00,PENDING_DECISION,D-3_unmapped_customer,UNMAPPED,2,0,0,0
7402,wc-completed,GBP,2025-01-26 22:18:19,39.00,APPROVED_FOR_IMPORT,,EMAIL_ONLY_D2,1,0,0,0
7403,wc-failed,GBP,2025-01-26 23:18:47,154.00,APPROVED_FOR_IMPORT,,EMAIL_ONLY_D2,1,1,0,0
7404,wc-completed,GBP,2025-01-26 23:54:49,20.00,APPROVED_FOR_IMPORT,,EMAIL_ONLY_D2,1,0,0,0
7405,wc-completed,GBP,2025-01-27 08:46:56,21.00,APPROVED_FOR_IMPORT,,EMAIL_ONLY_D2,1,0,0,0
7406,wc-completed,GBP,2025-01-27 09:46:10,23.00,APPROVED_FOR_IMPORT,,EMAIL_ONLY_D2,1,0,0,0
7407,wc-completed,GBP,2025-01-27 10:06:49,65.00,APPROVED_FOR_IMPORT,,ASSOCIATE_GID,2,0,0,0
7408,wc-completed,GBP,2025-01-27 10:55:29,39.00,APPROVED_FOR_IMPORT,,EMAIL_ONLY_D2,2,0,0,0
7409,wc-completed,GBP,2025-01-27 11:49:28,30.00,APPROVED_FOR_IMPORT,,EMAIL_ONLY_D2,1,0,0,0
7410,wc-completed,GBP,2025-01-27 11:53:25,60.00,APPROVED_FOR_IMPORT,,EMAIL_ONLY_D2,3,0,0,0
7411,wc-completed,GBP,2025-01-27 12:09:18,45.00,APPROVED_FOR_IMPORT,,EMAIL_ONLY_D2,2,0,0,0
7413,wc-completed,GBP,2025-01-27 12:50:46,50.00,APPROVED_FOR_IMPORT,,EMAIL_ONLY_D2,2,0,0,0
7414,wc-completed,GBP,2025-01-27 14:42:32,79.00,APPROVED_FOR_IMPORT,,EMAIL_ONLY_D2,4,0,0,0
7415,wc-completed,GBP,2025-01-27 15:13:48,80.00,APPROVED_FOR_IMPORT,,ASSOCIATE_GID,2,0,0,0
7416,wc-completed,GBP,2025-01-27 15:45:13,93.00,APPROVED_FOR_IMPORT,,EMAIL_ONLY_D2,4,0,0,0
7417,wc-completed,GBP,2025-01-27 16:22:06,70.98,APPROVED_FOR_IMPORT,,ASSOCIATE_GID,4,0,0,0
7418,wc-completed,GBP,2025-01-27 17:46:35,22.00,APPROVED_FOR_IMPORT,,EMAIL_ONLY_D2,1,0,0,0
7420,wc-completed,GBP,2025-01-27 19:17:33,42.00,APPROVED_FOR_IMPORT,,EMAIL_ONLY_D2,2,0,0,0
7421,wc-completed,GBP,2025-01-27 19:26:34,73.99,APPROVED_FOR_IMPORT,,EMAIL_ONLY_D2,3,0,0,0
7422,wc-completed,GBP,2025-01-27 19:36:31,10.00,APPROVED_FOR_IMPORT,,EMAIL_ONLY_D2,1,0,0,0
7423,wc-completed,GBP,2025-01-27 20:30:23,116.00,APPROVED_FOR_IMPORT,,EMAIL_ONLY_D2,5,0,0,0
7424,wc-completed,GBP,2025-01-27 20:37:56,91.00,APPROVED_FOR_IMPORT,,EMAIL_ONLY_D2,4,0,0,0
7425,wc-completed,GBP,2025-01-27 20:53:29,97.00,APPROVED_FOR_IMPORT,,EMAIL_ONLY_D2,4,1,0,0
7426,wc-completed,GBP,2025-01-27 21:48:55,41.00,APPROVED_FOR_IMPORT,,EMAIL_ONLY_D2,2,0,0,0
7427,wc-completed,GBP,2025-01-27 21:50:20,25.00,APPROVED_FOR_IMPORT,,EMAIL_ONLY_D2,1,0,0,0
7428,wc-completed,GBP,2025-01-27 21:52:50,43.00,APPROVED_FOR_IMPORT,,EMAIL_ONLY_D2,2,0,0,0
7429,wc-completed,GBP,2025-01-27 22:00:36,95.00,APPROVED_FOR_IMPORT,,EMAIL_ONLY_D2,2,0,0,0
7431,wc-completed,GBP,2025-01-27 23:45:10,72.00,APPROVED_FOR_IMPORT,,ASSOCIATE_GID,3,0,0,0
7432,wc-completed,GBP,2025-01-28 00:52:47,21.00,APPROVED_FOR_IMPORT,,EMAIL_ONLY_D2,1,0,0,0
7433,wc-completed,GBP,2025-01-28 02:40:09,175.99,APPROVED_FOR_IMPORT,,ASSOCIATE_GID,7,0,0,0
7434,wc-completed,GBP,2025-01-28 07:28:51,45.00,APPROVED_FOR_IMPORT,,ASSOCIATE_GID,2,0,0,0
7435,wc-completed,GBP,2025-01-28 09:12:55,50.00,APPROVED_FOR_IMPORT,,EMAIL_ONLY_D2,2,0,0,0
7436,wc-completed,GBP,2025-01-28 10:04:51,39.00,APPROVED_FOR_IMPORT,,EMAIL_ONLY_D2,2,0,0,0
7437,wc-completed,GBP,2025-01-28 10:31:01,84.00,APPROVED_FOR_IMPORT,,EMAIL_ONLY_D2,4,0,0,0
7438,wc-completed,GBP,2025-01-28 10:46:31,45.00,APPROVED_FOR_IMPORT,,EMAIL_ONLY_D2,2,0,0,0
7440,wc-completed,GBP,2025-01-28 12:54:27,148.00,APPROVED_FOR_IMPORT,,EMAIL_ONLY_D2,3,0,0,0
7442,wc-completed,GBP,2025-01-28 14:41:10,45.00,APPROVED_FOR_IMPORT,,EMAIL_ONLY_D2,1,0,0,0
7443,wc-completed,GBP,2025-01-28 14:45:32,22.00,APPROVED_FOR_IMPORT,,ASSOCIATE_GID,1,0,0,0
7444,wc-completed,GBP,2025-01-28 15:15:43,48.00,APPROVED_FOR_IMPORT,,ASSOCIATE_GID,3,0,0,0
7445,wc-completed,GBP,2025-01-28 15:19:19,68.00,APPROVED_FOR_IMPORT,,EMAIL_ONLY_D2,3,0,0,0
7449,wc-completed,GBP,2025-01-28 20:22:16,61.00,APPROVED_FOR_IMPORT,,ASSOCIATE_GID,3,0,0,0
7450,wc-completed,GBP,2025-01-28 20:36:29,41.00,APPROVED_FOR_IMPORT,,EMAIL_ONLY_D2,2,0,0,0
7451,wc-completed,GBP,2025-01-28 20:39:07,63.35,APPROVED_FOR_IMPORT,,EMAIL_ONLY_D2,6,0,0,0
7452,wc-completed,GBP,2025-01-28 21:39:07,177.00,APPROVED_FOR_IMPORT,,EMAIL_ONLY_D2,6,0,0,0
7453,wc-completed,GBP,2025-01-28 22:46:39,25.00,APPROVED_FOR_IMPORT,,EMAIL_ONLY_D2,1,0,0,0
7454,wc-completed,GBP,2025-01-29 04:31:55,65.97,APPROVED_FOR_IMPORT,,EMAIL_ONLY_D2,5,0,0,0
7455,wc-completed,GBP,2025-01-29 09:29:59,64.00,APPROVED_FOR_IMPORT,,EMAIL_ONLY_D2,4,0,0,0
7456,wc-completed,GBP,2025-01-29 10:56:37,22.00,APPROVED_FOR_IMPORT,,EMAIL_ONLY_D2,1,0,0,0
7457,wc-completed,GBP,2025-01-29 11:59:52,40.00,APPROVED_FOR_IMPORT,,ASSOCIATE_GID,1,0,0,0
7458,wc-completed,GBP,2025-01-29 12:12:09,36.00,PENDING_DECISION,D-3_unmapped_customer,UNMAPPED,2,0,0,0
7459,wc-completed,GBP,2025-01-29 12:19:14,73.00,APPROVED_FOR_IMPORT,,EMAIL_ONLY_D2,2,0,0,0
7460,wc-completed,GBP,2025-01-29 12:35:18,101.00,APPROVED_FOR_IMPORT,,EMAIL_ONLY_D2,5,0,0,0
7461,wc-completed,GBP,2025-01-29 12:45:07,57.00,APPROVED_FOR_IMPORT,,EMAIL_ONLY_D2,3,0,0,0
7462,wc-completed,GBP,2025-01-29 13:42:02,40.99,APPROVED_FOR_IMPORT,,EMAIL_ONLY_D2,1,0,0,0
7463,wc-completed,GBP,2025-01-29 14:47:50,41.00,APPROVED_FOR_IMPORT,,EMAIL_ONLY_D2,2,0,0,0
7464,wc-completed,GBP,2025-01-29 15:06:55,116.00,APPROVED_FOR_IMPORT,,EMAIL_ONLY_D2,5,0,0,0
7465,wc-completed,GBP,2025-01-29 15:27:01,61.00,APPROVED_FOR_IMPORT,,ASSOCIATE_GID,3,0,0,0
7466,wc-completed,GBP,2025-01-29 15:47:32,106.00,APPROVED_FOR_IMPORT,,ASSOCIATE_GID,5,0,0,0
7467,wc-completed,GBP,2025-01-29 17:52:37,58.00,APPROVED_FOR_IMPORT,,EMAIL_ONLY_D2,3,0,0,0
7468,wc-completed,GBP,2025-01-29 17:55:30,76.00,APPROVED_FOR_IMPORT,,EMAIL_ONLY_D2,4,0,0,0
7469,wc-completed,GBP,2025-01-29 19:15:41,77.00,APPROVED_FOR_IMPORT,,EMAIL_ONLY_D2,3,0,0,0
7470,wc-completed,GBP,2025-01-29 21:40:27,73.00,APPROVED_FOR_IMPORT,,EMAIL_ONLY_D2,3,0,0,0
7471,wc-completed,GBP,2025-01-29 23:15:47,34.00,APPROVED_FOR_IMPORT,,EMAIL_ONLY_D2,2,0,0,0
7472,wc-completed,GBP,2025-01-30 01:59:56,45.00,APPROVED_FOR_IMPORT,,EMAIL_ONLY_D2,1,0,0,0
7473,wc-completed,GBP,2025-01-30 08:53:50,23.00,APPROVED_FOR_IMPORT,,EMAIL_ONLY_D2,1,0,0,0
7474,wc-completed,GBP,2025-01-30 10:52:26,25.00,APPROVED_FOR_IMPORT,,EMAIL_ONLY_D2,1,0,0,0
7475,wc-completed,GBP,2025-01-30 10:52:57,25.00,APPROVED_FOR_IMPORT,,EMAIL_ONLY_D2,1,0,0,0
7476,wc-completed,GBP,2025-01-30 11:15:20,131.00,APPROVED_FOR_IMPORT,,ASSOCIATE_GID,7,0,0,0
7477,wc-failed,GBP,2025-01-30 11:38:38,58.00,APPROVED_FOR_IMPORT,,EMAIL_ONLY_D2,3,0,0,0
7478,wc-completed,GBP,2025-01-30 12:21:50,66.00,APPROVED_FOR_IMPORT,,EMAIL_ONLY_D2,3,0,0,0
7479,wc-completed,GBP,2025-01-30 12:47:40,134.00,APPROVED_FOR_IMPORT,,EMAIL_ONLY_D2,6,0,0,0
7480,wc-completed,GBP,2025-01-30 17:37:37,41.00,APPROVED_FOR_IMPORT,,EMAIL_ONLY_D2,2,0,0,0
7481,wc-completed,GBP,2025-01-30 17:43:33,45.00,PENDING_DECISION,D-3_unmapped_customer,UNMAPPED,2,0,0,0
7482,wc-completed,GBP,2025-01-30 18:36:35,57.00,APPROVED_FOR_IMPORT,,EMAIL_ONLY_D2,3,0,0,0
7483,wc-completed,GBP,2025-01-30 18:45:10,52.00,APPROVED_FOR_IMPORT,,EMAIL_ONLY_D2,2,0,0,0
7485,wc-completed,GBP,2025-01-30 20:14:18,27.00,APPROVED_FOR_IMPORT,,EMAIL_ONLY_D2,2,0,0,0
7487,wc-completed,GBP,2025-01-30 21:13:24,63.00,APPROVED_FOR_IMPORT,,EMAIL_ONLY_D2,3,0,0,0
7488,wc-completed,GBP,2025-01-30 21:16:49,63.00,APPROVED_FOR_IMPORT,,EMAIL_ONLY_D2,4,0,0,0
7490,wc-completed,GBP,2025-01-30 21:44:33,42.00,APPROVED_FOR_IMPORT,,EMAIL_ONLY_D2,2,0,0,0
7512,wc-completed,GBP,2025-01-30 22:12:36,25.00,APPROVED_FOR_IMPORT,,EMAIL_ONLY_D2,1,0,0,0
7516,wc-completed,GBP,2025-01-30 22:39:43,35.00,APPROVED_FOR_IMPORT,,EMAIL_ONLY_D2,1,0,0,0
7538,wc-completed,GBP,2025-01-30 23:41:26,45.00,APPROVED_FOR_IMPORT,,EMAIL_ONLY_D2,1,0,0,0
7540,wc-completed,GBP,2025-01-30 23:50:18,63.00,APPROVED_FOR_IMPORT,,EMAIL_ONLY_D2,3,0,0,0
7548,wc-completed,GBP,2025-01-31 02:15:40,19.00,APPROVED_FOR_IMPORT,,EMAIL_ONLY_D2,1,0,0,0
7549,wc-completed,GBP,2025-01-31 05:00:34,25.00,APPROVED_FOR_IMPORT,,EMAIL_ONLY_D2,1,0,0,0
7550,wc-completed,GBP,2025-01-31 05:47:07,30.00,APPROVED_FOR_IMPORT,,EMAIL_ONLY_D2,1,0,0,0
7551,wc-completed,GBP,2025-01-31 06:54:33,74.00,APPROVED_FOR_IMPORT,,ASSOCIATE_GID,4,0,0,0
7552,wc-completed,GBP,2025-01-31 07:41:50,145.00,APPROVED_FOR_IMPORT,,EMAIL_ONLY_D2,1,1,0,0
7553,wc-completed,GBP,2025-01-31 07:51:19,22.00,APPROVED_FOR_IMPORT,,ASSOCIATE_GID,1,0,0,0
7554,wc-completed,GBP,2025-01-31 08:39:10,85.00,APPROVED_FOR_IMPORT,,EMAIL_ONLY_D2,2,0,0,0
7555,wc-completed,GBP,2025-01-31 10:07:05,59.99,APPROVED_FOR_IMPORT,,EMAIL_ONLY_D2,1,0,0,0
7556,wc-completed,GBP,2025-01-31 10:26:39,67.99,APPROVED_FOR_IMPORT,,EMAIL_ONLY_D2,3,0,0,0
7557,wc-completed,GBP,2025-01-31 10:32:40,90.00,APPROVED_FOR_IMPORT,,ASSOCIATE_GID,1,0,0,1
7558,wc-completed,GBP,2025-01-31 10:36:56,85.00,APPROVED_FOR_IMPORT,,EMAIL_ONLY_D2,1,0,0,0
7559,wc-completed,GBP,2025-01-31 10:46:41,85.00,APPROVED_FOR_IMPORT,,EMAIL_ONLY_D2,1,0,0,0
7560,wc-completed,GBP,2025-01-31 11:01:40,60.00,APPROVED_FOR_IMPORT,,ASSOCIATE_GID,3,0,0,0
7561,wc-completed,GBP,2025-01-31 11:42:28,23.00,APPROVED_FOR_IMPORT,,EMAIL_ONLY_D2,1,0,0,0
7562,wc-completed,GBP,2025-01-31 11:59:35,32.00,APPROVED_FOR_IMPORT,,EMAIL_ONLY_D2,1,0,0,0
7563,wc-completed,GBP,2025-01-31 13:12:56,47.00,APPROVED_FOR_IMPORT,,EMAIL_ONLY_D2,2,0,0,0
7565,wc-failed,GBP,2025-01-31 14:40:27,45.00,APPROVED_FOR_IMPORT,,EMAIL_ONLY_D2,2,0,0,0
7566,wc-completed,GBP,2025-01-31 14:47:44,145.00,APPROVED_FOR_IMPORT,,EMAIL_ONLY_D2,1,1,0,0
7567,wc-completed,GBP,2025-01-31 15:33:34,88.00,APPROVED_FOR_IMPORT,,EMAIL_ONLY_D2,6,0,0,0
7568,wc-completed,GBP,2025-01-31 15:38:28,85.00,APPROVED_FOR_IMPORT,,ASSOCIATE_GID,1,0,0,0
7569,wc-completed,GBP,2025-01-31 16:24:11,194.00,APPROVED_FOR_IMPORT,,ASSOCIATE_GID,2,0,0,1
7570,wc-completed,GBP,2025-01-31 16:25:08,108.00,APPROVED_FOR_IMPORT,,EMAIL_ONLY_D2,2,0,0,0
7573,wc-completed,GBP,2025-01-31 16:42:39,85.00,APPROVED_FOR_IMPORT,,EMAIL_ONLY_D2,1,0,0,0
7574,wc-completed,GBP,2025-01-31 16:49:48,85.00,APPROVED_FOR_IMPORT,,EMAIL_ONLY_D2,1,0,0,0
7575,wc-completed,GBP,2025-01-31 17:57:53,25.00,APPROVED_FOR_IMPORT,,ASSOCIATE_GID,1,0,0,0
7576,wc-completed,GBP,2025-01-31 18:08:47,25.00,APPROVED_FOR_IMPORT,,EMAIL_ONLY_D2,1,0,0,0
7577,wc-completed,GBP,2025-01-31 18:14:16,65.00,APPROVED_FOR_IMPORT,,ASSOCIATE_GID,5,0,0,1
7578,wc-completed,GBP,2025-01-31 18:52:26,110.00,APPROVED_FOR_IMPORT,,EMAIL_ONLY_D2,2,0,0,0
7579,wc-completed,GBP,2025-01-31 23:52:48,85.00,APPROVED_FOR_IMPORT,,ASSOCIATE_GID,1,0,0,0
7580,wc-completed,GBP,2025-02-01 00:46:00,53.00,APPROVED_FOR_IMPORT,,ASSOCIATE_GID,2,0,0,0
7581,wc-completed,GBP,2025-02-01 01:01:34,30.00,APPROVED_FOR_IMPORT,,EMAIL_ONLY_D2,1,0,0,0
7582,wc-completed,GBP,2025-02-01 02:23:55,85.00,APPROVED_FOR_IMPORT,,EMAIL_ONLY_D2,1,0,0,0
7585,wc-completed,GBP,2025-02-01 07:49:51,85.00,APPROVED_FOR_IMPORT,,ASSOCIATE_GID,1,0,0,0
7586,wc-completed,GBP,2025-02-01 07:50:16,56.00,APPROVED_FOR_IMPORT,,EMAIL_ONLY_D2,3,0,0,0
7587,wc-completed,GBP,2025-02-01 07:56:12,119.00,APPROVED_FOR_IMPORT,,EMAIL_ONLY_D2,2,0,0,0
7588,wc-completed,GBP,2025-02-01 10:26:46,53.00,APPROVED_FOR_IMPORT,,EMAIL_ONLY_D2,2,0,0,0
7589,wc-completed,GBP,2025-02-01 10:29:11,85.00,APPROVED_FOR_IMPORT,,EMAIL_ONLY_D2,1,0,0,0
7590,wc-completed,GBP,2025-02-01 10:52:00,23.00,APPROVED_FOR_IMPORT,,EMAIL_ONLY_D2,1,0,0,0
7591,wc-completed,GBP,2025-02-01 12:31:08,85.00,APPROVED_FOR_IMPORT,,EMAIL_ONLY_D2,1,0,0,0
7592,wc-completed,GBP,2025-02-01 12:48:57,88.00,APPROVED_FOR_IMPORT,,ASSOCIATE_GID,5,0,0,0
7593,wc-completed,GBP,2025-02-01 12:55:05,85.00,APPROVED_FOR_IMPORT,,EMAIL_ONLY_D2,1,0,0,0
7594,wc-completed,GBP,2025-02-01 13:16:32,85.00,APPROVED_FOR_IMPORT,,EMAIL_ONLY_D2,1,0,0,0
7595,wc-completed,GBP,2025-02-01 13:23:21,64.99,APPROVED_FOR_IMPORT,,ASSOCIATE_GID,1,0,0,1
7598,wc-completed,GBP,2025-02-01 13:51:05,26.00,APPROVED_FOR_IMPORT,,EMAIL_ONLY_D2,2,0,0,0
7600,wc-completed,GBP,2025-02-01 15:20:25,25.00,APPROVED_FOR_IMPORT,,EMAIL_ONLY_D2,1,0,0,0
7601,wc-completed,GBP,2025-02-01 17:28:30,45.00,APPROVED_FOR_IMPORT,,EMAIL_ONLY_D2,2,0,0,0
7602,wc-completed,GBP,2025-02-01 17:30:13,128.00,APPROVED_FOR_IMPORT,,EMAIL_ONLY_D2,3,0,0,0
7603,wc-completed,GBP,2025-02-01 17:38:45,102.00,APPROVED_FOR_IMPORT,,EMAIL_ONLY_D2,1,0,0,0
7607,wc-completed,GBP,2025-02-01 19:35:39,45.00,PENDING_DECISION,D-3_unmapped_customer,UNMAPPED,1,0,0,0
7608,wc-completed,GBP,2025-02-01 19:36:08,91.00,APPROVED_FOR_IMPORT,,ASSOCIATE_GID,5,0,0,1
7610,wc-completed,GBP,2025-02-01 20:29:39,85.00,APPROVED_FOR_IMPORT,,ASSOCIATE_GID,1,0,0,0
7611,wc-completed,GBP,2025-02-01 20:48:52,74.99,APPROVED_FOR_IMPORT,,EMAIL_ONLY_D2,4,0,0,0
7612,wc-completed,GBP,2025-02-01 22:16:06,25.00,APPROVED_FOR_IMPORT,,EMAIL_ONLY_D2,1,0,0,0
7613,wc-completed,GBP,2025-02-01 22:17:16,54.00,APPROVED_FOR_IMPORT,,ASSOCIATE_GID,3,0,0,0
7614,wc-completed,GBP,2025-02-01 22:43:33,81.99,APPROVED_FOR_IMPORT,,EMAIL_ONLY_D2,3,0,0,1
7615,wc-completed,GBP,2025-02-01 23:08:48,90.00,APPROVED_FOR_IMPORT,,ASSOCIATE_GID,1,0,0,1
7616,wc-completed,GBP,2025-02-01 23:20:45,41.00,APPROVED_FOR_IMPORT,,ASSOCIATE_GID,2,0,0,0
7617,wc-completed,GBP,2025-02-02 00:37:45,30.00,APPROVED_FOR_IMPORT,,EMAIL_ONLY_D2,1,0,0,0
7618,wc-completed,GBP,2025-02-02 01:34:16,25.00,APPROVED_FOR_IMPORT,,EMAIL_ONLY_D2,1,0,0,0
7619,wc-completed,GBP,2025-02-02 05:56:53,117.00,APPROVED_FOR_IMPORT,,EMAIL_ONLY_D2,6,0,0,0
7621,wc-completed,GBP,2025-02-02 08:27:24,45.00,APPROVED_FOR_IMPORT,,EMAIL_ONLY_D2,2,0,0,0
7622,wc-completed,GBP,2025-02-02 08:55:38,30.00,APPROVED_FOR_IMPORT,,EMAIL_ONLY_D2,1,0,0,0
7623,wc-completed,GBP,2025-02-02 10:49:40,25.00,APPROVED_FOR_IMPORT,,EMAIL_ONLY_D2,1,0,0,0
7624,wc-completed,GBP,2025-02-02 11:36:56,68.00,APPROVED_FOR_IMPORT,,EMAIL_ONLY_D2,3,0,0,0
7625,wc-completed,GBP,2025-02-02 13:14:38,116.00,APPROVED_FOR_IMPORT,,EMAIL_ONLY_D2,5,0,0,0
7626,wc-completed,GBP,2025-02-02 14:11:39,45.00,APPROVED_FOR_IMPORT,,ASSOCIATE_GID,2,0,0,0
7627,wc-completed,GBP,2025-02-02 14:46:36,220.00,APPROVED_FOR_IMPORT,,ASSOCIATE_GID,6,0,0,1
7629,wc-completed,GBP,2025-02-02 15:32:19,102.00,APPROVED_FOR_IMPORT,,EMAIL_ONLY_D2,5,0,0,0
7631,wc-completed,GBP,2025-02-02 18:15:29,58.00,APPROVED_FOR_IMPORT,,EMAIL_ONLY_D2,3,0,0,0
7632,wc-completed,GBP,2025-02-02 19:11:00,45.00,APPROVED_FOR_IMPORT,,ASSOCIATE_GID,2,0,0,0
7633,wc-refunded,GBP,2025-02-02 19:57:02,63.00,APPROVED_FOR_IMPORT,,EMAIL_ONLY_D2,3,0,0,1
7634,wc-completed,GBP,2025-02-02 20:12:22,65.00,APPROVED_FOR_IMPORT,,ASSOCIATE_GID,2,0,0,1
7635,wc-completed,GBP,2025-02-02 20:24:26,61.00,APPROVED_FOR_IMPORT,,EMAIL_ONLY_D2,2,0,0,0
7636,wc-completed,GBP,2025-02-02 20:41:59,23.00,APPROVED_FOR_IMPORT,,EMAIL_ONLY_D2,1,0,0,0
7637,wc-completed,GBP,2025-02-02 21:04:54,170.00,APPROVED_FOR_IMPORT,,EMAIL_ONLY_D2,2,0,0,0
7638,wc-completed,GBP,2025-02-02 21:49:46,58.00,APPROVED_FOR_IMPORT,,EMAIL_ONLY_D2,3,0,0,0
7640,wc-completed,GBP,2025-02-02 23:39:07,23.00,APPROVED_FOR_IMPORT,,EMAIL_ONLY_D2,1,0,0,0
7641,wc-completed,GBP,2025-02-03 00:10:43,55.00,APPROVED_FOR_IMPORT,,EMAIL_ONLY_D2,3,0,0,0
7643,wc-completed,GBP,2025-02-03 04:35:47,100.00,APPROVED_FOR_IMPORT,,EMAIL_ONLY_D2,5,0,0,0
7647,wc-completed,GBP,2025-02-03 12:42:20,66.00,APPROVED_FOR_IMPORT,,ASSOCIATE_GID,2,0,0,0
7648,wc-completed,GBP,2025-02-03 13:56:33,56.00,APPROVED_FOR_IMPORT,,EMAIL_ONLY_D2,1,0,0,0
7649,wc-completed,GBP,2025-02-03 13:58:12,25.00,APPROVED_FOR_IMPORT,,EMAIL_ONLY_D2,1,0,0,0
7650,wc-completed,GBP,2025-02-03 14:33:26,60.00,APPROVED_FOR_IMPORT,,EMAIL_ONLY_D2,2,0,0,0
7658,wc-completed,GBP,2025-02-03 16:47:22,70.00,APPROVED_FOR_IMPORT,,EMAIL_ONLY_D2,4,0,0,0
7660,wc-completed,GBP,2025-02-03 19:54:00,35.00,APPROVED_FOR_IMPORT,,EMAIL_ONLY_D2,1,0,0,0
7662,wc-completed,GBP,2025-02-03 20:55:15,25.00,APPROVED_FOR_IMPORT,,ASSOCIATE_GID,1,0,0,0
7663,wc-completed,GBP,2025-02-03 21:00:52,85.00,APPROVED_FOR_IMPORT,,EMAIL_ONLY_D2,1,0,0,0
7667,wc-completed,GBP,2025-02-03 22:36:39,159.00,APPROVED_FOR_IMPORT,,EMAIL_ONLY_D2,5,0,0,0
7668,wc-completed,GBP,2025-02-03 22:48:13,80.00,APPROVED_FOR_IMPORT,,EMAIL_ONLY_D2,2,0,0,0
7669,wc-completed,GBP,2025-02-03 22:51:49,21.99,APPROVED_FOR_IMPORT,,ASSOCIATE_GID,1,0,0,0
7670,wc-completed,GBP,2025-02-03 23:17:51,25.00,APPROVED_FOR_IMPORT,,EMAIL_ONLY_D2,1,0,0,0
7671,wc-completed,GBP,2025-02-03 23:26:28,66.00,APPROVED_FOR_IMPORT,,EMAIL_ONLY_D2,3,0,0,0
7672,wc-failed,GBP,2025-02-04 00:17:40,35.00,APPROVED_FOR_IMPORT,,EMAIL_ONLY_D2,1,0,0,0
7674,wc-completed,GBP,2025-02-04 06:16:18,78.00,APPROVED_FOR_IMPORT,,EMAIL_ONLY_D2,4,0,0,0
7677,wc-completed,GBP,2025-02-04 07:55:40,25.00,APPROVED_FOR_IMPORT,,EMAIL_ONLY_D2,3,2,2,0
7679,wc-completed,GBP,2025-02-04 08:31:49,67.00,APPROVED_FOR_IMPORT,,EMAIL_ONLY_D2,2,0,0,0
7681,wc-completed,GBP,2025-02-04 09:04:38,45.00,APPROVED_FOR_IMPORT,,EMAIL_ONLY_D2,1,0,0,0
7682,wc-completed,GBP,2025-02-04 10:07:25,22.00,APPROVED_FOR_IMPORT,,EMAIL_ONLY_D2,1,0,0,0
7683,wc-completed,GBP,2025-02-04 10:23:17,93.00,APPROVED_FOR_IMPORT,,EMAIL_ONLY_D2,5,0,0,0
7685,wc-completed,GBP,2025-02-04 13:07:20,41.00,APPROVED_FOR_IMPORT,,EMAIL_ONLY_D2,2,0,0,0
7686,wc-completed,GBP,2025-02-04 13:21:58,41.00,APPROVED_FOR_IMPORT,,EMAIL_ONLY_D2,2,0,0,0
7687,wc-completed,GBP,2025-02-04 13:44:28,25.00,APPROVED_FOR_IMPORT,,EMAIL_ONLY_D2,1,0,0,0
7688,wc-failed,GBP,2025-02-04 13:51:35,23.00,APPROVED_FOR_IMPORT,,EMAIL_ONLY_D2,1,0,0,0
7689,wc-completed,GBP,2025-02-04 14:31:04,20.00,APPROVED_FOR_IMPORT,,EMAIL_ONLY_D2,1,0,0,0
7690,wc-completed,GBP,2025-02-04 15:24:53,60.00,APPROVED_FOR_IMPORT,,EMAIL_ONLY_D2,1,0,0,0
7693,wc-completed,GBP,2025-02-04 17:21:25,60.00,APPROVED_FOR_IMPORT,,EMAIL_ONLY_D2,2,0,0,0
7694,wc-completed,GBP,2025-02-04 18:02:11,36.00,APPROVED_FOR_IMPORT,,EMAIL_ONLY_D2,2,0,0,0
7695,wc-completed,GBP,2025-02-04 18:49:23,25.00,APPROVED_FOR_IMPORT,,EMAIL_ONLY_D2,1,0,0,0
7696,wc-failed,GBP,2025-02-04 19:18:38,22.00,APPROVED_FOR_IMPORT,,EMAIL_ONLY_D2,1,0,0,0
7697,wc-completed,GBP,2025-02-04 19:20:35,85.00,APPROVED_FOR_IMPORT,,ASSOCIATE_GID,1,0,0,0
7698,wc-completed,GBP,2025-02-04 19:35:35,23.00,APPROVED_FOR_IMPORT,,EMAIL_ONLY_D2,1,0,0,0
7699,wc-completed,GBP,2025-02-04 19:42:56,22.00,APPROVED_FOR_IMPORT,,EMAIL_ONLY_D2,1,0,0,0
7700,wc-completed,GBP,2025-02-04 19:43:47,35.00,APPROVED_FOR_IMPORT,,EMAIL_ONLY_D2,1,0,0,0
7701,wc-completed,GBP,2025-02-04 20:00:05,145.00,APPROVED_FOR_IMPORT,,EMAIL_ONLY_D2,1,1,0,0
7702,wc-completed,GBP,2025-02-04 21:45:54,108.00,APPROVED_FOR_IMPORT,,EMAIL_ONLY_D2,5,0,0,0
7703,wc-completed,GBP,2025-02-04 22:21:49,34.98,APPROVED_FOR_IMPORT,,EMAIL_ONLY_D2,2,0,0,0
7704,wc-completed,GBP,2025-02-04 22:35:59,45.00,APPROVED_FOR_IMPORT,,ASSOCIATE_GID,2,0,0,0
7705,wc-completed,GBP,2025-02-04 22:48:22,161.00,APPROVED_FOR_IMPORT,,EMAIL_ONLY_D2,5,0,0,0
7706,wc-completed,GBP,2025-02-04 23:23:35,97.99,APPROVED_FOR_IMPORT,,ASSOCIATE_GID,6,0,0,0
7707,wc-completed,GBP,2025-02-04 23:47:16,47.00,APPROVED_FOR_IMPORT,,ASSOCIATE_GID,1,0,0,0
7708,wc-completed,GBP,2025-02-05 00:17:04,38.00,APPROVED_FOR_IMPORT,,ASSOCIATE_GID,2,0,0,0
7709,wc-completed,GBP,2025-02-05 03:39:53,55.00,APPROVED_FOR_IMPORT,,EMAIL_ONLY_D2,2,0,0,0
7710,wc-completed,GBP,2025-02-05 05:59:28,85.00,APPROVED_FOR_IMPORT,,EMAIL_ONLY_D2,1,0,0,0
7711,wc-completed,GBP,2025-02-05 06:06:47,43.00,APPROVED_FOR_IMPORT,,EMAIL_ONLY_D2,2,0,0,0
7714,wc-completed,GBP,2025-02-05 08:34:09,25.00,APPROVED_FOR_IMPORT,,EMAIL_ONLY_D2,1,0,0,0
7715,wc-completed,GBP,2025-02-05 08:53:51,25.00,APPROVED_FOR_IMPORT,,EMAIL_ONLY_D2,1,0,0,0
7716,wc-completed,GBP,2025-02-05 11:34:20,45.00,APPROVED_FOR_IMPORT,,EMAIL_ONLY_D2,1,0,0,0
7717,wc-completed,GBP,2025-02-05 11:59:40,85.00,APPROVED_FOR_IMPORT,,ASSOCIATE_GID,1,0,0,0
7718,wc-completed,GBP,2025-02-05 12:17:19,30.00,APPROVED_FOR_IMPORT,,ASSOCIATE_GID,1,0,0,0
7719,wc-completed,GBP,2025-02-05 13:28:11,20.00,APPROVED_FOR_IMPORT,,ASSOCIATE_GID,1,0,0,0
7720,wc-completed,GBP,2025-02-05 14:04:18,62.00,APPROVED_FOR_IMPORT,,EMAIL_ONLY_D2,3,0,0,0
7722,wc-completed,GBP,2025-02-05 17:09:46,51.00,APPROVED_FOR_IMPORT,,EMAIL_ONLY_D2,2,0,0,0
7723,wc-completed,GBP,2025-02-05 17:34:16,185.99,APPROVED_FOR_IMPORT,,EMAIL_ONLY_D2,12,0,0,0
7724,wc-completed,GBP,2025-02-05 17:41:13,21.00,APPROVED_FOR_IMPORT,,EMAIL_ONLY_D2,1,0,0,0
7725,wc-completed,GBP,2025-02-05 18:36:04,102.00,APPROVED_FOR_IMPORT,,EMAIL_ONLY_D2,1,0,0,0
7726,wc-completed,GBP,2025-02-05 18:56:39,22.00,APPROVED_FOR_IMPORT,,EMAIL_ONLY_D2,1,0,0,0
7727,wc-completed,GBP,2025-02-05 19:34:18,51.99,APPROVED_FOR_IMPORT,,EMAIL_ONLY_D2,3,0,0,0
7728,wc-completed,GBP,2025-02-05 20:04:50,110.00,APPROVED_FOR_IMPORT,,EMAIL_ONLY_D2,2,0,0,0
7730,wc-completed,GBP,2025-02-05 21:24:25,73.42,APPROVED_FOR_IMPORT,,ASSOCIATE_GID,6,0,0,0
7731,wc-completed,GBP,2025-02-05 21:41:57,58.00,APPROVED_FOR_IMPORT,,EMAIL_ONLY_D2,3,0,0,0
7733,wc-completed,GBP,2025-02-05 22:38:59,87.00,APPROVED_FOR_IMPORT,,EMAIL_ONLY_D2,5,0,0,0
7734,wc-completed,GBP,2025-02-05 22:53:47,25.00,APPROVED_FOR_IMPORT,,EMAIL_ONLY_D2,1,0,0,0
7735,wc-completed,GBP,2025-02-05 22:58:25,16.00,APPROVED_FOR_IMPORT,,EMAIL_ONLY_D2,1,0,0,0
7736,wc-completed,GBP,2025-02-05 23:20:17,107.00,APPROVED_FOR_IMPORT,,EMAIL_ONLY_D2,6,0,0,0
7737,wc-completed,GBP,2025-02-05 23:31:25,42.00,PENDING_DECISION,D-3_unmapped_customer,UNMAPPED,2,0,0,0
7739,wc-completed,GBP,2025-02-05 23:54:15,138.00,APPROVED_FOR_IMPORT,,EMAIL_ONLY_D2,3,0,0,0
7740,wc-completed,GBP,2025-02-06 00:48:33,23.00,APPROVED_FOR_IMPORT,,EMAIL_ONLY_D2,1,0,0,0
7743,wc-completed,GBP,2025-02-06 09:09:59,93.99,APPROVED_FOR_IMPORT,,EMAIL_ONLY_D2,3,0,0,0
7744,wc-completed,GBP,2025-02-06 09:45:52,56.00,APPROVED_FOR_IMPORT,,EMAIL_ONLY_D2,3,0,0,0
7746,wc-completed,GBP,2025-02-06 11:26:14,151.98,APPROVED_FOR_IMPORT,,EMAIL_ONLY_D2,8,0,0,0
7747,wc-completed,GBP,2025-02-06 12:07:31,23.00,APPROVED_FOR_IMPORT,,EMAIL_ONLY_D2,1,0,0,0
7750,wc-completed,GBP,2025-02-06 13:40:04,116.00,APPROVED_FOR_IMPORT,,EMAIL_ONLY_D2,6,0,0,0
7751,wc-completed,GBP,2025-02-06 14:44:36,25.00,APPROVED_FOR_IMPORT,,EMAIL_ONLY_D2,1,0,0,0
7752,wc-completed,GBP,2025-02-06 15:35:26,25.00,APPROVED_FOR_IMPORT,,EMAIL_ONLY_D2,1,0,0,0
7754,wc-completed,GBP,2025-02-06 17:42:31,27.49,APPROVED_FOR_IMPORT,,EMAIL_ONLY_D2,2,0,0,0
7757,wc-completed,GBP,2025-02-06 20:41:40,120.00,APPROVED_FOR_IMPORT,,EMAIL_ONLY_D2,2,0,0,0
7758,wc-completed,GBP,2025-02-06 20:56:36,25.00,APPROVED_FOR_IMPORT,,EMAIL_ONLY_D2,1,0,0,0
7760,wc-completed,GBP,2025-02-06 22:18:24,43.00,APPROVED_FOR_IMPORT,,ASSOCIATE_GID,2,0,0,0
7761,wc-completed,GBP,2025-02-06 23:26:34,64.00,APPROVED_FOR_IMPORT,,EMAIL_ONLY_D2,4,0,0,0
7762,wc-completed,GBP,2025-02-07 01:01:25,61.00,APPROVED_FOR_IMPORT,,EMAIL_ONLY_D2,1,0,0,0
7763,wc-failed,GBP,2025-02-07 02:40:23,224.00,APPROVED_FOR_IMPORT,,EMAIL_ONLY_D2,4,0,0,0
7764,wc-failed,GBP,2025-02-07 02:47:44,224.00,APPROVED_FOR_IMPORT,,EMAIL_ONLY_D2,4,0,0,0
7765,wc-completed,GBP,2025-02-07 02:54:08,224.00,APPROVED_FOR_IMPORT,,EMAIL_ONLY_D2,4,0,0,0
7766,wc-completed,GBP,2025-02-07 06:14:18,42.00,APPROVED_FOR_IMPORT,,EMAIL_ONLY_D2,2,0,0,0
7768,wc-completed,GBP,2025-02-07 08:06:21,85.00,APPROVED_FOR_IMPORT,,EMAIL_ONLY_D2,1,0,0,0
7769,wc-completed,GBP,2025-02-07 08:18:53,35.00,APPROVED_FOR_IMPORT,,EMAIL_ONLY_D2,1,0,0,0
7770,wc-completed,GBP,2025-02-07 08:55:11,23.00,APPROVED_FOR_IMPORT,,EMAIL_ONLY_D2,1,0,0,0
7771,wc-completed,GBP,2025-02-07 09:28:26,25.00,APPROVED_FOR_IMPORT,,EMAIL_ONLY_D2,1,0,0,0
7773,wc-completed,GBP,2025-02-07 09:40:48,25.00,APPROVED_FOR_IMPORT,,EMAIL_ONLY_D2,1,0,0,0
7774,wc-completed,GBP,2025-02-07 09:46:54,30.00,APPROVED_FOR_IMPORT,,ASSOCIATE_GID,1,0,0,0
7776,wc-completed,GBP,2025-02-07 11:15:44,25.00,APPROVED_FOR_IMPORT,,EMAIL_ONLY_D2,1,0,0,0
7777,wc-completed,GBP,2025-02-07 11:26:05,42.00,APPROVED_FOR_IMPORT,,EMAIL_ONLY_D2,2,0,0,0
7778,wc-failed,GBP,2025-02-07 11:44:59,54.00,APPROVED_FOR_IMPORT,,EMAIL_ONLY_D2,3,0,0,0
7779,wc-completed,GBP,2025-02-07 11:45:57,54.00,APPROVED_FOR_IMPORT,,EMAIL_ONLY_D2,3,0,0,0
7781,wc-completed,GBP,2025-02-07 13:27:34,80.00,APPROVED_FOR_IMPORT,,EMAIL_ONLY_D2,4,0,0,0
7782,wc-completed,GBP,2025-02-07 14:25:17,365.00,APPROVED_FOR_IMPORT,,EMAIL_ONLY_D2,5,0,0,0
7788,wc-completed,GBP,2025-02-07 14:41:54,56.99,APPROVED_FOR_IMPORT,,EMAIL_ONLY_D2,3,0,0,0
7792,wc-completed,GBP,2025-02-07 15:30:25,60.00,APPROVED_FOR_IMPORT,,EMAIL_ONLY_D2,2,0,0,0
7793,wc-completed,GBP,2025-02-07 15:37:00,65.00,APPROVED_FOR_IMPORT,,EMAIL_ONLY_D2,3,0,0,1
7794,wc-completed,GBP,2025-02-07 15:40:41,60.00,APPROVED_FOR_IMPORT,,EMAIL_ONLY_D2,3,0,0,0
7796,wc-completed,GBP,2025-02-07 19:14:42,85.00,APPROVED_FOR_IMPORT,,EMAIL_ONLY_D2,1,0,0,0
7797,wc-completed,GBP,2025-02-07 19:34:32,85.00,APPROVED_FOR_IMPORT,,EMAIL_ONLY_D2,1,0,0,0
7798,wc-completed,GBP,2025-02-07 19:42:51,80.00,APPROVED_FOR_IMPORT,,ASSOCIATE_GID,3,0,0,1
7799,wc-completed,GBP,2025-02-07 20:51:27,29.00,APPROVED_FOR_IMPORT,,EMAIL_ONLY_D2,3,0,0,0
7800,wc-completed,GBP,2025-02-07 21:19:52,85.00,APPROVED_FOR_IMPORT,,EMAIL_ONLY_D2,1,0,0,0
7801,wc-completed,GBP,2025-02-07 22:02:04,101.00,APPROVED_FOR_IMPORT,,ASSOCIATE_GID,5,0,0,0
7802,wc-completed,GBP,2025-02-07 22:10:16,64.00,APPROVED_FOR_IMPORT,,EMAIL_ONLY_D2,3,0,0,0
7803,wc-completed,GBP,2025-02-07 22:19:08,45.00,APPROVED_FOR_IMPORT,,EMAIL_ONLY_D2,2,0,0,0
7804,wc-completed,GBP,2025-02-07 23:08:44,30.00,APPROVED_FOR_IMPORT,,EMAIL_ONLY_D2,1,0,0,0
7806,wc-completed,GBP,2025-02-08 05:24:48,40.00,APPROVED_FOR_IMPORT,,EMAIL_ONLY_D2,2,0,0,0
7807,wc-completed,GBP,2025-02-08 06:01:29,31.99,APPROVED_FOR_IMPORT,,EMAIL_ONLY_D2,2,0,0,0
7809,wc-completed,GBP,2025-02-08 10:14:05,43.00,APPROVED_FOR_IMPORT,,ASSOCIATE_GID,2,0,0,0
7810,wc-completed,GBP,2025-02-08 10:41:26,89.99,APPROVED_FOR_IMPORT,,ASSOCIATE_GID,6,0,0,0
7811,wc-completed,GBP,2025-02-08 11:39:10,46.00,APPROVED_FOR_IMPORT,,ASSOCIATE_GID,2,0,0,0
7812,wc-failed,GBP,2025-02-08 13:30:10,23.00,APPROVED_FOR_IMPORT,,EMAIL_ONLY_D2,1,0,0,0
7813,wc-completed,GBP,2025-02-08 15:26:38,32.99,APPROVED_FOR_IMPORT,,EMAIL_ONLY_D2,3,0,0,0
7814,wc-completed,GBP,2025-02-08 16:48:17,55.00,APPROVED_FOR_IMPORT,,EMAIL_ONLY_D2,3,0,0,0
7817,wc-completed,GBP,2025-02-08 21:09:19,35.00,APPROVED_FOR_IMPORT,,EMAIL_ONLY_D2,1,0,0,0
7818,wc-completed,GBP,2025-02-08 21:38:35,83.00,APPROVED_FOR_IMPORT,,EMAIL_ONLY_D2,4,0,0,0
7819,wc-completed,GBP,2025-02-08 23:16:13,94.00,APPROVED_FOR_IMPORT,,EMAIL_ONLY_D2,4,0,0,0
7820,wc-completed,GBP,2025-02-09 00:09:19,38.00,APPROVED_FOR_IMPORT,,EMAIL_ONLY_D2,2,0,0,0
7821,wc-completed,GBP,2025-02-09 06:35:07,77.00,APPROVED_FOR_IMPORT,,EMAIL_ONLY_D2,4,0,0,0
7826,wc-completed,GBP,2025-02-09 08:37:59,86.00,APPROVED_FOR_IMPORT,,EMAIL_ONLY_D2,3,0,0,0
7827,wc-completed,GBP,2025-02-09 10:06:03,59.00,APPROVED_FOR_IMPORT,,EMAIL_ONLY_D2,1,0,0,0
7828,wc-completed,GBP,2025-02-09 10:46:19,25.00,APPROVED_FOR_IMPORT,,EMAIL_ONLY_D2,1,0,0,0
7829,wc-completed,GBP,2025-02-09 13:17:24,56.00,APPROVED_FOR_IMPORT,,ASSOCIATE_GID,3,0,0,0
7830,wc-completed,GBP,2025-02-09 13:38:43,145.00,APPROVED_FOR_IMPORT,,EMAIL_ONLY_D2,1,1,0,0
7831,wc-completed,GBP,2025-02-09 16:14:39,55.00,APPROVED_FOR_IMPORT,,EMAIL_ONLY_D2,2,0,0,0
7832,wc-completed,GBP,2025-02-09 18:54:12,25.00,APPROVED_FOR_IMPORT,,ASSOCIATE_GID,1,0,0,0
7833,wc-completed,GBP,2025-02-09 19:18:33,25.00,APPROVED_FOR_IMPORT,,EMAIL_ONLY_D2,1,0,0,0
7834,wc-completed,GBP,2025-02-09 20:34:46,90.99,APPROVED_FOR_IMPORT,,EMAIL_ONLY_D2,5,0,0,0
7835,wc-completed,GBP,2025-02-10 00:28:36,129.99,APPROVED_FOR_IMPORT,,EMAIL_ONLY_D2,4,0,0,0
7836,wc-completed,GBP,2025-02-10 00:29:01,58.00,APPROVED_FOR_IMPORT,,ASSOCIATE_GID,3,0,0,0
7837,wc-completed,GBP,2025-02-10 02:53:41,20.00,APPROVED_FOR_IMPORT,,EMAIL_ONLY_D2,1,0,0,0
7838,wc-failed,GBP,2025-02-10 05:39:09,25.00,APPROVED_FOR_IMPORT,,EMAIL_ONLY_D2,1,0,0,0
7839,wc-completed,GBP,2025-02-10 05:56:15,25.00,APPROVED_FOR_IMPORT,,EMAIL_ONLY_D2,1,0,0,0
7840,wc-completed,GBP,2025-02-10 10:48:12,36.00,APPROVED_FOR_IMPORT,,EMAIL_ONLY_D2,2,0,0,0
7841,wc-completed,GBP,2025-02-10 10:51:33,54.99,APPROVED_FOR_IMPORT,,EMAIL_ONLY_D2,1,0,0,0
7842,wc-completed,GBP,2025-02-10 11:06:21,123.00,APPROVED_FOR_IMPORT,,EMAIL_ONLY_D2,5,0,0,0
7843,wc-completed,GBP,2025-02-10 11:38:14,22.00,APPROVED_FOR_IMPORT,,ASSOCIATE_GID,1,0,0,0
7844,wc-completed,GBP,2025-02-10 12:08:18,159.00,APPROVED_FOR_IMPORT,,ASSOCIATE_GID,9,1,0,0
7847,wc-completed,GBP,2025-02-10 12:56:12,20.00,APPROVED_FOR_IMPORT,,EMAIL_ONLY_D2,1,0,0,0
7848,wc-completed,GBP,2025-02-10 13:55:08,56.99,APPROVED_FOR_IMPORT,,EMAIL_ONLY_D2,3,0,0,0
7850,wc-completed,GBP,2025-02-10 14:42:34,48.00,APPROVED_FOR_IMPORT,,EMAIL_ONLY_D2,3,0,0,0
7851,wc-completed,GBP,2025-02-10 14:43:08,25.00,APPROVED_FOR_IMPORT,,EMAIL_ONLY_D2,1,0,0,0
7852,wc-completed,GBP,2025-02-10 16:43:13,28.99,APPROVED_FOR_IMPORT,,EMAIL_ONLY_D2,2,0,0,0
7856,wc-completed,GBP,2025-02-10 19:42:17,46.00,APPROVED_FOR_IMPORT,,EMAIL_ONLY_D2,2,0,0,0
7857,wc-completed,GBP,2025-02-10 19:56:14,43.00,APPROVED_FOR_IMPORT,,EMAIL_ONLY_D2,2,0,0,0
7858,wc-completed,GBP,2025-02-10 20:04:21,39.00,APPROVED_FOR_IMPORT,,EMAIL_ONLY_D2,2,0,0,0
7859,wc-completed,GBP,2025-02-10 20:20:15,25.00,APPROVED_FOR_IMPORT,,ASSOCIATE_GID,1,0,0,0
7860,wc-completed,GBP,2025-02-10 20:32:04,55.00,APPROVED_FOR_IMPORT,,EMAIL_ONLY_D2,2,0,0,0
7861,wc-completed,GBP,2025-02-10 20:56:01,45.00,APPROVED_FOR_IMPORT,,EMAIL_ONLY_D2,2,0,0,0
7862,wc-completed,GBP,2025-02-10 22:38:19,57.00,APPROVED_FOR_IMPORT,,EMAIL_ONLY_D2,4,0,0,0
7863,wc-completed,GBP,2025-02-10 23:21:54,62.99,APPROVED_FOR_IMPORT,,EMAIL_ONLY_D2,4,0,0,0
7864,wc-completed,GBP,2025-02-11 00:52:31,21.00,APPROVED_FOR_IMPORT,,EMAIL_ONLY_D2,1,0,0,0
7865,wc-completed,GBP,2025-02-11 03:03:27,80.00,APPROVED_FOR_IMPORT,,ASSOCIATE_GID,1,0,0,1
7866,wc-completed,GBP,2025-02-11 08:04:35,100.99,APPROVED_FOR_IMPORT,,ASSOCIATE_GID,4,0,0,0
7867,wc-completed,GBP,2025-02-11 08:17:43,60.99,APPROVED_FOR_IMPORT,,EMAIL_ONLY_D2,2,0,0,0
7868,wc-completed,GBP,2025-02-11 10:39:48,60.00,APPROVED_FOR_IMPORT,,EMAIL_ONLY_D2,2,0,0,0
7869,wc-completed,GBP,2025-02-11 11:20:07,45.00,APPROVED_FOR_IMPORT,,EMAIL_ONLY_D2,2,0,0,0
7871,wc-completed,GBP,2025-02-11 15:26:29,55.00,APPROVED_FOR_IMPORT,,EMAIL_ONLY_D2,3,0,0,0
7872,wc-completed,GBP,2025-02-11 15:57:02,148.99,APPROVED_FOR_IMPORT,,EMAIL_ONLY_D2,5,0,0,0
7873,wc-completed,GBP,2025-02-11 16:26:24,113.00,APPROVED_FOR_IMPORT,,ASSOCIATE_GID,6,0,0,0
7874,wc-completed,GBP,2025-02-11 18:12:56,56.99,APPROVED_FOR_IMPORT,,EMAIL_ONLY_D2,3,0,0,0
7875,wc-completed,GBP,2025-02-11 18:49:14,102.00,APPROVED_FOR_IMPORT,,EMAIL_ONLY_D2,5,0,0,0
7876,wc-completed,GBP,2025-02-11 19:03:06,47.00,APPROVED_FOR_IMPORT,,EMAIL_ONLY_D2,3,0,0,0
7877,wc-completed,GBP,2025-02-11 19:09:55,57.99,APPROVED_FOR_IMPORT,,ASSOCIATE_GID,4,0,0,0
7878,wc-completed,GBP,2025-02-11 19:16:29,45.00,APPROVED_FOR_IMPORT,,EMAIL_ONLY_D2,1,0,0,0
7881,wc-completed,GBP,2025-02-11 19:49:51,50.00,APPROVED_FOR_IMPORT,,EMAIL_ONLY_D2,1,0,0,0
7913,wc-completed,GBP,2025-02-11 21:18:43,51.00,APPROVED_FOR_IMPORT,,EMAIL_ONLY_D2,2,0,0,0
7923,wc-completed,GBP,2025-02-11 21:32:37,45.00,APPROVED_FOR_IMPORT,,EMAIL_ONLY_D2,2,0,0,0
7930,wc-completed,GBP,2025-02-11 22:26:38,56.99,APPROVED_FOR_IMPORT,,ASSOCIATE_GID,2,0,0,0
7931,wc-completed,GBP,2025-02-11 22:29:13,88.00,APPROVED_FOR_IMPORT,,ASSOCIATE_GID,6,0,0,0
7932,wc-completed,GBP,2025-02-11 23:40:13,131.00,APPROVED_FOR_IMPORT,,ASSOCIATE_GID,6,0,0,0
7933,wc-completed,GBP,2025-02-12 00:09:26,25.00,APPROVED_FOR_IMPORT,,ASSOCIATE_GID,1,0,0,0
7934,wc-completed,GBP,2025-02-12 03:25:19,32.00,APPROVED_FOR_IMPORT,,EMAIL_ONLY_D2,1,0,0,0
7935,wc-completed,GBP,2025-02-12 06:37:22,94.00,APPROVED_FOR_IMPORT,,ASSOCIATE_GID,3,0,0,0
7936,wc-completed,GBP,2025-02-12 07:44:25,65.00,APPROVED_FOR_IMPORT,,EMAIL_ONLY_D2,2,0,0,0
7937,wc-completed,GBP,2025-02-12 08:18:02,55.00,APPROVED_FOR_IMPORT,,EMAIL_ONLY_D2,2,0,0,0
7939,wc-completed,GBP,2025-02-12 08:36:46,67.00,APPROVED_FOR_IMPORT,,EMAIL_ONLY_D2,3,0,0,0
7940,wc-completed,GBP,2025-02-12 09:08:49,50.00,APPROVED_FOR_IMPORT,,EMAIL_ONLY_D2,2,0,0,0
7942,wc-completed,GBP,2025-02-12 09:39:10,241.00,APPROVED_FOR_IMPORT,,EMAIL_ONLY_D2,7,0,0,0
7943,wc-failed,GBP,2025-02-12 11:13:46,148.00,APPROVED_FOR_IMPORT,,EMAIL_ONLY_D2,2,0,0,0
7944,wc-completed,GBP,2025-02-12 11:18:54,40.00,APPROVED_FOR_IMPORT,,EMAIL_ONLY_D2,2,0,0,0
7945,wc-completed,GBP,2025-02-12 12:53:37,96.99,PENDING_DECISION,D-3_unmapped_customer,UNMAPPED,4,0,0,0
7946,wc-completed,GBP,2025-02-12 13:10:35,59.00,APPROVED_FOR_IMPORT,,EMAIL_ONLY_D2,3,0,0,0
7948,wc-completed,GBP,2025-02-12 14:46:17,128.00,APPROVED_FOR_IMPORT,,ASSOCIATE_GID,7,0,0,0
7949,wc-completed,GBP,2025-02-12 15:05:00,99.00,APPROVED_FOR_IMPORT,,EMAIL_ONLY_D2,5,0,0,0
7950,wc-completed,GBP,2025-02-12 16:36:30,39.00,APPROVED_FOR_IMPORT,,ASSOCIATE_GID,2,0,0,0
7951,wc-completed,GBP,2025-02-12 17:02:53,58.00,APPROVED_FOR_IMPORT,,EMAIL_ONLY_D2,3,0,0,0
7952,wc-completed,GBP,2025-02-12 17:10:07,23.00,APPROVED_FOR_IMPORT,,EMAIL_ONLY_D2,1,0,0,0
7953,wc-completed,GBP,2025-02-12 17:51:34,57.00,APPROVED_FOR_IMPORT,,EMAIL_ONLY_D2,4,0,0,0
7954,wc-completed,GBP,2025-02-12 22:08:51,61.00,APPROVED_FOR_IMPORT,,EMAIL_ONLY_D2,3,0,0,0
7955,wc-completed,GBP,2025-02-12 23:06:19,43.00,APPROVED_FOR_IMPORT,,EMAIL_ONLY_D2,2,0,0,0
7956,wc-completed,GBP,2025-02-12 23:22:15,118.00,APPROVED_FOR_IMPORT,,EMAIL_ONLY_D2,5,0,0,0
7958,wc-completed,GBP,2025-02-12 23:53:51,37.00,APPROVED_FOR_IMPORT,,EMAIL_ONLY_D2,2,0,0,0
7959,wc-completed,GBP,2025-02-13 05:03:03,57.00,APPROVED_FOR_IMPORT,,ASSOCIATE_GID,3,0,0,0
7960,wc-completed,GBP,2025-02-13 05:34:28,78.00,APPROVED_FOR_IMPORT,,EMAIL_ONLY_D2,4,0,0,0
7961,wc-completed,GBP,2025-02-13 06:40:58,55.00,APPROVED_FOR_IMPORT,,EMAIL_ONLY_D2,3,0,0,0
7962,wc-completed,GBP,2025-02-13 07:57:07,43.99,APPROVED_FOR_IMPORT,,EMAIL_ONLY_D2,3,0,0,0
7964,wc-completed,GBP,2025-02-13 10:02:11,51.00,APPROVED_FOR_IMPORT,,EMAIL_ONLY_D2,2,0,0,0
7965,wc-refunded,GBP,2025-02-13 10:42:38,35.00,APPROVED_FOR_IMPORT,,EMAIL_ONLY_D2,1,0,0,1
7967,wc-completed,GBP,2025-02-13 11:47:33,58.00,APPROVED_FOR_IMPORT,,EMAIL_ONLY_D2,3,0,0,0
7968,wc-completed,GBP,2025-02-13 12:04:34,55.00,APPROVED_FOR_IMPORT,,EMAIL_ONLY_D2,3,0,0,0
7969,wc-completed,GBP,2025-02-13 12:14:38,42.00,APPROVED_FOR_IMPORT,,EMAIL_ONLY_D2,2,0,0,0
7970,wc-completed,GBP,2025-02-13 12:38:31,30.00,APPROVED_FOR_IMPORT,,EMAIL_ONLY_D2,1,0,0,0
7971,wc-completed,GBP,2025-02-13 13:29:29,76.00,APPROVED_FOR_IMPORT,,EMAIL_ONLY_D2,3,0,0,0
7972,wc-completed,GBP,2025-02-13 13:39:33,45.00,APPROVED_FOR_IMPORT,,EMAIL_ONLY_D2,2,0,0,0
7973,wc-completed,GBP,2025-02-13 14:38:18,25.00,APPROVED_FOR_IMPORT,,EMAIL_ONLY_D2,1,0,0,0
7974,wc-completed,GBP,2025-02-13 14:38:43,35.00,APPROVED_FOR_IMPORT,,EMAIL_ONLY_D2,1,0,0,0
7975,wc-completed,GBP,2025-02-13 14:58:24,60.99,APPROVED_FOR_IMPORT,,EMAIL_ONLY_D2,2,0,0,0
7976,wc-completed,GBP,2025-02-13 15:08:27,57.00,APPROVED_FOR_IMPORT,,EMAIL_ONLY_D2,3,0,0,0
7977,wc-completed,GBP,2025-02-13 15:30:12,43.00,APPROVED_FOR_IMPORT,,ASSOCIATE_GID,2,0,0,0
7978,wc-completed,GBP,2025-02-13 16:08:31,90.98,APPROVED_FOR_IMPORT,,EMAIL_ONLY_D2,5,0,0,0
7979,wc-completed,GBP,2025-02-13 16:27:16,83.00,APPROVED_FOR_IMPORT,,EMAIL_ONLY_D2,4,0,0,0
7980,wc-completed,GBP,2025-02-13 16:40:27,79.99,APPROVED_FOR_IMPORT,,EMAIL_ONLY_D2,1,0,0,0
7981,wc-completed,GBP,2025-02-13 16:47:55,59.99,APPROVED_FOR_IMPORT,,ASSOCIATE_GID,1,0,0,0
7982,wc-failed,GBP,2025-02-13 17:39:16,66.00,APPROVED_FOR_IMPORT,,EMAIL_ONLY_D2,3,0,0,0
7983,wc-completed,GBP,2025-02-13 17:45:54,61.00,APPROVED_FOR_IMPORT,,EMAIL_ONLY_D2,3,0,0,0
7985,wc-completed,GBP,2025-02-13 18:36:18,23.00,APPROVED_FOR_IMPORT,,EMAIL_ONLY_D2,1,0,0,0
7986,wc-completed,GBP,2025-02-13 18:36:20,56.00,APPROVED_FOR_IMPORT,,EMAIL_ONLY_D2,3,0,0,0
7988,wc-completed,GBP,2025-02-13 19:45:32,40.00,APPROVED_FOR_IMPORT,,EMAIL_ONLY_D2,2,0,0,0
7989,wc-completed,GBP,2025-02-13 20:13:08,10.98,APPROVED_FOR_IMPORT,,ASSOCIATE_GID,1,0,0,0
7990,wc-completed,GBP,2025-02-13 21:54:11,92.00,APPROVED_FOR_IMPORT,,EMAIL_ONLY_D2,3,0,0,0
7992,wc-completed,GBP,2025-02-14 10:46:47,72.00,APPROVED_FOR_IMPORT,,EMAIL_ONLY_D2,4,0,0,0
7993,wc-completed,GBP,2025-02-14 11:00:51,21.00,APPROVED_FOR_IMPORT,,EMAIL_ONLY_D2,1,0,0,0
7994,wc-completed,GBP,2025-02-14 11:39:03,25.00,APPROVED_FOR_IMPORT,,ASSOCIATE_GID,1,0,0,0
7995,wc-completed,GBP,2025-02-14 14:07:09,45.00,APPROVED_FOR_IMPORT,,EMAIL_ONLY_D2,1,0,0,0
7996,wc-completed,GBP,2025-02-14 15:01:23,80.00,APPROVED_FOR_IMPORT,,EMAIL_ONLY_D2,2,0,0,0
7997,wc-completed,GBP,2025-02-14 18:10:15,25.00,APPROVED_FOR_IMPORT,,EMAIL_ONLY_D2,1,0,0,0
7998,wc-completed,GBP,2025-02-14 19:21:48,96.00,APPROVED_FOR_IMPORT,,EMAIL_ONLY_D2,4,0,0,0
7999,wc-completed,GBP,2025-02-14 19:46:38,25.00,APPROVED_FOR_IMPORT,,EMAIL_ONLY_D2,1,0,0,0
8000,wc-completed,GBP,2025-02-14 20:49:36,25.00,APPROVED_FOR_IMPORT,,EMAIL_ONLY_D2,1,0,0,0
8002,wc-completed,GBP,2025-02-14 21:18:18,40.00,APPROVED_FOR_IMPORT,,EMAIL_ONLY_D2,2,0,0,0
8003,wc-completed,GBP,2025-02-14 21:27:16,29.00,APPROVED_FOR_IMPORT,,EMAIL_ONLY_D2,5,0,0,0
8004,wc-completed,GBP,2025-02-14 22:46:20,95.99,APPROVED_FOR_IMPORT,,EMAIL_ONLY_D2,2,0,0,0
8005,wc-completed,GBP,2025-02-15 00:34:49,21.00,APPROVED_FOR_IMPORT,,EMAIL_ONLY_D2,1,0,0,0
8006,wc-completed,GBP,2025-02-15 00:48:12,25.00,APPROVED_FOR_IMPORT,,ASSOCIATE_GID,1,0,0,0
8007,wc-completed,GBP,2025-02-15 01:41:18,106.00,APPROVED_FOR_IMPORT,,EMAIL_ONLY_D2,5,0,0,0
8008,wc-completed,GBP,2025-02-15 06:48:06,35.00,PENDING_DECISION,D-3_unmapped_customer,UNMAPPED,1,0,0,0
8009,wc-completed,GBP,2025-02-15 07:06:13,60.00,APPROVED_FOR_IMPORT,,EMAIL_ONLY_D2,2,0,0,0
8010,wc-completed,GBP,2025-02-15 07:36:07,30.00,APPROVED_FOR_IMPORT,,EMAIL_ONLY_D2,1,0,0,0
8011,wc-completed,GBP,2025-02-15 08:46:36,46.00,APPROVED_FOR_IMPORT,,EMAIL_ONLY_D2,2,0,0,0
8012,wc-completed,GBP,2025-02-15 08:47:43,25.00,APPROVED_FOR_IMPORT,,ASSOCIATE_GID,1,0,0,0
8013,wc-completed,GBP,2025-02-15 09:03:24,124.00,APPROVED_FOR_IMPORT,,EMAIL_ONLY_D2,8,0,0,0
8014,wc-completed,GBP,2025-02-15 09:59:40,45.00,APPROVED_FOR_IMPORT,,EMAIL_ONLY_D2,1,0,0,0
8015,wc-completed,GBP,2025-02-15 10:19:13,25.00,APPROVED_FOR_IMPORT,,EMAIL_ONLY_D2,1,0,0,0
8016,wc-completed,GBP,2025-02-15 10:45:25,114.00,APPROVED_FOR_IMPORT,,EMAIL_ONLY_D2,6,0,0,0
8017,wc-completed,GBP,2025-02-15 11:57:04,25.00,APPROVED_FOR_IMPORT,,EMAIL_ONLY_D2,1,0,0,0
8018,wc-completed,GBP,2025-02-15 12:16:33,53.99,APPROVED_FOR_IMPORT,,ASSOCIATE_GID,3,0,0,0
8020,wc-completed,GBP,2025-02-15 14:22:07,63.00,APPROVED_FOR_IMPORT,,ASSOCIATE_GID,4,0,0,0
8022,wc-failed,GBP,2025-02-15 16:50:17,63.00,APPROVED_FOR_IMPORT,,EMAIL_ONLY_D2,3,0,0,0
8023,wc-completed,GBP,2025-02-15 16:52:16,63.00,APPROVED_FOR_IMPORT,,EMAIL_ONLY_D2,3,0,0,0
8024,wc-completed,GBP,2025-02-15 20:13:05,19.00,APPROVED_FOR_IMPORT,,EMAIL_ONLY_D2,1,0,0,0
8025,wc-completed,GBP,2025-02-15 20:30:08,49.00,APPROVED_FOR_IMPORT,,EMAIL_ONLY_D2,2,0,0,0
8026,wc-completed,GBP,2025-02-15 20:31:08,50.00,APPROVED_FOR_IMPORT,,EMAIL_ONLY_D2,2,0,0,0
8028,wc-completed,GBP,2025-02-15 22:25:15,42.00,APPROVED_FOR_IMPORT,,EMAIL_ONLY_D2,2,0,0,0
8029,wc-completed,GBP,2025-02-15 22:55:17,42.00,APPROVED_FOR_IMPORT,,ASSOCIATE_GID,2,0,0,0
8030,wc-completed,GBP,2025-02-15 22:58:11,38.00,APPROVED_FOR_IMPORT,,EMAIL_ONLY_D2,2,0,0,0
8032,wc-completed,GBP,2025-02-16 02:09:21,116.00,APPROVED_FOR_IMPORT,,EMAIL_ONLY_D2,6,0,0,0
8033,wc-completed,GBP,2025-02-16 04:34:04,57.00,APPROVED_FOR_IMPORT,,EMAIL_ONLY_D2,3,0,0,0
8034,wc-completed,GBP,2025-02-16 09:23:59,45.00,APPROVED_FOR_IMPORT,,EMAIL_ONLY_D2,1,0,0,0
8035,wc-completed,GBP,2025-02-16 10:42:53,85.99,APPROVED_FOR_IMPORT,,EMAIL_ONLY_D2,3,0,0,0
8036,wc-completed,GBP,2025-02-16 11:51:41,45.00,APPROVED_FOR_IMPORT,,EMAIL_ONLY_D2,1,0,0,0
8037,wc-completed,GBP,2025-02-16 11:55:06,53.00,APPROVED_FOR_IMPORT,,EMAIL_ONLY_D2,2,0,0,0
8038,wc-completed,GBP,2025-02-16 14:04:36,27.00,APPROVED_FOR_IMPORT,,EMAIL_ONLY_D2,3,0,0,0
8039,wc-completed,GBP,2025-02-16 15:22:42,49.00,APPROVED_FOR_IMPORT,,EMAIL_ONLY_D2,2,0,0,0
8041,wc-completed,GBP,2025-02-16 21:26:48,102.00,APPROVED_FOR_IMPORT,,EMAIL_ONLY_D2,1,0,0,0
8042,wc-completed,GBP,2025-02-16 22:53:06,39.00,APPROVED_FOR_IMPORT,,ASSOCIATE_GID,2,0,0,0
8043,wc-completed,GBP,2025-02-16 23:05:49,41.00,APPROVED_FOR_IMPORT,,EMAIL_ONLY_D2,2,0,0,0
8044,wc-completed,GBP,2025-02-16 23:12:50,20.00,APPROVED_FOR_IMPORT,,EMAIL_ONLY_D2,1,0,0,0
8045,wc-completed,GBP,2025-02-17 03:48:22,25.00,APPROVED_FOR_IMPORT,,ASSOCIATE_GID,1,0,0,0
8047,wc-completed,GBP,2025-02-17 09:46:18,35.00,APPROVED_FOR_IMPORT,,EMAIL_ONLY_D2,1,0,0,0
8048,wc-completed,GBP,2025-02-17 10:01:17,82.00,APPROVED_FOR_IMPORT,,EMAIL_ONLY_D2,4,0,0,0
8049,wc-completed,GBP,2025-02-17 10:06:52,25.00,APPROVED_FOR_IMPORT,,EMAIL_ONLY_D2,1,0,0,0
8050,wc-completed,GBP,2025-02-17 11:59:20,39.97,APPROVED_FOR_IMPORT,,EMAIL_ONLY_D2,2,0,0,0
8051,wc-completed,GBP,2025-02-17 13:48:38,59.50,APPROVED_FOR_IMPORT,,EMAIL_ONLY_D2,5,0,0,0
8052,wc-completed,GBP,2025-02-17 13:55:12,41.00,APPROVED_FOR_IMPORT,,EMAIL_ONLY_D2,2,0,0,0
8055,wc-completed,GBP,2025-02-17 16:25:07,21.00,APPROVED_FOR_IMPORT,,EMAIL_ONLY_D2,1,0,0,0
8056,wc-completed,GBP,2025-02-17 18:15:07,90.00,APPROVED_FOR_IMPORT,,EMAIL_ONLY_D2,4,0,0,0
8057,wc-completed,GBP,2025-02-17 19:52:12,103.00,APPROVED_FOR_IMPORT,,EMAIL_ONLY_D2,4,0,0,0
8058,wc-completed,GBP,2025-02-17 21:11:11,115.00,APPROVED_FOR_IMPORT,,EMAIL_ONLY_D2,2,0,0,0
8059,wc-completed,GBP,2025-02-17 21:17:24,43.00,APPROVED_FOR_IMPORT,,EMAIL_ONLY_D2,2,0,0,0
8060,wc-completed,GBP,2025-02-17 23:01:06,22.00,APPROVED_FOR_IMPORT,,EMAIL_ONLY_D2,1,0,0,0
8062,wc-completed,GBP,2025-02-18 11:00:18,67.00,APPROVED_FOR_IMPORT,,ASSOCIATE_GID,3,0,0,0
8064,wc-completed,GBP,2025-02-18 11:29:11,19.00,APPROVED_FOR_IMPORT,,EMAIL_ONLY_D2,1,0,0,0
8065,wc-failed,GBP,2025-02-18 11:52:21,23.00,APPROVED_FOR_IMPORT,,ASSOCIATE_GID,1,0,0,0
8066,wc-completed,GBP,2025-02-18 11:55:16,23.00,APPROVED_FOR_IMPORT,,ASSOCIATE_GID,1,0,0,0
8067,wc-completed,GBP,2025-02-18 13:48:16,45.00,APPROVED_FOR_IMPORT,,EMAIL_ONLY_D2,2,0,0,0
8068,wc-completed,GBP,2025-02-18 14:19:06,78.00,APPROVED_FOR_IMPORT,,EMAIL_ONLY_D2,3,0,0,0
8069,wc-completed,GBP,2025-02-18 15:11:53,46.00,APPROVED_FOR_IMPORT,,EMAIL_ONLY_D2,2,0,0,0
8070,wc-completed,GBP,2025-02-18 16:21:10,50.00,APPROVED_FOR_IMPORT,,EMAIL_ONLY_D2,2,0,0,0
8071,wc-completed,GBP,2025-02-18 17:29:06,40.00,APPROVED_FOR_IMPORT,,EMAIL_ONLY_D2,2,0,0,0
8072,wc-completed,GBP,2025-02-18 17:49:03,19.00,APPROVED_FOR_IMPORT,,EMAIL_ONLY_D2,1,0,0,0
8073,wc-completed,GBP,2025-02-18 18:25:26,21.00,APPROVED_FOR_IMPORT,,EMAIL_ONLY_D2,1,0,0,0
8074,wc-completed,GBP,2025-02-18 19:29:12,45.00,APPROVED_FOR_IMPORT,,EMAIL_ONLY_D2,2,0,0,0
8075,wc-completed,GBP,2025-02-18 20:07:08,38.00,APPROVED_FOR_IMPORT,,EMAIL_ONLY_D2,2,0,0,0
8077,wc-completed,GBP,2025-02-18 22:17:15,70.00,APPROVED_FOR_IMPORT,,ASSOCIATE_GID,5,0,0,0
8078,wc-failed,GBP,2025-02-18 23:25:41,34.98,APPROVED_FOR_IMPORT,,EMAIL_ONLY_D2,2,0,0,0
8080,wc-completed,GBP,2025-02-19 00:34:29,25.00,APPROVED_FOR_IMPORT,,EMAIL_ONLY_D2,1,0,0,0
8081,wc-completed,GBP,2025-02-19 08:35:37,25.00,APPROVED_FOR_IMPORT,,EMAIL_ONLY_D2,2,0,0,0
8082,wc-completed,GBP,2025-02-19 08:55:57,25.00,APPROVED_FOR_IMPORT,,EMAIL_ONLY_D2,1,0,0,0
8083,wc-completed,GBP,2025-02-19 09:22:50,56.00,APPROVED_FOR_IMPORT,,EMAIL_ONLY_D2,3,0,0,0
8084,wc-completed,GBP,2025-02-19 12:25:42,35.00,APPROVED_FOR_IMPORT,,EMAIL_ONLY_D2,1,0,0,0
8086,wc-completed,GBP,2025-02-19 15:11:07,67.99,APPROVED_FOR_IMPORT,,EMAIL_ONLY_D2,4,0,0,0
8088,wc-completed,GBP,2025-02-19 16:39:12,54.99,APPROVED_FOR_IMPORT,,EMAIL_ONLY_D2,3,0,0,0
8089,wc-completed,GBP,2025-02-19 18:59:38,22.00,APPROVED_FOR_IMPORT,,EMAIL_ONLY_D2,1,0,0,0
8090,wc-completed,GBP,2025-02-19 19:59:36,23.00,APPROVED_FOR_IMPORT,,ASSOCIATE_GID,1,0,0,0
8091,wc-completed,GBP,2025-02-19 21:32:19,65.00,APPROVED_FOR_IMPORT,,EMAIL_ONLY_D2,3,0,0,0
8092,wc-completed,GBP,2025-02-19 21:51:39,25.00,APPROVED_FOR_IMPORT,,EMAIL_ONLY_D2,1,0,0,0
8093,wc-completed,GBP,2025-02-19 22:23:42,77.00,APPROVED_FOR_IMPORT,,EMAIL_ONLY_D2,1,1,0,0
8094,wc-completed,GBP,2025-02-19 22:51:00,101.00,APPROVED_FOR_IMPORT,,EMAIL_ONLY_D2,5,0,0,0
8096,wc-completed,GBP,2025-02-19 23:20:13,76.00,APPROVED_FOR_IMPORT,,ASSOCIATE_GID,3,0,0,0
8097,wc-completed,GBP,2025-02-19 23:24:32,39.00,APPROVED_FOR_IMPORT,,EMAIL_ONLY_D2,3,0,0,0
8098,wc-completed,GBP,2025-02-19 23:40:17,25.00,APPROVED_FOR_IMPORT,,EMAIL_ONLY_D2,1,0,0,0
8099,wc-completed,GBP,2025-02-20 00:27:49,35.00,APPROVED_FOR_IMPORT,,EMAIL_ONLY_D2,1,0,0,0
8100,wc-failed,GBP,2025-02-20 01:29:20,63.00,APPROVED_FOR_IMPORT,,EMAIL_ONLY_D2,3,0,0,0
8101,wc-completed,GBP,2025-02-20 02:26:46,66.00,APPROVED_FOR_IMPORT,,EMAIL_ONLY_D2,3,0,0,0
8102,wc-completed,GBP,2025-02-20 03:54:57,40.00,APPROVED_FOR_IMPORT,,EMAIL_ONLY_D2,2,0,0,0
8103,wc-completed,GBP,2025-02-20 06:35:17,25.00,PENDING_DECISION,D-3_unmapped_customer,UNMAPPED,1,0,0,0
8104,wc-completed,GBP,2025-02-20 09:02:30,27.00,APPROVED_FOR_IMPORT,,EMAIL_ONLY_D2,2,0,0,0
8105,wc-completed,GBP,2025-02-20 10:37:16,25.00,APPROVED_FOR_IMPORT,,ASSOCIATE_GID,1,0,0,0
8106,wc-completed,GBP,2025-02-20 11:06:52,30.00,APPROVED_FOR_IMPORT,,EMAIL_ONLY_D2,1,0,0,0
8107,wc-completed,GBP,2025-02-20 12:00:56,104.98,PENDING_DECISION,D-3_unmapped_customer,UNMAPPED,4,0,0,0
8108,wc-completed,GBP,2025-02-20 12:24:09,25.00,APPROVED_FOR_IMPORT,,EMAIL_ONLY_D2,1,0,0,0
8109,wc-completed,GBP,2025-02-20 14:00:22,25.00,APPROVED_FOR_IMPORT,,ASSOCIATE_GID,1,0,0,0
8110,wc-failed,GBP,2025-02-20 14:25:53,25.00,APPROVED_FOR_IMPORT,,EMAIL_ONLY_D2,1,0,0,0
8111,wc-completed,GBP,2025-02-20 14:41:13,94.00,PENDING_DECISION,D-3_unmapped_customer,UNMAPPED,4,0,0,0
8112,wc-completed,GBP,2025-02-20 16:27:36,32.00,APPROVED_FOR_IMPORT,,EMAIL_ONLY_D2,1,0,0,0
8113,wc-completed,GBP,2025-02-20 16:40:46,57.00,APPROVED_FOR_IMPORT,,EMAIL_ONLY_D2,2,0,0,0
8114,wc-completed,GBP,2025-02-20 17:41:22,71.00,APPROVED_FOR_IMPORT,,ASSOCIATE_GID,5,0,0,0
8115,wc-completed,GBP,2025-02-20 18:04:14,139.00,APPROVED_FOR_IMPORT,,EMAIL_ONLY_D2,4,0,0,0
8116,wc-completed,GBP,2025-02-20 19:25:12,25.00,APPROVED_FOR_IMPORT,,EMAIL_ONLY_D2,1,0,0,0
8117,wc-completed,GBP,2025-02-20 19:27:42,103.00,APPROVED_FOR_IMPORT,,EMAIL_ONLY_D2,3,0,0,0
8118,wc-completed,GBP,2025-02-20 20:29:05,52.00,PENDING_DECISION,D-3_unmapped_customer,UNMAPPED,2,0,0,0
8119,wc-completed,GBP,2025-02-20 20:47:41,57.00,APPROVED_FOR_IMPORT,,EMAIL_ONLY_D2,3,0,0,0
8120,wc-completed,GBP,2025-02-20 21:53:20,42.00,APPROVED_FOR_IMPORT,,EMAIL_ONLY_D2,2,0,0,0
8122,wc-failed,GBP,2025-02-21 00:39:24,94.00,APPROVED_FOR_IMPORT,,EMAIL_ONLY_D2,4,0,0,0
8123,wc-completed,GBP,2025-02-21 00:40:14,94.00,APPROVED_FOR_IMPORT,,EMAIL_ONLY_D2,4,0,0,0
8124,wc-completed,GBP,2025-02-21 00:57:43,43.00,APPROVED_FOR_IMPORT,,EMAIL_ONLY_D2,2,0,0,0
8125,wc-completed,GBP,2025-02-21 01:10:42,61.00,APPROVED_FOR_IMPORT,,EMAIL_ONLY_D2,3,0,0,0
8126,wc-completed,GBP,2025-02-21 02:59:43,58.00,PENDING_DECISION,D-3_unmapped_customer,UNMAPPED,3,0,0,0
8128,wc-completed,GBP,2025-02-21 09:48:46,45.00,APPROVED_FOR_IMPORT,,EMAIL_ONLY_D2,2,0,0,0
8129,wc-completed,GBP,2025-02-21 10:01:52,49.00,APPROVED_FOR_IMPORT,,EMAIL_ONLY_D2,3,0,0,0
8130,wc-completed,GBP,2025-02-21 10:29:17,69.00,APPROVED_FOR_IMPORT,,EMAIL_ONLY_D2,4,0,0,0
8131,wc-completed,GBP,2025-02-21 10:54:43,90.00,APPROVED_FOR_IMPORT,,ASSOCIATE_GID,1,0,0,0
8132,wc-completed,GBP,2025-02-21 12:07:10,25.00,APPROVED_FOR_IMPORT,,EMAIL_ONLY_D2,1,0,0,0
8133,wc-completed,GBP,2025-02-21 12:29:12,46.00,APPROVED_FOR_IMPORT,,EMAIL_ONLY_D2,2,0,0,0
8134,wc-completed,GBP,2025-02-21 13:17:02,75.00,APPROVED_FOR_IMPORT,,EMAIL_ONLY_D2,4,0,0,0
8137,wc-completed,GBP,2025-02-21 13:56:46,115.00,APPROVED_FOR_IMPORT,,EMAIL_ONLY_D2,5,0,0,0
8148,wc-completed,GBP,2025-02-21 14:20:09,43.00,APPROVED_FOR_IMPORT,,EMAIL_ONLY_D2,2,0,0,0
8149,wc-completed,GBP,2025-02-21 16:53:42,92.00,APPROVED_FOR_IMPORT,,EMAIL_ONLY_D2,4,0,0,0
8151,wc-completed,GBP,2025-02-21 17:52:37,50.00,APPROVED_FOR_IMPORT,,EMAIL_ONLY_D2,2,0,0,0
8152,wc-completed,GBP,2025-02-21 18:38:47,35.00,APPROVED_FOR_IMPORT,,EMAIL_ONLY_D2,2,0,0,0
8153,wc-completed,GBP,2025-02-21 18:56:59,32.00,APPROVED_FOR_IMPORT,,EMAIL_ONLY_D2,1,0,0,0
8154,wc-completed,GBP,2025-02-21 19:12:11,23.00,APPROVED_FOR_IMPORT,,EMAIL_ONLY_D2,1,0,0,0
8155,wc-completed,GBP,2025-02-21 19:34:17,99.99,APPROVED_FOR_IMPORT,,EMAIL_ONLY_D2,6,0,0,0
8156,wc-completed,GBP,2025-02-21 19:34:25,65.00,APPROVED_FOR_IMPORT,,EMAIL_ONLY_D2,2,0,0,0
8157,wc-completed,GBP,2025-02-21 20:08:47,45.00,APPROVED_FOR_IMPORT,,EMAIL_ONLY_D2,1,0,0,0
8158,wc-completed,GBP,2025-02-21 20:10:11,56.99,APPROVED_FOR_IMPORT,,EMAIL_ONLY_D2,3,0,0,0
8159,wc-completed,GBP,2025-02-21 21:26:58,92.00,APPROVED_FOR_IMPORT,,EMAIL_ONLY_D2,4,0,0,0
8160,wc-completed,GBP,2025-02-21 21:43:50,98.00,APPROVED_FOR_IMPORT,,EMAIL_ONLY_D2,5,1,1,0
8161,wc-completed,GBP,2025-02-21 23:34:00,35.00,APPROVED_FOR_IMPORT,,EMAIL_ONLY_D2,1,0,0,0
8162,wc-completed,GBP,2025-02-22 00:18:07,71.99,APPROVED_FOR_IMPORT,,EMAIL_ONLY_D2,4,0,0,0
8163,wc-completed,GBP,2025-02-22 05:25:56,20.00,APPROVED_FOR_IMPORT,,ASSOCIATE_GID,1,0,0,0
8164,wc-completed,GBP,2025-02-22 07:55:50,45.00,APPROVED_FOR_IMPORT,,EMAIL_ONLY_D2,2,0,0,0
8165,wc-completed,GBP,2025-02-22 09:46:29,41.00,PENDING_DECISION,D-3_unmapped_customer,UNMAPPED,2,0,0,0
8166,wc-completed,GBP,2025-02-22 10:15:24,25.00,APPROVED_FOR_IMPORT,,ASSOCIATE_GID,1,0,0,0
8167,wc-completed,GBP,2025-02-22 10:25:46,79.00,APPROVED_FOR_IMPORT,,EMAIL_ONLY_D2,3,0,0,0
8168,wc-completed,GBP,2025-02-22 11:27:51,144.00,APPROVED_FOR_IMPORT,,EMAIL_ONLY_D2,8,0,0,0
8169,wc-completed,GBP,2025-02-22 12:22:40,45.00,APPROVED_FOR_IMPORT,,EMAIL_ONLY_D2,2,0,0,0
8170,wc-completed,GBP,2025-02-22 12:36:03,30.00,APPROVED_FOR_IMPORT,,EMAIL_ONLY_D2,1,0,0,0
8172,wc-completed,GBP,2025-02-22 13:39:38,32.00,APPROVED_FOR_IMPORT,,EMAIL_ONLY_D2,1,0,0,0
8173,wc-completed,GBP,2025-02-22 17:43:29,45.00,APPROVED_FOR_IMPORT,,EMAIL_ONLY_D2,2,0,0,0
8174,wc-completed,GBP,2025-02-22 19:46:02,21.00,APPROVED_FOR_IMPORT,,ASSOCIATE_GID,1,0,0,0
8175,wc-completed,GBP,2025-02-22 19:58:23,45.00,APPROVED_FOR_IMPORT,,EMAIL_ONLY_D2,2,0,0,0
8179,wc-completed,GBP,2025-02-22 22:03:56,59.00,APPROVED_FOR_IMPORT,,ASSOCIATE_GID,3,0,0,1
8180,wc-completed,GBP,2025-02-22 22:23:03,31.00,APPROVED_FOR_IMPORT,,EMAIL_ONLY_D2,1,0,0,0
8181,wc-completed,GBP,2025-02-22 23:48:08,71.99,APPROVED_FOR_IMPORT,,EMAIL_ONLY_D2,3,0,0,0
8182,wc-completed,GBP,2025-02-23 00:05:59,98.00,APPROVED_FOR_IMPORT,,EMAIL_ONLY_D2,4,0,0,0
8185,wc-completed,GBP,2025-02-23 02:58:37,64.00,APPROVED_FOR_IMPORT,,EMAIL_ONLY_D2,3,0,0,0
8186,wc-failed,GBP,2025-02-23 03:42:35,55.00,APPROVED_FOR_IMPORT,,EMAIL_ONLY_D2,1,0,0,0
8187,wc-completed,GBP,2025-02-23 06:03:24,160.00,APPROVED_FOR_IMPORT,,EMAIL_ONLY_D2,8,0,0,1
8188,wc-failed,GBP,2025-02-23 12:05:26,129.00,APPROVED_FOR_IMPORT,,EMAIL_ONLY_D2,6,0,0,0
8189,wc-completed,GBP,2025-02-23 14:42:26,25.00,APPROVED_FOR_IMPORT,,EMAIL_ONLY_D2,1,0,0,0
8190,wc-completed,GBP,2025-02-23 15:55:47,116.00,APPROVED_FOR_IMPORT,,EMAIL_ONLY_D2,2,0,0,0
8191,wc-completed,GBP,2025-02-23 19:21:05,57.00,APPROVED_FOR_IMPORT,,EMAIL_ONLY_D2,2,0,0,0
8192,wc-completed,GBP,2025-02-23 20:07:19,65.00,APPROVED_FOR_IMPORT,,ASSOCIATE_GID,3,0,0,0
8196,wc-completed,GBP,2025-02-24 01:04:32,25.00,APPROVED_FOR_IMPORT,,EMAIL_ONLY_D2,1,0,0,0
8197,wc-completed,GBP,2025-02-24 01:31:57,90.00,PENDING_DECISION,D-3_unmapped_customer,UNMAPPED,4,0,0,0
8198,wc-completed,GBP,2025-02-24 05:13:46,22.00,APPROVED_FOR_IMPORT,,EMAIL_ONLY_D2,1,0,0,0
8199,wc-completed,GBP,2025-02-24 08:25:21,37.00,APPROVED_FOR_IMPORT,,EMAIL_ONLY_D2,1,0,0,0
8200,wc-completed,GBP,2025-02-24 09:17:28,104.00,APPROVED_FOR_IMPORT,,EMAIL_ONLY_D2,3,0,0,0
8202,wc-completed,GBP,2025-02-24 09:41:54,130.99,APPROVED_FOR_IMPORT,,EMAIL_ONLY_D2,4,0,0,0
8203,wc-completed,GBP,2025-02-24 09:50:59,22.00,APPROVED_FOR_IMPORT,,EMAIL_ONLY_D2,1,0,0,0
8204,wc-completed,GBP,2025-02-24 10:07:37,34.98,APPROVED_FOR_IMPORT,,EMAIL_ONLY_D2,3,0,0,0
8205,wc-completed,GBP,2025-02-24 10:24:55,119.00,APPROVED_FOR_IMPORT,,EMAIL_ONLY_D2,6,0,0,0
8206,wc-completed,GBP,2025-02-24 11:21:03,45.00,APPROVED_FOR_IMPORT,,EMAIL_ONLY_D2,2,0,0,0
8207,wc-completed,GBP,2025-02-24 15:32:06,25.00,APPROVED_FOR_IMPORT,,EMAIL_ONLY_D2,1,0,0,0
8208,wc-completed,GBP,2025-02-24 15:55:46,161.00,APPROVED_FOR_IMPORT,,EMAIL_ONLY_D2,2,1,0,0
8209,wc-completed,GBP,2025-02-24 16:06:04,40.00,APPROVED_FOR_IMPORT,,ASSOCIATE_GID,2,0,0,0
8213,wc-completed,GBP,2025-02-24 17:24:25,43.00,APPROVED_FOR_IMPORT,,EMAIL_ONLY_D2,2,0,0,0
8214,wc-completed,GBP,2025-02-24 18:31:15,25.00,APPROVED_FOR_IMPORT,,EMAIL_ONLY_D2,1,0,0,0
8215,wc-completed,GBP,2025-02-24 20:10:12,27.99,APPROVED_FOR_IMPORT,,ASSOCIATE_GID,2,0,0,0
8218,wc-completed,GBP,2025-02-24 23:50:16,25.00,APPROVED_FOR_IMPORT,,ASSOCIATE_GID,1,0,0,0
8219,wc-completed,GBP,2025-02-25 00:08:57,53.00,APPROVED_FOR_IMPORT,,EMAIL_ONLY_D2,2,0,0,0
8220,wc-completed,GBP,2025-02-25 00:22:49,232.00,APPROVED_FOR_IMPORT,,ASSOCIATE_GID,10,0,0,0
8221,wc-completed,GBP,2025-02-25 03:14:54,45.00,APPROVED_FOR_IMPORT,,EMAIL_ONLY_D2,2,0,0,0
8222,wc-completed,GBP,2025-02-25 03:30:43,43.00,APPROVED_FOR_IMPORT,,ASSOCIATE_GID,2,0,0,0
8223,wc-completed,GBP,2025-02-25 06:00:01,61.00,APPROVED_FOR_IMPORT,,EMAIL_ONLY_D2,3,0,0,0
8224,wc-completed,GBP,2025-02-25 07:26:55,106.00,APPROVED_FOR_IMPORT,,EMAIL_ONLY_D2,2,0,0,0
8225,wc-completed,GBP,2025-02-25 11:45:45,25.00,APPROVED_FOR_IMPORT,,EMAIL_ONLY_D2,1,0,0,0
8226,wc-completed,GBP,2025-02-25 11:52:18,58.00,APPROVED_FOR_IMPORT,,EMAIL_ONLY_D2,3,0,0,0
8228,wc-completed,GBP,2025-02-25 12:14:20,30.00,APPROVED_FOR_IMPORT,,EMAIL_ONLY_D2,1,0,0,0
8229,wc-completed,GBP,2025-02-25 13:23:41,11.99,APPROVED_FOR_IMPORT,,EMAIL_ONLY_D2,1,0,0,0
8230,wc-completed,GBP,2025-02-25 14:27:48,74.99,APPROVED_FOR_IMPORT,,EMAIL_ONLY_D2,1,0,0,0
8231,wc-completed,GBP,2025-02-25 15:10:25,45.00,APPROVED_FOR_IMPORT,,EMAIL_ONLY_D2,2,0,0,0
8232,wc-completed,GBP,2025-02-25 16:18:53,43.00,APPROVED_FOR_IMPORT,,EMAIL_ONLY_D2,2,0,0,0
8233,wc-completed,GBP,2025-02-25 16:23:32,23.00,APPROVED_FOR_IMPORT,,EMAIL_ONLY_D2,1,0,0,0
8234,wc-completed,GBP,2025-02-25 17:10:57,66.00,APPROVED_FOR_IMPORT,,EMAIL_ONLY_D2,3,1,0,0
8236,wc-completed,GBP,2025-02-25 20:21:37,50.00,APPROVED_FOR_IMPORT,,EMAIL_ONLY_D2,2,0,0,0
8237,wc-completed,GBP,2025-02-25 22:29:13,49.49,APPROVED_FOR_IMPORT,,EMAIL_ONLY_D2,4,0,0,0
8239,wc-completed,GBP,2025-02-26 00:48:42,65.00,APPROVED_FOR_IMPORT,,EMAIL_ONLY_D2,1,0,0,0
8240,wc-completed,GBP,2025-02-26 01:07:03,33.00,APPROVED_FOR_IMPORT,,EMAIL_ONLY_D2,1,0,0,0
8242,wc-completed,GBP,2025-02-26 01:22:58,23.00,APPROVED_FOR_IMPORT,,EMAIL_ONLY_D2,1,0,0,0
8243,wc-completed,GBP,2025-02-26 08:00:29,45.00,APPROVED_FOR_IMPORT,,EMAIL_ONLY_D2,2,0,0,0
8244,wc-completed,GBP,2025-02-26 13:13:50,12.00,APPROVED_FOR_IMPORT,,EMAIL_ONLY_D2,1,0,0,0
8245,wc-completed,GBP,2025-02-26 14:17:17,67.00,APPROVED_FOR_IMPORT,,EMAIL_ONLY_D2,3,0,0,0
8247,wc-completed,GBP,2025-02-26 15:22:35,42.00,APPROVED_FOR_IMPORT,,EMAIL_ONLY_D2,2,0,0,0
8249,wc-completed,GBP,2025-02-26 15:37:49,25.00,APPROVED_FOR_IMPORT,,EMAIL_ONLY_D2,1,0,0,0
8250,wc-completed,GBP,2025-02-26 16:14:56,131.00,APPROVED_FOR_IMPORT,,ASSOCIATE_GID,6,0,0,0
8251,wc-completed,GBP,2025-02-26 16:50:36,20.00,APPROVED_FOR_IMPORT,,EMAIL_ONLY_D2,1,0,0,0
8252,wc-completed,GBP,2025-02-26 17:41:27,65.00,APPROVED_FOR_IMPORT,,EMAIL_ONLY_D2,1,0,0,0
8253,wc-completed,GBP,2025-02-26 20:26:44,64.99,APPROVED_FOR_IMPORT,,EMAIL_ONLY_D2,3,0,0,0
8255,wc-completed,GBP,2025-02-26 21:45:08,19.00,APPROVED_FOR_IMPORT,,EMAIL_ONLY_D2,1,0,0,0
8256,wc-completed,GBP,2025-02-26 22:25:49,25.00,APPROVED_FOR_IMPORT,,EMAIL_ONLY_D2,1,0,0,0
8257,wc-completed,GBP,2025-02-26 22:38:12,30.00,APPROVED_FOR_IMPORT,,EMAIL_ONLY_D2,1,0,0,0
8259,wc-completed,GBP,2025-02-26 23:17:39,71.00,APPROVED_FOR_IMPORT,,EMAIL_ONLY_D2,3,0,0,0
8261,wc-completed,GBP,2025-02-26 23:46:51,30.00,APPROVED_FOR_IMPORT,,EMAIL_ONLY_D2,1,0,0,0
8262,wc-completed,GBP,2025-02-27 02:03:13,43.00,APPROVED_FOR_IMPORT,,EMAIL_ONLY_D2,2,0,0,0
8263,wc-completed,GBP,2025-02-27 07:32:58,134.00,APPROVED_FOR_IMPORT,,EMAIL_ONLY_D2,6,0,0,0
8264,wc-completed,GBP,2025-02-27 07:33:09,44.00,APPROVED_FOR_IMPORT,,ASSOCIATE_GID,4,1,0,0
8266,wc-completed,GBP,2025-02-27 10:18:07,51.99,APPROVED_FOR_IMPORT,,EMAIL_ONLY_D2,3,0,0,0
8267,wc-completed,GBP,2025-02-27 10:27:47,51.99,APPROVED_FOR_IMPORT,,ASSOCIATE_GID,3,0,0,0
8268,wc-completed,GBP,2025-02-27 10:41:17,23.00,APPROVED_FOR_IMPORT,,EMAIL_ONLY_D2,1,0,0,0
8269,wc-completed,GBP,2025-02-27 11:25:32,35.00,APPROVED_FOR_IMPORT,,ASSOCIATE_GID,1,0,0,0
8270,wc-completed,GBP,2025-02-27 11:59:49,21.00,APPROVED_FOR_IMPORT,,EMAIL_ONLY_D2,1,0,0,0
8271,wc-completed,GBP,2025-02-27 13:04:30,83.00,APPROVED_FOR_IMPORT,,ASSOCIATE_GID,4,1,0,0
8273,wc-completed,GBP,2025-02-27 13:21:32,88.00,APPROVED_FOR_IMPORT,,ASSOCIATE_GID,4,0,0,0
8278,wc-failed,GBP,2025-02-27 14:57:26,23.00,PENDING_DECISION,D-3_unmapped_customer,UNMAPPED,1,0,0,0
8279,wc-completed,GBP,2025-02-27 15:01:50,168.00,APPROVED_FOR_IMPORT,,EMAIL_ONLY_D2,7,0,0,0
8281,wc-failed,GBP,2025-02-27 21:03:29,82.00,APPROVED_FOR_IMPORT,,ASSOCIATE_GID,3,0,0,0
8283,wc-completed,GBP,2025-02-27 21:14:05,60.00,APPROVED_FOR_IMPORT,,EMAIL_ONLY_D2,1,0,0,0
8285,wc-completed,GBP,2025-02-27 23:19:31,23.00,APPROVED_FOR_IMPORT,,EMAIL_ONLY_D2,1,0,0,0
8286,wc-completed,GBP,2025-02-27 23:23:58,65.00,APPROVED_FOR_IMPORT,,EMAIL_ONLY_D2,2,0,0,0
8288,wc-completed,GBP,2025-02-28 00:13:18,50.00,APPROVED_FOR_IMPORT,,EMAIL_ONLY_D2,3,0,0,0
8289,wc-completed,GBP,2025-02-28 00:29:00,100.00,APPROVED_FOR_IMPORT,,EMAIL_ONLY_D2,4,0,0,0
8291,wc-completed,GBP,2025-02-28 06:01:31,68.99,APPROVED_FOR_IMPORT,,EMAIL_ONLY_D2,2,0,0,0
8292,wc-completed,GBP,2025-02-28 07:01:17,25.00,APPROVED_FOR_IMPORT,,EMAIL_ONLY_D2,1,0,0,0
8294,wc-completed,GBP,2025-02-28 11:14:45,59.00,APPROVED_FOR_IMPORT,,EMAIL_ONLY_D2,3,0,0,0
8295,wc-completed,GBP,2025-02-28 11:19:07,168.99,APPROVED_FOR_IMPORT,,EMAIL_ONLY_D2,10,0,0,0
8296,wc-completed,GBP,2025-02-28 11:20:21,58.00,APPROVED_FOR_IMPORT,,EMAIL_ONLY_D2,4,0,0,0
8297,wc-completed,GBP,2025-02-28 11:26:05,35.00,APPROVED_FOR_IMPORT,,EMAIL_ONLY_D2,1,0,0,0
8298,wc-completed,GBP,2025-02-28 11:56:23,42.00,APPROVED_FOR_IMPORT,,EMAIL_ONLY_D2,2,0,0,0
8299,wc-completed,GBP,2025-02-28 12:12:42,68.00,APPROVED_FOR_IMPORT,,ASSOCIATE_GID,3,0,0,0
8302,wc-completed,GBP,2025-02-28 13:22:13,50.99,APPROVED_FOR_IMPORT,,EMAIL_ONLY_D2,3,0,0,0
8303,wc-completed,GBP,2025-02-28 13:40:09,56.00,APPROVED_FOR_IMPORT,,EMAIL_ONLY_D2,3,0,0,0
8304,wc-completed,GBP,2025-02-28 14:08:39,70.00,APPROVED_FOR_IMPORT,,EMAIL_ONLY_D2,2,0,0,0
8305,wc-completed,GBP,2025-02-28 15:02:22,78.00,APPROVED_FOR_IMPORT,,EMAIL_ONLY_D2,4,0,0,0
8307,wc-completed,GBP,2025-02-28 15:37:45,69.00,APPROVED_FOR_IMPORT,,EMAIL_ONLY_D2,3,0,0,0
8308,wc-completed,GBP,2025-02-28 16:27:38,20.00,APPROVED_FOR_IMPORT,,EMAIL_ONLY_D2,1,0,0,0
8309,wc-completed,GBP,2025-02-28 16:46:56,49.99,APPROVED_FOR_IMPORT,,ASSOCIATE_GID,2,0,0,0
8310,wc-completed,GBP,2025-02-28 17:51:56,60.98,APPROVED_FOR_IMPORT,,ASSOCIATE_GID,5,0,0,0
8311,wc-completed,GBP,2025-02-28 17:58:53,55.00,APPROVED_FOR_IMPORT,,ASSOCIATE_GID,2,0,0,0
8313,wc-completed,GBP,2025-02-28 18:11:47,35.00,APPROVED_FOR_IMPORT,,EMAIL_ONLY_D2,1,0,0,0
8314,wc-completed,GBP,2025-02-28 19:11:34,41.00,APPROVED_FOR_IMPORT,,ASSOCIATE_GID,2,0,0,0
8315,wc-completed,GBP,2025-02-28 20:11:20,109.00,APPROVED_FOR_IMPORT,,EMAIL_ONLY_D2,3,0,0,0
8319,wc-completed,GBP,2025-02-28 21:30:53,53.00,APPROVED_FOR_IMPORT,,ASSOCIATE_GID,3,0,0,0
8320,wc-completed,GBP,2025-02-28 21:37:06,65.00,APPROVED_FOR_IMPORT,,EMAIL_ONLY_D2,1,0,0,0
8321,wc-completed,GBP,2025-02-28 21:56:44,84.00,APPROVED_FOR_IMPORT,,ASSOCIATE_GID,4,0,0,0
8322,wc-completed,GBP,2025-02-28 22:13:23,114.00,APPROVED_FOR_IMPORT,,EMAIL_ONLY_D2,8,0,0,0
8323,wc-completed,GBP,2025-02-28 22:29:55,91.00,APPROVED_FOR_IMPORT,,EMAIL_ONLY_D2,6,0,0,0
8324,wc-completed,GBP,2025-02-28 22:58:43,37.00,APPROVED_FOR_IMPORT,,EMAIL_ONLY_D2,2,0,0,0
8325,wc-completed,GBP,2025-02-28 23:05:10,66.00,APPROVED_FOR_IMPORT,,EMAIL_ONLY_D2,3,0,0,0
8326,wc-completed,GBP,2025-02-28 23:07:26,25.00,APPROVED_FOR_IMPORT,,EMAIL_ONLY_D2,1,0,0,0
8327,wc-completed,GBP,2025-03-01 02:03:39,45.00,APPROVED_FOR_IMPORT,,EMAIL_ONLY_D2,2,0,0,0
8328,wc-completed,GBP,2025-03-01 04:31:44,58.00,APPROVED_FOR_IMPORT,,EMAIL_ONLY_D2,3,0,0,0
8329,wc-completed,GBP,2025-03-01 08:22:18,91.00,APPROVED_FOR_IMPORT,,EMAIL_ONLY_D2,5,0,0,1
8330,wc-completed,GBP,2025-03-01 08:29:43,21.00,APPROVED_FOR_IMPORT,,EMAIL_ONLY_D2,1,0,0,0
8331,wc-completed,GBP,2025-03-01 09:07:45,33.00,APPROVED_FOR_IMPORT,,EMAIL_ONLY_D2,1,0,0,0
8335,wc-completed,GBP,2025-03-01 12:56:22,58.00,APPROVED_FOR_IMPORT,,EMAIL_ONLY_D2,3,0,0,0
8336,wc-completed,GBP,2025-03-01 13:23:42,30.00,APPROVED_FOR_IMPORT,,EMAIL_ONLY_D2,1,0,0,0
8337,wc-completed,GBP,2025-03-01 14:05:35,35.00,APPROVED_FOR_IMPORT,,ASSOCIATE_GID,1,0,0,0
8338,wc-completed,GBP,2025-03-01 15:01:04,35.00,APPROVED_FOR_IMPORT,,EMAIL_ONLY_D2,1,0,0,0
8339,wc-completed,GBP,2025-03-01 15:59:32,65.00,APPROVED_FOR_IMPORT,,EMAIL_ONLY_D2,3,1,0,0
8340,wc-completed,GBP,2025-03-01 16:42:19,74.99,APPROVED_FOR_IMPORT,,ASSOCIATE_GID,3,0,0,0
8341,wc-completed,GBP,2025-03-01 20:04:41,48.00,APPROVED_FOR_IMPORT,,EMAIL_ONLY_D2,2,0,0,0
8343,wc-failed,GBP,2025-03-02 02:54:11,23.00,APPROVED_FOR_IMPORT,,EMAIL_ONLY_D2,1,0,0,0
8344,wc-failed,GBP,2025-03-02 03:20:09,23.00,APPROVED_FOR_IMPORT,,EMAIL_ONLY_D2,1,0,0,0
8345,wc-failed,GBP,2025-03-02 03:40:23,23.00,APPROVED_FOR_IMPORT,,EMAIL_ONLY_D2,1,0,0,0
8350,wc-completed,GBP,2025-03-02 14:01:55,29.00,APPROVED_FOR_IMPORT,,EMAIL_ONLY_D2,1,0,0,0
8351,wc-completed,GBP,2025-03-02 14:30:46,44.99,APPROVED_FOR_IMPORT,,EMAIL_ONLY_D2,3,0,0,0
8352,wc-completed,GBP,2025-03-02 15:12:55,23.00,APPROVED_FOR_IMPORT,,EMAIL_ONLY_D2,1,0,0,0
8354,wc-completed,GBP,2025-03-02 16:51:39,122.00,APPROVED_FOR_IMPORT,,ASSOCIATE_GID,7,0,0,0
8355,wc-completed,GBP,2025-03-02 16:56:47,41.00,APPROVED_FOR_IMPORT,,EMAIL_ONLY_D2,2,0,0,0
8357,wc-completed,GBP,2025-03-02 18:32:24,18.98,APPROVED_FOR_IMPORT,,ASSOCIATE_GID,1,0,0,0
8358,wc-completed,GBP,2025-03-02 18:51:09,110.00,APPROVED_FOR_IMPORT,,EMAIL_ONLY_D2,4,0,0,0
8359,wc-completed,GBP,2025-03-02 19:38:07,22.00,APPROVED_FOR_IMPORT,,EMAIL_ONLY_D2,1,0,0,0
8361,wc-completed,GBP,2025-03-02 20:41:32,50.00,APPROVED_FOR_IMPORT,,EMAIL_ONLY_D2,2,0,0,0
8362,wc-completed,GBP,2025-03-02 21:00:24,35.00,APPROVED_FOR_IMPORT,,ASSOCIATE_GID,1,0,0,0
8364,wc-failed,GBP,2025-03-02 23:21:18,64.00,APPROVED_FOR_IMPORT,,EMAIL_ONLY_D2,3,0,0,0
8365,wc-completed,GBP,2025-03-02 23:37:56,31.99,APPROVED_FOR_IMPORT,,EMAIL_ONLY_D2,2,0,0,0
8367,wc-completed,GBP,2025-03-03 00:28:59,43.00,APPROVED_FOR_IMPORT,,ASSOCIATE_GID,2,0,0,0
8369,wc-completed,GBP,2025-03-03 08:20:09,63.00,APPROVED_FOR_IMPORT,,EMAIL_ONLY_D2,2,0,0,0
8370,wc-completed,GBP,2025-03-03 08:35:49,67.00,APPROVED_FOR_IMPORT,,EMAIL_ONLY_D2,3,0,0,0
8371,wc-completed,GBP,2025-03-03 10:13:33,106.00,APPROVED_FOR_IMPORT,,EMAIL_ONLY_D2,1,0,0,0
8373,wc-completed,GBP,2025-03-03 12:38:39,142.99,APPROVED_FOR_IMPORT,,ASSOCIATE_GID,7,0,0,0
8374,wc-completed,GBP,2025-03-03 13:53:19,49.00,APPROVED_FOR_IMPORT,,EMAIL_ONLY_D2,2,0,0,0
8375,wc-completed,GBP,2025-03-03 14:10:54,90.00,APPROVED_FOR_IMPORT,,ASSOCIATE_GID,4,0,0,0
8379,wc-completed,GBP,2025-03-03 16:45:23,63.00,PENDING_DECISION,D-3_unmapped_customer,UNMAPPED,3,0,0,0
8380,wc-completed,GBP,2025-03-03 17:07:26,45.00,APPROVED_FOR_IMPORT,,EMAIL_ONLY_D2,1,0,0,0
8381,wc-completed,GBP,2025-03-03 18:47:12,106.00,APPROVED_FOR_IMPORT,,ASSOCIATE_GID,6,0,0,0
8382,wc-completed,GBP,2025-03-03 19:29:49,75.00,APPROVED_FOR_IMPORT,,EMAIL_ONLY_D2,4,0,0,0
8383,wc-completed,GBP,2025-03-03 19:41:41,35.00,APPROVED_FOR_IMPORT,,ASSOCIATE_GID,1,0,0,0
8384,wc-completed,GBP,2025-03-03 21:42:30,39.00,APPROVED_FOR_IMPORT,,EMAIL_ONLY_D2,1,0,0,0
8385,wc-completed,GBP,2025-03-03 21:56:18,57.99,APPROVED_FOR_IMPORT,,ASSOCIATE_GID,3,0,0,0
8386,wc-completed,GBP,2025-03-03 23:38:53,78.00,APPROVED_FOR_IMPORT,,EMAIL_ONLY_D2,3,0,0,0
8387,wc-completed,GBP,2025-03-03 23:59:01,59.00,APPROVED_FOR_IMPORT,,EMAIL_ONLY_D2,3,0,0,0
8388,wc-completed,GBP,2025-03-03 23:59:55,72.00,APPROVED_FOR_IMPORT,,EMAIL_ONLY_D2,4,0,0,0
8389,wc-completed,GBP,2025-03-04 01:10:46,19.00,APPROVED_FOR_IMPORT,,EMAIL_ONLY_D2,1,0,0,0
8390,wc-completed,GBP,2025-03-04 02:28:03,35.00,APPROVED_FOR_IMPORT,,EMAIL_ONLY_D2,1,0,0,0
8391,wc-completed,GBP,2025-03-04 04:05:12,118.00,APPROVED_FOR_IMPORT,,EMAIL_ONLY_D2,6,0,0,0
8392,wc-completed,GBP,2025-03-04 08:07:21,19.00,APPROVED_FOR_IMPORT,,ASSOCIATE_GID,1,0,0,0
8393,wc-completed,GBP,2025-03-04 09:06:27,120.00,APPROVED_FOR_IMPORT,,EMAIL_ONLY_D2,6,0,0,0
8394,wc-completed,GBP,2025-03-04 09:30:10,110.00,APPROVED_FOR_IMPORT,,EMAIL_ONLY_D2,5,0,0,0
8395,wc-completed,GBP,2025-03-04 11:47:48,107.00,APPROVED_FOR_IMPORT,,EMAIL_ONLY_D2,5,0,0,0
8396,wc-completed,GBP,2025-03-04 11:55:14,37.00,APPROVED_FOR_IMPORT,,EMAIL_ONLY_D2,1,0,0,0
8397,wc-completed,GBP,2025-03-04 13:24:11,61.00,APPROVED_FOR_IMPORT,,EMAIL_ONLY_D2,2,0,0,0
8399,wc-completed,GBP,2025-03-04 14:17:56,27.00,APPROVED_FOR_IMPORT,,EMAIL_ONLY_D2,2,0,0,0
8400,wc-completed,GBP,2025-03-04 16:44:15,188.99,PENDING_DECISION,D-3_unmapped_customer,UNMAPPED,7,0,0,0
8401,wc-completed,GBP,2025-03-04 17:04:45,21.00,APPROVED_FOR_IMPORT,,EMAIL_ONLY_D2,1,0,0,0
8402,wc-failed,GBP,2025-03-04 17:24:17,50.00,APPROVED_FOR_IMPORT,,EMAIL_ONLY_D2,2,0,0,0
8403,wc-completed,GBP,2025-03-04 17:43:43,68.00,APPROVED_FOR_IMPORT,,EMAIL_ONLY_D2,3,0,0,0
8404,wc-completed,GBP,2025-03-04 18:06:24,35.00,PENDING_DECISION,D-3_unmapped_customer,UNMAPPED,1,0,0,0
8405,wc-completed,GBP,2025-03-04 18:30:28,50.00,APPROVED_FOR_IMPORT,,EMAIL_ONLY_D2,2,0,0,0
8406,wc-completed,GBP,2025-03-04 21:15:41,25.00,APPROVED_FOR_IMPORT,,EMAIL_ONLY_D2,1,0,0,0
8408,wc-completed,GBP,2025-03-04 22:47:39,56.00,APPROVED_FOR_IMPORT,,EMAIL_ONLY_D2,3,0,0,0
8409,wc-completed,GBP,2025-03-05 02:23:53,25.00,APPROVED_FOR_IMPORT,,EMAIL_ONLY_D2,1,0,0,0
8410,wc-completed,GBP,2025-03-05 05:29:33,49.99,APPROVED_FOR_IMPORT,,EMAIL_ONLY_D2,2,0,0,0
8414,wc-completed,GBP,2025-03-05 08:37:54,21.00,APPROVED_FOR_IMPORT,,EMAIL_ONLY_D2,1,0,0,0
8415,wc-completed,GBP,2025-03-05 11:06:57,102.00,APPROVED_FOR_IMPORT,,EMAIL_ONLY_D2,3,0,0,0
8417,wc-completed,GBP,2025-03-05 12:49:55,87.00,APPROVED_FOR_IMPORT,,EMAIL_ONLY_D2,4,0,0,0
8419,wc-failed,GBP,2025-03-05 16:11:36,90.97,APPROVED_FOR_IMPORT,,EMAIL_ONLY_D2,4,0,0,0
8421,wc-completed,GBP,2025-03-05 17:03:18,25.00,APPROVED_FOR_IMPORT,,EMAIL_ONLY_D2,1,0,0,0
8422,wc-completed,GBP,2025-03-05 17:14:13,25.00,APPROVED_FOR_IMPORT,,ASSOCIATE_GID,1,0,0,0
8423,wc-completed,GBP,2025-03-05 17:24:47,41.00,APPROVED_FOR_IMPORT,,EMAIL_ONLY_D2,2,0,0,0
8424,wc-completed,GBP,2025-03-05 18:19:52,25.00,APPROVED_FOR_IMPORT,,EMAIL_ONLY_D2,1,0,0,0
8425,wc-completed,GBP,2025-03-05 18:34:48,40.00,APPROVED_FOR_IMPORT,,EMAIL_ONLY_D2,2,0,0,0
8426,wc-completed,GBP,2025-03-05 18:53:33,61.00,APPROVED_FOR_IMPORT,,ASSOCIATE_GID,4,0,0,0
8427,wc-completed,GBP,2025-03-05 19:44:17,25.00,APPROVED_FOR_IMPORT,,EMAIL_ONLY_D2,1,0,0,0
8428,wc-completed,GBP,2025-03-05 19:49:29,65.00,APPROVED_FOR_IMPORT,,EMAIL_ONLY_D2,2,0,0,0
8429,wc-completed,GBP,2025-03-05 21:14:50,112.00,APPROVED_FOR_IMPORT,,EMAIL_ONLY_D2,5,0,0,0
8430,wc-completed,GBP,2025-03-05 22:46:45,25.00,APPROVED_FOR_IMPORT,,EMAIL_ONLY_D2,1,0,0,0
8431,wc-completed,GBP,2025-03-05 22:59:39,38.99,APPROVED_FOR_IMPORT,,EMAIL_ONLY_D2,2,0,0,0
8432,wc-completed,GBP,2025-03-06 02:32:13,124.00,APPROVED_FOR_IMPORT,,EMAIL_ONLY_D2,7,0,0,0
8433,wc-completed,GBP,2025-03-06 07:10:44,49.99,APPROVED_FOR_IMPORT,,EMAIL_ONLY_D2,2,0,0,0
8434,wc-completed,GBP,2025-03-06 09:15:43,93.97,APPROVED_FOR_IMPORT,,EMAIL_ONLY_D2,5,0,0,0
8436,wc-completed,GBP,2025-03-06 11:50:13,25.00,APPROVED_FOR_IMPORT,,EMAIL_ONLY_D2,1,0,0,0
8438,wc-completed,GBP,2025-03-06 14:38:47,74.99,APPROVED_FOR_IMPORT,,EMAIL_ONLY_D2,5,0,0,0
8439,wc-completed,GBP,2025-03-06 14:40:10,30.00,APPROVED_FOR_IMPORT,,EMAIL_ONLY_D2,1,0,0,0
8442,wc-completed,GBP,2025-03-06 16:00:25,41.00,APPROVED_FOR_IMPORT,,ASSOCIATE_GID,2,0,0,0
8444,wc-completed,GBP,2025-03-06 17:44:50,117.49,APPROVED_FOR_IMPORT,,ASSOCIATE_GID,7,0,0,0
8447,wc-completed,GBP,2025-03-06 19:03:52,90.00,APPROVED_FOR_IMPORT,,EMAIL_ONLY_D2,1,0,0,0
8449,wc-completed,GBP,2025-03-06 23:19:51,21.00,APPROVED_FOR_IMPORT,,EMAIL_ONLY_D2,1,0,0,0
8450,wc-completed,GBP,2025-03-07 02:29:09,146.00,APPROVED_FOR_IMPORT,,EMAIL_ONLY_D2,7,0,0,0
8454,wc-completed,GBP,2025-03-07 08:08:48,23.00,APPROVED_FOR_IMPORT,,EMAIL_ONLY_D2,1,0,0,0
8456,wc-completed,GBP,2025-03-07 08:50:06,39.00,APPROVED_FOR_IMPORT,,EMAIL_ONLY_D2,1,0,0,0
8457,wc-completed,GBP,2025-03-07 09:19:18,23.00,APPROVED_FOR_IMPORT,,EMAIL_ONLY_D2,1,0,0,0
8458,wc-completed,GBP,2025-03-07 09:26:57,22.00,APPROVED_FOR_IMPORT,,EMAIL_ONLY_D2,1,0,0,0
8460,wc-completed,GBP,2025-03-07 09:38:34,45.00,APPROVED_FOR_IMPORT,,ASSOCIATE_GID,2,1,0,0
8462,wc-completed,GBP,2025-03-07 10:07:45,59.99,APPROVED_FOR_IMPORT,,EMAIL_ONLY_D2,1,0,0,0
8466,wc-completed,GBP,2025-03-07 12:32:59,80.00,APPROVED_FOR_IMPORT,,EMAIL_ONLY_D2,3,0,0,0
8467,wc-completed,GBP,2025-03-07 13:32:54,21.00,APPROVED_FOR_IMPORT,,EMAIL_ONLY_D2,1,0,0,0
8468,wc-completed,GBP,2025-03-07 14:37:45,42.00,APPROVED_FOR_IMPORT,,EMAIL_ONLY_D2,2,0,0,0
8470,wc-completed,GBP,2025-03-07 15:46:01,50.00,APPROVED_FOR_IMPORT,,EMAIL_ONLY_D2,2,0,0,0
8471,wc-completed,GBP,2025-03-07 16:03:46,40.00,APPROVED_FOR_IMPORT,,EMAIL_ONLY_D2,2,0,0,0
8474,wc-completed,GBP,2025-03-07 17:49:33,43.00,APPROVED_FOR_IMPORT,,EMAIL_ONLY_D2,2,0,0,0
8475,wc-completed,GBP,2025-03-07 18:01:08,45.00,APPROVED_FOR_IMPORT,,EMAIL_ONLY_D2,1,0,0,0
8476,wc-completed,GBP,2025-03-07 18:05:52,20.00,APPROVED_FOR_IMPORT,,EMAIL_ONLY_D2,1,0,0,0
8477,wc-completed,GBP,2025-03-07 18:55:31,43.00,APPROVED_FOR_IMPORT,,EMAIL_ONLY_D2,2,0,0,0
8478,wc-completed,GBP,2025-03-07 19:28:10,22.00,APPROVED_FOR_IMPORT,,EMAIL_ONLY_D2,1,0,0,0
8479,wc-completed,GBP,2025-03-07 19:32:21,73.00,APPROVED_FOR_IMPORT,,EMAIL_ONLY_D2,3,0,0,0
8480,wc-completed,GBP,2025-03-07 19:43:16,23.00,APPROVED_FOR_IMPORT,,EMAIL_ONLY_D2,1,0,0,0
8485,wc-completed,GBP,2025-03-08 01:51:09,21.00,APPROVED_FOR_IMPORT,,EMAIL_ONLY_D2,1,0,0,0
8486,wc-completed,GBP,2025-03-08 01:58:54,40.00,APPROVED_FOR_IMPORT,,EMAIL_ONLY_D2,2,0,0,0
8487,wc-completed,GBP,2025-03-08 02:11:46,22.00,APPROVED_FOR_IMPORT,,EMAIL_ONLY_D2,1,0,0,0
8488,wc-completed,GBP,2025-03-08 03:50:49,185.99,APPROVED_FOR_IMPORT,,EMAIL_ONLY_D2,5,0,0,0
8489,wc-completed,GBP,2025-03-08 05:02:25,40.00,APPROVED_FOR_IMPORT,,EMAIL_ONLY_D2,2,0,0,0
8490,wc-completed,GBP,2025-03-08 10:21:39,25.00,APPROVED_FOR_IMPORT,,EMAIL_ONLY_D2,1,0,0,0
8491,wc-completed,GBP,2025-03-08 10:59:56,36.00,APPROVED_FOR_IMPORT,,EMAIL_ONLY_D2,2,0,0,0
8497,wc-completed,GBP,2025-03-08 17:46:29,35.00,APPROVED_FOR_IMPORT,,EMAIL_ONLY_D2,1,0,0,0
8498,wc-completed,GBP,2025-03-08 18:02:36,94.00,APPROVED_FOR_IMPORT,,EMAIL_ONLY_D2,4,0,0,1
8499,wc-completed,GBP,2025-03-08 19:35:37,35.00,APPROVED_FOR_IMPORT,,ASSOCIATE_GID,1,0,0,0
8500,wc-completed,GBP,2025-03-08 20:12:18,67.00,APPROVED_FOR_IMPORT,,ASSOCIATE_GID,3,0,0,0
8501,wc-completed,GBP,2025-03-08 20:37:58,74.99,APPROVED_FOR_IMPORT,,EMAIL_ONLY_D2,3,0,0,0
8509,wc-completed,GBP,2025-03-09 12:28:36,74.99,APPROVED_FOR_IMPORT,,EMAIL_ONLY_D2,1,0,0,0
8511,wc-completed,GBP,2025-03-09 13:42:06,39.00,APPROVED_FOR_IMPORT,,EMAIL_ONLY_D2,2,0,0,0
8515,wc-completed,GBP,2025-03-09 16:28:54,56.00,APPROVED_FOR_IMPORT,,EMAIL_ONLY_D2,3,0,0,0
8517,wc-completed,GBP,2025-03-09 20:46:20,89.00,APPROVED_FOR_IMPORT,,EMAIL_ONLY_D2,4,0,0,0
8518,wc-completed,GBP,2025-03-09 21:21:50,43.00,APPROVED_FOR_IMPORT,,EMAIL_ONLY_D2,2,0,0,0
8519,wc-completed,GBP,2025-03-09 21:43:21,41.00,APPROVED_FOR_IMPORT,,EMAIL_ONLY_D2,2,0,0,0
8520,wc-completed,GBP,2025-03-09 21:47:58,103.99,APPROVED_FOR_IMPORT,,EMAIL_ONLY_D2,4,0,0,0
8521,wc-completed,GBP,2025-03-09 21:49:50,41.00,APPROVED_FOR_IMPORT,,EMAIL_ONLY_D2,1,0,0,0
8522,wc-completed,GBP,2025-03-09 22:12:26,63.00,APPROVED_FOR_IMPORT,,EMAIL_ONLY_D2,3,0,0,0
8526,wc-completed,GBP,2025-03-09 23:32:59,20.00,APPROVED_FOR_IMPORT,,EMAIL_ONLY_D2,1,0,0,0
8528,wc-completed,GBP,2025-03-10 06:37:59,21.00,APPROVED_FOR_IMPORT,,EMAIL_ONLY_D2,1,0,0,0
8535,wc-completed,GBP,2025-03-10 11:11:42,133.00,APPROVED_FOR_IMPORT,,EMAIL_ONLY_D2,7,0,0,0
8536,wc-completed,GBP,2025-03-10 11:51:04,25.00,APPROVED_FOR_IMPORT,,EMAIL_ONLY_D2,1,0,0,0
8537,wc-completed,GBP,2025-03-10 12:27:05,23.00,APPROVED_FOR_IMPORT,,EMAIL_ONLY_D2,1,0,0,0
8538,wc-completed,GBP,2025-03-10 12:51:49,73.00,APPROVED_FOR_IMPORT,,EMAIL_ONLY_D2,4,0,0,0
8539,wc-completed,GBP,2025-03-10 13:02:24,21.00,APPROVED_FOR_IMPORT,,EMAIL_ONLY_D2,1,0,0,0
8540,wc-completed,GBP,2025-03-10 14:34:48,41.00,APPROVED_FOR_IMPORT,,EMAIL_ONLY_D2,2,0,0,0
8542,wc-completed,GBP,2025-03-10 16:26:48,25.00,APPROVED_FOR_IMPORT,,EMAIL_ONLY_D2,1,0,0,0
8543,wc-completed,GBP,2025-03-10 18:32:53,48.98,APPROVED_FOR_IMPORT,,EMAIL_ONLY_D2,3,0,0,0
8544,wc-completed,GBP,2025-03-10 18:58:03,45.00,APPROVED_FOR_IMPORT,,ASSOCIATE_GID,1,0,0,0
8545,wc-completed,GBP,2025-03-10 19:39:44,48.00,APPROVED_FOR_IMPORT,,EMAIL_ONLY_D2,3,0,0,0
8546,wc-completed,GBP,2025-03-10 19:48:40,42.00,APPROVED_FOR_IMPORT,,EMAIL_ONLY_D2,2,0,0,0
8547,wc-completed,GBP,2025-03-10 19:52:46,57.00,APPROVED_FOR_IMPORT,,EMAIL_ONLY_D2,3,0,0,0
8548,wc-completed,GBP,2025-03-10 19:53:14,25.00,APPROVED_FOR_IMPORT,,ASSOCIATE_GID,1,0,0,0
8549,wc-completed,GBP,2025-03-10 20:24:03,17.00,APPROVED_FOR_IMPORT,,EMAIL_ONLY_D2,1,0,0,0
8550,wc-completed,GBP,2025-03-10 21:38:14,25.00,APPROVED_FOR_IMPORT,,EMAIL_ONLY_D2,1,0,0,0
8555,wc-completed,GBP,2025-03-11 01:20:10,99.99,APPROVED_FOR_IMPORT,,EMAIL_ONLY_D2,8,0,0,0
8557,wc-completed,GBP,2025-03-11 08:44:05,55.00,APPROVED_FOR_IMPORT,,ASSOCIATE_GID,1,0,0,0
8558,wc-completed,GBP,2025-03-11 10:17:20,48.00,APPROVED_FOR_IMPORT,,EMAIL_ONLY_D2,2,0,0,0
8559,wc-completed,GBP,2025-03-11 11:25:43,67.00,APPROVED_FOR_IMPORT,,EMAIL_ONLY_D2,3,0,0,0
8561,wc-completed,GBP,2025-03-11 14:22:13,110.00,APPROVED_FOR_IMPORT,,EMAIL_ONLY_D2,5,0,0,0
8562,wc-completed,GBP,2025-03-11 16:22:48,42.00,APPROVED_FOR_IMPORT,,EMAIL_ONLY_D2,2,0,0,0
8563,wc-completed,GBP,2025-03-11 17:41:37,96.00,APPROVED_FOR_IMPORT,,EMAIL_ONLY_D2,2,0,0,0
8564,wc-completed,GBP,2025-03-11 19:04:12,68.00,APPROVED_FOR_IMPORT,,EMAIL_ONLY_D2,3,0,0,0
8567,wc-completed,GBP,2025-03-11 23:05:27,43.00,APPROVED_FOR_IMPORT,,EMAIL_ONLY_D2,2,0,0,0
8568,wc-completed,GBP,2025-03-11 23:21:59,41.00,APPROVED_FOR_IMPORT,,EMAIL_ONLY_D2,2,0,0,0
8569,wc-completed,GBP,2025-03-11 23:59:14,25.00,APPROVED_FOR_IMPORT,,EMAIL_ONLY_D2,1,0,0,0
8570,wc-completed,GBP,2025-03-12 01:31:38,74.99,APPROVED_FOR_IMPORT,,EMAIL_ONLY_D2,1,0,0,0
8572,wc-completed,GBP,2025-03-12 04:32:06,55.00,APPROVED_FOR_IMPORT,,EMAIL_ONLY_D2,2,0,0,0
8573,wc-completed,GBP,2025-03-12 04:38:58,22.00,APPROVED_FOR_IMPORT,,EMAIL_ONLY_D2,1,0,0,0
8574,wc-completed,GBP,2025-03-12 05:53:31,25.00,APPROVED_FOR_IMPORT,,EMAIL_ONLY_D2,1,0,0,0
8575,wc-completed,GBP,2025-03-12 06:42:33,141.00,APPROVED_FOR_IMPORT,,EMAIL_ONLY_D2,6,0,0,0
8578,wc-completed,GBP,2025-03-12 10:03:35,167.99,APPROVED_FOR_IMPORT,,ASSOCIATE_GID,6,0,0,0
8579,wc-completed,GBP,2025-03-12 10:14:11,30.00,APPROVED_FOR_IMPORT,,EMAIL_ONLY_D2,1,0,0,0
8584,wc-completed,GBP,2025-03-12 12:17:26,55.00,APPROVED_FOR_IMPORT,,EMAIL_ONLY_D2,1,0,0,0
8585,wc-completed,GBP,2025-03-12 13:21:43,126.00,APPROVED_FOR_IMPORT,,EMAIL_ONLY_D2,4,0,0,0
8587,wc-completed,GBP,2025-03-12 15:25:44,50.00,APPROVED_FOR_IMPORT,,EMAIL_ONLY_D2,2,0,0,0
8589,wc-completed,GBP,2025-03-12 21:13:24,48.99,APPROVED_FOR_IMPORT,,EMAIL_ONLY_D2,4,1,1,0
8593,wc-completed,GBP,2025-03-13 00:12:13,80.00,APPROVED_FOR_IMPORT,,EMAIL_ONLY_D2,4,0,0,0
8594,wc-completed,GBP,2025-03-13 00:15:17,81.00,APPROVED_FOR_IMPORT,,EMAIL_ONLY_D2,4,0,0,0
8595,wc-completed,GBP,2025-03-13 00:17:18,49.00,APPROVED_FOR_IMPORT,,EMAIL_ONLY_D2,2,0,0,0
8596,wc-completed,GBP,2025-03-13 01:42:46,41.00,APPROVED_FOR_IMPORT,,EMAIL_ONLY_D2,2,0,0,0
8597,wc-completed,GBP,2025-03-13 04:55:13,74.00,APPROVED_FOR_IMPORT,,EMAIL_ONLY_D2,4,0,0,0
8598,wc-completed,GBP,2025-03-13 06:02:01,63.00,APPROVED_FOR_IMPORT,,EMAIL_ONLY_D2,3,0,0,0
8599,wc-completed,GBP,2025-03-13 07:57:54,30.00,APPROVED_FOR_IMPORT,,EMAIL_ONLY_D2,1,0,0,0
8600,wc-completed,GBP,2025-03-13 09:21:02,39.00,APPROVED_FOR_IMPORT,,EMAIL_ONLY_D2,2,0,0,0
8601,wc-completed,GBP,2025-03-13 09:26:37,92.00,PENDING_DECISION,D-3_unmapped_customer,UNMAPPED,5,0,0,0
8604,wc-completed,GBP,2025-03-13 11:25:22,57.00,APPROVED_FOR_IMPORT,,EMAIL_ONLY_D2,2,0,0,0
8605,wc-completed,GBP,2025-03-13 11:33:12,75.00,APPROVED_FOR_IMPORT,,EMAIL_ONLY_D2,3,0,0,0
8606,wc-completed,GBP,2025-03-13 12:04:11,76.00,APPROVED_FOR_IMPORT,,EMAIL_ONLY_D2,3,0,0,0
8607,wc-completed,GBP,2025-03-13 13:23:14,80.00,APPROVED_FOR_IMPORT,,EMAIL_ONLY_D2,4,0,0,0
8608,wc-completed,GBP,2025-03-13 14:50:56,98.00,APPROVED_FOR_IMPORT,,EMAIL_ONLY_D2,4,0,0,0
8609,wc-completed,GBP,2025-03-13 15:27:26,25.00,APPROVED_FOR_IMPORT,,EMAIL_ONLY_D2,1,0,0,0
8610,wc-completed,GBP,2025-03-13 16:52:32,30.00,APPROVED_FOR_IMPORT,,EMAIL_ONLY_D2,1,0,0,0
8613,wc-completed,GBP,2025-03-13 22:23:51,46.00,APPROVED_FOR_IMPORT,,EMAIL_ONLY_D2,2,0,0,0
8614,wc-completed,GBP,2025-03-14 08:06:15,55.00,APPROVED_FOR_IMPORT,,EMAIL_ONLY_D2,2,0,0,0
8615,wc-completed,GBP,2025-03-14 09:20:42,46.00,APPROVED_FOR_IMPORT,,EMAIL_ONLY_D2,3,0,0,0
8623,wc-completed,GBP,2025-03-14 14:50:28,52.00,APPROVED_FOR_IMPORT,,EMAIL_ONLY_D2,2,0,0,1
8624,wc-completed,GBP,2025-03-14 14:54:35,58.00,APPROVED_FOR_IMPORT,,EMAIL_ONLY_D2,5,1,0,0
8649,wc-completed,GBP,2025-03-14 16:43:20,21.00,APPROVED_FOR_IMPORT,,EMAIL_ONLY_D2,1,0,0,0
8675,wc-completed,GBP,2025-03-14 20:26:53,31.00,APPROVED_FOR_IMPORT,,EMAIL_ONLY_D2,1,0,0,0
8677,wc-completed,GBP,2025-03-14 21:19:46,35.00,APPROVED_FOR_IMPORT,,EMAIL_ONLY_D2,1,0,0,0
8678,wc-completed,GBP,2025-03-14 21:20:41,23.00,APPROVED_FOR_IMPORT,,ASSOCIATE_GID,1,0,0,0
8679,wc-completed,GBP,2025-03-14 22:32:13,55.00,APPROVED_FOR_IMPORT,,EMAIL_ONLY_D2,1,0,0,0
8680,wc-completed,GBP,2025-03-14 22:36:45,127.00,APPROVED_FOR_IMPORT,,EMAIL_ONLY_D2,4,0,0,0
8683,wc-cancelled,GBP,2025-03-14 23:03:09,58.00,APPROVED_FOR_IMPORT,,ASSOCIATE_GID,3,0,0,0
8684,wc-completed,GBP,2025-03-14 23:06:01,58.00,APPROVED_FOR_IMPORT,,ASSOCIATE_GID,3,0,0,0
8685,wc-completed,GBP,2025-03-14 23:16:23,134.99,APPROVED_FOR_IMPORT,,EMAIL_ONLY_D2,6,0,0,0
8686,wc-completed,GBP,2025-03-14 23:31:21,45.00,APPROVED_FOR_IMPORT,,EMAIL_ONLY_D2,2,0,0,0
8687,wc-completed,GBP,2025-03-15 06:05:59,25.00,APPROVED_FOR_IMPORT,,EMAIL_ONLY_D2,1,0,0,0
8689,wc-completed,GBP,2025-03-15 07:20:18,102.00,APPROVED_FOR_IMPORT,,EMAIL_ONLY_D2,4,0,0,0
8690,wc-completed,GBP,2025-03-15 08:17:51,66.99,APPROVED_FOR_IMPORT,,EMAIL_ONLY_D2,4,0,0,0
8691,wc-completed,GBP,2025-03-15 08:27:57,45.00,APPROVED_FOR_IMPORT,,EMAIL_ONLY_D2,2,0,0,0
8694,wc-completed,GBP,2025-03-15 08:45:53,43.00,APPROVED_FOR_IMPORT,,EMAIL_ONLY_D2,2,0,0,0
8695,wc-completed,GBP,2025-03-15 08:57:02,216.00,APPROVED_FOR_IMPORT,,ASSOCIATE_GID,11,1,0,0
8696,wc-completed,GBP,2025-03-15 09:09:10,49.99,APPROVED_FOR_IMPORT,,EMAIL_ONLY_D2,3,0,0,0
8697,wc-completed,GBP,2025-03-15 09:09:22,23.00,APPROVED_FOR_IMPORT,,EMAIL_ONLY_D2,1,0,0,0
8698,wc-completed,GBP,2025-03-15 09:22:48,98.00,APPROVED_FOR_IMPORT,,EMAIL_ONLY_D2,4,0,0,0
8699,wc-completed,GBP,2025-03-15 09:25:42,45.00,PENDING_DECISION,D-3_unmapped_customer,UNMAPPED,2,0,0,0
8700,wc-completed,GBP,2025-03-15 09:52:50,105.00,APPROVED_FOR_IMPORT,,EMAIL_ONLY_D2,5,0,0,0
8701,wc-completed,GBP,2025-03-15 10:11:25,33.00,APPROVED_FOR_IMPORT,,ASSOCIATE_GID,2,0,0,0
8702,wc-completed,GBP,2025-03-15 10:17:19,25.00,APPROVED_FOR_IMPORT,,EMAIL_ONLY_D2,1,0,0,0
8703,wc-completed,GBP,2025-03-15 10:37:15,56.00,APPROVED_FOR_IMPORT,,ASSOCIATE_GID,3,0,0,0
8704,wc-completed,GBP,2025-03-15 10:37:31,137.00,APPROVED_FOR_IMPORT,,ASSOCIATE_GID,3,0,0,0
8705,wc-completed,GBP,2025-03-15 11:29:06,45.00,APPROVED_FOR_IMPORT,,EMAIL_ONLY_D2,2,0,0,0
8706,wc-cancelled,GBP,2025-03-15 11:34:44,74.00,APPROVED_FOR_IMPORT,,ASSOCIATE_GID,4,0,0,0
8707,wc-completed,GBP,2025-03-15 11:40:31,79.00,APPROVED_FOR_IMPORT,,ASSOCIATE_GID,4,0,0,0
8708,wc-completed,GBP,2025-03-15 11:51:59,22.00,APPROVED_FOR_IMPORT,,EMAIL_ONLY_D2,1,0,0,0
8709,wc-completed,GBP,2025-03-15 12:17:12,134.00,APPROVED_FOR_IMPORT,,ASSOCIATE_GID,5,0,0,0
8710,wc-completed,GBP,2025-03-15 12:22:01,81.00,APPROVED_FOR_IMPORT,,EMAIL_ONLY_D2,4,0,0,0
8711,wc-completed,GBP,2025-03-15 12:53:13,45.00,APPROVED_FOR_IMPORT,,EMAIL_ONLY_D2,2,0,0,0
8712,wc-completed,GBP,2025-03-15 12:56:52,107.00,APPROVED_FOR_IMPORT,,EMAIL_ONLY_D2,6,0,0,0
8714,wc-completed,GBP,2025-03-15 14:07:28,56.00,APPROVED_FOR_IMPORT,,EMAIL_ONLY_D2,3,0,0,0
8715,wc-failed,GBP,2025-03-15 14:13:49,21.00,APPROVED_FOR_IMPORT,,EMAIL_ONLY_D2,1,0,0,0
8716,wc-completed,GBP,2025-03-15 14:14:42,21.00,APPROVED_FOR_IMPORT,,EMAIL_ONLY_D2,1,0,0,0
8717,wc-completed,GBP,2025-03-15 14:19:05,53.99,APPROVED_FOR_IMPORT,,EMAIL_ONLY_D2,2,0,0,0
8718,wc-completed,GBP,2025-03-15 15:03:35,60.00,APPROVED_FOR_IMPORT,,EMAIL_ONLY_D2,2,0,0,0
8719,wc-completed,GBP,2025-03-15 16:13:40,73.00,APPROVED_FOR_IMPORT,,EMAIL_ONLY_D2,3,0,0,0
8720,wc-completed,GBP,2025-03-15 16:22:21,51.99,APPROVED_FOR_IMPORT,,EMAIL_ONLY_D2,2,0,0,0
8721,wc-completed,GBP,2025-03-15 17:28:17,122.00,APPROVED_FOR_IMPORT,,EMAIL_ONLY_D2,6,0,0,0
8722,wc-completed,GBP,2025-03-15 17:59:29,43.00,APPROVED_FOR_IMPORT,,EMAIL_ONLY_D2,2,0,0,0
8723,wc-completed,GBP,2025-03-15 18:09:20,50.00,APPROVED_FOR_IMPORT,,EMAIL_ONLY_D2,3,0,0,0
8724,wc-completed,GBP,2025-03-15 18:11:13,42.00,APPROVED_FOR_IMPORT,,EMAIL_ONLY_D2,2,0,0,0
8725,wc-completed,GBP,2025-03-15 18:43:26,45.00,APPROVED_FOR_IMPORT,,EMAIL_ONLY_D2,1,0,0,0
8726,wc-completed,GBP,2025-03-15 19:00:48,41.00,APPROVED_FOR_IMPORT,,ASSOCIATE_GID,2,0,0,0
8727,wc-completed,GBP,2025-03-15 19:01:30,55.00,APPROVED_FOR_IMPORT,,EMAIL_ONLY_D2,3,0,0,0
8728,wc-cancelled,GBP,2025-03-15 19:02:40,60.00,APPROVED_FOR_IMPORT,,EMAIL_ONLY_D2,2,0,0,0
8729,wc-completed,GBP,2025-03-15 19:19:30,141.00,APPROVED_FOR_IMPORT,,EMAIL_ONLY_D2,5,0,0,0
8730,wc-failed,GBP,2025-03-15 19:41:29,60.00,APPROVED_FOR_IMPORT,,EMAIL_ONLY_D2,2,0,0,0
8731,wc-completed,GBP,2025-03-15 19:43:27,55.00,APPROVED_FOR_IMPORT,,EMAIL_ONLY_D2,2,0,0,0
8732,wc-completed,GBP,2025-03-15 20:12:04,54.00,APPROVED_FOR_IMPORT,,EMAIL_ONLY_D2,4,0,0,0
8733,wc-refunded,GBP,2025-03-15 20:35:27,58.00,APPROVED_FOR_IMPORT,,ASSOCIATE_GID,3,0,0,1
8734,wc-completed,GBP,2025-03-15 20:53:29,41.00,APPROVED_FOR_IMPORT,,EMAIL_ONLY_D2,2,0,0,0
8735,wc-completed,GBP,2025-03-15 21:23:38,57.00,APPROVED_FOR_IMPORT,,EMAIL_ONLY_D2,2,0,0,0
8736,wc-completed,GBP,2025-03-15 21:45:47,92.00,APPROVED_FOR_IMPORT,,ASSOCIATE_GID,5,0,0,1
8737,wc-completed,GBP,2025-03-15 21:47:35,100.00,APPROVED_FOR_IMPORT,,ASSOCIATE_GID,1,0,0,0
8738,wc-completed,GBP,2025-03-15 22:04:34,45.00,APPROVED_FOR_IMPORT,,EMAIL_ONLY_D2,1,0,0,0
8739,wc-completed,GBP,2025-03-15 22:42:46,25.00,APPROVED_FOR_IMPORT,,EMAIL_ONLY_D2,1,0,0,0
8740,wc-completed,GBP,2025-03-15 22:58:19,62.00,APPROVED_FOR_IMPORT,,EMAIL_ONLY_D2,2,0,0,0
8741,wc-completed,GBP,2025-03-15 23:21:06,53.00,APPROVED_FOR_IMPORT,,EMAIL_ONLY_D2,2,0,0,0
8744,wc-completed,GBP,2025-03-15 23:29:36,90.00,APPROVED_FOR_IMPORT,,ASSOCIATE_GID,3,0,0,0
8745,wc-completed,GBP,2025-03-15 23:55:52,58.00,APPROVED_FOR_IMPORT,,ASSOCIATE_GID,3,0,0,0
8746,wc-failed,GBP,2025-03-16 00:06:59,30.00,APPROVED_FOR_IMPORT,,EMAIL_ONLY_D2,1,0,0,0
8747,wc-completed,GBP,2025-03-16 01:21:34,20.00,APPROVED_FOR_IMPORT,,EMAIL_ONLY_D2,1,0,0,0
8748,wc-completed,GBP,2025-03-16 07:24:43,95.00,APPROVED_FOR_IMPORT,,EMAIL_ONLY_D2,5,0,0,0
8749,wc-completed,GBP,2025-03-16 07:55:36,52.00,APPROVED_FOR_IMPORT,,EMAIL_ONLY_D2,4,0,0,0
8750,wc-completed,GBP,2025-03-16 08:29:44,30.00,APPROVED_FOR_IMPORT,,EMAIL_ONLY_D2,1,0,0,0
8751,wc-completed,GBP,2025-03-16 09:48:09,103.98,APPROVED_FOR_IMPORT,,EMAIL_ONLY_D2,6,0,0,0
8752,wc-completed,GBP,2025-03-16 10:37:03,45.00,APPROVED_FOR_IMPORT,,ASSOCIATE_GID,1,0,0,0
8753,wc-completed,GBP,2025-03-16 10:46:55,25.00,APPROVED_FOR_IMPORT,,EMAIL_ONLY_D2,1,0,0,0
8755,wc-completed,GBP,2025-03-16 12:30:46,60.00,APPROVED_FOR_IMPORT,,EMAIL_ONLY_D2,3,0,0,0
8756,wc-completed,GBP,2025-03-16 15:57:15,45.00,APPROVED_FOR_IMPORT,,ASSOCIATE_GID,2,0,0,0
8757,wc-completed,GBP,2025-03-16 16:22:39,25.00,APPROVED_FOR_IMPORT,,EMAIL_ONLY_D2,1,0,0,0
8758,wc-completed,GBP,2025-03-16 16:36:26,65.00,APPROVED_FOR_IMPORT,,EMAIL_ONLY_D2,1,0,0,0
8759,wc-completed,GBP,2025-03-16 17:24:55,60.00,APPROVED_FOR_IMPORT,,EMAIL_ONLY_D2,2,0,0,0
8761,wc-failed,GBP,2025-03-16 17:32:06,45.00,APPROVED_FOR_IMPORT,,ASSOCIATE_GID,1,0,0,0
8762,wc-completed,GBP,2025-03-16 17:34:09,45.00,APPROVED_FOR_IMPORT,,ASSOCIATE_GID,1,0,0,0
8763,wc-completed,GBP,2025-03-16 18:42:03,22.00,APPROVED_FOR_IMPORT,,EMAIL_ONLY_D2,1,0,0,0
8764,wc-completed,GBP,2025-03-16 20:27:12,86.00,APPROVED_FOR_IMPORT,,EMAIL_ONLY_D2,4,0,0,0
8765,wc-completed,GBP,2025-03-16 22:19:57,44.00,APPROVED_FOR_IMPORT,,ASSOCIATE_GID,3,0,0,0
8766,wc-completed,GBP,2025-03-16 23:15:52,50.00,APPROVED_FOR_IMPORT,,EMAIL_ONLY_D2,3,0,0,0
8768,wc-completed,GBP,2025-03-17 00:35:55,34.00,APPROVED_FOR_IMPORT,,EMAIL_ONLY_D2,4,0,0,0
8769,wc-completed,GBP,2025-03-17 07:26:28,60.00,APPROVED_FOR_IMPORT,,EMAIL_ONLY_D2,1,0,0,1
8770,wc-completed,GBP,2025-03-17 09:39:37,45.00,APPROVED_FOR_IMPORT,,EMAIL_ONLY_D2,2,0,0,0
8771,wc-failed,GBP,2025-03-17 12:32:12,68.99,APPROVED_FOR_IMPORT,,EMAIL_ONLY_D2,2,0,0,0
8772,wc-completed,GBP,2025-03-17 12:33:12,73.99,APPROVED_FOR_IMPORT,,EMAIL_ONLY_D2,2,0,0,0
8773,wc-completed,GBP,2025-03-17 13:00:16,83.00,APPROVED_FOR_IMPORT,,EMAIL_ONLY_D2,4,0,0,1
8776,wc-completed,GBP,2025-03-17 13:50:08,32.00,APPROVED_FOR_IMPORT,,EMAIL_ONLY_D2,1,0,0,0
8777,wc-completed,GBP,2025-03-17 14:19:06,26.00,APPROVED_FOR_IMPORT,,EMAIL_ONLY_D2,1,0,0,0
8779,wc-completed,GBP,2025-03-17 15:01:49,53.00,APPROVED_FOR_IMPORT,,ASSOCIATE_GID,3,0,0,0
8781,wc-completed,GBP,2025-03-17 15:45:19,23.00,APPROVED_FOR_IMPORT,,EMAIL_ONLY_D2,1,0,0,0
8782,wc-completed,GBP,2025-03-17 15:49:08,43.00,APPROVED_FOR_IMPORT,,EMAIL_ONLY_D2,2,0,0,0
8783,wc-completed,GBP,2025-03-17 16:21:20,202.00,APPROVED_FOR_IMPORT,,EMAIL_ONLY_D2,10,0,0,0
8785,wc-completed,GBP,2025-03-17 18:33:13,25.00,APPROVED_FOR_IMPORT,,EMAIL_ONLY_D2,1,0,0,0
8786,wc-completed,GBP,2025-03-17 19:16:16,45.00,APPROVED_FOR_IMPORT,,ASSOCIATE_GID,2,0,0,0
8787,wc-completed,GBP,2025-03-17 21:14:42,35.00,APPROVED_FOR_IMPORT,,EMAIL_ONLY_D2,1,0,0,0
8788,wc-completed,GBP,2025-03-17 21:29:22,30.00,APPROVED_FOR_IMPORT,,EMAIL_ONLY_D2,1,0,0,0
8789,wc-completed,GBP,2025-03-17 22:18:38,36.00,APPROVED_FOR_IMPORT,,EMAIL_ONLY_D2,2,0,0,0
8790,wc-completed,GBP,2025-03-17 22:49:29,32.00,APPROVED_FOR_IMPORT,,EMAIL_ONLY_D2,1,0,0,0
8791,wc-completed,GBP,2025-03-17 22:59:31,45.00,APPROVED_FOR_IMPORT,,EMAIL_ONLY_D2,2,0,0,0
8792,wc-completed,GBP,2025-03-18 02:28:31,45.00,PENDING_DECISION,D-3_unmapped_customer,UNMAPPED,1,0,0,0
8793,wc-completed,GBP,2025-03-18 02:33:34,22.00,APPROVED_FOR_IMPORT,,EMAIL_ONLY_D2,1,0,0,0
8794,wc-completed,GBP,2025-03-18 04:15:00,83.00,APPROVED_FOR_IMPORT,,EMAIL_ONLY_D2,2,0,0,0
8795,wc-failed,GBP,2025-03-18 06:19:59,81.00,APPROVED_FOR_IMPORT,,EMAIL_ONLY_D2,4,0,0,0
8796,wc-completed,GBP,2025-03-18 06:21:00,81.00,APPROVED_FOR_IMPORT,,EMAIL_ONLY_D2,4,0,0,1
8797,wc-completed,GBP,2025-03-18 08:33:24,25.00,APPROVED_FOR_IMPORT,,EMAIL_ONLY_D2,1,0,0,0
8798,wc-completed,GBP,2025-03-18 09:49:46,25.00,APPROVED_FOR_IMPORT,,EMAIL_ONLY_D2,1,0,0,0
8799,wc-completed,GBP,2025-03-18 10:41:53,96.00,APPROVED_FOR_IMPORT,,EMAIL_ONLY_D2,4,0,0,0
8800,wc-completed,GBP,2025-03-18 10:57:09,58.00,APPROVED_FOR_IMPORT,,EMAIL_ONLY_D2,3,0,0,0
8801,wc-completed,GBP,2025-03-18 11:46:05,21.00,APPROVED_FOR_IMPORT,,ASSOCIATE_GID,1,0,0,0
8802,wc-completed,GBP,2025-03-18 11:46:36,50.00,APPROVED_FOR_IMPORT,,EMAIL_ONLY_D2,2,0,0,0
8803,wc-cancelled,GBP,2025-03-18 13:36:19,67.00,APPROVED_FOR_IMPORT,,ASSOCIATE_GID,5,0,0,0
8804,wc-completed,GBP,2025-03-18 13:39:47,51.00,APPROVED_FOR_IMPORT,,ASSOCIATE_GID,3,0,0,0
8805,wc-completed,GBP,2025-03-18 14:43:58,41.00,APPROVED_FOR_IMPORT,,EMAIL_ONLY_D2,2,0,0,0
8806,wc-completed,GBP,2025-03-18 15:11:57,15.00,APPROVED_FOR_IMPORT,,ASSOCIATE_GID,1,0,0,0
8808,wc-completed,GBP,2025-03-18 15:47:35,59.00,APPROVED_FOR_IMPORT,,EMAIL_ONLY_D2,3,0,0,0
8809,wc-completed,GBP,2025-03-18 15:55:25,41.00,APPROVED_FOR_IMPORT,,EMAIL_ONLY_D2,2,0,0,0
8810,wc-completed,GBP,2025-03-18 16:29:46,30.00,APPROVED_FOR_IMPORT,,EMAIL_ONLY_D2,1,0,0,0
8811,wc-completed,GBP,2025-03-18 18:30:55,25.00,APPROVED_FOR_IMPORT,,EMAIL_ONLY_D2,1,0,0,0
8816,wc-completed,GBP,2025-03-18 19:07:11,61.99,APPROVED_FOR_IMPORT,,ASSOCIATE_GID,3,0,0,0
8817,wc-completed,GBP,2025-03-18 20:04:02,111.00,APPROVED_FOR_IMPORT,,ASSOCIATE_GID,5,0,0,1
8818,wc-completed,GBP,2025-03-18 21:16:36,83.00,APPROVED_FOR_IMPORT,,EMAIL_ONLY_D2,4,0,0,0
8820,wc-completed,GBP,2025-03-18 23:17:00,25.00,APPROVED_FOR_IMPORT,,ASSOCIATE_GID,1,0,0,0
8823,wc-completed,GBP,2025-03-18 23:48:20,36.00,APPROVED_FOR_IMPORT,,EMAIL_ONLY_D2,3,0,0,0
8824,wc-completed,GBP,2025-03-19 00:00:48,55.00,APPROVED_FOR_IMPORT,,EMAIL_ONLY_D2,1,0,0,0
8827,wc-completed,GBP,2025-03-19 04:04:08,79.00,APPROVED_FOR_IMPORT,,EMAIL_ONLY_D2,4,0,0,0
8828,wc-completed,GBP,2025-03-19 05:46:20,50.00,APPROVED_FOR_IMPORT,,EMAIL_ONLY_D2,1,0,0,0
8829,wc-completed,GBP,2025-03-19 10:19:05,88.00,APPROVED_FOR_IMPORT,,EMAIL_ONLY_D2,4,0,0,0
8830,wc-completed,GBP,2025-03-19 11:08:40,101.00,APPROVED_FOR_IMPORT,,EMAIL_ONLY_D2,5,0,0,0
8831,wc-completed,GBP,2025-03-19 11:11:42,51.00,APPROVED_FOR_IMPORT,,EMAIL_ONLY_D2,3,0,0,1
8832,wc-completed,GBP,2025-03-19 11:48:48,23.00,APPROVED_FOR_IMPORT,,EMAIL_ONLY_D2,1,0,0,0
8833,wc-completed,GBP,2025-03-19 12:16:30,97.98,APPROVED_FOR_IMPORT,,EMAIL_ONLY_D2,2,0,0,0
8834,wc-failed,GBP,2025-03-19 13:29:56,60.00,APPROVED_FOR_IMPORT,,EMAIL_ONLY_D2,3,0,0,0
8835,wc-completed,GBP,2025-03-19 13:31:14,60.00,APPROVED_FOR_IMPORT,,EMAIL_ONLY_D2,3,0,0,0
8840,wc-completed,GBP,2025-03-19 17:15:00,57.00,APPROVED_FOR_IMPORT,,EMAIL_ONLY_D2,3,0,0,0
8842,wc-completed,GBP,2025-03-19 18:32:12,70.99,APPROVED_FOR_IMPORT,,EMAIL_ONLY_D2,4,0,0,0
8844,wc-completed,GBP,2025-03-19 22:10:26,65.00,APPROVED_FOR_IMPORT,,EMAIL_ONLY_D2,3,0,0,0
8845,wc-completed,GBP,2025-03-19 22:39:07,65.00,APPROVED_FOR_IMPORT,,EMAIL_ONLY_D2,3,0,0,0
8846,wc-completed,GBP,2025-03-19 23:43:49,25.00,APPROVED_FOR_IMPORT,,EMAIL_ONLY_D2,1,0,0,0
8847,wc-cancelled,GBP,2025-03-19 23:55:55,60.00,PENDING_DECISION,D-3_unmapped_customer,UNMAPPED,3,0,0,0
8848,wc-completed,GBP,2025-03-20 00:00:00,60.00,PENDING_DECISION,D-3_unmapped_customer,UNMAPPED,3,0,0,0
8849,wc-completed,GBP,2025-03-20 00:23:22,50.00,APPROVED_FOR_IMPORT,,EMAIL_ONLY_D2,1,0,0,0
8850,wc-completed,GBP,2025-03-20 01:39:44,100.00,APPROVED_FOR_IMPORT,,EMAIL_ONLY_D2,2,0,0,0
8852,wc-completed,GBP,2025-03-20 07:35:20,50.00,APPROVED_FOR_IMPORT,,EMAIL_ONLY_D2,1,0,0,0
8854,wc-completed,GBP,2025-03-20 08:17:02,19.00,APPROVED_FOR_IMPORT,,EMAIL_ONLY_D2,1,0,0,0
8855,wc-completed,GBP,2025-03-20 08:53:11,63.00,APPROVED_FOR_IMPORT,,EMAIL_ONLY_D2,3,0,0,0
8856,wc-completed,GBP,2025-03-20 08:59:56,55.00,APPROVED_FOR_IMPORT,,EMAIL_ONLY_D2,4,0,0,0
8857,wc-completed,GBP,2025-03-20 09:06:43,21.00,APPROVED_FOR_IMPORT,,EMAIL_ONLY_D2,1,0,0,0
8858,wc-completed,GBP,2025-03-20 09:22:56,45.00,APPROVED_FOR_IMPORT,,EMAIL_ONLY_D2,2,0,0,0
8860,wc-completed,GBP,2025-03-20 12:46:14,57.00,APPROVED_FOR_IMPORT,,EMAIL_ONLY_D2,4,0,0,0
8861,wc-completed,GBP,2025-03-20 13:44:50,25.00,APPROVED_FOR_IMPORT,,EMAIL_ONLY_D2,1,1,0,0
8862,wc-failed,GBP,2025-03-20 14:05:28,154.00,APPROVED_FOR_IMPORT,,ASSOCIATE_GID,1,1,0,0
8863,wc-completed,GBP,2025-03-20 14:06:49,145.00,APPROVED_FOR_IMPORT,,ASSOCIATE_GID,1,1,0,0
8864,wc-completed,GBP,2025-03-20 14:56:21,137.99,APPROVED_FOR_IMPORT,,ASSOCIATE_GID,8,0,0,0
8865,wc-completed,GBP,2025-03-20 15:59:38,19.00,APPROVED_FOR_IMPORT,,EMAIL_ONLY_D2,1,0,0,0
8867,wc-completed,GBP,2025-03-20 16:10:44,56.99,APPROVED_FOR_IMPORT,,ASSOCIATE_GID,4,0,0,0
8873,wc-completed,GBP,2025-03-20 21:10:43,144.00,APPROVED_FOR_IMPORT,,EMAIL_ONLY_D2,8,0,0,0
8874,wc-completed,GBP,2025-03-20 21:20:22,32.00,APPROVED_FOR_IMPORT,,EMAIL_ONLY_D2,2,0,0,0
8875,wc-completed,GBP,2025-03-20 22:22:13,25.00,APPROVED_FOR_IMPORT,,EMAIL_ONLY_D2,1,0,0,0
8877,wc-completed,GBP,2025-03-20 23:47:50,85.00,APPROVED_FOR_IMPORT,,EMAIL_ONLY_D2,4,0,0,0
8878,wc-completed,GBP,2025-03-20 23:53:56,55.00,APPROVED_FOR_IMPORT,,ASSOCIATE_GID,2,0,0,1
8879,wc-completed,GBP,2025-03-21 01:00:13,37.00,APPROVED_FOR_IMPORT,,ASSOCIATE_GID,1,0,0,0
8881,wc-completed,GBP,2025-03-21 02:27:26,62.99,APPROVED_FOR_IMPORT,,EMAIL_ONLY_D2,3,0,0,1
8883,wc-completed,GBP,2025-03-21 05:04:05,61.00,APPROVED_FOR_IMPORT,,EMAIL_ONLY_D2,3,0,0,0
8884,wc-completed,GBP,2025-03-21 06:19:00,53.00,APPROVED_FOR_IMPORT,,ASSOCIATE_GID,3,0,0,0
8887,wc-completed,GBP,2025-03-21 09:18:19,96.98,APPROVED_FOR_IMPORT,,EMAIL_ONLY_D2,5,0,0,0
8891,wc-completed,GBP,2025-03-21 11:33:06,23.00,APPROVED_FOR_IMPORT,,EMAIL_ONLY_D2,1,0,0,0
8892,wc-completed,GBP,2025-03-21 12:50:25,50.00,APPROVED_FOR_IMPORT,,ASSOCIATE_GID,2,0,0,0
8895,wc-completed,GBP,2025-03-21 19:05:38,44.00,APPROVED_FOR_IMPORT,,ASSOCIATE_GID,2,0,0,0
8896,wc-completed,GBP,2025-03-21 20:00:55,45.00,APPROVED_FOR_IMPORT,,EMAIL_ONLY_D2,1,0,0,0
8897,wc-completed,GBP,2025-03-21 20:34:39,78.00,APPROVED_FOR_IMPORT,,ASSOCIATE_GID,4,0,0,0
8898,wc-failed,GBP,2025-03-21 20:40:23,41.00,APPROVED_FOR_IMPORT,,EMAIL_ONLY_D2,1,0,0,0
8899,wc-completed,GBP,2025-03-21 20:41:07,41.00,APPROVED_FOR_IMPORT,,EMAIL_ONLY_D2,1,0,0,0
8903,wc-completed,GBP,2025-03-22 00:34:35,130.99,APPROVED_FOR_IMPORT,,EMAIL_ONLY_D2,4,0,0,0
8905,wc-completed,GBP,2025-03-22 03:59:01,25.00,APPROVED_FOR_IMPORT,,EMAIL_ONLY_D2,1,0,0,0
8907,wc-completed,GBP,2025-03-22 07:59:46,255.49,APPROVED_FOR_IMPORT,,EMAIL_ONLY_D2,13,0,0,0
8909,wc-completed,GBP,2025-03-22 09:25:54,20.00,APPROVED_FOR_IMPORT,,EMAIL_ONLY_D2,1,0,0,0
8914,wc-completed,GBP,2025-03-22 14:25:51,25.00,PENDING_DECISION,D-3_unmapped_customer,UNMAPPED,1,0,0,0
8915,wc-completed,GBP,2025-03-22 14:51:40,50.00,APPROVED_FOR_IMPORT,,EMAIL_ONLY_D2,3,0,0,0
8919,wc-completed,GBP,2025-03-22 16:28:59,97.00,APPROVED_FOR_IMPORT,,EMAIL_ONLY_D2,5,0,0,0
8920,wc-failed,GBP,2025-03-22 16:31:48,58.00,APPROVED_FOR_IMPORT,,ASSOCIATE_GID,3,1,0,0
8921,wc-completed,GBP,2025-03-22 16:40:23,61.00,APPROVED_FOR_IMPORT,,ASSOCIATE_GID,4,1,0,0
8922,wc-completed,GBP,2025-03-22 16:59:29,40.99,APPROVED_FOR_IMPORT,,EMAIL_ONLY_D2,2,0,0,0
8923,wc-completed,GBP,2025-03-22 20:18:01,23.00,APPROVED_FOR_IMPORT,,EMAIL_ONLY_D2,1,0,0,0
8924,wc-completed,GBP,2025-03-22 20:47:45,23.00,APPROVED_FOR_IMPORT,,EMAIL_ONLY_D2,1,0,0,0
8927,wc-failed,GBP,2025-03-22 21:28:39,111.00,APPROVED_FOR_IMPORT,,EMAIL_ONLY_D2,5,0,0,0
8928,wc-completed,GBP,2025-03-23 00:13:10,22.00,APPROVED_FOR_IMPORT,,EMAIL_ONLY_D2,1,0,0,0
8930,wc-completed,GBP,2025-03-23 08:55:52,132.00,APPROVED_FOR_IMPORT,,EMAIL_ONLY_D2,6,0,0,0
8932,wc-completed,GBP,2025-03-23 09:06:07,26.00,APPROVED_FOR_IMPORT,,EMAIL_ONLY_D2,2,0,0,0
8939,wc-completed,GBP,2025-03-23 10:56:34,85.00,APPROVED_FOR_IMPORT,,ASSOCIATE_GID,4,0,0,0
8940,wc-completed,GBP,2025-03-23 13:43:04,25.00,APPROVED_FOR_IMPORT,,EMAIL_ONLY_D2,1,0,0,0
8941,wc-completed,GBP,2025-03-23 13:50:36,22.00,APPROVED_FOR_IMPORT,,ASSOCIATE_GID,1,0,0,0
8942,wc-completed,GBP,2025-03-23 19:06:33,25.00,APPROVED_FOR_IMPORT,,EMAIL_ONLY_D2,1,0,0,0
8943,wc-completed,GBP,2025-03-23 22:20:43,75.00,APPROVED_FOR_IMPORT,,EMAIL_ONLY_D2,3,1,0,0
8944,wc-failed,GBP,2025-03-24 01:21:53,62.00,APPROVED_FOR_IMPORT,,EMAIL_ONLY_D2,3,0,0,0
8945,wc-completed,GBP,2025-03-24 02:46:47,30.00,APPROVED_FOR_IMPORT,,EMAIL_ONLY_D2,1,0,0,0
8946,wc-completed,GBP,2025-03-24 12:47:26,21.00,APPROVED_FOR_IMPORT,,EMAIL_ONLY_D2,1,0,0,0
8948,wc-completed,GBP,2025-03-24 14:56:26,68.00,APPROVED_FOR_IMPORT,,ASSOCIATE_GID,3,0,0,0
8949,wc-completed,GBP,2025-03-24 15:46:38,25.00,APPROVED_FOR_IMPORT,,EMAIL_ONLY_D2,1,0,0,0
8952,wc-completed,GBP,2025-03-24 17:56:06,66.00,APPROVED_FOR_IMPORT,,ASSOCIATE_GID,4,0,0,0
8953,wc-completed,GBP,2025-03-24 17:57:07,60.00,APPROVED_FOR_IMPORT,,EMAIL_ONLY_D2,3,0,0,0
8955,wc-completed,GBP,2025-03-24 18:44:43,84.00,APPROVED_FOR_IMPORT,,EMAIL_ONLY_D2,4,0,0,0
8956,wc-failed,GBP,2025-03-24 19:47:40,43.00,APPROVED_FOR_IMPORT,,EMAIL_ONLY_D2,2,0,0,0
8957,wc-completed,GBP,2025-03-24 19:48:26,43.00,APPROVED_FOR_IMPORT,,EMAIL_ONLY_D2,2,0,0,0
8958,wc-completed,GBP,2025-03-24 20:03:07,25.00,APPROVED_FOR_IMPORT,,ASSOCIATE_GID,1,0,0,0
8960,wc-completed,GBP,2025-03-24 22:33:49,43.00,APPROVED_FOR_IMPORT,,EMAIL_ONLY_D2,3,0,0,0
8961,wc-completed,GBP,2025-03-24 22:54:41,41.00,APPROVED_FOR_IMPORT,,EMAIL_ONLY_D2,2,0,0,0
8963,wc-completed,GBP,2025-03-25 00:04:58,27.00,APPROVED_FOR_IMPORT,,EMAIL_ONLY_D2,2,0,0,0
8964,wc-completed,GBP,2025-03-25 02:12:11,122.00,APPROVED_FOR_IMPORT,,EMAIL_ONLY_D2,5,0,0,0
8965,wc-failed,GBP,2025-03-25 06:42:30,70.00,APPROVED_FOR_IMPORT,,EMAIL_ONLY_D2,3,0,0,0
8966,wc-completed,GBP,2025-03-25 06:47:25,75.00,APPROVED_FOR_IMPORT,,EMAIL_ONLY_D2,3,0,0,0
8968,wc-completed,GBP,2025-03-25 09:26:18,32.99,APPROVED_FOR_IMPORT,,EMAIL_ONLY_D2,3,0,0,0
8969,wc-completed,GBP,2025-03-25 09:57:10,32.00,APPROVED_FOR_IMPORT,,ASSOCIATE_GID,1,0,0,0
8970,wc-completed,GBP,2025-03-25 09:57:36,90.00,APPROVED_FOR_IMPORT,,EMAIL_ONLY_D2,5,0,0,0
8971,wc-completed,GBP,2025-03-25 10:38:40,163.00,APPROVED_FOR_IMPORT,,ASSOCIATE_GID,8,0,0,0
8974,wc-completed,GBP,2025-03-25 12:22:37,43.00,APPROVED_FOR_IMPORT,,EMAIL_ONLY_D2,2,0,0,0
8975,wc-completed,GBP,2025-03-25 12:45:37,62.00,APPROVED_FOR_IMPORT,,EMAIL_ONLY_D2,3,0,0,0
8976,wc-completed,GBP,2025-03-25 13:24:58,23.00,APPROVED_FOR_IMPORT,,EMAIL_ONLY_D2,1,0,0,0
8986,wc-completed,GBP,2025-03-25 18:43:09,63.00,APPROVED_FOR_IMPORT,,ASSOCIATE_GID,3,0,0,0
8987,wc-completed,GBP,2025-03-25 18:49:43,30.00,APPROVED_FOR_IMPORT,,EMAIL_ONLY_D2,1,0,0,0
8988,wc-completed,GBP,2025-03-25 20:17:45,68.99,APPROVED_FOR_IMPORT,,EMAIL_ONLY_D2,6,0,0,1
8989,wc-completed,GBP,2025-03-25 20:50:44,61.00,APPROVED_FOR_IMPORT,,EMAIL_ONLY_D2,4,0,0,0
8990,wc-completed,GBP,2025-03-25 20:58:32,61.00,APPROVED_FOR_IMPORT,,EMAIL_ONLY_D2,3,0,0,0
8991,wc-completed,GBP,2025-03-25 22:27:36,42.00,APPROVED_FOR_IMPORT,,EMAIL_ONLY_D2,1,0,0,0
8992,wc-completed,GBP,2025-03-25 22:54:53,41.00,APPROVED_FOR_IMPORT,,EMAIL_ONLY_D2,2,0,0,0
8993,wc-completed,GBP,2025-03-26 03:24:13,55.00,APPROVED_FOR_IMPORT,,ASSOCIATE_GID,1,0,0,0
8994,wc-completed,GBP,2025-03-26 05:39:46,60.00,APPROVED_FOR_IMPORT,,EMAIL_ONLY_D2,3,0,0,0
8995,wc-refunded,GBP,2025-03-26 06:28:28,22.00,APPROVED_FOR_IMPORT,,EMAIL_ONLY_D2,1,0,0,1
8996,wc-completed,GBP,2025-03-26 09:22:47,63.00,APPROVED_FOR_IMPORT,,EMAIL_ONLY_D2,3,0,0,0
8997,wc-completed,GBP,2025-03-26 11:22:28,25.00,APPROVED_FOR_IMPORT,,EMAIL_ONLY_D2,1,0,0,0
8999,wc-completed,GBP,2025-03-26 13:49:34,55.00,APPROVED_FOR_IMPORT,,ASSOCIATE_GID,3,0,0,0
9000,wc-completed,GBP,2025-03-26 14:00:09,45.00,APPROVED_FOR_IMPORT,,EMAIL_ONLY_D2,2,0,0,0
9002,wc-completed,GBP,2025-03-26 16:44:56,30.00,APPROVED_FOR_IMPORT,,EMAIL_ONLY_D2,1,0,0,0
9005,wc-completed,GBP,2025-03-26 17:43:06,110.00,APPROVED_FOR_IMPORT,,ASSOCIATE_GID,3,0,0,0
9006,wc-completed,GBP,2025-03-26 18:33:57,39.00,APPROVED_FOR_IMPORT,,EMAIL_ONLY_D2,2,0,0,0
9007,wc-completed,GBP,2025-03-26 19:51:54,63.00,APPROVED_FOR_IMPORT,,EMAIL_ONLY_D2,3,0,0,0
9008,wc-completed,GBP,2025-03-26 21:00:43,125.99,APPROVED_FOR_IMPORT,,EMAIL_ONLY_D2,3,0,0,1
9009,wc-completed,GBP,2025-03-26 21:25:10,58.00,APPROVED_FOR_IMPORT,,EMAIL_ONLY_D2,3,0,0,0
9010,wc-completed,GBP,2025-03-26 21:29:48,96.50,APPROVED_FOR_IMPORT,,EMAIL_ONLY_D2,7,0,0,0
9011,wc-completed,GBP,2025-03-26 21:43:37,130.00,APPROVED_FOR_IMPORT,,EMAIL_ONLY_D2,6,0,0,0
9012,wc-completed,GBP,2025-03-26 23:12:34,89.00,APPROVED_FOR_IMPORT,,EMAIL_ONLY_D2,3,0,0,1
9013,wc-completed,GBP,2025-03-26 23:19:15,25.00,APPROVED_FOR_IMPORT,,EMAIL_ONLY_D2,1,0,0,0
9016,wc-completed,GBP,2025-03-26 23:51:05,21.00,APPROVED_FOR_IMPORT,,EMAIL_ONLY_D2,1,0,0,0
9017,wc-completed,GBP,2025-03-27 04:05:59,98.00,APPROVED_FOR_IMPORT,,EMAIL_ONLY_D2,4,0,0,0
9018,wc-completed,GBP,2025-03-27 05:24:34,92.00,APPROVED_FOR_IMPORT,,EMAIL_ONLY_D2,4,0,0,0
9019,wc-completed,GBP,2025-03-27 05:47:19,55.00,APPROVED_FOR_IMPORT,,EMAIL_ONLY_D2,4,0,0,0
9020,wc-completed,GBP,2025-03-27 09:02:16,19.00,APPROVED_FOR_IMPORT,,EMAIL_ONLY_D2,1,0,0,0
9024,wc-completed,GBP,2025-03-27 09:46:31,45.00,APPROVED_FOR_IMPORT,,EMAIL_ONLY_D2,2,0,0,0
9025,wc-completed,GBP,2025-03-27 11:24:58,63.00,APPROVED_FOR_IMPORT,,EMAIL_ONLY_D2,3,0,0,0
9026,wc-completed,GBP,2025-03-27 12:04:38,21.00,APPROVED_FOR_IMPORT,,EMAIL_ONLY_D2,1,0,0,0
9027,wc-completed,GBP,2025-03-27 12:32:58,45.00,APPROVED_FOR_IMPORT,,EMAIL_ONLY_D2,2,0,0,0
9028,wc-completed,GBP,2025-03-27 13:03:53,45.00,APPROVED_FOR_IMPORT,,EMAIL_ONLY_D2,1,0,0,0
9029,wc-completed,GBP,2025-03-27 13:10:28,43.00,APPROVED_FOR_IMPORT,,EMAIL_ONLY_D2,2,0,0,0
9030,wc-completed,GBP,2025-03-27 13:19:47,116.00,APPROVED_FOR_IMPORT,,EMAIL_ONLY_D2,6,0,0,0
9032,wc-failed,GBP,2025-03-27 14:05:51,55.00,APPROVED_FOR_IMPORT,,EMAIL_ONLY_D2,1,0,0,0
9033,wc-completed,GBP,2025-03-27 15:13:12,10.00,APPROVED_FOR_IMPORT,,EMAIL_ONLY_D2,1,0,0,0
9035,wc-completed,GBP,2025-03-27 16:54:41,32.00,APPROVED_FOR_IMPORT,,EMAIL_ONLY_D2,1,0,0,0
9038,wc-failed,GBP,2025-03-27 17:49:30,201.99,APPROVED_FOR_IMPORT,,EMAIL_ONLY_D2,8,0,0,0
9039,wc-completed,GBP,2025-03-27 17:55:29,201.99,APPROVED_FOR_IMPORT,,EMAIL_ONLY_D2,8,0,0,0
9041,wc-completed,GBP,2025-03-27 18:27:23,22.00,APPROVED_FOR_IMPORT,,EMAIL_ONLY_D2,1,0,0,0
9043,wc-completed,GBP,2025-03-27 19:38:06,20.00,APPROVED_FOR_IMPORT,,EMAIL_ONLY_D2,1,0,0,0
9045,wc-completed,GBP,2025-03-27 19:53:48,33.00,APPROVED_FOR_IMPORT,,EMAIL_ONLY_D2,1,0,0,0
9046,wc-completed,GBP,2025-03-27 19:56:29,48.00,APPROVED_FOR_IMPORT,,EMAIL_ONLY_D2,2,0,0,0
9049,wc-completed,GBP,2025-03-27 22:44:48,62.00,APPROVED_FOR_IMPORT,,EMAIL_ONLY_D2,3,0,0,0
9051,wc-cancelled,GBP,2025-03-28 03:23:48,105.00,APPROVED_FOR_IMPORT,,ASSOCIATE_GID,6,0,0,0
9053,wc-failed,GBP,2025-03-28 03:33:12,105.00,APPROVED_FOR_IMPORT,,ASSOCIATE_GID,6,0,0,0
9054,wc-completed,GBP,2025-03-28 04:51:35,105.00,APPROVED_FOR_IMPORT,,ASSOCIATE_GID,6,0,0,0
9055,wc-completed,GBP,2025-03-28 07:07:05,89.00,APPROVED_FOR_IMPORT,,EMAIL_ONLY_D2,4,0,0,0
9058,wc-completed,GBP,2025-03-28 08:37:28,64.00,APPROVED_FOR_IMPORT,,EMAIL_ONLY_D2,3,0,0,0
9060,wc-completed,GBP,2025-03-28 08:50:41,128.00,APPROVED_FOR_IMPORT,,EMAIL_ONLY_D2,5,0,0,0
9061,wc-completed,GBP,2025-03-28 09:22:29,46.00,APPROVED_FOR_IMPORT,,ASSOCIATE_GID,2,0,0,0
9062,wc-failed,GBP,2025-03-28 10:48:28,25.00,APPROVED_FOR_IMPORT,,EMAIL_ONLY_D2,1,0,0,0
9063,wc-completed,GBP,2025-03-28 10:55:53,25.00,APPROVED_FOR_IMPORT,,EMAIL_ONLY_D2,1,0,0,0
9064,wc-completed,GBP,2025-03-28 11:43:19,73.00,APPROVED_FOR_IMPORT,,EMAIL_ONLY_D2,4,0,0,0
9066,wc-completed,GBP,2025-03-28 12:40:35,65.00,APPROVED_FOR_IMPORT,,EMAIL_ONLY_D2,3,0,0,0
9067,wc-completed,GBP,2025-03-28 13:17:52,45.00,APPROVED_FOR_IMPORT,,EMAIL_ONLY_D2,2,0,0,0
9068,wc-completed,GBP,2025-03-28 16:13:52,45.00,APPROVED_FOR_IMPORT,,EMAIL_ONLY_D2,1,0,0,0
9069,wc-completed,GBP,2025-03-28 16:57:59,43.00,APPROVED_FOR_IMPORT,,EMAIL_ONLY_D2,2,0,0,0
9070,wc-completed,GBP,2025-03-28 17:27:28,43.00,APPROVED_FOR_IMPORT,,ASSOCIATE_GID,2,0,0,0
9071,wc-completed,GBP,2025-03-28 17:46:22,129.00,APPROVED_FOR_IMPORT,,EMAIL_ONLY_D2,7,0,0,0
9072,wc-completed,GBP,2025-03-28 18:42:51,141.00,APPROVED_FOR_IMPORT,,EMAIL_ONLY_D2,7,0,0,0
9073,wc-completed,GBP,2025-03-28 19:13:05,39.00,APPROVED_FOR_IMPORT,,EMAIL_ONLY_D2,2,0,0,0
9074,wc-completed,GBP,2025-03-28 19:28:33,25.00,APPROVED_FOR_IMPORT,,EMAIL_ONLY_D2,1,0,0,0
9076,wc-completed,GBP,2025-03-28 20:26:30,117.00,APPROVED_FOR_IMPORT,,EMAIL_ONLY_D2,5,0,0,0
9078,wc-completed,GBP,2025-03-28 22:34:40,76.00,APPROVED_FOR_IMPORT,,EMAIL_ONLY_D2,4,0,0,0
9079,wc-completed,GBP,2025-03-28 22:40:34,134.00,APPROVED_FOR_IMPORT,,EMAIL_ONLY_D2,4,0,0,0
9080,wc-failed,GBP,2025-03-29 00:18:12,38.00,APPROVED_FOR_IMPORT,,EMAIL_ONLY_D2,2,0,0,0
9082,wc-completed,GBP,2025-03-29 06:03:53,65.00,APPROVED_FOR_IMPORT,,ASSOCIATE_GID,2,0,0,0
9083,wc-completed,GBP,2025-03-29 07:11:50,45.00,APPROVED_FOR_IMPORT,,EMAIL_ONLY_D2,2,0,0,0
9084,wc-completed,GBP,2025-03-29 09:12:34,115.00,APPROVED_FOR_IMPORT,,ASSOCIATE_GID,6,0,0,0
9085,wc-completed,GBP,2025-03-29 10:50:55,57.00,APPROVED_FOR_IMPORT,,ASSOCIATE_GID,3,0,0,0
9086,wc-completed,GBP,2025-03-29 11:17:59,24.00,APPROVED_FOR_IMPORT,,EMAIL_ONLY_D2,1,0,0,0
9088,wc-completed,GBP,2025-03-29 14:35:13,37.00,APPROVED_FOR_IMPORT,,EMAIL_ONLY_D2,1,0,0,0
9089,wc-completed,GBP,2025-03-29 14:37:13,45.00,APPROVED_FOR_IMPORT,,EMAIL_ONLY_D2,2,0,0,0
9090,wc-completed,GBP,2025-03-29 14:40:40,41.00,APPROVED_FOR_IMPORT,,EMAIL_ONLY_D2,2,0,0,0
9092,wc-completed,GBP,2025-03-29 15:10:22,25.00,APPROVED_FOR_IMPORT,,EMAIL_ONLY_D2,1,0,0,0
9093,wc-completed,GBP,2025-03-29 15:35:56,67.00,APPROVED_FOR_IMPORT,,EMAIL_ONLY_D2,3,0,0,0
9099,wc-completed,GBP,2025-03-29 18:08:18,45.00,APPROVED_FOR_IMPORT,,ASSOCIATE_GID,2,0,0,0
9100,wc-completed,GBP,2025-03-29 18:18:57,30.00,APPROVED_FOR_IMPORT,,EMAIL_ONLY_D2,1,0,0,0
9101,wc-completed,GBP,2025-03-29 19:24:59,66.00,APPROVED_FOR_IMPORT,,EMAIL_ONLY_D2,4,0,0,0
9103,wc-completed,GBP,2025-03-29 19:54:24,58.00,APPROVED_FOR_IMPORT,,EMAIL_ONLY_D2,3,0,0,0
9104,wc-completed,GBP,2025-03-29 23:32:46,39.00,APPROVED_FOR_IMPORT,,EMAIL_ONLY_D2,2,0,0,0
9106,wc-completed,GBP,2025-03-29 23:48:58,21.00,APPROVED_FOR_IMPORT,,ASSOCIATE_GID,1,0,0,0
9107,wc-failed,GBP,2025-03-30 00:54:38,92.99,APPROVED_FOR_IMPORT,,ASSOCIATE_GID,4,0,0,0
9109,wc-completed,GBP,2025-03-30 02:48:21,58.00,APPROVED_FOR_IMPORT,,EMAIL_ONLY_D2,2,0,0,0
9111,wc-completed,GBP,2025-03-30 09:36:27,52.00,APPROVED_FOR_IMPORT,,ASSOCIATE_GID,2,0,0,0
9112,wc-completed,GBP,2025-03-30 11:00:05,97.00,APPROVED_FOR_IMPORT,,EMAIL_ONLY_D2,5,0,0,0
9115,wc-completed,GBP,2025-03-30 11:33:35,45.00,APPROVED_FOR_IMPORT,,EMAIL_ONLY_D2,2,0,0,0
9119,wc-completed,GBP,2025-03-30 18:15:48,30.00,APPROVED_FOR_IMPORT,,EMAIL_ONLY_D2,1,0,0,0
9120,wc-completed,GBP,2025-03-30 21:36:51,58.00,APPROVED_FOR_IMPORT,,EMAIL_ONLY_D2,2,0,0,0
9122,wc-completed,GBP,2025-03-30 22:31:11,37.00,APPROVED_FOR_IMPORT,,ASSOCIATE_GID,1,0,0,0
9123,wc-completed,GBP,2025-03-30 22:49:06,126.00,APPROVED_FOR_IMPORT,,EMAIL_ONLY_D2,1,0,0,0
9124,wc-completed,GBP,2025-03-30 23:02:48,49.00,APPROVED_FOR_IMPORT,,EMAIL_ONLY_D2,2,0,0,0
9125,wc-completed,GBP,2025-03-30 23:46:23,39.00,APPROVED_FOR_IMPORT,,ASSOCIATE_GID,2,0,0,0
9126,wc-completed,GBP,2025-03-31 04:25:10,40.00,APPROVED_FOR_IMPORT,,EMAIL_ONLY_D2,2,0,0,0
9128,wc-completed,GBP,2025-03-31 05:37:58,37.00,APPROVED_FOR_IMPORT,,EMAIL_ONLY_D2,1,0,0,0
9130,wc-completed,GBP,2025-03-31 07:25:37,30.00,APPROVED_FOR_IMPORT,,ASSOCIATE_GID,1,0,0,0
9132,wc-completed,GBP,2025-03-31 07:31:17,58.00,APPROVED_FOR_IMPORT,,EMAIL_ONLY_D2,2,0,0,0
9134,wc-completed,GBP,2025-03-31 08:00:23,45.00,APPROVED_FOR_IMPORT,,EMAIL_ONLY_D2,2,0,0,0
9137,wc-completed,GBP,2025-03-31 10:18:19,42.00,APPROVED_FOR_IMPORT,,EMAIL_ONLY_D2,1,0,0,0
9138,wc-completed,GBP,2025-03-31 10:28:59,19.00,APPROVED_FOR_IMPORT,,EMAIL_ONLY_D2,1,0,0,0
9139,wc-completed,GBP,2025-03-31 11:07:36,54.00,APPROVED_FOR_IMPORT,,EMAIL_ONLY_D2,2,0,0,0
9140,wc-completed,GBP,2025-03-31 11:26:33,75.00,APPROVED_FOR_IMPORT,,EMAIL_ONLY_D2,4,0,0,0
9143,wc-completed,GBP,2025-03-31 13:55:11,35.00,APPROVED_FOR_IMPORT,,EMAIL_ONLY_D2,2,0,0,0
9144,wc-completed,GBP,2025-03-31 14:58:30,43.00,APPROVED_FOR_IMPORT,,EMAIL_ONLY_D2,2,0,0,0
9145,wc-completed,GBP,2025-03-31 15:33:09,71.99,PENDING_DECISION,D-3_unmapped_customer,UNMAPPED,4,0,0,0
9146,wc-completed,GBP,2025-03-31 15:49:57,75.00,APPROVED_FOR_IMPORT,,EMAIL_ONLY_D2,4,0,0,0
9148,wc-completed,GBP,2025-03-31 18:30:47,70.00,APPROVED_FOR_IMPORT,,EMAIL_ONLY_D2,4,0,0,0
9149,wc-completed,GBP,2025-03-31 18:38:54,60.00,APPROVED_FOR_IMPORT,,EMAIL_ONLY_D2,3,0,0,0
9150,wc-completed,GBP,2025-03-31 19:00:12,67.00,APPROVED_FOR_IMPORT,,EMAIL_ONLY_D2,3,0,0,0
9151,wc-completed,GBP,2025-03-31 19:10:48,85.00,APPROVED_FOR_IMPORT,,EMAIL_ONLY_D2,2,0,0,0
9152,wc-completed,GBP,2025-03-31 19:56:23,66.00,APPROVED_FOR_IMPORT,,EMAIL_ONLY_D2,3,0,0,0
9153,wc-completed,GBP,2025-03-31 20:04:15,35.00,APPROVED_FOR_IMPORT,,EMAIL_ONLY_D2,1,0,0,0
9154,wc-completed,GBP,2025-03-31 21:13:48,41.00,APPROVED_FOR_IMPORT,,EMAIL_ONLY_D2,2,0,0,0
9155,wc-completed,GBP,2025-03-31 21:57:35,37.00,APPROVED_FOR_IMPORT,,EMAIL_ONLY_D2,3,0,0,0
9156,wc-completed,GBP,2025-03-31 22:10:19,61.00,APPROVED_FOR_IMPORT,,EMAIL_ONLY_D2,3,0,0,0
9157,wc-failed,GBP,2025-03-31 22:16:59,61.00,APPROVED_FOR_IMPORT,,EMAIL_ONLY_D2,3,0,0,0
9158,wc-completed,GBP,2025-03-31 22:19:39,61.00,APPROVED_FOR_IMPORT,,EMAIL_ONLY_D2,3,0,0,0
9159,wc-completed,GBP,2025-04-01 02:25:48,155.99,APPROVED_FOR_IMPORT,,EMAIL_ONLY_D2,7,0,0,0
9160,wc-completed,GBP,2025-04-01 04:32:37,41.00,APPROVED_FOR_IMPORT,,EMAIL_ONLY_D2,2,0,0,0
9161,wc-completed,GBP,2025-04-01 05:42:30,36.00,APPROVED_FOR_IMPORT,,ASSOCIATE_GID,2,0,0,0
9163,wc-completed,GBP,2025-04-01 06:12:57,35.00,APPROVED_FOR_IMPORT,,EMAIL_ONLY_D2,2,0,0,0
9164,wc-completed,GBP,2025-04-01 06:13:19,21.00,APPROVED_FOR_IMPORT,,EMAIL_ONLY_D2,1,0,0,0
9165,wc-completed,GBP,2025-04-01 08:31:50,69.00,APPROVED_FOR_IMPORT,,EMAIL_ONLY_D2,3,0,0,0
9166,wc-completed,GBP,2025-04-01 09:00:25,192.00,APPROVED_FOR_IMPORT,,EMAIL_ONLY_D2,10,0,0,0
9167,wc-completed,GBP,2025-04-01 09:16:01,37.00,APPROVED_FOR_IMPORT,,EMAIL_ONLY_D2,1,0,0,0
9169,wc-completed,GBP,2025-04-01 11:38:46,69.00,APPROVED_FOR_IMPORT,,EMAIL_ONLY_D2,3,0,0,0
9170,wc-completed,GBP,2025-04-01 12:24:52,64.00,APPROVED_FOR_IMPORT,,EMAIL_ONLY_D2,3,0,0,0
9171,wc-completed,GBP,2025-04-01 12:40:55,117.99,APPROVED_FOR_IMPORT,,EMAIL_ONLY_D2,4,0,0,0
9172,wc-completed,GBP,2025-04-01 12:45:09,53.00,APPROVED_FOR_IMPORT,,ASSOCIATE_GID,2,0,0,0
9173,wc-completed,GBP,2025-04-01 13:18:31,21.00,APPROVED_FOR_IMPORT,,EMAIL_ONLY_D2,1,0,0,0
9175,wc-completed,GBP,2025-04-01 14:53:19,19.00,APPROVED_FOR_IMPORT,,EMAIL_ONLY_D2,1,0,0,0
9176,wc-completed,GBP,2025-04-01 14:56:43,86.00,APPROVED_FOR_IMPORT,,EMAIL_ONLY_D2,4,0,0,0
9177,wc-completed,GBP,2025-04-01 15:44:05,37.00,APPROVED_FOR_IMPORT,,EMAIL_ONLY_D2,3,0,0,0
9178,wc-completed,GBP,2025-04-01 16:16:44,47.00,APPROVED_FOR_IMPORT,,EMAIL_ONLY_D2,3,0,0,0
9181,wc-completed,GBP,2025-04-01 18:00:13,42.00,APPROVED_FOR_IMPORT,,EMAIL_ONLY_D2,2,0,0,0
9183,wc-completed,GBP,2025-04-01 19:10:47,21.00,APPROVED_FOR_IMPORT,,EMAIL_ONLY_D2,1,0,0,0
9184,wc-completed,GBP,2025-04-01 19:17:03,92.99,APPROVED_FOR_IMPORT,,ASSOCIATE_GID,4,0,0,0
9185,wc-completed,GBP,2025-04-01 19:26:15,61.00,APPROVED_FOR_IMPORT,,EMAIL_ONLY_D2,3,0,0,0
9189,wc-completed,GBP,2025-04-01 22:46:03,30.00,APPROVED_FOR_IMPORT,,ASSOCIATE_GID,1,0,0,0
9190,wc-completed,GBP,2025-04-01 23:49:17,154.00,APPROVED_FOR_IMPORT,,EMAIL_ONLY_D2,9,0,0,0
9191,wc-completed,GBP,2025-04-02 00:09:50,55.00,PENDING_DECISION,D-3_unmapped_customer,UNMAPPED,3,0,0,0
9192,wc-completed,GBP,2025-04-02 05:46:00,123.00,APPROVED_FOR_IMPORT,,EMAIL_ONLY_D2,6,0,0,0
9193,wc-completed,GBP,2025-04-02 08:39:51,73.00,APPROVED_FOR_IMPORT,,EMAIL_ONLY_D2,3,0,0,0
9196,wc-completed,GBP,2025-04-02 10:10:34,62.00,APPROVED_FOR_IMPORT,,ASSOCIATE_GID,4,0,0,0
9197,wc-completed,GBP,2025-04-02 10:31:42,112.00,APPROVED_FOR_IMPORT,,EMAIL_ONLY_D2,6,0,0,0
9199,wc-completed,GBP,2025-04-02 11:08:40,64.00,APPROVED_FOR_IMPORT,,EMAIL_ONLY_D2,4,0,0,0
9200,wc-completed,GBP,2025-04-02 12:00:33,57.00,APPROVED_FOR_IMPORT,,EMAIL_ONLY_D2,3,0,0,0
9201,wc-completed,GBP,2025-04-02 12:03:15,37.00,APPROVED_FOR_IMPORT,,EMAIL_ONLY_D2,2,0,0,0
9202,wc-completed,GBP,2025-04-02 12:16:16,62.00,APPROVED_FOR_IMPORT,,ASSOCIATE_GID,3,0,0,0
9203,wc-completed,GBP,2025-04-02 13:13:11,96.99,APPROVED_FOR_IMPORT,,EMAIL_ONLY_D2,3,0,0,0
9204,wc-completed,GBP,2025-04-02 13:26:19,83.00,APPROVED_FOR_IMPORT,,EMAIL_ONLY_D2,3,0,0,0
9205,wc-completed,GBP,2025-04-02 14:23:31,43.00,APPROVED_FOR_IMPORT,,ASSOCIATE_GID,2,0,0,0
9206,wc-completed,GBP,2025-04-02 14:24:35,41.99,APPROVED_FOR_IMPORT,,EMAIL_ONLY_D2,3,0,0,0
9209,wc-completed,GBP,2025-04-02 16:49:18,107.00,APPROVED_FOR_IMPORT,,EMAIL_ONLY_D2,2,0,0,0
9210,wc-completed,GBP,2025-04-02 17:28:40,56.00,APPROVED_FOR_IMPORT,,ASSOCIATE_GID,3,0,0,0
9211,wc-completed,GBP,2025-04-02 17:53:50,62.50,APPROVED_FOR_IMPORT,,EMAIL_ONLY_D2,4,0,0,0
9212,wc-completed,GBP,2025-04-02 17:55:57,20.00,APPROVED_FOR_IMPORT,,EMAIL_ONLY_D2,1,0,0,0
9213,wc-completed,GBP,2025-04-02 18:07:17,70.00,APPROVED_FOR_IMPORT,,ASSOCIATE_GID,3,0,0,0
9214,wc-completed,GBP,2025-04-02 18:30:44,45.00,APPROVED_FOR_IMPORT,,EMAIL_ONLY_D2,2,0,0,0
9215,wc-completed,GBP,2025-04-02 18:55:57,45.00,APPROVED_FOR_IMPORT,,EMAIL_ONLY_D2,2,0,0,0
9217,wc-cancelled,GBP,2025-04-02 19:50:24,37.00,APPROVED_FOR_IMPORT,,ASSOCIATE_GID,2,0,0,0
9219,wc-completed,GBP,2025-04-02 20:13:32,25.00,APPROVED_FOR_IMPORT,,EMAIL_ONLY_D2,1,0,0,0
9220,wc-completed,GBP,2025-04-02 22:16:43,108.00,APPROVED_FOR_IMPORT,,EMAIL_ONLY_D2,4,0,0,0
9221,wc-completed,GBP,2025-04-02 23:41:24,116.00,APPROVED_FOR_IMPORT,,EMAIL_ONLY_D2,4,0,0,0
9222,wc-completed,GBP,2025-04-03 05:00:53,87.00,APPROVED_FOR_IMPORT,,EMAIL_ONLY_D2,3,0,0,0
9223,wc-completed,GBP,2025-04-03 06:28:03,57.00,APPROVED_FOR_IMPORT,,EMAIL_ONLY_D2,3,0,0,0
9224,wc-completed,GBP,2025-04-03 06:33:59,78.00,APPROVED_FOR_IMPORT,,EMAIL_ONLY_D2,4,0,0,0
9226,wc-completed,GBP,2025-04-03 08:43:47,70.00,APPROVED_FOR_IMPORT,,ASSOCIATE_GID,3,0,0,0
9227,wc-completed,GBP,2025-04-03 09:29:00,77.00,APPROVED_FOR_IMPORT,,ASSOCIATE_GID,3,0,0,0
9228,wc-completed,GBP,2025-04-03 09:40:29,21.00,APPROVED_FOR_IMPORT,,EMAIL_ONLY_D2,1,0,0,0
9229,wc-failed,GBP,2025-04-03 11:26:14,186.99,APPROVED_FOR_IMPORT,,EMAIL_ONLY_D2,6,0,0,0
9230,wc-completed,GBP,2025-04-03 11:40:58,152.00,APPROVED_FOR_IMPORT,,EMAIL_ONLY_D2,8,0,0,0
9231,wc-completed,GBP,2025-04-03 11:48:48,37.00,APPROVED_FOR_IMPORT,,ASSOCIATE_GID,2,0,0,0
9232,wc-failed,GBP,2025-04-03 12:49:41,35.00,APPROVED_FOR_IMPORT,,EMAIL_ONLY_D2,1,0,0,0
9233,wc-completed,GBP,2025-04-03 13:06:16,35.00,APPROVED_FOR_IMPORT,,EMAIL_ONLY_D2,1,0,0,0
9234,wc-completed,GBP,2025-04-03 13:40:37,55.00,APPROVED_FOR_IMPORT,,EMAIL_ONLY_D2,2,0,0,0
9235,wc-completed,GBP,2025-04-03 14:12:57,45.00,APPROVED_FOR_IMPORT,,EMAIL_ONLY_D2,1,0,0,0
9236,wc-completed,GBP,2025-04-03 15:31:12,33.00,APPROVED_FOR_IMPORT,,EMAIL_ONLY_D2,1,0,0,0
9237,wc-completed,GBP,2025-04-03 15:57:57,37.00,APPROVED_FOR_IMPORT,,EMAIL_ONLY_D2,2,0,0,0
9240,wc-failed,GBP,2025-04-03 16:47:30,38.00,APPROVED_FOR_IMPORT,,EMAIL_ONLY_D2,2,0,0,0
9241,wc-completed,GBP,2025-04-03 17:00:08,53.99,APPROVED_FOR_IMPORT,,EMAIL_ONLY_D2,2,1,0,0
9243,wc-completed,GBP,2025-04-03 17:09:29,25.00,APPROVED_FOR_IMPORT,,EMAIL_ONLY_D2,1,0,0,0
9244,wc-failed,GBP,2025-04-03 17:25:15,45.00,APPROVED_FOR_IMPORT,,EMAIL_ONLY_D2,1,0,0,0
9245,wc-completed,GBP,2025-04-03 17:25:48,45.00,APPROVED_FOR_IMPORT,,EMAIL_ONLY_D2,1,0,0,0
9246,wc-completed,GBP,2025-04-03 17:57:09,75.00,APPROVED_FOR_IMPORT,,ASSOCIATE_GID,4,0,0,0
9247,wc-completed,GBP,2025-04-03 18:22:51,45.00,APPROVED_FOR_IMPORT,,EMAIL_ONLY_D2,1,0,0,0
9249,wc-completed,GBP,2025-04-03 18:45:01,72.00,APPROVED_FOR_IMPORT,,EMAIL_ONLY_D2,3,0,0,0
9250,wc-completed,GBP,2025-04-03 18:46:13,107.00,APPROVED_FOR_IMPORT,,EMAIL_ONLY_D2,4,0,0,0
9251,wc-completed,GBP,2025-04-03 19:32:18,58.00,APPROVED_FOR_IMPORT,,EMAIL_ONLY_D2,3,0,0,0
9252,wc-completed,GBP,2025-04-03 20:30:22,50.00,APPROVED_FOR_IMPORT,,EMAIL_ONLY_D2,4,0,0,1
9253,wc-completed,GBP,2025-04-03 21:13:32,41.00,APPROVED_FOR_IMPORT,,EMAIL_ONLY_D2,2,0,0,0
9254,wc-completed,GBP,2025-04-04 00:47:15,39.00,APPROVED_FOR_IMPORT,,EMAIL_ONLY_D2,2,0,0,0
9255,wc-completed,GBP,2025-04-04 06:58:17,45.00,APPROVED_FOR_IMPORT,,EMAIL_ONLY_D2,2,0,0,0
9256,wc-completed,GBP,2025-04-04 07:31:59,73.99,APPROVED_FOR_IMPORT,,EMAIL_ONLY_D2,5,0,0,0
9257,wc-completed,GBP,2025-04-04 08:35:19,26.00,APPROVED_FOR_IMPORT,,EMAIL_ONLY_D2,2,0,0,0
9258,wc-completed,GBP,2025-04-04 09:08:43,25.00,APPROVED_FOR_IMPORT,,EMAIL_ONLY_D2,1,0,0,0
9259,wc-completed,GBP,2025-04-04 09:42:44,35.00,APPROVED_FOR_IMPORT,,EMAIL_ONLY_D2,1,0,0,0
9260,wc-completed,GBP,2025-04-04 10:34:58,88.00,APPROVED_FOR_IMPORT,,ASSOCIATE_GID,5,0,0,0
9261,wc-completed,GBP,2025-04-04 10:50:35,133.00,APPROVED_FOR_IMPORT,,EMAIL_ONLY_D2,7,0,0,0
9262,wc-completed,GBP,2025-04-04 11:00:33,57.00,APPROVED_FOR_IMPORT,,EMAIL_ONLY_D2,2,0,0,0
9263,wc-completed,GBP,2025-04-04 11:03:45,20.00,APPROVED_FOR_IMPORT,,EMAIL_ONLY_D2,1,0,0,0
9266,wc-completed,GBP,2025-04-04 13:30:40,81.98,APPROVED_FOR_IMPORT,,EMAIL_ONLY_D2,4,0,0,0
9267,wc-completed,GBP,2025-04-04 13:38:46,67.00,APPROVED_FOR_IMPORT,,EMAIL_ONLY_D2,2,0,0,0
9268,wc-failed,GBP,2025-04-04 14:46:08,50.00,APPROVED_FOR_IMPORT,,EMAIL_ONLY_D2,2,0,0,0
9270,wc-completed,GBP,2025-04-04 15:23:46,43.00,APPROVED_FOR_IMPORT,,EMAIL_ONLY_D2,2,0,0,0
9271,wc-completed,GBP,2025-04-04 15:49:52,21.00,APPROVED_FOR_IMPORT,,EMAIL_ONLY_D2,1,0,0,0
9272,wc-completed,GBP,2025-04-04 17:33:12,50.00,APPROVED_FOR_IMPORT,,EMAIL_ONLY_D2,2,0,0,0
9273,wc-completed,GBP,2025-04-04 17:42:19,102.00,APPROVED_FOR_IMPORT,,EMAIL_ONLY_D2,5,0,0,0
9274,wc-completed,GBP,2025-04-04 18:05:30,62.00,APPROVED_FOR_IMPORT,,EMAIL_ONLY_D2,3,0,0,0
9275,wc-completed,GBP,2025-04-04 18:45:39,81.00,APPROVED_FOR_IMPORT,,EMAIL_ONLY_D2,2,0,0,0
9276,wc-completed,GBP,2025-04-04 19:18:58,104.00,APPROVED_FOR_IMPORT,,EMAIL_ONLY_D2,5,0,0,1
9277,wc-completed,GBP,2025-04-04 19:53:50,99.00,APPROVED_FOR_IMPORT,,EMAIL_ONLY_D2,8,0,0,0
9278,wc-completed,GBP,2025-04-04 20:06:20,67.99,APPROVED_FOR_IMPORT,,EMAIL_ONLY_D2,4,0,0,0
9282,wc-cancelled,GBP,2025-04-04 20:42:30,48.00,APPROVED_FOR_IMPORT,,ASSOCIATE_GID,3,0,0,0
9283,wc-completed,GBP,2025-04-04 20:48:09,48.00,APPROVED_FOR_IMPORT,,ASSOCIATE_GID,3,0,0,0
9284,wc-completed,GBP,2025-04-04 21:33:39,90.00,APPROVED_FOR_IMPORT,,ASSOCIATE_GID,4,0,0,0
9285,wc-completed,GBP,2025-04-04 21:39:24,55.00,APPROVED_FOR_IMPORT,,EMAIL_ONLY_D2,1,0,0,0
9286,wc-completed,GBP,2025-04-05 00:02:00,89.00,APPROVED_FOR_IMPORT,,ASSOCIATE_GID,3,0,0,0
9288,wc-completed,GBP,2025-04-05 02:46:56,43.00,APPROVED_FOR_IMPORT,,EMAIL_ONLY_D2,2,0,0,0
9289,wc-completed,GBP,2025-04-05 05:26:57,30.00,APPROVED_FOR_IMPORT,,EMAIL_ONLY_D2,1,0,0,0
9290,wc-completed,GBP,2025-04-05 06:09:55,20.00,APPROVED_FOR_IMPORT,,EMAIL_ONLY_D2,1,0,0,0
9291,wc-completed,GBP,2025-04-05 08:26:06,90.99,APPROVED_FOR_IMPORT,,EMAIL_ONLY_D2,3,0,0,0
9293,wc-completed,GBP,2025-04-05 10:18:43,61.00,APPROVED_FOR_IMPORT,,EMAIL_ONLY_D2,3,0,0,0
9294,wc-completed,GBP,2025-04-05 11:33:08,52.00,APPROVED_FOR_IMPORT,,EMAIL_ONLY_D2,2,0,0,1
9295,wc-completed,GBP,2025-04-05 12:03:08,73.00,APPROVED_FOR_IMPORT,,EMAIL_ONLY_D2,4,0,0,0
9296,wc-completed,GBP,2025-04-05 13:06:11,50.00,APPROVED_FOR_IMPORT,,EMAIL_ONLY_D2,2,0,0,0
9297,wc-failed,GBP,2025-04-05 13:30:20,45.00,APPROVED_FOR_IMPORT,,EMAIL_ONLY_D2,2,0,0,0
9298,wc-completed,GBP,2025-04-05 14:00:26,38.00,APPROVED_FOR_IMPORT,,EMAIL_ONLY_D2,2,0,0,0
9299,wc-completed,GBP,2025-04-05 14:11:16,45.00,APPROVED_FOR_IMPORT,,EMAIL_ONLY_D2,2,0,0,0
9300,wc-failed,GBP,2025-04-05 14:18:20,35.00,APPROVED_FOR_IMPORT,,EMAIL_ONLY_D2,1,0,0,0
9301,wc-completed,GBP,2025-04-05 14:32:41,35.00,APPROVED_FOR_IMPORT,,EMAIL_ONLY_D2,1,0,0,0
9302,wc-failed,GBP,2025-04-05 15:20:46,32.00,APPROVED_FOR_IMPORT,,EMAIL_ONLY_D2,1,0,0,0
9303,wc-completed,GBP,2025-04-05 15:31:11,19.00,APPROVED_FOR_IMPORT,,EMAIL_ONLY_D2,1,0,0,0
9304,wc-completed,GBP,2025-04-05 19:02:11,85.00,APPROVED_FOR_IMPORT,,EMAIL_ONLY_D2,2,0,0,0
9305,wc-completed,GBP,2025-04-05 19:16:47,43.00,APPROVED_FOR_IMPORT,,EMAIL_ONLY_D2,2,0,0,0
9308,wc-completed,GBP,2025-04-05 20:57:28,62.00,APPROVED_FOR_IMPORT,,EMAIL_ONLY_D2,2,0,0,0
9310,wc-completed,GBP,2025-04-05 21:12:13,25.00,APPROVED_FOR_IMPORT,,EMAIL_ONLY_D2,1,0,0,0
9311,wc-completed,GBP,2025-04-05 21:36:08,45.00,APPROVED_FOR_IMPORT,,EMAIL_ONLY_D2,2,0,0,0
9312,wc-completed,GBP,2025-04-05 22:06:27,39.00,APPROVED_FOR_IMPORT,,EMAIL_ONLY_D2,2,0,0,0
9313,wc-completed,GBP,2025-04-05 22:22:31,30.00,APPROVED_FOR_IMPORT,,EMAIL_ONLY_D2,1,0,0,0
9314,wc-completed,GBP,2025-04-05 22:50:35,65.00,APPROVED_FOR_IMPORT,,EMAIL_ONLY_D2,3,1,0,0
9317,wc-completed,GBP,2025-04-06 00:25:48,204.00,APPROVED_FOR_IMPORT,,ASSOCIATE_GID,11,0,0,0
9320,wc-completed,GBP,2025-04-06 08:19:39,21.00,APPROVED_FOR_IMPORT,,EMAIL_ONLY_D2,1,0,0,0
9322,wc-completed,GBP,2025-04-06 11:42:42,55.00,APPROVED_FOR_IMPORT,,EMAIL_ONLY_D2,1,0,0,0
9326,wc-completed,GBP,2025-04-06 14:35:12,25.00,APPROVED_FOR_IMPORT,,EMAIL_ONLY_D2,1,0,0,0
9327,wc-completed,GBP,2025-04-06 16:22:55,55.00,APPROVED_FOR_IMPORT,,EMAIL_ONLY_D2,2,0,0,0
9329,wc-completed,GBP,2025-04-06 17:57:39,123.00,APPROVED_FOR_IMPORT,,EMAIL_ONLY_D2,5,0,0,0
9330,wc-completed,GBP,2025-04-06 17:59:20,103.00,APPROVED_FOR_IMPORT,,ASSOCIATE_GID,6,0,0,0
9332,wc-completed,GBP,2025-04-06 19:09:23,67.00,APPROVED_FOR_IMPORT,,EMAIL_ONLY_D2,3,0,0,0
9333,wc-completed,GBP,2025-04-06 19:27:39,99.00,APPROVED_FOR_IMPORT,,EMAIL_ONLY_D2,4,0,0,0
9334,wc-completed,GBP,2025-04-06 19:37:39,25.00,APPROVED_FOR_IMPORT,,EMAIL_ONLY_D2,1,0,0,0
9335,wc-completed,GBP,2025-04-06 22:25:58,18.00,APPROVED_FOR_IMPORT,,EMAIL_ONLY_D2,1,0,0,0
9337,wc-failed,GBP,2025-04-07 04:59:28,55.00,APPROVED_FOR_IMPORT,,EMAIL_ONLY_D2,3,0,0,0
9338,wc-completed,GBP,2025-04-07 05:00:10,55.00,APPROVED_FOR_IMPORT,,EMAIL_ONLY_D2,3,0,0,0
9339,wc-completed,GBP,2025-04-07 07:12:49,39.00,APPROVED_FOR_IMPORT,,EMAIL_ONLY_D2,2,0,0,0
9340,wc-completed,GBP,2025-04-07 08:13:42,80.00,APPROVED_FOR_IMPORT,,EMAIL_ONLY_D2,6,0,0,0
9341,wc-completed,GBP,2025-04-07 09:32:38,96.00,APPROVED_FOR_IMPORT,,EMAIL_ONLY_D2,4,0,0,0
9342,wc-completed,GBP,2025-04-07 10:48:20,37.00,APPROVED_FOR_IMPORT,,EMAIL_ONLY_D2,1,0,0,0
9343,wc-cancelled,GBP,2025-04-07 11:02:34,75.00,APPROVED_FOR_IMPORT,,ASSOCIATE_GID,3,0,0,0
9344,wc-completed,GBP,2025-04-07 11:03:13,45.00,APPROVED_FOR_IMPORT,,EMAIL_ONLY_D2,2,0,0,0
9345,wc-completed,GBP,2025-04-07 11:09:56,45.00,APPROVED_FOR_IMPORT,,EMAIL_ONLY_D2,2,0,0,0
9346,wc-completed,GBP,2025-04-07 11:14:35,44.98,APPROVED_FOR_IMPORT,,EMAIL_ONLY_D2,3,0,0,0
9347,wc-cancelled,GBP,2025-04-07 12:19:55,75.00,APPROVED_FOR_IMPORT,,ASSOCIATE_GID,3,0,0,0
9348,wc-completed,GBP,2025-04-07 12:23:12,25.00,APPROVED_FOR_IMPORT,,EMAIL_ONLY_D2,1,0,0,0
9349,wc-completed,GBP,2025-04-07 12:54:20,37.00,APPROVED_FOR_IMPORT,,ASSOCIATE_GID,2,0,0,0
9351,wc-completed,GBP,2025-04-07 13:14:55,97.98,APPROVED_FOR_IMPORT,,EMAIL_ONLY_D2,5,1,1,0
9352,wc-completed,GBP,2025-04-07 14:10:13,61.00,APPROVED_FOR_IMPORT,,ASSOCIATE_GID,2,0,0,0
9353,wc-completed,GBP,2025-04-07 17:06:52,67.99,APPROVED_FOR_IMPORT,,ASSOCIATE_GID,5,0,0,0
9354,wc-completed,GBP,2025-04-07 17:14:12,25.00,APPROVED_FOR_IMPORT,,EMAIL_ONLY_D2,1,0,0,0
9355,wc-completed,GBP,2025-04-07 17:33:02,59.00,APPROVED_FOR_IMPORT,,EMAIL_ONLY_D2,3,0,0,0
9356,wc-completed,GBP,2025-04-07 19:13:55,47.00,APPROVED_FOR_IMPORT,,EMAIL_ONLY_D2,2,0,0,0
9357,wc-completed,GBP,2025-04-07 19:32:48,122.00,APPROVED_FOR_IMPORT,,EMAIL_ONLY_D2,6,0,0,0
9358,wc-completed,GBP,2025-04-07 20:00:18,77.98,APPROVED_FOR_IMPORT,,EMAIL_ONLY_D2,4,0,0,0
9359,wc-completed,GBP,2025-04-07 20:03:53,37.00,APPROVED_FOR_IMPORT,,EMAIL_ONLY_D2,2,0,0,0
9360,wc-completed,GBP,2025-04-07 20:09:27,35.00,APPROVED_FOR_IMPORT,,EMAIL_ONLY_D2,1,0,0,0
9362,wc-completed,GBP,2025-04-07 21:31:49,25.00,APPROVED_FOR_IMPORT,,EMAIL_ONLY_D2,1,0,0,0
9364,wc-failed,GBP,2025-04-07 22:10:25,25.00,APPROVED_FOR_IMPORT,,EMAIL_ONLY_D2,1,0,0,0
9365,wc-completed,GBP,2025-04-07 22:11:38,25.00,APPROVED_FOR_IMPORT,,EMAIL_ONLY_D2,1,0,0,0
9368,wc-completed,GBP,2025-04-08 01:04:10,56.00,APPROVED_FOR_IMPORT,,EMAIL_ONLY_D2,3,0,0,0
9370,wc-completed,GBP,2025-04-08 11:28:12,73.00,APPROVED_FOR_IMPORT,,ASSOCIATE_GID,3,0,0,0
9375,wc-completed,GBP,2025-04-08 14:49:54,178.00,APPROVED_FOR_IMPORT,,EMAIL_ONLY_D2,8,0,0,0
9376,wc-completed,GBP,2025-04-08 15:27:30,25.00,APPROVED_FOR_IMPORT,,EMAIL_ONLY_D2,1,0,0,0
9377,wc-completed,GBP,2025-04-08 16:04:21,45.00,APPROVED_FOR_IMPORT,,EMAIL_ONLY_D2,2,0,0,0
9378,wc-completed,GBP,2025-04-08 16:21:52,64.00,APPROVED_FOR_IMPORT,,EMAIL_ONLY_D2,5,0,0,0
9380,wc-completed,GBP,2025-04-08 20:25:48,51.00,APPROVED_FOR_IMPORT,,ASSOCIATE_GID,2,0,0,0
9382,wc-completed,GBP,2025-04-08 20:34:20,42.00,APPROVED_FOR_IMPORT,,EMAIL_ONLY_D2,2,0,0,0
9384,wc-failed,GBP,2025-04-08 23:02:43,33.00,APPROVED_FOR_IMPORT,,EMAIL_ONLY_D2,1,0,0,0
9385,wc-completed,GBP,2025-04-08 23:05:11,33.00,APPROVED_FOR_IMPORT,,EMAIL_ONLY_D2,1,0,0,0
9387,wc-completed,GBP,2025-04-09 00:17:30,66.00,APPROVED_FOR_IMPORT,,EMAIL_ONLY_D2,3,0,0,0
9389,wc-completed,GBP,2025-04-09 01:14:45,50.00,APPROVED_FOR_IMPORT,,EMAIL_ONLY_D2,2,0,0,0
9390,wc-completed,GBP,2025-04-09 04:30:43,25.00,APPROVED_FOR_IMPORT,,EMAIL_ONLY_D2,1,0,0,0
9391,wc-completed,GBP,2025-04-09 07:29:26,73.00,APPROVED_FOR_IMPORT,,EMAIL_ONLY_D2,4,0,0,0
9392,wc-completed,GBP,2025-04-09 08:31:10,47.00,APPROVED_FOR_IMPORT,,EMAIL_ONLY_D2,2,0,0,0
9393,wc-completed,GBP,2025-04-09 09:59:32,65.00,APPROVED_FOR_IMPORT,,EMAIL_ONLY_D2,3,0,0,0
9395,wc-completed,GBP,2025-04-09 10:39:08,93.97,APPROVED_FOR_IMPORT,,EMAIL_ONLY_D2,6,0,0,0
9396,wc-completed,GBP,2025-04-09 11:00:44,69.00,APPROVED_FOR_IMPORT,,ASSOCIATE_GID,3,0,0,0
9397,wc-completed,GBP,2025-04-09 11:03:54,67.00,APPROVED_FOR_IMPORT,,EMAIL_ONLY_D2,3,0,0,0
9398,wc-failed,GBP,2025-04-09 11:07:09,45.00,APPROVED_FOR_IMPORT,,EMAIL_ONLY_D2,2,0,0,0
9399,wc-completed,GBP,2025-04-09 11:07:32,45.00,APPROVED_FOR_IMPORT,,EMAIL_ONLY_D2,2,0,0,0
9400,wc-completed,GBP,2025-04-09 14:07:25,23.00,APPROVED_FOR_IMPORT,,EMAIL_ONLY_D2,2,0,0,1
9401,wc-completed,GBP,2025-04-09 14:15:15,25.00,APPROVED_FOR_IMPORT,,ASSOCIATE_GID,1,0,0,0
9402,wc-completed,GBP,2025-04-09 15:20:47,99.00,APPROVED_FOR_IMPORT,,EMAIL_ONLY_D2,5,0,0,0
9403,wc-completed,GBP,2025-04-09 15:32:04,47.00,APPROVED_FOR_IMPORT,,EMAIL_ONLY_D2,2,0,0,0
9405,wc-completed,GBP,2025-04-09 16:16:47,32.00,APPROVED_FOR_IMPORT,,ASSOCIATE_GID,1,0,0,0
9406,wc-completed,GBP,2025-04-09 16:23:12,30.00,APPROVED_FOR_IMPORT,,ASSOCIATE_GID,1,0,0,0
9407,wc-failed,GBP,2025-04-09 16:32:35,65.00,APPROVED_FOR_IMPORT,,ASSOCIATE_GID,1,0,0,0
9408,wc-completed,GBP,2025-04-09 16:40:01,40.00,PENDING_DECISION,D-3_unmapped_customer,UNMAPPED,2,0,0,0
9409,wc-completed,GBP,2025-04-09 16:52:15,50.00,APPROVED_FOR_IMPORT,,EMAIL_ONLY_D2,2,0,0,0
9410,wc-completed,GBP,2025-04-09 17:19:23,45.00,APPROVED_FOR_IMPORT,,EMAIL_ONLY_D2,2,0,0,0
9411,wc-completed,GBP,2025-04-09 18:28:05,65.00,APPROVED_FOR_IMPORT,,EMAIL_ONLY_D2,3,0,0,0
9412,wc-completed,GBP,2025-04-09 19:07:13,45.00,APPROVED_FOR_IMPORT,,EMAIL_ONLY_D2,2,0,0,0
9413,wc-failed,GBP,2025-04-09 20:43:33,46.00,APPROVED_FOR_IMPORT,,EMAIL_ONLY_D2,2,0,0,0
9415,wc-completed,GBP,2025-04-09 21:34:59,47.00,APPROVED_FOR_IMPORT,,EMAIL_ONLY_D2,2,0,0,0
9416,wc-completed,GBP,2025-04-09 21:35:10,45.00,APPROVED_FOR_IMPORT,,EMAIL_ONLY_D2,1,0,0,0
9418,wc-completed,GBP,2025-04-09 22:33:27,58.00,APPROVED_FOR_IMPORT,,EMAIL_ONLY_D2,2,0,0,0
9419,wc-completed,GBP,2025-04-10 06:36:59,71.00,APPROVED_FOR_IMPORT,,EMAIL_ONLY_D2,4,0,0,0
9421,wc-completed,GBP,2025-04-10 09:05:38,45.00,APPROVED_FOR_IMPORT,,EMAIL_ONLY_D2,1,0,0,0
9424,wc-completed,GBP,2025-04-10 10:44:39,90.00,APPROVED_FOR_IMPORT,,EMAIL_ONLY_D2,4,0,0,0
9425,wc-completed,GBP,2025-04-10 14:05:47,23.00,APPROVED_FOR_IMPORT,,EMAIL_ONLY_D2,1,0,0,0
9426,wc-completed,GBP,2025-04-10 15:07:04,65.00,APPROVED_FOR_IMPORT,,EMAIL_ONLY_D2,4,0,0,0
9427,wc-completed,GBP,2025-04-10 16:12:20,93.00,APPROVED_FOR_IMPORT,,EMAIL_ONLY_D2,3,0,0,0
9429,wc-completed,GBP,2025-04-10 17:48:38,66.00,APPROVED_FOR_IMPORT,,EMAIL_ONLY_D2,3,0,0,0
9430,wc-completed,GBP,2025-04-10 18:42:29,41.00,APPROVED_FOR_IMPORT,,EMAIL_ONLY_D2,2,0,0,0
9431,wc-completed,GBP,2025-04-10 20:37:45,41.00,APPROVED_FOR_IMPORT,,ASSOCIATE_GID,2,0,0,0
9433,wc-completed,GBP,2025-04-10 20:58:33,25.00,APPROVED_FOR_IMPORT,,EMAIL_ONLY_D2,1,0,0,0
9434,wc-failed,GBP,2025-04-10 20:59:15,25.00,APPROVED_FOR_IMPORT,,EMAIL_ONLY_D2,1,0,0,0
9435,wc-failed,GBP,2025-04-10 23:42:40,56.99,APPROVED_FOR_IMPORT,,EMAIL_ONLY_D2,3,0,0,0
9436,wc-completed,GBP,2025-04-10 23:43:58,56.99,APPROVED_FOR_IMPORT,,EMAIL_ONLY_D2,3,0,0,0
9437,wc-failed,GBP,2025-04-11 00:06:48,22.00,APPROVED_FOR_IMPORT,,EMAIL_ONLY_D2,1,0,0,0
9438,wc-completed,GBP,2025-04-11 01:42:22,63.00,APPROVED_FOR_IMPORT,,EMAIL_ONLY_D2,3,0,0,0
9439,wc-completed,GBP,2025-04-11 02:12:49,21.00,APPROVED_FOR_IMPORT,,EMAIL_ONLY_D2,1,0,0,0
9443,wc-completed,GBP,2025-04-11 09:25:48,53.00,APPROVED_FOR_IMPORT,,EMAIL_ONLY_D2,2,0,0,0
9444,wc-completed,GBP,2025-04-11 09:45:19,105.00,APPROVED_FOR_IMPORT,,EMAIL_ONLY_D2,5,0,0,0
9445,wc-completed,GBP,2025-04-11 10:26:46,106.00,APPROVED_FOR_IMPORT,,EMAIL_ONLY_D2,5,0,0,0
9446,wc-completed,GBP,2025-04-11 10:29:46,134.00,APPROVED_FOR_IMPORT,,EMAIL_ONLY_D2,7,0,0,0
9448,wc-completed,GBP,2025-04-11 12:32:20,19.00,APPROVED_FOR_IMPORT,,EMAIL_ONLY_D2,1,0,0,0
9451,wc-completed,GBP,2025-04-11 17:34:57,25.00,APPROVED_FOR_IMPORT,,EMAIL_ONLY_D2,1,0,0,0
9452,wc-completed,GBP,2025-04-11 18:53:46,90.99,APPROVED_FOR_IMPORT,,ASSOCIATE_GID,3,0,0,0
9453,wc-completed,GBP,2025-04-11 19:11:10,30.00,APPROVED_FOR_IMPORT,,EMAIL_ONLY_D2,1,0,0,0
9454,wc-completed,GBP,2025-04-11 19:54:03,80.00,APPROVED_FOR_IMPORT,,EMAIL_ONLY_D2,1,0,0,0
9455,wc-completed,GBP,2025-04-11 21:06:04,30.00,APPROVED_FOR_IMPORT,,EMAIL_ONLY_D2,1,0,0,0
9456,wc-completed,GBP,2025-04-11 21:42:10,45.00,APPROVED_FOR_IMPORT,,EMAIL_ONLY_D2,2,0,0,0
9457,wc-completed,GBP,2025-04-11 22:14:28,40.00,APPROVED_FOR_IMPORT,,EMAIL_ONLY_D2,2,0,0,0
9458,wc-completed,GBP,2025-04-11 23:48:14,50.00,APPROVED_FOR_IMPORT,,EMAIL_ONLY_D2,2,0,0,0
9459,wc-completed,GBP,2025-04-12 03:37:28,45.00,APPROVED_FOR_IMPORT,,EMAIL_ONLY_D2,2,0,0,0
9460,wc-completed,GBP,2025-04-12 06:20:50,45.00,APPROVED_FOR_IMPORT,,EMAIL_ONLY_D2,2,0,0,0
9462,wc-completed,GBP,2025-04-12 07:13:49,27.00,APPROVED_FOR_IMPORT,,EMAIL_ONLY_D2,1,0,0,0
9463,wc-completed,GBP,2025-04-12 08:07:37,70.99,APPROVED_FOR_IMPORT,,EMAIL_ONLY_D2,2,0,0,0
9464,wc-completed,GBP,2025-04-12 08:42:31,23.00,APPROVED_FOR_IMPORT,,EMAIL_ONLY_D2,1,0,0,0
9465,wc-completed,GBP,2025-04-12 08:45:50,43.00,APPROVED_FOR_IMPORT,,ASSOCIATE_GID,2,0,0,0
9466,wc-completed,GBP,2025-04-12 09:33:32,53.00,APPROVED_FOR_IMPORT,,EMAIL_ONLY_D2,2,0,0,0
9467,wc-completed,GBP,2025-04-12 11:25:31,63.00,APPROVED_FOR_IMPORT,,ASSOCIATE_GID,3,0,0,0
9468,wc-completed,GBP,2025-04-12 11:27:29,30.00,APPROVED_FOR_IMPORT,,EMAIL_ONLY_D2,1,0,0,0
9469,wc-cancelled,GBP,2025-04-12 15:22:35,57.00,APPROVED_FOR_IMPORT,,ASSOCIATE_GID,4,0,0,0
9470,wc-failed,GBP,2025-04-12 16:02:38,45.00,APPROVED_FOR_IMPORT,,EMAIL_ONLY_D2,2,0,0,0
9471,wc-completed,GBP,2025-04-12 17:01:24,41.00,APPROVED_FOR_IMPORT,,EMAIL_ONLY_D2,1,0,0,0
9472,wc-completed,GBP,2025-04-12 17:04:17,45.00,APPROVED_FOR_IMPORT,,EMAIL_ONLY_D2,2,0,0,0
9473,wc-completed,GBP,2025-04-12 18:43:05,43.00,APPROVED_FOR_IMPORT,,EMAIL_ONLY_D2,2,0,0,0
9474,wc-completed,GBP,2025-04-12 20:32:10,83.00,APPROVED_FOR_IMPORT,,EMAIL_ONLY_D2,4,1,0,0
9475,wc-completed,GBP,2025-04-12 21:06:54,55.00,APPROVED_FOR_IMPORT,,EMAIL_ONLY_D2,2,0,0,0
9476,wc-completed,GBP,2025-04-12 21:39:46,169.00,APPROVED_FOR_IMPORT,,ASSOCIATE_GID,8,0,0,0
9477,wc-completed,GBP,2025-04-13 00:45:52,127.00,APPROVED_FOR_IMPORT,,EMAIL_ONLY_D2,7,0,0,0
9478,wc-completed,GBP,2025-04-13 07:09:13,84.00,APPROVED_FOR_IMPORT,,EMAIL_ONLY_D2,5,0,0,0
9479,wc-completed,GBP,2025-04-13 08:32:11,25.00,APPROVED_FOR_IMPORT,,EMAIL_ONLY_D2,1,0,0,0
9480,wc-completed,GBP,2025-04-13 14:02:34,45.00,APPROVED_FOR_IMPORT,,EMAIL_ONLY_D2,2,0,0,0
9481,wc-completed,GBP,2025-04-13 15:30:54,55.00,APPROVED_FOR_IMPORT,,ASSOCIATE_GID,2,0,0,0
9482,wc-failed,GBP,2025-04-13 19:17:10,41.00,APPROVED_FOR_IMPORT,,EMAIL_ONLY_D2,2,0,0,0
9483,wc-completed,GBP,2025-04-13 19:20:15,41.00,APPROVED_FOR_IMPORT,,EMAIL_ONLY_D2,2,0,0,0
9484,wc-completed,GBP,2025-04-13 19:57:21,25.00,APPROVED_FOR_IMPORT,,EMAIL_ONLY_D2,1,0,0,0
9485,wc-completed,GBP,2025-04-13 20:36:45,23.00,APPROVED_FOR_IMPORT,,EMAIL_ONLY_D2,1,0,0,0
9486,wc-completed,GBP,2025-04-13 20:59:42,45.00,APPROVED_FOR_IMPORT,,EMAIL_ONLY_D2,1,0,0,0
9487,wc-failed,GBP,2025-04-13 21:40:46,56.00,APPROVED_FOR_IMPORT,,EMAIL_ONLY_D2,3,0,0,0
9488,wc-failed,GBP,2025-04-13 21:41:25,56.00,APPROVED_FOR_IMPORT,,EMAIL_ONLY_D2,3,0,0,0
9489,wc-completed,GBP,2025-04-13 21:55:27,77.99,APPROVED_FOR_IMPORT,,ASSOCIATE_GID,5,0,0,0
9490,wc-completed,GBP,2025-04-13 21:58:37,69.00,APPROVED_FOR_IMPORT,,ASSOCIATE_GID,3,0,0,0
9491,wc-completed,GBP,2025-04-13 22:02:03,45.00,APPROVED_FOR_IMPORT,,EMAIL_ONLY_D2,1,0,0,0
9492,wc-completed,GBP,2025-04-13 22:21:12,127.99,APPROVED_FOR_IMPORT,,EMAIL_ONLY_D2,6,0,0,0
9493,wc-completed,GBP,2025-04-13 22:28:56,67.00,APPROVED_FOR_IMPORT,,ASSOCIATE_GID,3,0,0,0
9496,wc-completed,GBP,2025-04-13 23:13:13,63.99,APPROVED_FOR_IMPORT,,ASSOCIATE_GID,4,0,0,0
9497,wc-completed,GBP,2025-04-14 00:42:34,82.00,APPROVED_FOR_IMPORT,,EMAIL_ONLY_D2,3,0,0,0
9498,wc-completed,GBP,2025-04-14 02:20:20,30.00,APPROVED_FOR_IMPORT,,EMAIL_ONLY_D2,1,0,0,0
9500,wc-completed,GBP,2025-04-14 03:44:27,23.00,APPROVED_FOR_IMPORT,,EMAIL_ONLY_D2,1,0,0,0
9501,wc-completed,GBP,2025-04-14 07:24:54,155.99,APPROVED_FOR_IMPORT,,ASSOCIATE_GID,6,0,0,0
9503,wc-completed,GBP,2025-04-14 07:56:26,19.00,APPROVED_FOR_IMPORT,,EMAIL_ONLY_D2,1,0,0,0
9504,wc-completed,GBP,2025-04-14 08:04:44,70.00,APPROVED_FOR_IMPORT,,EMAIL_ONLY_D2,3,0,0,0
9505,wc-completed,GBP,2025-04-14 08:52:21,30.00,APPROVED_FOR_IMPORT,,EMAIL_ONLY_D2,1,0,0,0
9506,wc-completed,GBP,2025-04-14 09:00:54,37.00,APPROVED_FOR_IMPORT,,EMAIL_ONLY_D2,1,0,0,0
9507,wc-completed,GBP,2025-04-14 10:04:38,50.00,APPROVED_FOR_IMPORT,,ASSOCIATE_GID,2,0,0,0
9510,wc-completed,GBP,2025-04-14 10:58:10,25.00,APPROVED_FOR_IMPORT,,ASSOCIATE_GID,1,0,0,0
9511,wc-completed,GBP,2025-04-14 12:12:19,154.00,APPROVED_FOR_IMPORT,,EMAIL_ONLY_D2,1,1,0,0
9512,wc-completed,GBP,2025-04-14 12:18:41,50.00,APPROVED_FOR_IMPORT,,EMAIL_ONLY_D2,2,0,0,0
9514,wc-completed,GBP,2025-04-14 13:12:51,30.00,APPROVED_FOR_IMPORT,,EMAIL_ONLY_D2,1,0,0,0
9515,wc-completed,GBP,2025-04-14 13:39:56,154.00,APPROVED_FOR_IMPORT,,EMAIL_ONLY_D2,1,1,0,0
9516,wc-completed,GBP,2025-04-14 13:40:31,184.98,APPROVED_FOR_IMPORT,,EMAIL_ONLY_D2,11,0,0,0
9517,wc-completed,GBP,2025-04-14 14:32:10,74.00,APPROVED_FOR_IMPORT,,EMAIL_ONLY_D2,4,0,0,0
9518,wc-completed,GBP,2025-04-14 14:49:20,21.00,APPROVED_FOR_IMPORT,,ASSOCIATE_GID,1,0,0,0
9519,wc-completed,GBP,2025-04-14 15:04:36,59.98,APPROVED_FOR_IMPORT,,ASSOCIATE_GID,3,0,0,0
9520,wc-completed,GBP,2025-04-14 15:17:33,65.00,APPROVED_FOR_IMPORT,,EMAIL_ONLY_D2,2,0,0,0
9521,wc-completed,GBP,2025-04-14 16:01:48,75.00,APPROVED_FOR_IMPORT,,EMAIL_ONLY_D2,3,0,0,0
9522,wc-completed,GBP,2025-04-14 16:17:14,42.00,APPROVED_FOR_IMPORT,,EMAIL_ONLY_D2,2,0,0,0
9524,wc-completed,GBP,2025-04-14 16:34:49,30.00,APPROVED_FOR_IMPORT,,EMAIL_ONLY_D2,1,0,0,0
9525,wc-completed,GBP,2025-04-14 16:42:05,41.00,APPROVED_FOR_IMPORT,,ASSOCIATE_GID,2,0,0,0
9526,wc-completed,GBP,2025-04-14 17:11:20,30.00,APPROVED_FOR_IMPORT,,EMAIL_ONLY_D2,1,0,0,0
9528,wc-completed,GBP,2025-04-14 18:08:56,69.99,APPROVED_FOR_IMPORT,,EMAIL_ONLY_D2,4,0,0,0
9529,wc-failed,GBP,2025-04-14 18:51:07,108.99,APPROVED_FOR_IMPORT,,EMAIL_ONLY_D2,6,0,0,0
9530,wc-completed,GBP,2025-04-14 18:52:08,108.99,APPROVED_FOR_IMPORT,,EMAIL_ONLY_D2,6,0,0,0
9532,wc-completed,GBP,2025-04-14 19:51:24,25.00,APPROVED_FOR_IMPORT,,EMAIL_ONLY_D2,1,0,0,0
9533,wc-completed,GBP,2025-04-14 21:41:54,142.00,APPROVED_FOR_IMPORT,,EMAIL_ONLY_D2,11,0,1,0
9534,wc-completed,GBP,2025-04-14 22:13:59,21.00,APPROVED_FOR_IMPORT,,ASSOCIATE_GID,1,0,0,0
9535,wc-completed,GBP,2025-04-14 23:59:53,47.00,APPROVED_FOR_IMPORT,,EMAIL_ONLY_D2,2,0,0,0
9536,wc-completed,GBP,2025-04-15 01:03:10,20.00,APPROVED_FOR_IMPORT,,EMAIL_ONLY_D2,1,0,0,0
9538,wc-failed,GBP,2025-04-15 10:01:14,235.00,APPROVED_FOR_IMPORT,,ASSOCIATE_GID,10,1,0,0
9539,wc-completed,GBP,2025-04-15 10:50:50,80.00,APPROVED_FOR_IMPORT,,EMAIL_ONLY_D2,5,0,0,0
9540,wc-completed,GBP,2025-04-15 11:01:22,235.00,APPROVED_FOR_IMPORT,,ASSOCIATE_GID,10,1,0,0
9541,wc-completed,GBP,2025-04-15 11:26:16,116.00,APPROVED_FOR_IMPORT,,EMAIL_ONLY_D2,7,0,0,0
9542,wc-completed,GBP,2025-04-15 12:50:09,23.00,APPROVED_FOR_IMPORT,,ASSOCIATE_GID,2,0,0,0
9543,wc-completed,GBP,2025-04-15 13:19:35,57.00,APPROVED_FOR_IMPORT,,EMAIL_ONLY_D2,3,0,0,0
9544,wc-completed,GBP,2025-04-15 13:43:34,75.00,APPROVED_FOR_IMPORT,,EMAIL_ONLY_D2,3,0,0,0
9546,wc-completed,GBP,2025-04-15 16:04:13,25.00,APPROVED_FOR_IMPORT,,EMAIL_ONLY_D2,1,0,0,0
9547,wc-completed,GBP,2025-04-15 19:56:06,59.00,APPROVED_FOR_IMPORT,,EMAIL_ONLY_D2,3,0,0,0
9549,wc-completed,GBP,2025-04-15 20:50:58,83.00,APPROVED_FOR_IMPORT,,EMAIL_ONLY_D2,2,0,0,0
9550,wc-completed,GBP,2025-04-15 21:22:01,22.00,APPROVED_FOR_IMPORT,,EMAIL_ONLY_D2,1,0,0,0
9551,wc-completed,GBP,2025-04-15 23:00:22,30.00,APPROVED_FOR_IMPORT,,EMAIL_ONLY_D2,1,0,0,0
9552,wc-completed,GBP,2025-04-15 23:25:25,23.00,APPROVED_FOR_IMPORT,,EMAIL_ONLY_D2,1,0,0,0
9554,wc-completed,GBP,2025-04-16 02:32:00,88.00,APPROVED_FOR_IMPORT,,EMAIL_ONLY_D2,4,1,0,0
9555,wc-completed,GBP,2025-04-16 05:29:57,124.00,APPROVED_FOR_IMPORT,,EMAIL_ONLY_D2,3,1,0,0
9556,wc-completed,GBP,2025-04-16 07:13:09,66.00,APPROVED_FOR_IMPORT,,EMAIL_ONLY_D2,3,0,0,0
9557,wc-completed,GBP,2025-04-16 08:09:00,61.00,APPROVED_FOR_IMPORT,,EMAIL_ONLY_D2,1,0,0,0
9558,wc-completed,GBP,2025-04-16 08:44:01,43.00,APPROVED_FOR_IMPORT,,EMAIL_ONLY_D2,2,0,0,0
9559,wc-completed,GBP,2025-04-16 09:20:52,33.00,APPROVED_FOR_IMPORT,,EMAIL_ONLY_D2,1,0,0,0
9560,wc-completed,GBP,2025-04-16 09:29:13,61.00,APPROVED_FOR_IMPORT,,EMAIL_ONLY_D2,3,0,0,0
9561,wc-completed,GBP,2025-04-16 11:53:52,45.00,APPROVED_FOR_IMPORT,,EMAIL_ONLY_D2,2,0,0,0
9562,wc-completed,GBP,2025-04-16 12:47:07,85.00,APPROVED_FOR_IMPORT,,EMAIL_ONLY_D2,3,0,0,0
9563,wc-completed,GBP,2025-04-16 13:51:59,163.00,APPROVED_FOR_IMPORT,,EMAIL_ONLY_D2,8,0,0,0
9564,wc-completed,GBP,2025-04-16 14:11:32,19.00,APPROVED_FOR_IMPORT,,EMAIL_ONLY_D2,1,0,0,0
9565,wc-completed,GBP,2025-04-16 16:02:24,21.00,APPROVED_FOR_IMPORT,,EMAIL_ONLY_D2,1,0,0,0
9566,wc-completed,GBP,2025-04-16 18:26:30,37.00,APPROVED_FOR_IMPORT,,EMAIL_ONLY_D2,1,0,0,0
9567,wc-completed,GBP,2025-04-16 19:05:41,88.99,APPROVED_FOR_IMPORT,,EMAIL_ONLY_D2,5,0,0,0
9568,wc-completed,GBP,2025-04-16 19:27:42,36.00,APPROVED_FOR_IMPORT,,EMAIL_ONLY_D2,2,0,0,0
9569,wc-completed,GBP,2025-04-16 20:24:37,22.00,APPROVED_FOR_IMPORT,,EMAIL_ONLY_D2,1,0,0,0
9570,wc-completed,GBP,2025-04-16 21:16:19,30.00,APPROVED_FOR_IMPORT,,EMAIL_ONLY_D2,1,0,0,0
9571,wc-completed,GBP,2025-04-16 21:39:36,32.00,APPROVED_FOR_IMPORT,,EMAIL_ONLY_D2,1,0,0,0
9572,wc-completed,GBP,2025-04-16 22:08:35,65.00,APPROVED_FOR_IMPORT,,EMAIL_ONLY_D2,3,0,0,0
9574,wc-completed,GBP,2025-04-17 00:32:24,33.00,APPROVED_FOR_IMPORT,,EMAIL_ONLY_D2,1,0,0,0
9575,wc-completed,GBP,2025-04-17 00:42:11,25.00,APPROVED_FOR_IMPORT,,EMAIL_ONLY_D2,1,0,0,0
9576,wc-completed,GBP,2025-04-17 02:30:07,40.00,APPROVED_FOR_IMPORT,,EMAIL_ONLY_D2,1,0,0,0
9578,wc-completed,GBP,2025-04-17 11:17:41,49.99,APPROVED_FOR_IMPORT,,EMAIL_ONLY_D2,2,0,0,0
9580,wc-completed,GBP,2025-04-17 11:59:38,23.00,APPROVED_FOR_IMPORT,,EMAIL_ONLY_D2,1,0,0,0
9581,wc-completed,GBP,2025-04-17 13:29:51,45.00,APPROVED_FOR_IMPORT,,EMAIL_ONLY_D2,1,0,0,0
9582,wc-completed,GBP,2025-04-17 13:35:07,27.00,APPROVED_FOR_IMPORT,,EMAIL_ONLY_D2,1,0,0,0
9583,wc-completed,GBP,2025-04-17 13:56:04,45.00,APPROVED_FOR_IMPORT,,EMAIL_ONLY_D2,2,0,0,0
9585,wc-completed,GBP,2025-04-17 17:01:05,35.00,APPROVED_FOR_IMPORT,,EMAIL_ONLY_D2,1,0,0,0
9586,wc-completed,GBP,2025-04-17 18:17:05,110.00,APPROVED_FOR_IMPORT,,ASSOCIATE_GID,6,0,0,0
9587,wc-completed,GBP,2025-04-17 20:50:44,35.00,APPROVED_FOR_IMPORT,,EMAIL_ONLY_D2,2,0,0,0
9588,wc-completed,GBP,2025-04-17 21:18:07,89.00,APPROVED_FOR_IMPORT,,EMAIL_ONLY_D2,3,0,0,0
9589,wc-completed,GBP,2025-04-17 21:52:48,105.99,APPROVED_FOR_IMPORT,,EMAIL_ONLY_D2,4,0,0,0
9590,wc-completed,GBP,2025-04-17 22:30:35,50.00,APPROVED_FOR_IMPORT,,EMAIL_ONLY_D2,1,0,0,0
9591,wc-completed,GBP,2025-04-18 00:39:09,38.00,APPROVED_FOR_IMPORT,,EMAIL_ONLY_D2,2,0,0,0
9592,wc-completed,GBP,2025-04-18 05:34:00,22.00,APPROVED_FOR_IMPORT,,EMAIL_ONLY_D2,1,0,0,0
9593,wc-completed,GBP,2025-04-18 12:07:20,59.00,APPROVED_FOR_IMPORT,,EMAIL_ONLY_D2,2,0,0,0
9594,wc-completed,GBP,2025-04-18 13:45:09,37.00,APPROVED_FOR_IMPORT,,EMAIL_ONLY_D2,2,0,0,0
9595,wc-completed,GBP,2025-04-18 15:20:50,60.99,APPROVED_FOR_IMPORT,,EMAIL_ONLY_D2,3,0,0,0
9598,wc-completed,GBP,2025-04-18 20:17:28,169.99,APPROVED_FOR_IMPORT,,EMAIL_ONLY_D2,7,0,0,0
9599,wc-completed,GBP,2025-04-19 04:47:41,64.00,APPROVED_FOR_IMPORT,,EMAIL_ONLY_D2,3,0,0,0
9600,wc-completed,GBP,2025-04-19 08:19:10,82.00,APPROVED_FOR_IMPORT,,EMAIL_ONLY_D2,4,0,0,0
9603,wc-completed,GBP,2025-04-19 11:07:53,25.00,APPROVED_FOR_IMPORT,,EMAIL_ONLY_D2,1,0,0,0
9604,wc-completed,GBP,2025-04-19 11:21:38,108.00,APPROVED_FOR_IMPORT,,EMAIL_ONLY_D2,5,0,0,0
9605,wc-completed,GBP,2025-04-19 13:51:40,70.00,APPROVED_FOR_IMPORT,,EMAIL_ONLY_D2,3,0,0,0
9607,wc-completed,GBP,2025-04-19 16:27:04,65.00,APPROVED_FOR_IMPORT,,EMAIL_ONLY_D2,3,0,0,0
9608,wc-completed,GBP,2025-04-19 17:24:14,98.99,APPROVED_FOR_IMPORT,,EMAIL_ONLY_D2,4,0,0,1
9609,wc-completed,GBP,2025-04-19 19:30:33,62.00,APPROVED_FOR_IMPORT,,EMAIL_ONLY_D2,3,0,0,0
9610,wc-completed,GBP,2025-04-20 00:32:47,27.99,APPROVED_FOR_IMPORT,,EMAIL_ONLY_D2,2,0,0,0
9611,wc-failed,GBP,2025-04-20 12:39:54,82.00,APPROVED_FOR_IMPORT,,EMAIL_ONLY_D2,4,0,0,0
9612,wc-completed,GBP,2025-04-20 12:40:35,87.00,APPROVED_FOR_IMPORT,,EMAIL_ONLY_D2,4,0,0,0
9613,wc-completed,GBP,2025-04-20 14:05:19,126.00,APPROVED_FOR_IMPORT,,EMAIL_ONLY_D2,7,0,0,0
9614,wc-completed,GBP,2025-04-20 15:16:02,65.00,APPROVED_FOR_IMPORT,,EMAIL_ONLY_D2,3,0,0,0
9615,wc-completed,GBP,2025-04-20 15:24:23,33.00,APPROVED_FOR_IMPORT,,EMAIL_ONLY_D2,2,0,0,0
9616,wc-completed,GBP,2025-04-20 15:25:16,43.00,APPROVED_FOR_IMPORT,,EMAIL_ONLY_D2,2,0,0,0
9617,wc-completed,GBP,2025-04-20 15:36:43,45.00,APPROVED_FOR_IMPORT,,EMAIL_ONLY_D2,2,0,0,0
9618,wc-completed,GBP,2025-04-20 17:27:53,63.00,APPROVED_FOR_IMPORT,,EMAIL_ONLY_D2,3,0,0,0
9619,wc-cancelled,GBP,2025-04-20 18:12:04,56.00,PENDING_DECISION,D-3_unmapped_customer,UNMAPPED,3,0,0,0
9620,wc-completed,GBP,2025-04-20 18:24:13,56.00,PENDING_DECISION,D-3_unmapped_customer,UNMAPPED,3,0,0,0
9621,wc-completed,GBP,2025-04-20 19:15:19,103.00,APPROVED_FOR_IMPORT,,EMAIL_ONLY_D2,5,0,0,0
9622,wc-completed,GBP,2025-04-20 20:33:33,21.00,APPROVED_FOR_IMPORT,,EMAIL_ONLY_D2,1,0,0,0
9623,wc-completed,GBP,2025-04-20 21:29:48,74.00,APPROVED_FOR_IMPORT,,EMAIL_ONLY_D2,4,0,0,1
9626,wc-completed,GBP,2025-04-20 23:10:30,51.00,PENDING_DECISION,D-3_unmapped_customer,UNMAPPED,3,0,0,0
9627,wc-completed,GBP,2025-04-20 23:36:07,35.00,APPROVED_FOR_IMPORT,,EMAIL_ONLY_D2,1,0,0,0
9628,wc-completed,GBP,2025-04-21 00:19:11,20.00,APPROVED_FOR_IMPORT,,EMAIL_ONLY_D2,1,0,0,0
9629,wc-completed,GBP,2025-04-21 02:36:44,146.00,APPROVED_FOR_IMPORT,,EMAIL_ONLY_D2,7,0,0,0
9630,wc-completed,GBP,2025-04-21 05:05:35,51.00,APPROVED_FOR_IMPORT,,EMAIL_ONLY_D2,3,0,0,0
9631,wc-completed,GBP,2025-04-21 05:41:53,98.99,APPROVED_FOR_IMPORT,,EMAIL_ONLY_D2,5,0,0,0
9632,wc-completed,GBP,2025-04-21 06:59:17,73.00,APPROVED_FOR_IMPORT,,EMAIL_ONLY_D2,3,0,0,0
9634,wc-failed,GBP,2025-04-21 09:20:11,59.00,APPROVED_FOR_IMPORT,,ASSOCIATE_GID,3,0,0,0
9635,wc-completed,GBP,2025-04-21 09:39:52,144.99,PENDING_DECISION,D-3_unmapped_customer,UNMAPPED,5,0,0,1
9637,wc-completed,GBP,2025-04-21 16:30:29,69.00,APPROVED_FOR_IMPORT,,EMAIL_ONLY_D2,3,0,0,0
9639,wc-completed,GBP,2025-04-21 20:30:49,45.00,APPROVED_FOR_IMPORT,,ASSOCIATE_GID,2,0,0,0
9640,wc-completed,GBP,2025-04-21 21:19:36,45.00,APPROVED_FOR_IMPORT,,EMAIL_ONLY_D2,2,0,0,0
9641,wc-completed,GBP,2025-04-21 22:40:22,85.00,APPROVED_FOR_IMPORT,,EMAIL_ONLY_D2,4,1,0,0
9642,wc-completed,GBP,2025-04-22 08:03:14,80.00,APPROVED_FOR_IMPORT,,EMAIL_ONLY_D2,4,0,0,0
9643,wc-completed,GBP,2025-04-22 08:49:20,41.00,APPROVED_FOR_IMPORT,,EMAIL_ONLY_D2,2,0,0,0
9644,wc-completed,GBP,2025-04-22 12:06:25,92.00,APPROVED_FOR_IMPORT,,ASSOCIATE_GID,4,0,0,0
9645,wc-completed,GBP,2025-04-22 12:10:09,59.00,APPROVED_FOR_IMPORT,,EMAIL_ONLY_D2,3,0,0,0
9646,wc-completed,GBP,2025-04-22 16:28:11,79.00,APPROVED_FOR_IMPORT,,ASSOCIATE_GID,4,0,0,0
9647,wc-completed,GBP,2025-04-22 17:09:46,61.99,APPROVED_FOR_IMPORT,,EMAIL_ONLY_D2,2,0,0,0
9651,wc-completed,GBP,2025-04-22 21:09:43,68.00,APPROVED_FOR_IMPORT,,EMAIL_ONLY_D2,3,0,0,0
9652,wc-completed,GBP,2025-04-22 22:42:39,32.00,APPROVED_FOR_IMPORT,,EMAIL_ONLY_D2,1,0,0,0
9654,wc-completed,GBP,2025-04-23 05:35:09,25.00,APPROVED_FOR_IMPORT,,EMAIL_ONLY_D2,1,0,0,0
9655,wc-completed,GBP,2025-04-23 06:17:16,30.00,APPROVED_FOR_IMPORT,,ASSOCIATE_GID,1,0,0,0
9656,wc-completed,GBP,2025-04-23 09:30:50,55.00,APPROVED_FOR_IMPORT,,EMAIL_ONLY_D2,2,0,0,0
9657,wc-completed,GBP,2025-04-23 09:59:08,136.98,APPROVED_FOR_IMPORT,,EMAIL_ONLY_D2,8,0,0,0
9700,wc-completed,GBP,2025-04-23 14:23:51,50.00,APPROVED_FOR_IMPORT,,EMAIL_ONLY_D2,2,0,0,0
9701,wc-completed,GBP,2025-04-23 15:55:24,64.00,APPROVED_FOR_IMPORT,,EMAIL_ONLY_D2,4,0,0,0
9702,wc-completed,GBP,2025-04-23 18:14:43,23.00,APPROVED_FOR_IMPORT,,EMAIL_ONLY_D2,1,0,0,0
9703,wc-completed,GBP,2025-04-23 18:55:46,137.00,APPROVED_FOR_IMPORT,,ASSOCIATE_GID,7,1,1,0
9704,wc-cancelled,GBP,2025-04-23 18:56:16,62.00,APPROVED_FOR_IMPORT,,ASSOCIATE_GID,2,0,0,0
9705,wc-cancelled,GBP,2025-04-23 18:58:46,67.00,APPROVED_FOR_IMPORT,,ASSOCIATE_GID,2,0,0,0
9706,wc-completed,GBP,2025-04-23 20:00:54,65.00,APPROVED_FOR_IMPORT,,EMAIL_ONLY_D2,1,0,0,1
9707,wc-completed,GBP,2025-04-23 20:01:20,86.00,APPROVED_FOR_IMPORT,,EMAIL_ONLY_D2,4,0,0,0
9708,wc-completed,GBP,2025-04-23 21:11:42,25.00,APPROVED_FOR_IMPORT,,ASSOCIATE_GID,1,0,0,0
9709,wc-completed,GBP,2025-04-23 21:17:58,41.00,APPROVED_FOR_IMPORT,,EMAIL_ONLY_D2,2,0,0,0
9710,wc-completed,GBP,2025-04-23 22:18:33,30.00,APPROVED_FOR_IMPORT,,EMAIL_ONLY_D2,1,0,0,0
9712,wc-completed,GBP,2025-04-23 23:18:59,138.00,PENDING_DECISION,D-3_unmapped_customer,UNMAPPED,7,0,0,0
9713,wc-failed,GBP,2025-04-23 23:19:11,21.00,APPROVED_FOR_IMPORT,,EMAIL_ONLY_D2,1,0,0,0
9714,wc-completed,GBP,2025-04-23 23:52:33,75.00,APPROVED_FOR_IMPORT,,ASSOCIATE_GID,3,0,0,0
9715,wc-completed,GBP,2025-04-24 05:34:18,32.00,APPROVED_FOR_IMPORT,,ASSOCIATE_GID,1,0,0,0
9716,wc-completed,GBP,2025-04-24 06:37:00,35.00,APPROVED_FOR_IMPORT,,EMAIL_ONLY_D2,1,0,0,0
9717,wc-completed,GBP,2025-04-24 08:55:07,45.00,APPROVED_FOR_IMPORT,,EMAIL_ONLY_D2,2,0,0,0
9718,wc-completed,GBP,2025-04-24 09:02:44,67.00,APPROVED_FOR_IMPORT,,ASSOCIATE_GID,2,0,0,0
9719,wc-completed,GBP,2025-04-24 09:21:11,69.00,APPROVED_FOR_IMPORT,,EMAIL_ONLY_D2,4,0,0,0
9722,wc-completed,GBP,2025-04-24 12:46:09,50.00,APPROVED_FOR_IMPORT,,ASSOCIATE_GID,1,0,0,0
9724,wc-completed,GBP,2025-04-24 13:56:41,58.00,APPROVED_FOR_IMPORT,,EMAIL_ONLY_D2,2,0,0,0
9727,wc-completed,GBP,2025-04-24 15:57:50,60.00,APPROVED_FOR_IMPORT,,ASSOCIATE_GID,3,0,0,0
9728,wc-completed,GBP,2025-04-24 16:13:55,25.00,APPROVED_FOR_IMPORT,,EMAIL_ONLY_D2,1,0,0,0
9729,wc-completed,GBP,2025-04-24 16:22:32,39.00,APPROVED_FOR_IMPORT,,EMAIL_ONLY_D2,2,0,0,0
9730,wc-completed,GBP,2025-04-24 17:49:06,23.00,APPROVED_FOR_IMPORT,,EMAIL_ONLY_D2,1,0,0,0
9731,wc-completed,GBP,2025-04-24 18:37:03,104.00,APPROVED_FOR_IMPORT,,ASSOCIATE_GID,1,0,0,0
9732,wc-completed,GBP,2025-04-24 18:46:48,45.00,APPROVED_FOR_IMPORT,,EMAIL_ONLY_D2,1,0,0,0
9733,wc-completed,GBP,2025-04-24 19:33:20,25.00,APPROVED_FOR_IMPORT,,EMAIL_ONLY_D2,1,1,0,0
9734,wc-completed,GBP,2025-04-24 19:48:40,34.99,APPROVED_FOR_IMPORT,,EMAIL_ONLY_D2,2,0,0,0
9735,wc-completed,GBP,2025-04-24 21:20:09,22.00,APPROVED_FOR_IMPORT,,EMAIL_ONLY_D2,1,0,0,0
9736,wc-completed,GBP,2025-04-24 21:21:00,50.00,APPROVED_FOR_IMPORT,,EMAIL_ONLY_D2,4,0,0,0
9737,wc-completed,GBP,2025-04-25 00:35:46,96.00,APPROVED_FOR_IMPORT,,ASSOCIATE_GID,4,0,0,0
9738,wc-completed,GBP,2025-04-25 00:38:54,166.99,APPROVED_FOR_IMPORT,,EMAIL_ONLY_D2,10,0,0,0
9740,wc-completed,GBP,2025-04-25 01:36:55,89.99,APPROVED_FOR_IMPORT,,EMAIL_ONLY_D2,7,0,0,0
9741,wc-completed,GBP,2025-04-25 05:57:38,55.00,APPROVED_FOR_IMPORT,,EMAIL_ONLY_D2,1,0,0,1
9742,wc-completed,GBP,2025-04-25 07:38:08,57.00,APPROVED_FOR_IMPORT,,EMAIL_ONLY_D2,3,0,0,0
9743,wc-completed,GBP,2025-04-25 08:40:13,82.00,APPROVED_FOR_IMPORT,,EMAIL_ONLY_D2,3,0,0,0
9744,wc-completed,GBP,2025-04-25 09:05:02,41.00,APPROVED_FOR_IMPORT,,ASSOCIATE_GID,2,0,0,0
9745,wc-completed,GBP,2025-04-25 09:15:19,33.99,APPROVED_FOR_IMPORT,,EMAIL_ONLY_D2,1,0,0,0
9746,wc-completed,GBP,2025-04-25 09:25:00,73.00,APPROVED_FOR_IMPORT,,EMAIL_ONLY_D2,5,0,0,0
9747,wc-completed,GBP,2025-04-25 09:43:11,32.00,APPROVED_FOR_IMPORT,,EMAIL_ONLY_D2,1,0,0,0
9748,wc-completed,GBP,2025-04-25 10:23:32,103.00,APPROVED_FOR_IMPORT,,EMAIL_ONLY_D2,5,0,0,0
9749,wc-completed,GBP,2025-04-25 10:35:37,54.00,PENDING_DECISION,D-3_unmapped_customer,UNMAPPED,3,0,0,0
9751,wc-completed,GBP,2025-04-25 12:48:43,50.00,APPROVED_FOR_IMPORT,,ASSOCIATE_GID,3,0,0,0
9752,wc-completed,GBP,2025-04-25 13:00:31,60.00,APPROVED_FOR_IMPORT,,EMAIL_ONLY_D2,2,0,0,0
9754,wc-completed,GBP,2025-04-25 13:58:19,47.00,APPROVED_FOR_IMPORT,,EMAIL_ONLY_D2,2,0,0,0
9755,wc-completed,GBP,2025-04-25 14:43:31,98.00,APPROVED_FOR_IMPORT,,ASSOCIATE_GID,5,0,0,0
9756,wc-completed,GBP,2025-04-25 15:36:27,105.00,APPROVED_FOR_IMPORT,,EMAIL_ONLY_D2,5,0,0,0
9757,wc-completed,GBP,2025-04-25 15:45:21,105.00,APPROVED_FOR_IMPORT,,EMAIL_ONLY_D2,4,0,0,0
9758,wc-completed,GBP,2025-04-25 16:06:00,45.00,APPROVED_FOR_IMPORT,,EMAIL_ONLY_D2,2,0,0,0
9759,wc-completed,GBP,2025-04-25 17:11:46,53.00,APPROVED_FOR_IMPORT,,EMAIL_ONLY_D2,2,0,0,0
9760,wc-completed,GBP,2025-04-25 17:24:28,45.00,APPROVED_FOR_IMPORT,,EMAIL_ONLY_D2,2,0,0,0
9764,wc-completed,GBP,2025-04-25 22:30:09,70.00,APPROVED_FOR_IMPORT,,EMAIL_ONLY_D2,1,1,0,0
9765,wc-completed,GBP,2025-04-25 23:36:22,79.00,APPROVED_FOR_IMPORT,,EMAIL_ONLY_D2,4,0,0,0
9766,wc-completed,GBP,2025-04-26 01:58:52,87.00,APPROVED_FOR_IMPORT,,EMAIL_ONLY_D2,5,0,0,0
9767,wc-completed,GBP,2025-04-26 02:24:35,21.00,APPROVED_FOR_IMPORT,,EMAIL_ONLY_D2,1,0,0,0
9768,wc-completed,GBP,2025-04-26 05:34:45,56.00,APPROVED_FOR_IMPORT,,EMAIL_ONLY_D2,3,0,0,0
9769,wc-completed,GBP,2025-04-26 07:34:35,40.00,APPROVED_FOR_IMPORT,,EMAIL_ONLY_D2,2,0,0,0
9770,wc-completed,GBP,2025-04-26 08:51:49,65.00,APPROVED_FOR_IMPORT,,EMAIL_ONLY_D2,2,0,0,0
9771,wc-completed,GBP,2025-04-26 08:58:18,40.00,APPROVED_FOR_IMPORT,,ASSOCIATE_GID,2,0,0,0
9772,wc-completed,GBP,2025-04-26 08:59:04,32.00,APPROVED_FOR_IMPORT,,EMAIL_ONLY_D2,1,0,0,0
9774,wc-completed,GBP,2025-04-26 09:18:42,93.00,APPROVED_FOR_IMPORT,,EMAIL_ONLY_D2,5,0,0,0
9778,wc-completed,GBP,2025-04-26 10:29:28,76.99,APPROVED_FOR_IMPORT,,EMAIL_ONLY_D2,4,0,0,0
9779,wc-completed,GBP,2025-04-26 11:29:42,157.00,APPROVED_FOR_IMPORT,,EMAIL_ONLY_D2,4,0,0,0
9780,wc-failed,GBP,2025-04-26 12:12:01,32.00,APPROVED_FOR_IMPORT,,ASSOCIATE_GID,3,0,0,0
9782,wc-completed,GBP,2025-04-26 13:34:37,68.00,APPROVED_FOR_IMPORT,,EMAIL_ONLY_D2,8,1,2,0
9784,wc-completed,GBP,2025-04-26 14:05:28,43.00,APPROVED_FOR_IMPORT,,EMAIL_ONLY_D2,2,0,0,0
9785,wc-completed,GBP,2025-04-26 14:41:10,25.00,APPROVED_FOR_IMPORT,,EMAIL_ONLY_D2,1,0,0,0
9786,wc-completed,GBP,2025-04-26 16:24:04,115.00,APPROVED_FOR_IMPORT,,EMAIL_ONLY_D2,6,0,0,0
9787,wc-completed,GBP,2025-04-26 16:47:58,52.00,APPROVED_FOR_IMPORT,,EMAIL_ONLY_D2,3,0,0,0
9788,wc-completed,GBP,2025-04-26 17:04:56,64.00,APPROVED_FOR_IMPORT,,EMAIL_ONLY_D2,4,0,0,0
9789,wc-completed,GBP,2025-04-26 17:29:37,32.00,APPROVED_FOR_IMPORT,,ASSOCIATE_GID,3,0,0,0
9790,wc-failed,GBP,2025-04-26 17:43:13,61.00,APPROVED_FOR_IMPORT,,EMAIL_ONLY_D2,3,0,0,0
9791,wc-completed,GBP,2025-04-26 17:45:22,66.00,APPROVED_FOR_IMPORT,,EMAIL_ONLY_D2,3,0,0,0
9792,wc-completed,GBP,2025-04-26 18:42:37,45.00,APPROVED_FOR_IMPORT,,EMAIL_ONLY_D2,2,0,0,0
9793,wc-completed,GBP,2025-04-26 20:17:47,32.00,APPROVED_FOR_IMPORT,,EMAIL_ONLY_D2,1,0,0,0
9794,wc-completed,GBP,2025-04-26 20:52:32,100.00,APPROVED_FOR_IMPORT,,EMAIL_ONLY_D2,5,0,0,0
9795,wc-completed,GBP,2025-04-26 21:52:03,23.00,APPROVED_FOR_IMPORT,,EMAIL_ONLY_D2,1,0,0,0
9796,wc-completed,GBP,2025-04-26 22:14:18,30.00,APPROVED_FOR_IMPORT,,EMAIL_ONLY_D2,1,0,0,0
9798,wc-completed,GBP,2025-04-26 23:22:51,35.00,APPROVED_FOR_IMPORT,,EMAIL_ONLY_D2,1,0,0,0
9801,wc-completed,GBP,2025-04-27 01:36:35,21.00,APPROVED_FOR_IMPORT,,EMAIL_ONLY_D2,1,0,0,0
9805,wc-completed,GBP,2025-04-27 10:31:14,23.00,APPROVED_FOR_IMPORT,,EMAIL_ONLY_D2,1,0,0,0
9807,wc-completed,GBP,2025-04-27 12:29:55,25.00,APPROVED_FOR_IMPORT,,EMAIL_ONLY_D2,1,0,0,0
9808,wc-completed,GBP,2025-04-27 13:06:07,35.00,APPROVED_FOR_IMPORT,,EMAIL_ONLY_D2,1,0,0,0
9809,wc-completed,GBP,2025-04-27 13:53:53,30.00,APPROVED_FOR_IMPORT,,EMAIL_ONLY_D2,1,0,0,0
9810,wc-completed,GBP,2025-04-27 14:01:11,45.00,PENDING_DECISION,D-3_unmapped_customer,UNMAPPED,1,0,0,0
9811,wc-completed,GBP,2025-04-27 14:55:48,22.00,APPROVED_FOR_IMPORT,,EMAIL_ONLY_D2,1,0,0,0
9812,wc-completed,GBP,2025-04-27 15:36:37,195.00,APPROVED_FOR_IMPORT,,EMAIL_ONLY_D2,7,0,0,0
9813,wc-completed,GBP,2025-04-27 16:23:11,20.00,APPROVED_FOR_IMPORT,,EMAIL_ONLY_D2,1,0,0,0
9814,wc-completed,GBP,2025-04-27 16:46:09,21.00,APPROVED_FOR_IMPORT,,EMAIL_ONLY_D2,1,0,0,0
9815,wc-cancelled,GBP,2025-04-27 17:04:23,27.00,APPROVED_FOR_IMPORT,,ASSOCIATE_GID,2,0,0,0
9816,wc-completed,GBP,2025-04-27 17:16:52,27.00,APPROVED_FOR_IMPORT,,ASSOCIATE_GID,2,0,0,0
9817,wc-completed,GBP,2025-04-27 18:58:11,63.00,APPROVED_FOR_IMPORT,,EMAIL_ONLY_D2,3,0,0,0
9819,wc-completed,GBP,2025-04-27 19:46:08,71.99,APPROVED_FOR_IMPORT,,EMAIL_ONLY_D2,3,0,0,0
9821,wc-failed,GBP,2025-04-27 20:45:38,90.00,APPROVED_FOR_IMPORT,,EMAIL_ONLY_D2,4,0,0,0
9822,wc-completed,GBP,2025-04-27 20:49:23,85.00,APPROVED_FOR_IMPORT,,EMAIL_ONLY_D2,4,0,0,0
9823,wc-completed,GBP,2025-04-27 21:05:30,45.00,APPROVED_FOR_IMPORT,,EMAIL_ONLY_D2,2,0,0,0
9824,wc-completed,GBP,2025-04-27 21:58:55,36.00,APPROVED_FOR_IMPORT,,EMAIL_ONLY_D2,2,0,0,0
9825,wc-completed,GBP,2025-04-27 22:00:21,24.00,APPROVED_FOR_IMPORT,,EMAIL_ONLY_D2,1,0,0,0
9826,wc-completed,GBP,2025-04-27 22:12:29,32.00,APPROVED_FOR_IMPORT,,EMAIL_ONLY_D2,1,0,0,0
9827,wc-completed,GBP,2025-04-27 23:10:28,40.99,APPROVED_FOR_IMPORT,,EMAIL_ONLY_D2,3,0,0,0
9828,wc-completed,GBP,2025-04-28 07:00:55,31.00,APPROVED_FOR_IMPORT,,ASSOCIATE_GID,1,0,0,0
9831,wc-completed,GBP,2025-04-28 10:57:12,57.00,APPROVED_FOR_IMPORT,,EMAIL_ONLY_D2,2,0,0,0
9832,wc-completed,GBP,2025-04-28 11:42:16,20.00,APPROVED_FOR_IMPORT,,ASSOCIATE_GID,1,0,0,0
9833,wc-completed,GBP,2025-04-28 12:40:30,75.00,APPROVED_FOR_IMPORT,,EMAIL_ONLY_D2,3,0,0,0
9834,wc-failed,GBP,2025-04-28 13:55:25,25.00,APPROVED_FOR_IMPORT,,EMAIL_ONLY_D2,1,0,0,0
9835,wc-completed,GBP,2025-04-28 13:57:20,60.00,APPROVED_FOR_IMPORT,,EMAIL_ONLY_D2,2,0,0,0
9836,wc-completed,GBP,2025-04-28 13:58:16,25.00,APPROVED_FOR_IMPORT,,EMAIL_ONLY_D2,1,0,0,0
9837,wc-completed,GBP,2025-04-28 15:05:59,22.00,APPROVED_FOR_IMPORT,,EMAIL_ONLY_D2,1,0,0,0
9838,wc-completed,GBP,2025-04-28 15:06:07,61.00,APPROVED_FOR_IMPORT,,EMAIL_ONLY_D2,3,0,0,0
9839,wc-completed,GBP,2025-04-28 17:10:04,63.00,APPROVED_FOR_IMPORT,,EMAIL_ONLY_D2,3,0,0,0
9841,wc-completed,GBP,2025-04-28 18:00:49,165.99,APPROVED_FOR_IMPORT,,EMAIL_ONLY_D2,7,0,0,0
9842,wc-completed,GBP,2025-04-28 18:09:50,55.00,APPROVED_FOR_IMPORT,,EMAIL_ONLY_D2,2,0,0,0
9844,wc-completed,GBP,2025-04-28 19:44:54,25.00,APPROVED_FOR_IMPORT,,EMAIL_ONLY_D2,1,0,0,0
9845,wc-completed,GBP,2025-04-28 20:26:17,96.00,APPROVED_FOR_IMPORT,,EMAIL_ONLY_D2,5,0,0,0
9846,wc-completed,GBP,2025-04-28 20:29:39,47.99,APPROVED_FOR_IMPORT,,ASSOCIATE_GID,3,0,0,0
9849,wc-completed,GBP,2025-04-28 21:58:38,25.00,APPROVED_FOR_IMPORT,,EMAIL_ONLY_D2,1,0,0,0
9850,wc-completed,GBP,2025-04-28 22:36:49,35.00,APPROVED_FOR_IMPORT,,EMAIL_ONLY_D2,1,0,0,0
9851,wc-completed,GBP,2025-04-28 22:48:51,102.50,APPROVED_FOR_IMPORT,,EMAIL_ONLY_D2,7,0,0,0
9852,wc-completed,GBP,2025-04-28 22:49:01,91.00,APPROVED_FOR_IMPORT,,ASSOCIATE_GID,4,0,0,0
9853,wc-completed,GBP,2025-04-28 23:08:07,34.00,APPROVED_FOR_IMPORT,,EMAIL_ONLY_D2,2,0,0,0
9855,wc-completed,GBP,2025-04-28 23:50:29,105.00,APPROVED_FOR_IMPORT,,EMAIL_ONLY_D2,4,0,0,0
9856,wc-completed,GBP,2025-04-29 00:05:31,71.00,APPROVED_FOR_IMPORT,,EMAIL_ONLY_D2,4,0,0,1
9858,wc-completed,GBP,2025-04-29 02:02:01,30.00,APPROVED_FOR_IMPORT,,EMAIL_ONLY_D2,1,0,0,0
9859,wc-completed,GBP,2025-04-29 02:34:09,42.00,APPROVED_FOR_IMPORT,,EMAIL_ONLY_D2,3,0,0,0
9860,wc-completed,GBP,2025-04-29 02:41:15,22.00,APPROVED_FOR_IMPORT,,ASSOCIATE_GID,1,0,0,0
9861,wc-completed,GBP,2025-04-29 03:41:03,60.00,APPROVED_FOR_IMPORT,,ASSOCIATE_GID,3,0,0,0
9862,wc-completed,GBP,2025-04-29 07:07:33,102.00,PENDING_DECISION,D-3_unmapped_customer,UNMAPPED,4,0,0,0
9863,wc-failed,GBP,2025-04-29 08:23:10,132.00,APPROVED_FOR_IMPORT,,EMAIL_ONLY_D2,2,0,0,0
9864,wc-failed,GBP,2025-04-29 08:50:52,137.00,APPROVED_FOR_IMPORT,,EMAIL_ONLY_D2,2,0,0,0
9865,wc-failed,GBP,2025-04-29 08:51:25,132.00,APPROVED_FOR_IMPORT,,EMAIL_ONLY_D2,2,0,0,0
9866,wc-completed,GBP,2025-04-29 10:16:58,62.99,APPROVED_FOR_IMPORT,,EMAIL_ONLY_D2,5,0,1,0
9867,wc-completed,GBP,2025-04-29 11:26:09,126.00,APPROVED_FOR_IMPORT,,EMAIL_ONLY_D2,8,0,0,0
9868,wc-failed,GBP,2025-04-29 13:02:10,82.00,APPROVED_FOR_IMPORT,,EMAIL_ONLY_D2,6,1,1,0
9869,wc-completed,GBP,2025-04-29 13:03:38,87.00,APPROVED_FOR_IMPORT,,EMAIL_ONLY_D2,6,1,1,0
9872,wc-completed,GBP,2025-04-29 13:25:58,40.00,APPROVED_FOR_IMPORT,,EMAIL_ONLY_D2,2,0,0,0
9874,wc-completed,GBP,2025-04-29 14:29:44,79.00,APPROVED_FOR_IMPORT,,ASSOCIATE_GID,2,0,0,0
9876,wc-failed,GBP,2025-04-29 15:21:11,41.00,APPROVED_FOR_IMPORT,,ASSOCIATE_GID,2,0,0,0
9877,wc-completed,GBP,2025-04-29 16:29:55,63.00,APPROVED_FOR_IMPORT,,EMAIL_ONLY_D2,3,0,0,0
9879,wc-completed,GBP,2025-04-29 16:36:17,90.00,APPROVED_FOR_IMPORT,,EMAIL_ONLY_D2,1,0,0,0
9880,wc-completed,GBP,2025-04-29 16:50:39,74.00,APPROVED_FOR_IMPORT,,ASSOCIATE_GID,4,0,0,0
9881,wc-completed,GBP,2025-04-29 19:54:37,83.00,APPROVED_FOR_IMPORT,,EMAIL_ONLY_D2,4,1,0,0
9882,wc-completed,GBP,2025-04-29 20:01:37,88.00,APPROVED_FOR_IMPORT,,EMAIL_ONLY_D2,5,0,0,0
9883,wc-completed,GBP,2025-04-29 21:33:21,25.00,APPROVED_FOR_IMPORT,,EMAIL_ONLY_D2,1,0,0,0
9884,wc-completed,GBP,2025-04-29 21:34:02,145.00,APPROVED_FOR_IMPORT,,EMAIL_ONLY_D2,1,1,0,0
9886,wc-completed,GBP,2025-04-29 23:09:48,78.00,APPROVED_FOR_IMPORT,,ASSOCIATE_GID,3,0,0,0
9887,wc-completed,GBP,2025-04-30 04:00:42,66.00,APPROVED_FOR_IMPORT,,ASSOCIATE_GID,3,0,0,0
9888,wc-completed,GBP,2025-04-30 06:06:25,41.00,APPROVED_FOR_IMPORT,,EMAIL_ONLY_D2,2,0,0,0
9889,wc-completed,GBP,2025-04-30 06:17:16,100.00,APPROVED_FOR_IMPORT,,EMAIL_ONLY_D2,6,0,0,0
9892,wc-completed,GBP,2025-04-30 07:35:36,23.00,APPROVED_FOR_IMPORT,,EMAIL_ONLY_D2,1,0,0,0
9893,wc-completed,GBP,2025-04-30 07:36:52,141.00,APPROVED_FOR_IMPORT,,EMAIL_ONLY_D2,6,0,0,0
9894,wc-completed,GBP,2025-04-30 07:38:25,25.00,APPROVED_FOR_IMPORT,,EMAIL_ONLY_D2,1,0,0,0
9895,wc-completed,GBP,2025-04-30 07:52:40,98.99,APPROVED_FOR_IMPORT,,EMAIL_ONLY_D2,3,0,0,0
9896,wc-completed,GBP,2025-04-30 08:38:28,49.00,APPROVED_FOR_IMPORT,,EMAIL_ONLY_D2,2,0,0,0
9897,wc-completed,GBP,2025-04-30 09:30:32,128.00,APPROVED_FOR_IMPORT,,EMAIL_ONLY_D2,5,0,0,0
9898,wc-completed,GBP,2025-04-30 09:54:21,51.99,APPROVED_FOR_IMPORT,,EMAIL_ONLY_D2,3,0,0,0
9899,wc-completed,GBP,2025-04-30 11:24:49,183.00,APPROVED_FOR_IMPORT,,EMAIL_ONLY_D2,5,0,0,0
9900,wc-completed,GBP,2025-04-30 12:47:12,59.99,APPROVED_FOR_IMPORT,,ASSOCIATE_GID,2,0,0,0
9901,wc-completed,GBP,2025-04-30 13:11:15,60.00,APPROVED_FOR_IMPORT,,EMAIL_ONLY_D2,2,0,0,0
9902,wc-completed,GBP,2025-04-30 13:18:47,70.00,APPROVED_FOR_IMPORT,,EMAIL_ONLY_D2,1,1,0,0
9903,wc-completed,GBP,2025-04-30 13:25:13,77.00,APPROVED_FOR_IMPORT,,EMAIL_ONLY_D2,4,0,0,0
9904,wc-completed,GBP,2025-04-30 14:47:31,40.00,APPROVED_FOR_IMPORT,,EMAIL_ONLY_D2,4,0,0,0
9905,wc-completed,GBP,2025-04-30 15:03:55,56.99,APPROVED_FOR_IMPORT,,EMAIL_ONLY_D2,4,0,0,0
9906,wc-completed,GBP,2025-04-30 15:24:32,21.00,APPROVED_FOR_IMPORT,,EMAIL_ONLY_D2,1,0,0,0
9907,wc-failed,GBP,2025-04-30 16:58:01,50.00,APPROVED_FOR_IMPORT,,EMAIL_ONLY_D2,2,0,0,0
9908,wc-completed,GBP,2025-04-30 16:58:56,50.00,APPROVED_FOR_IMPORT,,EMAIL_ONLY_D2,2,0,0,0
9911,wc-completed,GBP,2025-04-30 17:42:05,37.00,APPROVED_FOR_IMPORT,,EMAIL_ONLY_D2,1,0,0,0
9913,wc-completed,GBP,2025-04-30 18:10:12,164.00,APPROVED_FOR_IMPORT,,EMAIL_ONLY_D2,8,0,0,0
9915,wc-completed,GBP,2025-04-30 18:32:33,113.00,APPROVED_FOR_IMPORT,,EMAIL_ONLY_D2,5,0,0,0
9918,wc-completed,GBP,2025-04-30 20:06:51,45.00,APPROVED_FOR_IMPORT,,EMAIL_ONLY_D2,2,0,0,0
9919,wc-failed,GBP,2025-04-30 20:07:00,45.00,APPROVED_FOR_IMPORT,,EMAIL_ONLY_D2,2,0,0,0
9920,wc-refunded,GBP,2025-04-30 20:07:35,45.00,APPROVED_FOR_IMPORT,,EMAIL_ONLY_D2,2,0,0,1
9921,wc-completed,GBP,2025-04-30 20:08:35,23.00,APPROVED_FOR_IMPORT,,EMAIL_ONLY_D2,1,0,0,0
9922,wc-completed,GBP,2025-04-30 20:37:43,50.00,APPROVED_FOR_IMPORT,,EMAIL_ONLY_D2,2,0,0,0
9923,wc-failed,GBP,2025-04-30 20:43:03,60.00,APPROVED_FOR_IMPORT,,EMAIL_ONLY_D2,3,0,0,0
9924,wc-failed,GBP,2025-04-30 20:43:31,173.00,APPROVED_FOR_IMPORT,,ASSOCIATE_GID,2,0,0,0
9925,wc-completed,GBP,2025-04-30 20:44:59,168.00,APPROVED_FOR_IMPORT,,ASSOCIATE_GID,2,0,0,0
9926,wc-completed,GBP,2025-04-30 21:35:47,65.00,APPROVED_FOR_IMPORT,,EMAIL_ONLY_D2,4,0,0,0
9928,wc-completed,GBP,2025-04-30 22:40:45,238.00,APPROVED_FOR_IMPORT,,EMAIL_ONLY_D2,4,0,0,0
9930,wc-completed,GBP,2025-04-30 23:28:14,41.00,APPROVED_FOR_IMPORT,,ASSOCIATE_GID,2,0,0,0
9931,wc-completed,GBP,2025-05-01 00:32:38,50.00,APPROVED_FOR_IMPORT,,EMAIL_ONLY_D2,2,0,0,0
9932,wc-cancelled,GBP,2025-05-01 01:05:35,64.00,APPROVED_FOR_IMPORT,,ASSOCIATE_GID,3,0,0,0
9933,wc-cancelled,GBP,2025-05-01 01:06:12,64.00,APPROVED_FOR_IMPORT,,ASSOCIATE_GID,3,0,0,0
9934,wc-completed,GBP,2025-05-01 01:17:13,78.00,APPROVED_FOR_IMPORT,,ASSOCIATE_GID,4,0,0,0
9937,wc-failed,GBP,2025-05-01 06:36:28,83.00,APPROVED_FOR_IMPORT,,EMAIL_ONLY_D2,3,0,0,0
9938,wc-failed,GBP,2025-05-01 06:37:36,83.00,APPROVED_FOR_IMPORT,,EMAIL_ONLY_D2,3,0,0,0
9940,wc-completed,GBP,2025-05-01 08:04:58,21.00,APPROVED_FOR_IMPORT,,EMAIL_ONLY_D2,1,0,0,0
9942,wc-completed,GBP,2025-05-01 09:25:07,33.00,APPROVED_FOR_IMPORT,,EMAIL_ONLY_D2,3,1,0,0
9943,wc-failed,GBP,2025-05-01 09:39:18,21.00,APPROVED_FOR_IMPORT,,EMAIL_ONLY_D2,1,0,0,0
9944,wc-completed,GBP,2025-05-01 09:41:10,21.00,APPROVED_FOR_IMPORT,,EMAIL_ONLY_D2,1,0,0,0
9945,wc-completed,GBP,2025-05-01 09:44:53,23.00,APPROVED_FOR_IMPORT,,EMAIL_ONLY_D2,1,0,0,0
9946,wc-completed,GBP,2025-05-01 10:26:28,21.00,APPROVED_FOR_IMPORT,,EMAIL_ONLY_D2,1,0,0,0
9948,wc-completed,GBP,2025-05-01 12:41:40,96.00,APPROVED_FOR_IMPORT,,EMAIL_ONLY_D2,5,0,0,0
9949,wc-completed,GBP,2025-05-01 14:30:42,60.00,APPROVED_FOR_IMPORT,,EMAIL_ONLY_D2,2,0,0,0
9950,wc-completed,GBP,2025-05-01 14:35:37,20.00,APPROVED_FOR_IMPORT,,EMAIL_ONLY_D2,1,0,0,0
9951,wc-completed,GBP,2025-05-01 14:46:19,21.00,APPROVED_FOR_IMPORT,,EMAIL_ONLY_D2,1,0,0,0
9952,wc-completed,GBP,2025-05-01 15:25:22,25.00,APPROVED_FOR_IMPORT,,EMAIL_ONLY_D2,1,0,0,0
9953,wc-failed,GBP,2025-05-01 15:44:59,37.00,APPROVED_FOR_IMPORT,,ASSOCIATE_GID,2,0,0,0
9954,wc-completed,GBP,2025-05-01 15:59:47,83.00,APPROVED_FOR_IMPORT,,EMAIL_ONLY_D2,6,0,0,0
9955,wc-completed,GBP,2025-05-01 16:07:05,43.00,APPROVED_FOR_IMPORT,,EMAIL_ONLY_D2,3,0,0,0
9957,wc-completed,GBP,2025-05-01 16:34:00,21.00,APPROVED_FOR_IMPORT,,EMAIL_ONLY_D2,1,0,0,0
9958,wc-completed,GBP,2025-05-01 16:37:36,135.00,APPROVED_FOR_IMPORT,,EMAIL_ONLY_D2,1,0,0,0
9959,wc-completed,GBP,2025-05-01 16:56:23,26.00,APPROVED_FOR_IMPORT,,EMAIL_ONLY_D2,2,0,0,0
9960,wc-completed,GBP,2025-05-01 17:38:40,30.00,APPROVED_FOR_IMPORT,,EMAIL_ONLY_D2,1,0,0,0
9964,wc-completed,GBP,2025-05-01 18:07:34,25.00,APPROVED_FOR_IMPORT,,EMAIL_ONLY_D2,1,0,0,0
9969,wc-completed,GBP,2025-05-01 19:50:10,37.00,APPROVED_FOR_IMPORT,,EMAIL_ONLY_D2,2,0,0,0
9970,wc-completed,GBP,2025-05-01 20:23:16,131.00,APPROVED_FOR_IMPORT,,ASSOCIATE_GID,5,0,0,0
9971,wc-completed,GBP,2025-05-01 21:12:59,70.00,APPROVED_FOR_IMPORT,,EMAIL_ONLY_D2,3,0,0,0
9972,wc-completed,GBP,2025-05-01 22:56:59,39.00,APPROVED_FOR_IMPORT,,EMAIL_ONLY_D2,1,0,0,0
9973,wc-completed,GBP,2025-05-01 23:11:27,45.00,APPROVED_FOR_IMPORT,,ASSOCIATE_GID,1,0,0,0
9975,wc-completed,GBP,2025-05-02 00:22:56,23.00,APPROVED_FOR_IMPORT,,EMAIL_ONLY_D2,1,0,0,0
9976,wc-completed,GBP,2025-05-02 06:48:55,39.00,APPROVED_FOR_IMPORT,,EMAIL_ONLY_D2,3,0,0,0
9977,wc-completed,GBP,2025-05-02 07:11:08,45.00,APPROVED_FOR_IMPORT,,EMAIL_ONLY_D2,2,0,0,0
9978,wc-completed,GBP,2025-05-02 07:59:49,55.00,APPROVED_FOR_IMPORT,,EMAIL_ONLY_D2,2,0,0,0
9979,wc-completed,GBP,2025-05-02 08:10:01,30.00,APPROVED_FOR_IMPORT,,EMAIL_ONLY_D2,1,0,0,0
9981,wc-completed,GBP,2025-05-02 08:23:56,23.00,APPROVED_FOR_IMPORT,,EMAIL_ONLY_D2,1,0,0,0
9984,wc-completed,GBP,2025-05-02 09:09:49,71.00,PENDING_DECISION,D-3_unmapped_customer,UNMAPPED,4,0,0,0
9985,wc-completed,GBP,2025-05-02 09:28:17,100.00,APPROVED_FOR_IMPORT,,EMAIL_ONLY_D2,5,0,0,0
9987,wc-completed,GBP,2025-05-02 10:53:31,72.00,APPROVED_FOR_IMPORT,,EMAIL_ONLY_D2,3,0,0,0
9988,wc-completed,GBP,2025-05-02 11:31:15,37.00,APPROVED_FOR_IMPORT,,EMAIL_ONLY_D2,2,0,0,0
9989,wc-completed,GBP,2025-05-02 12:16:41,44.00,APPROVED_FOR_IMPORT,,EMAIL_ONLY_D2,4,0,0,0
9990,wc-completed,GBP,2025-05-02 12:24:38,45.00,APPROVED_FOR_IMPORT,,EMAIL_ONLY_D2,2,0,0,0
9991,wc-completed,GBP,2025-05-02 12:30:11,270.00,APPROVED_FOR_IMPORT,,EMAIL_ONLY_D2,2,2,0,0
9992,wc-completed,GBP,2025-05-02 12:51:43,31.00,APPROVED_FOR_IMPORT,,EMAIL_ONLY_D2,1,0,0,0
9993,wc-completed,GBP,2025-05-02 13:27:07,45.00,APPROVED_FOR_IMPORT,,EMAIL_ONLY_D2,2,0,0,0
9994,wc-completed,GBP,2025-05-02 13:44:32,22.00,APPROVED_FOR_IMPORT,,EMAIL_ONLY_D2,1,0,0,0
9995,wc-completed,GBP,2025-05-02 14:36:29,21.00,APPROVED_FOR_IMPORT,,EMAIL_ONLY_D2,1,0,0,0
9996,wc-completed,GBP,2025-05-02 16:09:00,42.00,APPROVED_FOR_IMPORT,,EMAIL_ONLY_D2,2,0,0,0
9997,wc-completed,GBP,2025-05-02 21:12:39,23.00,APPROVED_FOR_IMPORT,,EMAIL_ONLY_D2,1,0,0,0
9998,wc-completed,GBP,2025-05-02 21:19:03,45.00,APPROVED_FOR_IMPORT,,EMAIL_ONLY_D2,1,0,0,0
9999,wc-completed,GBP,2025-05-02 21:33:08,103.00,APPROVED_FOR_IMPORT,,EMAIL_ONLY_D2,5,0,0,0
10001,wc-completed,GBP,2025-05-02 23:45:54,25.00,APPROVED_FOR_IMPORT,,EMAIL_ONLY_D2,1,0,0,0
10003,wc-failed,GBP,2025-05-03 00:43:56,41.99,APPROVED_FOR_IMPORT,,EMAIL_ONLY_D2,2,0,0,0
10004,wc-completed,GBP,2025-05-03 00:53:39,57.00,APPROVED_FOR_IMPORT,,EMAIL_ONLY_D2,5,0,0,0
10005,wc-completed,GBP,2025-05-03 05:46:06,63.00,APPROVED_FOR_IMPORT,,EMAIL_ONLY_D2,3,0,0,0
10006,wc-completed,GBP,2025-05-03 06:10:14,57.00,APPROVED_FOR_IMPORT,,EMAIL_ONLY_D2,2,0,0,0
10007,wc-completed,GBP,2025-05-03 10:09:48,60.00,APPROVED_FOR_IMPORT,,EMAIL_ONLY_D2,3,0,0,0
10011,wc-completed,GBP,2025-05-03 13:09:18,147.00,PENDING_DECISION,D-3_unmapped_customer,UNMAPPED,5,0,0,0
10013,wc-completed,GBP,2025-05-03 13:15:01,46.00,APPROVED_FOR_IMPORT,,EMAIL_ONLY_D2,2,0,0,0
10014,wc-completed,GBP,2025-05-03 13:58:06,76.00,APPROVED_FOR_IMPORT,,EMAIL_ONLY_D2,4,0,0,0
10015,wc-completed,GBP,2025-05-03 14:01:25,67.00,APPROVED_FOR_IMPORT,,ASSOCIATE_GID,4,0,0,0
10016,wc-completed,GBP,2025-05-03 14:23:54,25.00,APPROVED_FOR_IMPORT,,EMAIL_ONLY_D2,1,0,0,0
10018,wc-refunded,GBP,2025-05-03 14:27:55,45.00,APPROVED_FOR_IMPORT,,EMAIL_ONLY_D2,1,0,0,1
10019,wc-completed,GBP,2025-05-03 14:51:14,80.00,APPROVED_FOR_IMPORT,,EMAIL_ONLY_D2,2,0,0,0
10020,wc-completed,GBP,2025-05-03 15:52:26,103.00,APPROVED_FOR_IMPORT,,EMAIL_ONLY_D2,4,0,0,0
10021,wc-completed,GBP,2025-05-03 15:55:28,43.00,APPROVED_FOR_IMPORT,,EMAIL_ONLY_D2,2,0,0,0
10024,wc-completed,GBP,2025-05-03 17:11:42,75.00,APPROVED_FOR_IMPORT,,ASSOCIATE_GID,3,0,0,0
10027,wc-completed,GBP,2025-05-03 20:38:46,41.00,APPROVED_FOR_IMPORT,,ASSOCIATE_GID,2,0,0,0
10028,wc-completed,GBP,2025-05-03 20:46:24,31.00,APPROVED_FOR_IMPORT,,EMAIL_ONLY_D2,1,0,0,0
10029,wc-completed,GBP,2025-05-03 21:59:17,61.00,APPROVED_FOR_IMPORT,,EMAIL_ONLY_D2,4,0,0,0
10030,wc-failed,GBP,2025-05-03 23:02:49,103.00,APPROVED_FOR_IMPORT,,EMAIL_ONLY_D2,5,0,0,0
10031,wc-failed,GBP,2025-05-03 23:05:12,108.00,APPROVED_FOR_IMPORT,,EMAIL_ONLY_D2,5,0,0,0
10032,wc-failed,GBP,2025-05-03 23:15:24,108.00,APPROVED_FOR_IMPORT,,EMAIL_ONLY_D2,5,0,0,0
10033,wc-completed,GBP,2025-05-03 23:52:32,72.00,APPROVED_FOR_IMPORT,,ASSOCIATE_GID,5,0,0,0
10034,wc-completed,GBP,2025-05-04 02:39:13,45.00,APPROVED_FOR_IMPORT,,EMAIL_ONLY_D2,2,0,0,0
10035,wc-completed,GBP,2025-05-04 05:23:10,45.00,APPROVED_FOR_IMPORT,,EMAIL_ONLY_D2,2,0,0,0
10036,wc-cancelled,GBP,2025-05-04 06:31:28,39.00,APPROVED_FOR_IMPORT,,ASSOCIATE_GID,1,0,0,0
10037,wc-completed,GBP,2025-05-04 07:38:31,64.99,APPROVED_FOR_IMPORT,,EMAIL_ONLY_D2,3,0,0,0
10038,wc-completed,GBP,2025-05-04 09:18:22,25.00,APPROVED_FOR_IMPORT,,EMAIL_ONLY_D2,1,0,0,0
10039,wc-completed,GBP,2025-05-04 11:26:29,35.00,APPROVED_FOR_IMPORT,,EMAIL_ONLY_D2,1,0,0,0
10040,wc-completed,GBP,2025-05-04 11:34:02,103.00,APPROVED_FOR_IMPORT,,EMAIL_ONLY_D2,3,0,0,0
10042,wc-completed,GBP,2025-05-04 16:20:36,41.00,APPROVED_FOR_IMPORT,,EMAIL_ONLY_D2,2,0,0,0
10044,wc-completed,GBP,2025-05-04 17:00:17,115.00,APPROVED_FOR_IMPORT,,ASSOCIATE_GID,2,0,0,0
10045,wc-completed,GBP,2025-05-04 20:02:34,21.00,APPROVED_FOR_IMPORT,,EMAIL_ONLY_D2,1,0,0,0
10046,wc-completed,GBP,2025-05-04 21:04:10,41.00,APPROVED_FOR_IMPORT,,EMAIL_ONLY_D2,1,0,0,0
10047,wc-completed,GBP,2025-05-04 21:57:45,35.00,APPROVED_FOR_IMPORT,,ASSOCIATE_GID,1,0,0,0
10048,wc-completed,GBP,2025-05-04 22:02:00,214.00,APPROVED_FOR_IMPORT,,ASSOCIATE_GID,8,0,0,0
10049,wc-completed,GBP,2025-05-04 23:11:06,30.00,APPROVED_FOR_IMPORT,,EMAIL_ONLY_D2,1,0,0,0
10050,wc-completed,GBP,2025-05-04 23:51:32,20.00,APPROVED_FOR_IMPORT,,EMAIL_ONLY_D2,1,0,0,0
10051,wc-completed,GBP,2025-05-05 00:28:10,36.00,APPROVED_FOR_IMPORT,,EMAIL_ONLY_D2,2,0,0,0
10052,wc-completed,GBP,2025-05-05 00:33:27,35.00,APPROVED_FOR_IMPORT,,EMAIL_ONLY_D2,1,0,0,0
10056,wc-completed,GBP,2025-05-05 07:58:20,90.00,APPROVED_FOR_IMPORT,,EMAIL_ONLY_D2,3,0,0,0
10058,wc-completed,GBP,2025-05-05 11:06:24,86.00,APPROVED_FOR_IMPORT,,EMAIL_ONLY_D2,4,0,0,0
10059,wc-completed,GBP,2025-05-05 11:28:36,52.00,APPROVED_FOR_IMPORT,,ASSOCIATE_GID,3,1,0,0
10060,wc-completed,GBP,2025-05-05 11:38:34,45.00,APPROVED_FOR_IMPORT,,EMAIL_ONLY_D2,2,0,0,0
10061,wc-completed,GBP,2025-05-05 13:27:41,21.00,APPROVED_FOR_IMPORT,,EMAIL_ONLY_D2,1,0,0,0
10062,wc-completed,GBP,2025-05-05 14:59:48,65.98,APPROVED_FOR_IMPORT,,EMAIL_ONLY_D2,4,0,0,0
10063,wc-completed,GBP,2025-05-05 15:51:53,38.00,APPROVED_FOR_IMPORT,,EMAIL_ONLY_D2,2,0,0,0
10064,wc-completed,GBP,2025-05-05 16:06:14,40.00,APPROVED_FOR_IMPORT,,EMAIL_ONLY_D2,2,0,0,0
10065,wc-completed,GBP,2025-05-05 16:35:07,94.99,APPROVED_FOR_IMPORT,,EMAIL_ONLY_D2,5,0,0,0
10066,wc-completed,GBP,2025-05-05 16:47:12,11.99,APPROVED_FOR_IMPORT,,EMAIL_ONLY_D2,1,0,0,0
10067,wc-completed,GBP,2025-05-05 17:35:08,35.00,APPROVED_FOR_IMPORT,,EMAIL_ONLY_D2,1,0,0,0
10068,wc-failed,GBP,2025-05-05 17:44:04,63.00,APPROVED_FOR_IMPORT,,EMAIL_ONLY_D2,3,0,0,0
10069,wc-completed,GBP,2025-05-05 17:47:27,23.00,APPROVED_FOR_IMPORT,,EMAIL_ONLY_D2,1,0,0,0
10070,wc-completed,GBP,2025-05-05 21:31:33,93.00,APPROVED_FOR_IMPORT,,ASSOCIATE_GID,7,0,0,0
10071,wc-completed,GBP,2025-05-05 21:39:20,43.00,APPROVED_FOR_IMPORT,,EMAIL_ONLY_D2,2,0,0,0
10072,wc-completed,GBP,2025-05-05 21:48:57,80.00,APPROVED_FOR_IMPORT,,EMAIL_ONLY_D2,2,0,0,0
10073,wc-completed,GBP,2025-05-05 22:30:41,35.00,APPROVED_FOR_IMPORT,,ASSOCIATE_GID,1,0,0,0
10074,wc-completed,GBP,2025-05-05 22:40:35,122.00,APPROVED_FOR_IMPORT,,EMAIL_ONLY_D2,8,0,0,0
10075,wc-completed,GBP,2025-05-06 06:26:23,68.00,APPROVED_FOR_IMPORT,,EMAIL_ONLY_D2,2,0,0,0
10076,wc-completed,GBP,2025-05-06 09:07:51,61.00,APPROVED_FOR_IMPORT,,ASSOCIATE_GID,3,0,0,0
10077,wc-completed,GBP,2025-05-06 09:34:54,21.00,APPROVED_FOR_IMPORT,,EMAIL_ONLY_D2,1,0,0,0
10079,wc-completed,GBP,2025-05-06 12:39:22,20.00,APPROVED_FOR_IMPORT,,EMAIL_ONLY_D2,2,0,0,0
10080,wc-completed,GBP,2025-05-06 15:37:15,270.00,APPROVED_FOR_IMPORT,,EMAIL_ONLY_D2,2,2,0,0
10081,wc-completed,GBP,2025-05-06 16:17:05,25.00,APPROVED_FOR_IMPORT,,EMAIL_ONLY_D2,1,0,0,0
10082,wc-failed,GBP,2025-05-06 17:49:40,38.00,APPROVED_FOR_IMPORT,,EMAIL_ONLY_D2,2,0,0,0
10087,wc-completed,GBP,2025-05-06 21:23:07,53.00,APPROVED_FOR_IMPORT,,EMAIL_ONLY_D2,2,0,0,0
10088,wc-completed,GBP,2025-05-06 21:40:43,62.99,APPROVED_FOR_IMPORT,,EMAIL_ONLY_D2,3,0,0,0
10089,wc-failed,GBP,2025-05-06 23:06:38,35.00,APPROVED_FOR_IMPORT,,EMAIL_ONLY_D2,1,0,0,0
10091,wc-completed,GBP,2025-05-07 03:21:07,45.00,APPROVED_FOR_IMPORT,,EMAIL_ONLY_D2,1,0,0,0
10093,wc-completed,GBP,2025-05-07 07:39:30,87.00,APPROVED_FOR_IMPORT,,ASSOCIATE_GID,3,0,0,0
10094,wc-failed,GBP,2025-05-07 09:14:02,60.00,APPROVED_FOR_IMPORT,,EMAIL_ONLY_D2,2,0,0,0
10096,wc-completed,GBP,2025-05-07 09:39:05,25.00,APPROVED_FOR_IMPORT,,EMAIL_ONLY_D2,1,0,0,0
10097,wc-completed,GBP,2025-05-07 11:40:41,25.00,APPROVED_FOR_IMPORT,,EMAIL_ONLY_D2,1,0,0,0
10098,wc-completed,GBP,2025-05-07 11:56:02,25.00,APPROVED_FOR_IMPORT,,EMAIL_ONLY_D2,1,0,0,0
10099,wc-failed,GBP,2025-05-07 12:52:27,51.00,APPROVED_FOR_IMPORT,,EMAIL_ONLY_D2,2,0,0,0
10101,wc-completed,GBP,2025-05-07 13:30:08,51.00,APPROVED_FOR_IMPORT,,EMAIL_ONLY_D2,2,0,0,0
10102,wc-completed,GBP,2025-05-07 15:40:33,55.00,APPROVED_FOR_IMPORT,,EMAIL_ONLY_D2,2,0,0,0
10103,wc-completed,GBP,2025-05-07 15:49:09,18.00,APPROVED_FOR_IMPORT,,EMAIL_ONLY_D2,1,1,0,0
10104,wc-completed,GBP,2025-05-07 16:33:44,35.00,APPROVED_FOR_IMPORT,,EMAIL_ONLY_D2,1,0,0,0
10105,wc-completed,GBP,2025-05-07 17:12:04,25.00,APPROVED_FOR_IMPORT,,EMAIL_ONLY_D2,1,0,0,0
10106,wc-completed,GBP,2025-05-07 19:07:24,35.00,APPROVED_FOR_IMPORT,,EMAIL_ONLY_D2,2,0,0,0
10107,wc-completed,GBP,2025-05-07 19:31:21,50.00,APPROVED_FOR_IMPORT,,EMAIL_ONLY_D2,2,0,0,0
10108,wc-completed,GBP,2025-05-07 21:13:04,180.00,APPROVED_FOR_IMPORT,,EMAIL_ONLY_D2,9,3,3,0
10110,wc-completed,GBP,2025-05-07 21:41:20,82.00,APPROVED_FOR_IMPORT,,EMAIL_ONLY_D2,3,0,0,0
10111,wc-completed,GBP,2025-05-07 22:13:35,61.99,APPROVED_FOR_IMPORT,,EMAIL_ONLY_D2,3,0,0,0
10112,wc-failed,GBP,2025-05-07 22:51:26,43.00,APPROVED_FOR_IMPORT,,EMAIL_ONLY_D2,3,0,0,0
10115,wc-cancelled,GBP,2025-05-07 23:59:48,45.00,APPROVED_FOR_IMPORT,,ASSOCIATE_GID,2,0,0,0
10117,wc-completed,GBP,2025-05-08 04:01:23,20.00,APPROVED_FOR_IMPORT,,EMAIL_ONLY_D2,1,0,0,0
10118,wc-completed,GBP,2025-05-08 04:57:23,56.00,APPROVED_FOR_IMPORT,,ASSOCIATE_GID,3,0,0,0
10119,wc-completed,GBP,2025-05-08 06:33:13,40.00,APPROVED_FOR_IMPORT,,EMAIL_ONLY_D2,3,1,1,0
10120,wc-completed,GBP,2025-05-08 08:34:36,63.00,APPROVED_FOR_IMPORT,,EMAIL_ONLY_D2,3,0,0,0
10121,wc-completed,GBP,2025-05-08 10:34:58,105.00,APPROVED_FOR_IMPORT,,EMAIL_ONLY_D2,5,0,0,0
10122,wc-completed,GBP,2025-05-08 11:29:24,106.00,APPROVED_FOR_IMPORT,,EMAIL_ONLY_D2,5,0,0,0
10123,wc-refunded,GBP,2025-05-08 11:34:11,90.00,APPROVED_FOR_IMPORT,,EMAIL_ONLY_D2,5,0,0,1
10124,wc-completed,GBP,2025-05-08 11:53:38,25.00,APPROVED_FOR_IMPORT,,EMAIL_ONLY_D2,1,0,0,0
10126,wc-completed,GBP,2025-05-08 12:33:35,67.00,APPROVED_FOR_IMPORT,,EMAIL_ONLY_D2,3,0,0,0
10128,wc-completed,GBP,2025-05-08 13:42:35,123.00,APPROVED_FOR_IMPORT,,EMAIL_ONLY_D2,4,0,0,0
10129,wc-failed,GBP,2025-05-08 14:36:46,65.00,APPROVED_FOR_IMPORT,,ASSOCIATE_GID,4,0,0,0
10130,wc-completed,GBP,2025-05-08 14:41:29,65.00,APPROVED_FOR_IMPORT,,EMAIL_ONLY_D2,3,0,0,0
10131,wc-completed,GBP,2025-05-08 14:47:56,65.00,APPROVED_FOR_IMPORT,,ASSOCIATE_GID,4,0,0,0
10133,wc-completed,GBP,2025-05-08 18:26:27,116.00,APPROVED_FOR_IMPORT,,EMAIL_ONLY_D2,5,0,0,0
10134,wc-completed,GBP,2025-05-08 18:44:04,23.00,APPROVED_FOR_IMPORT,,EMAIL_ONLY_D2,1,0,0,0
10135,wc-completed,GBP,2025-05-08 19:30:11,51.00,APPROVED_FOR_IMPORT,,EMAIL_ONLY_D2,2,0,0,0
10136,wc-completed,GBP,2025-05-08 19:30:24,41.00,APPROVED_FOR_IMPORT,,EMAIL_ONLY_D2,2,0,0,0
10137,wc-completed,GBP,2025-05-08 20:03:39,40.00,APPROVED_FOR_IMPORT,,EMAIL_ONLY_D2,2,0,0,0
10139,wc-completed,GBP,2025-05-08 21:24:56,25.00,APPROVED_FOR_IMPORT,,EMAIL_ONLY_D2,1,0,0,0
10140,wc-completed,GBP,2025-05-08 22:41:43,43.00,APPROVED_FOR_IMPORT,,EMAIL_ONLY_D2,2,0,0,0
10141,wc-completed,GBP,2025-05-08 22:49:06,37.00,APPROVED_FOR_IMPORT,,EMAIL_ONLY_D2,1,0,0,0
10142,wc-completed,GBP,2025-05-08 23:54:47,45.00,APPROVED_FOR_IMPORT,,EMAIL_ONLY_D2,2,0,0,0
10143,wc-completed,GBP,2025-05-09 00:36:23,35.00,APPROVED_FOR_IMPORT,,EMAIL_ONLY_D2,1,0,0,0
10144,wc-completed,GBP,2025-05-09 01:01:27,45.00,APPROVED_FOR_IMPORT,,EMAIL_ONLY_D2,2,0,0,0
10145,wc-completed,GBP,2025-05-09 05:49:01,58.00,APPROVED_FOR_IMPORT,,EMAIL_ONLY_D2,2,0,0,0
10146,wc-completed,GBP,2025-05-09 05:50:00,62.00,APPROVED_FOR_IMPORT,,EMAIL_ONLY_D2,3,0,0,0
10147,wc-cancelled,GBP,2025-05-09 06:39:21,30.00,APPROVED_FOR_IMPORT,,ASSOCIATE_GID,1,0,0,0
10148,wc-completed,GBP,2025-05-09 08:43:12,112.00,APPROVED_FOR_IMPORT,,ASSOCIATE_GID,6,0,0,0
10149,wc-failed,GBP,2025-05-09 10:30:38,25.00,APPROVED_FOR_IMPORT,,EMAIL_ONLY_D2,1,0,0,0
10150,wc-completed,GBP,2025-05-09 10:42:52,45.00,APPROVED_FOR_IMPORT,,EMAIL_ONLY_D2,2,0,0,0
10151,wc-completed,GBP,2025-05-09 11:18:30,53.00,APPROVED_FOR_IMPORT,,EMAIL_ONLY_D2,3,0,0,1
10152,wc-completed,GBP,2025-05-09 12:13:31,117.00,APPROVED_FOR_IMPORT,,ASSOCIATE_GID,6,0,0,0
10153,wc-completed,GBP,2025-05-09 13:47:23,22.00,APPROVED_FOR_IMPORT,,EMAIL_ONLY_D2,1,0,0,0
10155,wc-completed,GBP,2025-05-09 14:20:34,61.00,APPROVED_FOR_IMPORT,,ASSOCIATE_GID,3,0,0,0
10156,wc-failed,GBP,2025-05-09 14:54:16,75.99,APPROVED_FOR_IMPORT,,EMAIL_ONLY_D2,4,0,0,0
10157,wc-completed,GBP,2025-05-09 15:15:19,105.99,APPROVED_FOR_IMPORT,,EMAIL_ONLY_D2,5,1,1,0
10159,wc-failed,GBP,2025-05-09 17:10:13,25.00,PENDING_DECISION,D-3_unmapped_customer,UNMAPPED,1,0,0,0
10162,wc-completed,GBP,2025-05-09 19:33:33,60.00,APPROVED_FOR_IMPORT,,EMAIL_ONLY_D2,2,0,0,0
10163,wc-completed,GBP,2025-05-09 20:12:50,80.00,APPROVED_FOR_IMPORT,,EMAIL_ONLY_D2,2,0,0,0
10164,wc-completed,GBP,2025-05-09 22:14:45,21.00,APPROVED_FOR_IMPORT,,EMAIL_ONLY_D2,1,0,0,0
10166,wc-completed,GBP,2025-05-10 05:05:12,40.00,APPROVED_FOR_IMPORT,,EMAIL_ONLY_D2,2,0,0,0
10167,wc-completed,GBP,2025-05-10 05:53:22,25.00,APPROVED_FOR_IMPORT,,EMAIL_ONLY_D2,1,0,0,0
10168,wc-completed,GBP,2025-05-10 07:05:58,19.00,APPROVED_FOR_IMPORT,,EMAIL_ONLY_D2,1,0,0,0
10169,wc-completed,GBP,2025-05-10 09:02:13,68.00,APPROVED_FOR_IMPORT,,EMAIL_ONLY_D2,4,0,0,0
10170,wc-completed,GBP,2025-05-10 09:14:24,56.00,APPROVED_FOR_IMPORT,,EMAIL_ONLY_D2,3,0,0,0
10171,wc-completed,GBP,2025-05-10 18:35:10,23.00,APPROVED_FOR_IMPORT,,EMAIL_ONLY_D2,1,0,0,0
10172,wc-completed,GBP,2025-05-10 19:24:19,41.00,APPROVED_FOR_IMPORT,,ASSOCIATE_GID,2,0,0,0
10173,wc-completed,GBP,2025-05-10 22:31:36,60.00,APPROVED_FOR_IMPORT,,EMAIL_ONLY_D2,3,0,0,0
10174,wc-completed,GBP,2025-05-11 09:26:05,25.00,PENDING_DECISION,D-3_unmapped_customer,UNMAPPED,1,0,0,0
10175,wc-completed,GBP,2025-05-11 10:12:15,60.00,APPROVED_FOR_IMPORT,,EMAIL_ONLY_D2,2,0,0,0
10176,wc-completed,GBP,2025-05-11 11:33:56,57.99,APPROVED_FOR_IMPORT,,EMAIL_ONLY_D2,2,0,0,0
10177,wc-completed,GBP,2025-05-11 11:50:42,25.00,APPROVED_FOR_IMPORT,,EMAIL_ONLY_D2,1,0,0,0
10178,wc-completed,GBP,2025-05-11 13:59:46,45.00,APPROVED_FOR_IMPORT,,ASSOCIATE_GID,2,0,0,0
10179,wc-completed,GBP,2025-05-11 17:46:41,45.00,APPROVED_FOR_IMPORT,,EMAIL_ONLY_D2,1,0,0,0
10184,wc-completed,GBP,2025-05-11 18:55:38,25.00,APPROVED_FOR_IMPORT,,EMAIL_ONLY_D2,1,0,0,0
10185,wc-completed,GBP,2025-05-11 19:19:26,37.00,APPROVED_FOR_IMPORT,,EMAIL_ONLY_D2,2,0,0,0
10186,wc-completed,GBP,2025-05-11 20:56:37,60.00,PENDING_DECISION,D-3_unmapped_customer,UNMAPPED,2,0,0,0
10187,wc-completed,GBP,2025-05-11 21:08:17,56.00,APPROVED_FOR_IMPORT,,EMAIL_ONLY_D2,3,0,0,0
10188,wc-cancelled,GBP,2025-05-11 21:29:21,43.00,APPROVED_FOR_IMPORT,,ASSOCIATE_GID,2,0,0,0
10189,wc-completed,GBP,2025-05-11 21:33:25,90.00,APPROVED_FOR_IMPORT,,EMAIL_ONLY_D2,1,0,0,0
10190,wc-cancelled,GBP,2025-05-11 21:34:37,25.00,APPROVED_FOR_IMPORT,,ASSOCIATE_GID,1,0,0,0
10243,wc-completed,GBP,2025-05-11 23:48:08,23.00,APPROVED_FOR_IMPORT,,EMAIL_ONLY_D2,1,0,0,0
10253,wc-completed,GBP,2025-05-12 01:51:32,43.00,APPROVED_FOR_IMPORT,,EMAIL_ONLY_D2,2,0,0,0
10254,wc-completed,GBP,2025-05-12 05:38:56,39.00,APPROVED_FOR_IMPORT,,EMAIL_ONLY_D2,2,0,0,0
10256,wc-completed,GBP,2025-05-12 06:46:28,71.00,APPROVED_FOR_IMPORT,,EMAIL_ONLY_D2,4,0,0,0
10257,wc-completed,GBP,2025-05-12 08:48:56,56.00,APPROVED_FOR_IMPORT,,EMAIL_ONLY_D2,3,0,0,0
10258,wc-completed,GBP,2025-05-12 08:58:02,45.00,APPROVED_FOR_IMPORT,,EMAIL_ONLY_D2,2,0,0,0
10259,wc-completed,GBP,2025-05-12 10:47:03,58.00,APPROVED_FOR_IMPORT,,EMAIL_ONLY_D2,3,0,0,0
10260,wc-completed,GBP,2025-05-12 11:57:46,25.00,APPROVED_FOR_IMPORT,,EMAIL_ONLY_D2,1,0,0,0
10261,wc-completed,GBP,2025-05-12 17:16:18,21.00,APPROVED_FOR_IMPORT,,EMAIL_ONLY_D2,1,0,0,0
10263,wc-completed,GBP,2025-05-12 17:46:13,100.00,APPROVED_FOR_IMPORT,,EMAIL_ONLY_D2,3,0,0,0
10264,wc-completed,GBP,2025-05-12 17:49:34,30.00,APPROVED_FOR_IMPORT,,EMAIL_ONLY_D2,1,0,0,0
10265,wc-completed,GBP,2025-05-12 20:24:42,30.00,APPROVED_FOR_IMPORT,,EMAIL_ONLY_D2,1,0,0,0
10267,wc-completed,GBP,2025-05-12 20:35:46,45.00,APPROVED_FOR_IMPORT,,EMAIL_ONLY_D2,1,0,0,0
10268,wc-completed,GBP,2025-05-12 20:41:33,45.00,APPROVED_FOR_IMPORT,,EMAIL_ONLY_D2,2,0,0,0
10270,wc-completed,GBP,2025-05-12 22:51:32,85.00,APPROVED_FOR_IMPORT,,EMAIL_ONLY_D2,4,0,0,0
10271,wc-completed,GBP,2025-05-12 23:35:22,117.99,APPROVED_FOR_IMPORT,,EMAIL_ONLY_D2,8,0,0,0
10272,wc-completed,GBP,2025-05-13 06:21:58,80.00,APPROVED_FOR_IMPORT,,ASSOCIATE_GID,5,0,0,0
10273,wc-completed,GBP,2025-05-13 08:42:43,25.00,APPROVED_FOR_IMPORT,,EMAIL_ONLY_D2,1,0,0,0
10274,wc-completed,GBP,2025-05-13 10:00:59,45.00,APPROVED_FOR_IMPORT,,EMAIL_ONLY_D2,2,0,0,0
10276,wc-completed,GBP,2025-05-13 10:10:31,28.00,APPROVED_FOR_IMPORT,,EMAIL_ONLY_D2,1,0,0,0
10277,wc-completed,GBP,2025-05-13 10:34:07,32.00,APPROVED_FOR_IMPORT,,EMAIL_ONLY_D2,1,0,0,0
10279,wc-completed,GBP,2025-05-13 11:23:35,71.99,APPROVED_FOR_IMPORT,,EMAIL_ONLY_D2,4,0,0,0
10281,wc-completed,GBP,2025-05-13 13:16:35,22.00,APPROVED_FOR_IMPORT,,EMAIL_ONLY_D2,1,0,0,0
10282,wc-completed,GBP,2025-05-13 13:23:28,77.00,APPROVED_FOR_IMPORT,,EMAIL_ONLY_D2,1,0,0,0
10287,wc-completed,GBP,2025-05-13 21:35:28,63.00,APPROVED_FOR_IMPORT,,EMAIL_ONLY_D2,3,0,0,0
10288,wc-completed,GBP,2025-05-13 21:52:11,47.00,APPROVED_FOR_IMPORT,,ASSOCIATE_GID,2,0,0,0
10289,wc-completed,GBP,2025-05-13 21:53:31,210.00,APPROVED_FOR_IMPORT,,EMAIL_ONLY_D2,2,0,0,0
10291,wc-completed,GBP,2025-05-14 07:17:00,21.00,APPROVED_FOR_IMPORT,,EMAIL_ONLY_D2,1,0,0,0
10293,wc-completed,GBP,2025-05-14 09:10:52,65.00,APPROVED_FOR_IMPORT,,EMAIL_ONLY_D2,4,0,0,0
10294,wc-completed,GBP,2025-05-14 09:42:23,45.00,APPROVED_FOR_IMPORT,,EMAIL_ONLY_D2,2,0,0,0
10295,wc-completed,GBP,2025-05-14 10:11:32,19.00,APPROVED_FOR_IMPORT,,ASSOCIATE_GID,1,0,0,0
10296,wc-failed,GBP,2025-05-14 10:17:01,25.00,APPROVED_FOR_IMPORT,,EMAIL_ONLY_D2,1,0,0,0
10297,wc-completed,GBP,2025-05-14 10:22:42,25.00,APPROVED_FOR_IMPORT,,EMAIL_ONLY_D2,1,0,0,0
10298,wc-completed,GBP,2025-05-14 11:08:47,23.00,APPROVED_FOR_IMPORT,,ASSOCIATE_GID,1,0,0,0
10299,wc-completed,GBP,2025-05-14 11:44:32,32.00,APPROVED_FOR_IMPORT,,EMAIL_ONLY_D2,2,0,0,0
10300,wc-completed,GBP,2025-05-14 12:18:19,35.00,APPROVED_FOR_IMPORT,,EMAIL_ONLY_D2,1,0,0,0
10301,wc-completed,GBP,2025-05-14 12:24:51,110.00,APPROVED_FOR_IMPORT,,EMAIL_ONLY_D2,6,0,0,0
10302,wc-failed,GBP,2025-05-14 15:09:00,43.00,APPROVED_FOR_IMPORT,,EMAIL_ONLY_D2,2,0,0,0
10303,wc-completed,GBP,2025-05-14 15:10:44,43.00,APPROVED_FOR_IMPORT,,EMAIL_ONLY_D2,2,0,0,0
10304,wc-completed,GBP,2025-05-14 18:05:20,97.00,APPROVED_FOR_IMPORT,,EMAIL_ONLY_D2,3,1,0,0
10305,wc-completed,GBP,2025-05-14 19:02:58,95.00,APPROVED_FOR_IMPORT,,EMAIL_ONLY_D2,1,0,0,0
10306,wc-completed,GBP,2025-05-14 19:29:07,57.00,APPROVED_FOR_IMPORT,,ASSOCIATE_GID,3,0,0,0
10307,wc-completed,GBP,2025-05-14 20:09:13,25.00,APPROVED_FOR_IMPORT,,EMAIL_ONLY_D2,1,0,0,0
10308,wc-completed,GBP,2025-05-14 20:42:33,131.00,APPROVED_FOR_IMPORT,,ASSOCIATE_GID,4,0,0,0
10309,wc-failed,GBP,2025-05-14 20:52:44,25.00,APPROVED_FOR_IMPORT,,EMAIL_ONLY_D2,1,0,0,0
10310,wc-completed,GBP,2025-05-14 21:19:50,23.00,APPROVED_FOR_IMPORT,,EMAIL_ONLY_D2,1,0,0,0
10311,wc-completed,GBP,2025-05-14 22:40:17,93.00,APPROVED_FOR_IMPORT,,EMAIL_ONLY_D2,8,3,3,1
10312,wc-failed,GBP,2025-05-15 00:31:33,112.00,APPROVED_FOR_IMPORT,,ASSOCIATE_GID,7,0,0,0
10314,wc-completed,GBP,2025-05-15 04:08:02,19.00,APPROVED_FOR_IMPORT,,EMAIL_ONLY_D2,1,0,0,0
10315,wc-failed,GBP,2025-05-15 05:48:30,21.00,APPROVED_FOR_IMPORT,,EMAIL_ONLY_D2,1,0,0,0
10316,wc-completed,GBP,2025-05-15 06:48:40,23.00,APPROVED_FOR_IMPORT,,EMAIL_ONLY_D2,1,0,0,0
10317,wc-completed,GBP,2025-05-15 08:45:54,40.00,APPROVED_FOR_IMPORT,,EMAIL_ONLY_D2,2,0,0,0
10318,wc-completed,GBP,2025-05-15 08:57:56,94.00,APPROVED_FOR_IMPORT,,EMAIL_ONLY_D2,5,0,0,0
10319,wc-completed,GBP,2025-05-15 09:29:12,15.00,APPROVED_FOR_IMPORT,,EMAIL_ONLY_D2,1,0,0,0
10320,wc-completed,GBP,2025-05-15 10:03:37,25.00,APPROVED_FOR_IMPORT,,EMAIL_ONLY_D2,1,0,0,0
10322,wc-completed,GBP,2025-05-15 11:13:12,60.00,APPROVED_FOR_IMPORT,,EMAIL_ONLY_D2,2,0,0,0
10323,wc-completed,GBP,2025-05-15 11:27:10,29.00,APPROVED_FOR_IMPORT,,EMAIL_ONLY_D2,1,0,0,0
10324,wc-completed,GBP,2025-05-15 12:10:33,23.00,APPROVED_FOR_IMPORT,,EMAIL_ONLY_D2,1,0,0,0
10329,wc-completed,GBP,2025-05-15 15:47:28,87.00,APPROVED_FOR_IMPORT,,ASSOCIATE_GID,3,0,0,0
10332,wc-failed,GBP,2025-05-15 16:57:56,35.00,APPROVED_FOR_IMPORT,,EMAIL_ONLY_D2,1,0,0,0
10333,wc-completed,GBP,2025-05-15 16:59:20,80.00,APPROVED_FOR_IMPORT,,EMAIL_ONLY_D2,4,0,0,0
10334,wc-completed,GBP,2025-05-15 16:59:54,35.00,APPROVED_FOR_IMPORT,,EMAIL_ONLY_D2,1,0,0,0
10335,wc-failed,GBP,2025-05-15 17:21:14,63.00,APPROVED_FOR_IMPORT,,EMAIL_ONLY_D2,3,0,0,0
10336,wc-completed,GBP,2025-05-15 17:39:48,40.00,APPROVED_FOR_IMPORT,,EMAIL_ONLY_D2,2,0,0,0
10337,wc-completed,GBP,2025-05-15 17:43:48,144.00,APPROVED_FOR_IMPORT,,ASSOCIATE_GID,9,0,0,0
10338,wc-completed,GBP,2025-05-15 17:52:52,57.00,APPROVED_FOR_IMPORT,,EMAIL_ONLY_D2,3,0,0,0
10339,wc-completed,GBP,2025-05-15 19:57:08,64.00,APPROVED_FOR_IMPORT,,EMAIL_ONLY_D2,3,0,0,0
10340,wc-completed,GBP,2025-05-15 19:58:35,39.00,APPROVED_FOR_IMPORT,,EMAIL_ONLY_D2,1,0,0,0
10342,wc-failed,GBP,2025-05-15 21:50:40,23.00,APPROVED_FOR_IMPORT,,EMAIL_ONLY_D2,1,0,0,0
10343,wc-completed,GBP,2025-05-15 21:51:09,23.00,APPROVED_FOR_IMPORT,,EMAIL_ONLY_D2,1,0,0,0
10345,wc-completed,GBP,2025-05-16 06:09:56,83.00,APPROVED_FOR_IMPORT,,ASSOCIATE_GID,3,0,0,0
10347,wc-completed,GBP,2025-05-16 10:17:07,103.99,APPROVED_FOR_IMPORT,,EMAIL_ONLY_D2,5,0,0,0
10348,wc-completed,GBP,2025-05-16 10:51:20,123.00,APPROVED_FOR_IMPORT,,EMAIL_ONLY_D2,3,0,0,0
10349,wc-completed,GBP,2025-05-16 11:02:36,25.00,APPROVED_FOR_IMPORT,,EMAIL_ONLY_D2,1,0,0,0
10350,wc-completed,GBP,2025-05-16 11:34:54,105.00,APPROVED_FOR_IMPORT,,EMAIL_ONLY_D2,5,0,0,0
10351,wc-completed,GBP,2025-05-16 12:24:50,23.00,APPROVED_FOR_IMPORT,,EMAIL_ONLY_D2,1,0,0,0
10354,wc-failed,GBP,2025-05-16 19:18:36,64.99,APPROVED_FOR_IMPORT,,EMAIL_ONLY_D2,4,0,0,0
10355,wc-completed,GBP,2025-05-16 19:19:32,69.99,APPROVED_FOR_IMPORT,,EMAIL_ONLY_D2,4,0,0,0
10356,wc-completed,GBP,2025-05-16 19:22:21,45.00,APPROVED_FOR_IMPORT,,EMAIL_ONLY_D2,2,0,0,0
10358,wc-completed,GBP,2025-05-16 20:08:32,41.00,APPROVED_FOR_IMPORT,,EMAIL_ONLY_D2,2,0,0,0
10359,wc-completed,GBP,2025-05-16 20:28:02,23.00,APPROVED_FOR_IMPORT,,EMAIL_ONLY_D2,1,0,0,0
10360,wc-completed,GBP,2025-05-16 20:43:52,55.99,APPROVED_FOR_IMPORT,,EMAIL_ONLY_D2,5,0,0,0
10361,wc-completed,GBP,2025-05-16 21:09:27,65.00,APPROVED_FOR_IMPORT,,EMAIL_ONLY_D2,3,0,0,0
10362,wc-completed,GBP,2025-05-16 21:19:39,21.00,APPROVED_FOR_IMPORT,,EMAIL_ONLY_D2,1,0,0,0
10363,wc-completed,GBP,2025-05-16 22:10:21,21.00,APPROVED_FOR_IMPORT,,EMAIL_ONLY_D2,1,0,0,0
10364,wc-completed,GBP,2025-05-17 00:03:11,26.99,APPROVED_FOR_IMPORT,,EMAIL_ONLY_D2,2,0,0,0
10365,wc-completed,GBP,2025-05-17 02:11:06,25.00,APPROVED_FOR_IMPORT,,EMAIL_ONLY_D2,1,0,0,0
10368,wc-completed,GBP,2025-05-17 07:18:18,35.00,APPROVED_FOR_IMPORT,,ASSOCIATE_GID,1,0,0,0
10369,wc-completed,GBP,2025-05-17 09:43:21,35.00,APPROVED_FOR_IMPORT,,EMAIL_ONLY_D2,1,0,0,0
10370,wc-completed,GBP,2025-05-17 09:47:17,43.00,APPROVED_FOR_IMPORT,,EMAIL_ONLY_D2,2,0,0,0
10371,wc-completed,GBP,2025-05-17 12:38:53,75.00,APPROVED_FOR_IMPORT,,EMAIL_ONLY_D2,1,1,0,0
10376,wc-completed,GBP,2025-05-17 13:50:59,115.00,APPROVED_FOR_IMPORT,,EMAIL_ONLY_D2,2,0,0,0
10377,wc-completed,GBP,2025-05-17 16:16:13,25.00,APPROVED_FOR_IMPORT,,EMAIL_ONLY_D2,1,0,0,0
10378,wc-completed,GBP,2025-05-17 16:25:17,60.00,APPROVED_FOR_IMPORT,,EMAIL_ONLY_D2,2,0,0,0
10379,wc-completed,GBP,2025-05-17 17:49:15,25.00,APPROVED_FOR_IMPORT,,EMAIL_ONLY_D2,1,0,0,0
10380,wc-completed,GBP,2025-05-17 18:47:15,152.00,PENDING_DECISION,D-3_unmapped_customer,UNMAPPED,4,0,0,0
10381,wc-completed,GBP,2025-05-17 21:05:30,42.00,APPROVED_FOR_IMPORT,,EMAIL_ONLY_D2,2,0,0,0
10382,wc-completed,GBP,2025-05-17 21:21:22,73.00,APPROVED_FOR_IMPORT,,EMAIL_ONLY_D2,3,0,0,0
10384,wc-completed,GBP,2025-05-17 22:15:55,45.00,APPROVED_FOR_IMPORT,,EMAIL_ONLY_D2,1,0,0,0
10385,wc-completed,GBP,2025-05-17 23:17:20,41.00,APPROVED_FOR_IMPORT,,EMAIL_ONLY_D2,2,0,0,0
10386,wc-completed,GBP,2025-05-17 23:47:32,41.00,APPROVED_FOR_IMPORT,,EMAIL_ONLY_D2,2,0,0,0
10387,wc-failed,GBP,2025-05-18 00:24:33,106.99,APPROVED_FOR_IMPORT,,ASSOCIATE_GID,4,0,0,0
10390,wc-completed,GBP,2025-05-18 05:59:19,25.00,APPROVED_FOR_IMPORT,,EMAIL_ONLY_D2,1,0,0,0
10393,wc-completed,GBP,2025-05-18 12:34:34,70.00,APPROVED_FOR_IMPORT,,EMAIL_ONLY_D2,3,0,0,0
10394,wc-completed,GBP,2025-05-18 12:41:44,30.00,APPROVED_FOR_IMPORT,,EMAIL_ONLY_D2,1,0,0,0
10395,wc-completed,GBP,2025-05-18 13:14:04,22.00,APPROVED_FOR_IMPORT,,EMAIL_ONLY_D2,1,0,0,0
10396,wc-completed,GBP,2025-05-18 16:16:49,21.00,APPROVED_FOR_IMPORT,,EMAIL_ONLY_D2,1,0,0,0
10397,wc-completed,GBP,2025-05-18 17:41:33,60.00,APPROVED_FOR_IMPORT,,EMAIL_ONLY_D2,3,0,0,0
10398,wc-completed,GBP,2025-05-18 18:13:32,56.99,APPROVED_FOR_IMPORT,,EMAIL_ONLY_D2,3,0,0,0
10402,wc-completed,GBP,2025-05-18 21:31:16,60.00,APPROVED_FOR_IMPORT,,EMAIL_ONLY_D2,3,0,0,0
10403,wc-completed,GBP,2025-05-18 22:32:22,63.00,APPROVED_FOR_IMPORT,,EMAIL_ONLY_D2,4,0,0,0
10404,wc-completed,GBP,2025-05-18 22:59:36,42.00,APPROVED_FOR_IMPORT,,EMAIL_ONLY_D2,3,0,0,0
10405,wc-completed,GBP,2025-05-18 23:47:01,25.00,APPROVED_FOR_IMPORT,,EMAIL_ONLY_D2,1,0,0,0
10406,wc-completed,GBP,2025-05-19 01:34:34,61.00,APPROVED_FOR_IMPORT,,EMAIL_ONLY_D2,3,0,0,0
10409,wc-completed,GBP,2025-05-19 03:29:38,19.00,APPROVED_FOR_IMPORT,,EMAIL_ONLY_D2,1,0,0,0
10410,wc-completed,GBP,2025-05-19 08:23:28,45.00,APPROVED_FOR_IMPORT,,EMAIL_ONLY_D2,2,0,0,0
10414,wc-completed,GBP,2025-05-19 10:42:41,40.00,APPROVED_FOR_IMPORT,,EMAIL_ONLY_D2,2,0,0,0
10420,wc-completed,GBP,2025-05-19 13:24:56,41.00,APPROVED_FOR_IMPORT,,ASSOCIATE_GID,2,0,0,0
10424,wc-completed,GBP,2025-05-19 14:00:10,21.00,APPROVED_FOR_IMPORT,,EMAIL_ONLY_D2,1,0,0,0
10426,wc-completed,GBP,2025-05-19 15:06:36,22.00,APPROVED_FOR_IMPORT,,EMAIL_ONLY_D2,1,0,0,0
10428,wc-completed,GBP,2025-05-19 15:27:17,102.00,APPROVED_FOR_IMPORT,,EMAIL_ONLY_D2,4,0,0,0
10429,wc-completed,GBP,2025-05-19 16:42:27,50.00,APPROVED_FOR_IMPORT,,EMAIL_ONLY_D2,3,0,0,0
10430,wc-completed,GBP,2025-05-19 17:35:57,69.99,APPROVED_FOR_IMPORT,,ASSOCIATE_GID,4,0,0,0
10431,wc-completed,GBP,2025-05-19 17:56:56,60.00,APPROVED_FOR_IMPORT,,EMAIL_ONLY_D2,3,0,0,0
10432,wc-cancelled,GBP,2025-05-19 18:08:01,101.99,APPROVED_FOR_IMPORT,,ASSOCIATE_GID,4,0,0,0
10433,wc-completed,GBP,2025-05-19 18:10:14,101.99,APPROVED_FOR_IMPORT,,ASSOCIATE_GID,4,0,0,0
10436,wc-completed,GBP,2025-05-19 18:48:53,32.00,APPROVED_FOR_IMPORT,,EMAIL_ONLY_D2,1,0,0,0
10439,wc-completed,GBP,2025-05-19 19:25:35,45.00,APPROVED_FOR_IMPORT,,EMAIL_ONLY_D2,2,0,0,0
10441,wc-completed,GBP,2025-05-19 19:59:01,84.00,APPROVED_FOR_IMPORT,,ASSOCIATE_GID,4,0,0,0
10442,wc-completed,GBP,2025-05-19 20:05:19,94.00,APPROVED_FOR_IMPORT,,EMAIL_ONLY_D2,5,0,0,0
10444,wc-completed,GBP,2025-05-19 20:47:12,25.00,APPROVED_FOR_IMPORT,,EMAIL_ONLY_D2,1,0,0,0
10445,wc-completed,GBP,2025-05-19 21:04:53,35.00,APPROVED_FOR_IMPORT,,EMAIL_ONLY_D2,1,0,0,0
10446,wc-completed,GBP,2025-05-19 21:05:50,65.00,APPROVED_FOR_IMPORT,,EMAIL_ONLY_D2,2,0,0,0
10447,wc-completed,GBP,2025-05-19 21:11:41,55.00,PENDING_DECISION,D-3_unmapped_customer,UNMAPPED,1,0,0,0
10448,wc-completed,GBP,2025-05-19 22:02:31,28.99,APPROVED_FOR_IMPORT,,ASSOCIATE_GID,2,0,0,0
10449,wc-completed,GBP,2025-05-19 22:10:37,23.00,APPROVED_FOR_IMPORT,,EMAIL_ONLY_D2,1,0,0,0
10450,wc-completed,GBP,2025-05-19 22:56:37,38.00,APPROVED_FOR_IMPORT,,EMAIL_ONLY_D2,2,0,0,0
10451,wc-completed,GBP,2025-05-20 05:47:50,148.00,APPROVED_FOR_IMPORT,,EMAIL_ONLY_D2,3,0,0,0
10453,wc-failed,GBP,2025-05-20 10:54:47,23.00,APPROVED_FOR_IMPORT,,EMAIL_ONLY_D2,1,0,0,0
10454,wc-completed,GBP,2025-05-20 11:15:36,23.00,APPROVED_FOR_IMPORT,,EMAIL_ONLY_D2,1,0,0,0
10455,wc-completed,GBP,2025-05-20 12:24:14,61.00,APPROVED_FOR_IMPORT,,EMAIL_ONLY_D2,4,0,0,0
10457,wc-completed,GBP,2025-05-20 12:40:26,59.00,APPROVED_FOR_IMPORT,,ASSOCIATE_GID,2,0,0,0
10459,wc-completed,GBP,2025-05-20 13:53:00,37.00,APPROVED_FOR_IMPORT,,EMAIL_ONLY_D2,2,0,0,0
10460,wc-completed,GBP,2025-05-20 14:32:07,103.00,APPROVED_FOR_IMPORT,,EMAIL_ONLY_D2,4,0,0,1
10461,wc-completed,GBP,2025-05-20 14:56:25,66.00,APPROVED_FOR_IMPORT,,EMAIL_ONLY_D2,3,0,0,0
10462,wc-completed,GBP,2025-05-20 17:53:18,63.00,APPROVED_FOR_IMPORT,,EMAIL_ONLY_D2,4,0,0,0
10465,wc-completed,GBP,2025-05-20 18:54:26,25.00,APPROVED_FOR_IMPORT,,EMAIL_ONLY_D2,1,0,0,0
10466,wc-completed,GBP,2025-05-20 19:38:44,25.00,APPROVED_FOR_IMPORT,,EMAIL_ONLY_D2,1,0,0,0
10468,wc-completed,GBP,2025-05-20 20:36:39,63.00,APPROVED_FOR_IMPORT,,EMAIL_ONLY_D2,3,0,0,0
10469,wc-failed,GBP,2025-05-20 23:00:43,225.00,APPROVED_FOR_IMPORT,,EMAIL_ONLY_D2,11,0,0,0
10470,wc-completed,GBP,2025-05-21 09:09:11,78.00,APPROVED_FOR_IMPORT,,EMAIL_ONLY_D2,4,0,0,0
10472,wc-completed,GBP,2025-05-21 10:16:03,45.00,APPROVED_FOR_IMPORT,,EMAIL_ONLY_D2,2,0,0,0
10473,wc-completed,GBP,2025-05-21 11:39:35,77.00,APPROVED_FOR_IMPORT,,EMAIL_ONLY_D2,5,0,0,0
10474,wc-cancelled,GBP,2025-05-21 11:57:49,113.00,PENDING_DECISION,D-3_unmapped_customer,UNMAPPED,5,0,0,0
10475,wc-completed,GBP,2025-05-21 12:06:52,63.00,PENDING_DECISION,D-3_unmapped_customer,UNMAPPED,3,0,0,0
10484,wc-refunded,GBP,2025-05-21 12:51:28,22.00,PENDING_DECISION,D-9_refund_complex,EMAIL_ONLY_D2,1,0,0,2
10485,wc-completed,GBP,2025-05-21 13:26:03,63.00,APPROVED_FOR_IMPORT,,EMAIL_ONLY_D2,3,0,0,0
10486,wc-completed,GBP,2025-05-21 13:26:48,49.00,APPROVED_FOR_IMPORT,,EMAIL_ONLY_D2,3,0,0,0
10497,wc-completed,GBP,2025-05-21 16:35:33,63.00,APPROVED_FOR_IMPORT,,EMAIL_ONLY_D2,3,0,0,0
10498,wc-completed,GBP,2025-05-21 16:39:35,158.00,APPROVED_FOR_IMPORT,,EMAIL_ONLY_D2,7,0,0,0
10499,wc-completed,GBP,2025-05-21 17:03:50,40.00,APPROVED_FOR_IMPORT,,EMAIL_ONLY_D2,2,0,0,0
10501,wc-completed,GBP,2025-05-21 17:56:12,90.00,APPROVED_FOR_IMPORT,,EMAIL_ONLY_D2,3,0,0,0
10502,wc-completed,GBP,2025-05-21 17:57:47,21.00,APPROVED_FOR_IMPORT,,EMAIL_ONLY_D2,1,0,0,0
10516,wc-completed,GBP,2025-05-21 19:19:00,85.00,APPROVED_FOR_IMPORT,,ASSOCIATE_GID,4,0,0,0
10520,wc-completed,GBP,2025-05-21 19:28:41,25.00,APPROVED_FOR_IMPORT,,EMAIL_ONLY_D2,1,0,0,0
10529,wc-failed,GBP,2025-05-21 19:49:52,94.00,APPROVED_FOR_IMPORT,,EMAIL_ONLY_D2,5,0,0,0
10533,wc-completed,GBP,2025-05-21 20:49:08,25.00,PENDING_DECISION,D-3_unmapped_customer,UNMAPPED,1,0,0,0
10534,wc-completed,GBP,2025-05-21 20:53:01,67.00,APPROVED_FOR_IMPORT,,ASSOCIATE_GID,2,0,0,0
10535,wc-completed,GBP,2025-05-21 21:09:22,47.00,APPROVED_FOR_IMPORT,,EMAIL_ONLY_D2,2,0,0,0
10537,wc-failed,GBP,2025-05-21 21:48:15,110.00,APPROVED_FOR_IMPORT,,ASSOCIATE_GID,6,0,0,0
10538,wc-completed,GBP,2025-05-21 21:58:18,78.00,APPROVED_FOR_IMPORT,,ASSOCIATE_GID,4,0,0,0
10539,wc-completed,GBP,2025-05-21 22:37:01,45.00,APPROVED_FOR_IMPORT,,EMAIL_ONLY_D2,2,0,0,0
10610,wc-completed,GBP,2025-05-22 00:42:40,69.00,APPROVED_FOR_IMPORT,,EMAIL_ONLY_D2,2,0,0,0
10611,wc-completed,GBP,2025-05-22 00:53:15,191.00,PENDING_DECISION,D-3_unmapped_customer,UNMAPPED,11,0,0,0
10612,wc-completed,GBP,2025-05-22 05:50:14,96.00,APPROVED_FOR_IMPORT,,EMAIL_ONLY_D2,6,0,0,0
10613,wc-completed,GBP,2025-05-22 07:10:25,39.00,APPROVED_FOR_IMPORT,,EMAIL_ONLY_D2,2,0,0,0
10614,wc-completed,GBP,2025-05-22 10:40:51,58.00,APPROVED_FOR_IMPORT,,EMAIL_ONLY_D2,6,3,3,0
10615,wc-completed,GBP,2025-05-22 10:46:55,43.00,APPROVED_FOR_IMPORT,,EMAIL_ONLY_D2,2,0,0,0
10617,wc-completed,GBP,2025-05-22 13:05:16,22.00,APPROVED_FOR_IMPORT,,EMAIL_ONLY_D2,1,0,0,0
10619,wc-completed,GBP,2025-05-22 13:39:55,113.00,APPROVED_FOR_IMPORT,,ASSOCIATE_GID,7,0,0,0
10620,wc-completed,GBP,2025-05-22 17:10:47,45.00,APPROVED_FOR_IMPORT,,EMAIL_ONLY_D2,2,0,0,0
10621,wc-completed,GBP,2025-05-22 17:45:22,22.00,APPROVED_FOR_IMPORT,,EMAIL_ONLY_D2,1,0,0,0
10622,wc-completed,GBP,2025-05-22 18:45:14,40.00,APPROVED_FOR_IMPORT,,EMAIL_ONLY_D2,2,0,0,0
10623,wc-completed,GBP,2025-05-22 18:59:39,112.00,APPROVED_FOR_IMPORT,,EMAIL_ONLY_D2,3,0,0,0
10624,wc-completed,GBP,2025-05-22 19:16:42,45.00,APPROVED_FOR_IMPORT,,ASSOCIATE_GID,2,0,0,0
10625,wc-completed,GBP,2025-05-22 19:17:50,60.00,APPROVED_FOR_IMPORT,,ASSOCIATE_GID,4,0,0,0
10626,wc-completed,GBP,2025-05-22 19:26:04,45.00,APPROVED_FOR_IMPORT,,EMAIL_ONLY_D2,2,0,0,0
10628,wc-completed,GBP,2025-05-22 19:32:18,60.00,APPROVED_FOR_IMPORT,,EMAIL_ONLY_D2,3,0,0,0
10631,wc-completed,GBP,2025-05-22 21:11:40,45.00,APPROVED_FOR_IMPORT,,EMAIL_ONLY_D2,2,0,0,0
10632,wc-completed,GBP,2025-05-22 22:07:39,25.00,APPROVED_FOR_IMPORT,,EMAIL_ONLY_D2,1,0,0,0
10633,wc-completed,GBP,2025-05-22 22:29:40,25.00,APPROVED_FOR_IMPORT,,EMAIL_ONLY_D2,1,0,0,0
10634,wc-completed,GBP,2025-05-23 03:32:10,62.00,APPROVED_FOR_IMPORT,,EMAIL_ONLY_D2,8,0,0,0
10636,wc-completed,GBP,2025-05-23 06:04:47,58.00,APPROVED_FOR_IMPORT,,EMAIL_ONLY_D2,3,0,0,0
10637,wc-completed,GBP,2025-05-23 06:37:57,71.00,APPROVED_FOR_IMPORT,,EMAIL_ONLY_D2,5,0,0,0
10638,wc-completed,GBP,2025-05-23 07:18:52,101.00,APPROVED_FOR_IMPORT,,EMAIL_ONLY_D2,5,0,0,0
10639,wc-completed,GBP,2025-05-23 08:14:50,67.00,APPROVED_FOR_IMPORT,,EMAIL_ONLY_D2,3,0,0,0
10641,wc-completed,GBP,2025-05-23 08:59:11,55.00,APPROVED_FOR_IMPORT,,EMAIL_ONLY_D2,2,0,0,0
10642,wc-completed,GBP,2025-05-23 09:15:28,67.00,APPROVED_FOR_IMPORT,,EMAIL_ONLY_D2,3,0,0,0
10643,wc-completed,GBP,2025-05-23 10:46:03,26.00,APPROVED_FOR_IMPORT,,ASSOCIATE_GID,2,0,0,0
10644,wc-completed,GBP,2025-05-23 10:53:31,55.00,APPROVED_FOR_IMPORT,,EMAIL_ONLY_D2,3,0,0,0
10645,wc-completed,GBP,2025-05-23 12:27:52,27.00,APPROVED_FOR_IMPORT,,EMAIL_ONLY_D2,2,1,0,0
10646,wc-completed,GBP,2025-05-23 13:33:35,100.00,APPROVED_FOR_IMPORT,,EMAIL_ONLY_D2,5,0,0,0
10648,wc-completed,GBP,2025-05-23 14:42:17,41.00,APPROVED_FOR_IMPORT,,EMAIL_ONLY_D2,1,0,0,0
10649,wc-completed,GBP,2025-05-23 15:53:34,45.00,APPROVED_FOR_IMPORT,,EMAIL_ONLY_D2,2,0,0,0
10650,wc-completed,GBP,2025-05-23 16:12:46,133.00,APPROVED_FOR_IMPORT,,ASSOCIATE_GID,6,0,0,0
10651,wc-completed,GBP,2025-05-23 16:32:41,94.00,APPROVED_FOR_IMPORT,,EMAIL_ONLY_D2,5,0,0,0
10653,wc-completed,GBP,2025-05-23 17:29:04,59.00,APPROVED_FOR_IMPORT,,EMAIL_ONLY_D2,3,0,0,0
10654,wc-completed,GBP,2025-05-23 18:15:33,62.00,APPROVED_FOR_IMPORT,,EMAIL_ONLY_D2,3,0,0,0
10655,wc-completed,GBP,2025-05-23 18:16:34,56.00,APPROVED_FOR_IMPORT,,EMAIL_ONLY_D2,2,0,0,0
10659,wc-completed,GBP,2025-05-23 19:53:27,47.00,APPROVED_FOR_IMPORT,,EMAIL_ONLY_D2,2,0,0,0
10660,wc-completed,GBP,2025-05-23 21:18:07,37.00,APPROVED_FOR_IMPORT,,EMAIL_ONLY_D2,2,0,0,0
10662,wc-completed,GBP,2025-05-23 23:46:43,58.00,APPROVED_FOR_IMPORT,,EMAIL_ONLY_D2,3,0,0,0
10663,wc-completed,GBP,2025-05-23 23:58:53,61.00,APPROVED_FOR_IMPORT,,ASSOCIATE_GID,10,1,1,0
10664,wc-completed,GBP,2025-05-24 04:51:40,47.00,APPROVED_FOR_IMPORT,,EMAIL_ONLY_D2,2,0,0,0
10666,wc-completed,GBP,2025-05-24 10:02:27,48.00,APPROVED_FOR_IMPORT,,EMAIL_ONLY_D2,2,0,0,0
10667,wc-completed,GBP,2025-05-24 11:35:06,32.00,APPROVED_FOR_IMPORT,,EMAIL_ONLY_D2,1,0,0,0
10668,wc-completed,GBP,2025-05-24 16:20:01,95.00,APPROVED_FOR_IMPORT,,EMAIL_ONLY_D2,1,0,0,0
10669,wc-completed,GBP,2025-05-24 18:20:23,45.00,APPROVED_FOR_IMPORT,,EMAIL_ONLY_D2,2,0,0,0
10670,wc-completed,GBP,2025-05-24 19:11:21,59.00,APPROVED_FOR_IMPORT,,EMAIL_ONLY_D2,3,0,0,0
10671,wc-completed,GBP,2025-05-24 20:27:55,60.00,APPROVED_FOR_IMPORT,,EMAIL_ONLY_D2,4,0,0,0
10672,wc-completed,GBP,2025-05-24 20:41:37,57.00,APPROVED_FOR_IMPORT,,EMAIL_ONLY_D2,3,0,0,0
10674,wc-completed,GBP,2025-05-24 22:21:09,45.00,APPROVED_FOR_IMPORT,,EMAIL_ONLY_D2,2,0,0,0
10675,wc-completed,GBP,2025-05-24 22:27:56,32.00,APPROVED_FOR_IMPORT,,ASSOCIATE_GID,1,0,0,0
10681,wc-completed,GBP,2025-05-25 14:29:43,23.00,APPROVED_FOR_IMPORT,,EMAIL_ONLY_D2,1,0,0,0
10682,wc-completed,GBP,2025-05-25 15:46:51,98.00,APPROVED_FOR_IMPORT,,EMAIL_ONLY_D2,5,0,0,0
10683,wc-completed,GBP,2025-05-25 17:11:08,145.99,APPROVED_FOR_IMPORT,,EMAIL_ONLY_D2,8,0,0,0
10685,wc-completed,GBP,2025-05-25 19:36:28,129.00,APPROVED_FOR_IMPORT,,EMAIL_ONLY_D2,4,0,0,0
10686,wc-completed,GBP,2025-05-25 20:00:15,21.00,APPROVED_FOR_IMPORT,,EMAIL_ONLY_D2,1,0,0,0
10687,wc-completed,GBP,2025-05-25 20:28:49,39.00,APPROVED_FOR_IMPORT,,EMAIL_ONLY_D2,2,0,0,0
10688,wc-completed,GBP,2025-05-26 04:32:24,22.00,APPROVED_FOR_IMPORT,,EMAIL_ONLY_D2,1,0,0,0
10689,wc-completed,GBP,2025-05-26 05:51:21,77.00,APPROVED_FOR_IMPORT,,EMAIL_ONLY_D2,2,0,0,0
10690,wc-completed,GBP,2025-05-26 05:57:35,85.00,APPROVED_FOR_IMPORT,,EMAIL_ONLY_D2,3,0,0,0
10692,wc-completed,GBP,2025-05-26 08:32:09,25.00,APPROVED_FOR_IMPORT,,EMAIL_ONLY_D2,1,0,0,0
10693,wc-failed,GBP,2025-05-26 09:07:08,71.99,APPROVED_FOR_IMPORT,,EMAIL_ONLY_D2,4,0,0,0
10694,wc-completed,GBP,2025-05-26 09:09:29,71.99,APPROVED_FOR_IMPORT,,EMAIL_ONLY_D2,4,0,0,0
10697,wc-completed,GBP,2025-05-26 12:30:54,62.00,APPROVED_FOR_IMPORT,,EMAIL_ONLY_D2,3,0,0,0
10700,wc-completed,GBP,2025-05-26 14:20:22,52.00,APPROVED_FOR_IMPORT,,EMAIL_ONLY_D2,3,0,0,0
10701,wc-completed,GBP,2025-05-26 14:31:44,67.00,APPROVED_FOR_IMPORT,,EMAIL_ONLY_D2,3,0,0,0
10702,wc-completed,GBP,2025-05-26 14:46:13,85.00,APPROVED_FOR_IMPORT,,ASSOCIATE_GID,3,0,0,0
10703,wc-completed,GBP,2025-05-26 15:00:13,85.00,APPROVED_FOR_IMPORT,,EMAIL_ONLY_D2,1,0,0,0
10704,wc-completed,GBP,2025-05-26 15:55:56,61.00,APPROVED_FOR_IMPORT,,EMAIL_ONLY_D2,3,0,0,0
10705,wc-completed,GBP,2025-05-26 16:17:51,76.00,APPROVED_FOR_IMPORT,,EMAIL_ONLY_D2,4,0,0,0
10706,wc-completed,GBP,2025-05-26 17:11:12,26.00,APPROVED_FOR_IMPORT,,EMAIL_ONLY_D2,2,0,0,0
10712,wc-failed,GBP,2025-05-26 20:32:08,25.00,APPROVED_FOR_IMPORT,,EMAIL_ONLY_D2,1,0,0,0
10713,wc-completed,GBP,2025-05-26 23:14:00,27.00,APPROVED_FOR_IMPORT,,ASSOCIATE_GID,2,0,0,0
10715,wc-completed,GBP,2025-05-26 23:46:16,45.00,APPROVED_FOR_IMPORT,,EMAIL_ONLY_D2,1,0,0,0
10716,wc-completed,GBP,2025-05-26 23:58:02,60.00,APPROVED_FOR_IMPORT,,EMAIL_ONLY_D2,2,0,0,0
10717,wc-completed,GBP,2025-05-27 03:25:33,43.00,APPROVED_FOR_IMPORT,,EMAIL_ONLY_D2,2,0,0,0
10718,wc-failed,GBP,2025-05-27 06:36:33,49.00,APPROVED_FOR_IMPORT,,EMAIL_ONLY_D2,3,0,0,0
10720,wc-completed,GBP,2025-05-27 07:54:41,47.00,APPROVED_FOR_IMPORT,,EMAIL_ONLY_D2,2,0,0,0
10721,wc-failed,GBP,2025-05-27 09:17:29,50.00,APPROVED_FOR_IMPORT,,EMAIL_ONLY_D2,2,0,0,0
10722,wc-completed,GBP,2025-05-27 09:17:51,50.00,APPROVED_FOR_IMPORT,,EMAIL_ONLY_D2,2,0,0,0
10724,wc-completed,GBP,2025-05-27 12:24:52,31.00,APPROVED_FOR_IMPORT,,EMAIL_ONLY_D2,1,0,0,0
10725,wc-completed,GBP,2025-05-27 12:34:33,21.00,APPROVED_FOR_IMPORT,,EMAIL_ONLY_D2,1,0,0,0
10727,wc-completed,GBP,2025-05-27 13:11:29,45.00,APPROVED_FOR_IMPORT,,EMAIL_ONLY_D2,2,0,0,0
10728,wc-completed,GBP,2025-05-27 13:33:41,73.00,APPROVED_FOR_IMPORT,,ASSOCIATE_GID,1,0,0,0
10729,wc-failed,GBP,2025-05-27 14:00:30,22.00,APPROVED_FOR_IMPORT,,EMAIL_ONLY_D2,1,0,0,0
10730,wc-failed,GBP,2025-05-27 14:01:34,22.00,APPROVED_FOR_IMPORT,,EMAIL_ONLY_D2,1,0,0,0
10731,wc-completed,GBP,2025-05-27 14:25:17,21.00,APPROVED_FOR_IMPORT,,EMAIL_ONLY_D2,1,0,0,0
10733,wc-completed,GBP,2025-05-27 14:52:05,80.00,APPROVED_FOR_IMPORT,,EMAIL_ONLY_D2,2,0,0,0
10737,wc-completed,GBP,2025-05-27 18:25:20,80.00,APPROVED_FOR_IMPORT,,EMAIL_ONLY_D2,2,0,0,0
10738,wc-completed,GBP,2025-05-27 18:29:13,125.00,APPROVED_FOR_IMPORT,,ASSOCIATE_GID,8,3,2,0
10739,wc-completed,GBP,2025-05-27 19:02:24,32.00,APPROVED_FOR_IMPORT,,EMAIL_ONLY_D2,1,0,0,0
10740,wc-completed,GBP,2025-05-27 19:32:59,78.00,APPROVED_FOR_IMPORT,,EMAIL_ONLY_D2,4,0,0,0
10741,wc-completed,GBP,2025-05-27 20:04:23,59.00,APPROVED_FOR_IMPORT,,EMAIL_ONLY_D2,3,0,0,0
10742,wc-completed,GBP,2025-05-27 21:16:42,25.00,APPROVED_FOR_IMPORT,,EMAIL_ONLY_D2,1,0,0,0
10743,wc-completed,GBP,2025-05-27 21:57:42,102.00,APPROVED_FOR_IMPORT,,EMAIL_ONLY_D2,6,0,0,0
10744,wc-failed,GBP,2025-05-27 23:31:29,30.00,APPROVED_FOR_IMPORT,,EMAIL_ONLY_D2,1,0,0,0
10745,wc-completed,GBP,2025-05-28 02:52:21,82.99,APPROVED_FOR_IMPORT,,EMAIL_ONLY_D2,5,0,0,0
10746,wc-completed,GBP,2025-05-28 03:02:00,23.00,APPROVED_FOR_IMPORT,,EMAIL_ONLY_D2,1,0,0,0
10751,wc-failed,GBP,2025-05-28 09:59:54,87.99,APPROVED_FOR_IMPORT,,EMAIL_ONLY_D2,7,0,0,0
10752,wc-completed,GBP,2025-05-28 10:00:42,87.99,APPROVED_FOR_IMPORT,,EMAIL_ONLY_D2,7,0,0,0
10754,wc-completed,GBP,2025-05-28 10:50:23,40.00,APPROVED_FOR_IMPORT,,EMAIL_ONLY_D2,2,0,0,0
10755,wc-completed,GBP,2025-05-28 11:06:00,30.00,APPROVED_FOR_IMPORT,,EMAIL_ONLY_D2,3,0,0,0
10756,wc-completed,GBP,2025-05-28 12:09:51,90.00,APPROVED_FOR_IMPORT,,EMAIL_ONLY_D2,1,0,0,0
10757,wc-completed,GBP,2025-05-28 12:15:50,49.00,APPROVED_FOR_IMPORT,,ASSOCIATE_GID,3,0,0,0
10758,wc-completed,GBP,2025-05-28 13:25:06,21.00,APPROVED_FOR_IMPORT,,EMAIL_ONLY_D2,1,0,0,0
10759,wc-completed,GBP,2025-05-28 13:48:07,23.00,APPROVED_FOR_IMPORT,,EMAIL_ONLY_D2,1,0,0,0
10760,wc-completed,GBP,2025-05-28 14:23:34,47.00,APPROVED_FOR_IMPORT,,EMAIL_ONLY_D2,2,0,0,0
10761,wc-completed,GBP,2025-05-28 14:42:20,41.00,APPROVED_FOR_IMPORT,,EMAIL_ONLY_D2,1,0,0,0
10762,wc-completed,GBP,2025-05-28 14:56:14,35.00,APPROVED_FOR_IMPORT,,EMAIL_ONLY_D2,1,0,0,0
10763,wc-completed,GBP,2025-05-28 14:56:23,25.00,APPROVED_FOR_IMPORT,,EMAIL_ONLY_D2,1,0,0,0
10764,wc-completed,GBP,2025-05-28 16:34:22,25.00,APPROVED_FOR_IMPORT,,EMAIL_ONLY_D2,1,0,0,0
10765,wc-failed,GBP,2025-05-28 16:45:31,23.00,APPROVED_FOR_IMPORT,,EMAIL_ONLY_D2,1,0,0,0
10766,wc-completed,GBP,2025-05-28 17:28:24,43.00,APPROVED_FOR_IMPORT,,EMAIL_ONLY_D2,3,0,0,0
10767,wc-completed,GBP,2025-05-28 17:31:02,47.00,APPROVED_FOR_IMPORT,,ASSOCIATE_GID,2,0,0,0
10768,wc-completed,GBP,2025-05-28 17:43:36,56.00,APPROVED_FOR_IMPORT,,EMAIL_ONLY_D2,3,0,0,0
10769,wc-completed,GBP,2025-05-28 17:55:16,52.00,APPROVED_FOR_IMPORT,,EMAIL_ONLY_D2,2,0,0,0
10770,wc-completed,GBP,2025-05-28 18:12:33,22.00,APPROVED_FOR_IMPORT,,EMAIL_ONLY_D2,1,0,0,0
10772,wc-completed,GBP,2025-05-28 20:06:52,150.00,APPROVED_FOR_IMPORT,,EMAIL_ONLY_D2,1,1,0,0
10773,wc-completed,GBP,2025-05-28 20:33:14,50.00,APPROVED_FOR_IMPORT,,EMAIL_ONLY_D2,2,0,0,0
10774,wc-completed,GBP,2025-05-28 22:34:18,62.00,APPROVED_FOR_IMPORT,,EMAIL_ONLY_D2,2,0,0,0
10775,wc-completed,GBP,2025-05-28 22:49:45,81.00,APPROVED_FOR_IMPORT,,EMAIL_ONLY_D2,4,0,0,0
10776,wc-completed,GBP,2025-05-28 23:09:25,37.00,APPROVED_FOR_IMPORT,,EMAIL_ONLY_D2,2,0,0,0
10777,wc-completed,GBP,2025-05-28 23:16:07,56.00,APPROVED_FOR_IMPORT,,EMAIL_ONLY_D2,3,0,0,0
10778,wc-completed,GBP,2025-05-29 03:04:21,62.00,APPROVED_FOR_IMPORT,,EMAIL_ONLY_D2,4,0,0,0
10780,wc-completed,GBP,2025-05-29 10:12:21,22.00,APPROVED_FOR_IMPORT,,EMAIL_ONLY_D2,1,0,0,0
10781,wc-completed,GBP,2025-05-29 11:12:52,63.00,APPROVED_FOR_IMPORT,,EMAIL_ONLY_D2,3,0,0,0
10782,wc-completed,GBP,2025-05-29 12:05:44,68.00,APPROVED_FOR_IMPORT,,EMAIL_ONLY_D2,3,0,0,0
10784,wc-completed,GBP,2025-05-29 13:23:18,23.00,APPROVED_FOR_IMPORT,,ASSOCIATE_GID,1,0,0,0
10785,wc-completed,GBP,2025-05-29 13:50:24,22.00,APPROVED_FOR_IMPORT,,EMAIL_ONLY_D2,1,0,0,0
10786,wc-completed,GBP,2025-05-29 14:18:23,56.00,APPROVED_FOR_IMPORT,,EMAIL_ONLY_D2,3,0,0,0
10787,wc-cancelled,GBP,2025-05-29 14:39:54,47.00,APPROVED_FOR_IMPORT,,ASSOCIATE_GID,2,0,0,0
10788,wc-completed,GBP,2025-05-29 14:41:36,47.00,APPROVED_FOR_IMPORT,,ASSOCIATE_GID,2,0,0,0
10791,wc-completed,GBP,2025-05-29 17:05:27,55.99,APPROVED_FOR_IMPORT,,ASSOCIATE_GID,2,0,0,0
10792,wc-completed,GBP,2025-05-29 17:34:41,47.00,APPROVED_FOR_IMPORT,,EMAIL_ONLY_D2,3,0,0,0
10793,wc-completed,GBP,2025-05-29 17:52:36,22.00,APPROVED_FOR_IMPORT,,EMAIL_ONLY_D2,1,0,0,0
10796,wc-completed,GBP,2025-05-29 19:39:19,177.00,APPROVED_FOR_IMPORT,,EMAIL_ONLY_D2,7,0,0,0
10798,wc-completed,GBP,2025-05-29 20:12:35,56.00,APPROVED_FOR_IMPORT,,ASSOCIATE_GID,3,0,0,0
10799,wc-completed,GBP,2025-05-29 20:15:52,47.00,APPROVED_FOR_IMPORT,,EMAIL_ONLY_D2,2,0,0,0
10800,wc-completed,GBP,2025-05-29 21:22:53,99.00,APPROVED_FOR_IMPORT,,EMAIL_ONLY_D2,5,0,0,0
10801,wc-completed,GBP,2025-05-29 22:24:31,36.00,PENDING_DECISION,D-3_unmapped_customer,UNMAPPED,2,0,0,0
10802,wc-completed,GBP,2025-05-30 04:10:12,41.00,APPROVED_FOR_IMPORT,,EMAIL_ONLY_D2,2,0,0,0
10803,wc-completed,GBP,2025-05-30 04:53:50,56.00,APPROVED_FOR_IMPORT,,EMAIL_ONLY_D2,5,1,0,0
10804,wc-completed,GBP,2025-05-30 05:21:30,63.00,APPROVED_FOR_IMPORT,,EMAIL_ONLY_D2,3,0,0,0
10805,wc-completed,GBP,2025-05-30 06:13:52,55.00,APPROVED_FOR_IMPORT,,EMAIL_ONLY_D2,4,0,0,0
10806,wc-completed,GBP,2025-05-30 08:07:27,43.99,APPROVED_FOR_IMPORT,,EMAIL_ONLY_D2,3,0,0,0
10807,wc-completed,GBP,2025-05-30 09:32:29,46.00,APPROVED_FOR_IMPORT,,EMAIL_ONLY_D2,3,0,0,0
10808,wc-completed,GBP,2025-05-30 09:58:28,32.00,APPROVED_FOR_IMPORT,,ASSOCIATE_GID,3,0,0,0
10809,wc-completed,GBP,2025-05-30 10:21:47,22.00,APPROVED_FOR_IMPORT,,EMAIL_ONLY_D2,1,0,0,0
10810,wc-completed,GBP,2025-05-30 10:23:02,104.00,APPROVED_FOR_IMPORT,,EMAIL_ONLY_D2,5,0,0,0
10811,wc-completed,GBP,2025-05-30 11:48:49,35.00,APPROVED_FOR_IMPORT,,EMAIL_ONLY_D2,2,0,0,0
10812,wc-failed,GBP,2025-05-30 12:35:05,96.00,APPROVED_FOR_IMPORT,,ASSOCIATE_GID,5,0,0,0
10813,wc-completed,GBP,2025-05-30 12:45:48,60.00,APPROVED_FOR_IMPORT,,EMAIL_ONLY_D2,3,0,0,0
10814,wc-completed,GBP,2025-05-30 12:51:36,25.00,APPROVED_FOR_IMPORT,,EMAIL_ONLY_D2,1,0,0,0
10815,wc-cancelled,GBP,2025-05-30 12:55:55,96.00,APPROVED_FOR_IMPORT,,ASSOCIATE_GID,5,0,0,0
10833,wc-completed,GBP,2025-05-30 13:35:20,30.00,APPROVED_FOR_IMPORT,,EMAIL_ONLY_D2,1,0,0,0
10868,wc-completed,GBP,2025-05-30 14:51:52,39.00,APPROVED_FOR_IMPORT,,EMAIL_ONLY_D2,2,0,0,0
10869,wc-completed,GBP,2025-05-30 15:01:28,65.00,APPROVED_FOR_IMPORT,,EMAIL_ONLY_D2,3,1,0,0
10870,wc-completed,GBP,2025-05-30 18:17:00,23.00,APPROVED_FOR_IMPORT,,EMAIL_ONLY_D2,1,0,0,0
10871,wc-completed,GBP,2025-05-30 18:55:17,25.00,APPROVED_FOR_IMPORT,,EMAIL_ONLY_D2,1,0,0,0
10872,wc-completed,GBP,2025-05-30 19:20:16,78.00,APPROVED_FOR_IMPORT,,EMAIL_ONLY_D2,4,0,0,0
10873,wc-completed,GBP,2025-05-30 22:37:36,96.00,APPROVED_FOR_IMPORT,,ASSOCIATE_GID,5,0,0,1
10874,wc-completed,GBP,2025-05-30 22:47:38,33.99,APPROVED_FOR_IMPORT,,EMAIL_ONLY_D2,1,0,0,0
10875,wc-completed,GBP,2025-05-30 23:19:51,22.00,APPROVED_FOR_IMPORT,,EMAIL_ONLY_D2,1,0,0,0
10876,wc-completed,GBP,2025-05-30 23:34:38,43.00,APPROVED_FOR_IMPORT,,EMAIL_ONLY_D2,2,0,0,0
10877,wc-completed,GBP,2025-05-31 00:36:10,98.00,APPROVED_FOR_IMPORT,,EMAIL_ONLY_D2,6,0,0,0
10880,wc-completed,GBP,2025-05-31 09:46:00,72.00,APPROVED_FOR_IMPORT,,EMAIL_ONLY_D2,3,0,0,0
10881,wc-completed,GBP,2025-05-31 12:02:05,63.00,APPROVED_FOR_IMPORT,,EMAIL_ONLY_D2,5,0,0,0
10882,wc-failed,GBP,2025-05-31 12:03:07,35.00,APPROVED_FOR_IMPORT,,EMAIL_ONLY_D2,1,0,0,0
10883,wc-completed,GBP,2025-05-31 12:03:41,35.00,APPROVED_FOR_IMPORT,,EMAIL_ONLY_D2,1,0,0,0
10884,wc-completed,GBP,2025-05-31 12:37:11,46.00,APPROVED_FOR_IMPORT,,EMAIL_ONLY_D2,2,0,0,0
10885,wc-completed,GBP,2025-05-31 13:50:05,45.00,APPROVED_FOR_IMPORT,,EMAIL_ONLY_D2,2,0,0,0
10886,wc-completed,GBP,2025-05-31 14:18:14,23.00,APPROVED_FOR_IMPORT,,EMAIL_ONLY_D2,1,0,0,0
10890,wc-completed,GBP,2025-05-31 15:59:54,25.00,APPROVED_FOR_IMPORT,,EMAIL_ONLY_D2,1,0,0,0
10898,wc-completed,GBP,2025-05-31 16:17:57,21.99,APPROVED_FOR_IMPORT,,EMAIL_ONLY_D2,2,0,0,0
10899,wc-completed,GBP,2025-05-31 16:18:58,122.00,APPROVED_FOR_IMPORT,,EMAIL_ONLY_D2,4,0,0,0
10900,wc-completed,GBP,2025-05-31 16:25:06,76.00,APPROVED_FOR_IMPORT,,EMAIL_ONLY_D2,4,0,0,0
10902,wc-completed,GBP,2025-05-31 17:35:34,100.00,APPROVED_FOR_IMPORT,,EMAIL_ONLY_D2,1,0,0,0
10903,wc-failed,GBP,2025-05-31 18:56:55,58.99,APPROVED_FOR_IMPORT,,EMAIL_ONLY_D2,2,0,0,0
10904,wc-completed,GBP,2025-05-31 20:19:59,47.00,APPROVED_FOR_IMPORT,,EMAIL_ONLY_D2,2,0,0,0
10905,wc-completed,GBP,2025-05-31 20:59:34,20.00,APPROVED_FOR_IMPORT,,EMAIL_ONLY_D2,1,0,0,0
10906,wc-failed,GBP,2025-05-31 22:06:17,111.00,APPROVED_FOR_IMPORT,,EMAIL_ONLY_D2,5,0,0,0
10907,wc-completed,GBP,2025-05-31 22:09:38,116.00,APPROVED_FOR_IMPORT,,EMAIL_ONLY_D2,5,0,0,0
10908,wc-completed,GBP,2025-05-31 22:10:15,71.00,APPROVED_FOR_IMPORT,,EMAIL_ONLY_D2,3,0,0,0
10909,wc-completed,GBP,2025-05-31 22:22:56,64.00,APPROVED_FOR_IMPORT,,EMAIL_ONLY_D2,3,0,0,0
10910,wc-completed,GBP,2025-05-31 23:39:32,100.00,APPROVED_FOR_IMPORT,,EMAIL_ONLY_D2,5,0,0,0
10911,wc-completed,GBP,2025-05-31 23:51:38,80.00,APPROVED_FOR_IMPORT,,ASSOCIATE_GID,2,0,0,0
10913,wc-completed,GBP,2025-06-01 05:27:22,23.00,APPROVED_FOR_IMPORT,,EMAIL_ONLY_D2,1,0,0,0
10914,wc-completed,GBP,2025-06-01 07:06:03,77.00,APPROVED_FOR_IMPORT,,EMAIL_ONLY_D2,4,0,0,0
10915,wc-completed,GBP,2025-06-01 10:37:33,108.00,APPROVED_FOR_IMPORT,,EMAIL_ONLY_D2,1,0,0,0
10916,wc-completed,GBP,2025-06-01 12:30:55,32.00,APPROVED_FOR_IMPORT,,EMAIL_ONLY_D2,1,0,0,0
10917,wc-completed,GBP,2025-06-01 13:28:12,21.99,APPROVED_FOR_IMPORT,,ASSOCIATE_GID,3,1,0,0
10920,wc-completed,GBP,2025-06-01 16:10:16,17.00,APPROVED_FOR_IMPORT,,EMAIL_ONLY_D2,1,0,0,0
10921,wc-completed,GBP,2025-06-01 16:27:15,43.00,APPROVED_FOR_IMPORT,,EMAIL_ONLY_D2,2,0,0,0
10922,wc-completed,GBP,2025-06-01 16:40:08,45.00,APPROVED_FOR_IMPORT,,EMAIL_ONLY_D2,2,0,0,0
10923,wc-completed,GBP,2025-06-01 17:09:50,60.00,APPROVED_FOR_IMPORT,,EMAIL_ONLY_D2,3,0,0,0
10924,wc-completed,GBP,2025-06-01 17:32:51,108.00,APPROVED_FOR_IMPORT,,ASSOCIATE_GID,5,0,0,0
10925,wc-completed,GBP,2025-06-01 19:15:10,61.00,APPROVED_FOR_IMPORT,,EMAIL_ONLY_D2,3,0,0,0
10926,wc-completed,GBP,2025-06-01 20:06:33,108.00,APPROVED_FOR_IMPORT,,EMAIL_ONLY_D2,4,0,0,0
10927,wc-completed,GBP,2025-06-01 20:42:14,22.00,APPROVED_FOR_IMPORT,,EMAIL_ONLY_D2,1,0,0,0
10928,wc-completed,GBP,2025-06-01 20:55:35,30.00,APPROVED_FOR_IMPORT,,EMAIL_ONLY_D2,1,0,0,0
10929,wc-completed,GBP,2025-06-01 20:59:56,45.00,APPROVED_FOR_IMPORT,,ASSOCIATE_GID,2,0,0,0
10930,wc-completed,GBP,2025-06-01 21:40:21,62.00,APPROVED_FOR_IMPORT,,ASSOCIATE_GID,2,0,0,0
10931,wc-completed,GBP,2025-06-01 21:41:32,50.00,APPROVED_FOR_IMPORT,,EMAIL_ONLY_D2,2,0,0,0
10933,wc-completed,GBP,2025-06-01 22:12:35,25.00,APPROVED_FOR_IMPORT,,EMAIL_ONLY_D2,1,0,0,0
10934,wc-completed,GBP,2025-06-01 22:24:09,30.00,APPROVED_FOR_IMPORT,,ASSOCIATE_GID,1,0,0,0
10936,wc-cancelled,GBP,2025-06-02 01:28:36,59.00,APPROVED_FOR_IMPORT,,ASSOCIATE_GID,3,0,0,0
10937,wc-failed,GBP,2025-06-02 01:42:14,59.00,APPROVED_FOR_IMPORT,,EMAIL_ONLY_D2,3,0,0,0
10938,wc-completed,GBP,2025-06-02 03:52:03,75.00,APPROVED_FOR_IMPORT,,EMAIL_ONLY_D2,5,0,0,0
10941,wc-completed,GBP,2025-06-02 06:55:59,182.00,APPROVED_FOR_IMPORT,,ASSOCIATE_GID,7,0,0,0
10942,wc-failed,GBP,2025-06-02 08:24:01,59.00,APPROVED_FOR_IMPORT,,EMAIL_ONLY_D2,3,0,0,0
10943,wc-completed,GBP,2025-06-02 08:27:55,54.00,APPROVED_FOR_IMPORT,,EMAIL_ONLY_D2,4,0,0,0
10944,wc-completed,GBP,2025-06-02 09:03:09,40.00,APPROVED_FOR_IMPORT,,EMAIL_ONLY_D2,2,0,0,0
10945,wc-failed,GBP,2025-06-02 09:10:17,63.00,APPROVED_FOR_IMPORT,,ASSOCIATE_GID,3,0,0,0
10946,wc-completed,GBP,2025-06-02 09:10:44,63.00,APPROVED_FOR_IMPORT,,ASSOCIATE_GID,3,0,0,0
10947,wc-failed,GBP,2025-06-02 09:14:09,37.00,APPROVED_FOR_IMPORT,,EMAIL_ONLY_D2,4,0,0,0
10948,wc-completed,GBP,2025-06-02 09:31:36,30.00,APPROVED_FOR_IMPORT,,EMAIL_ONLY_D2,1,0,0,0
10949,wc-completed,GBP,2025-06-02 09:46:35,114.00,APPROVED_FOR_IMPORT,,EMAIL_ONLY_D2,6,0,0,0
10950,wc-completed,GBP,2025-06-02 10:14:26,36.00,APPROVED_FOR_IMPORT,,ASSOCIATE_GID,2,0,0,0
10951,wc-completed,GBP,2025-06-02 12:01:26,25.00,APPROVED_FOR_IMPORT,,EMAIL_ONLY_D2,1,0,0,0
10953,wc-completed,GBP,2025-06-02 13:12:27,25.00,APPROVED_FOR_IMPORT,,EMAIL_ONLY_D2,1,0,0,0
10954,wc-completed,GBP,2025-06-02 13:23:12,55.00,APPROVED_FOR_IMPORT,,EMAIL_ONLY_D2,2,0,0,0
10955,wc-completed,GBP,2025-06-02 13:41:32,84.00,APPROVED_FOR_IMPORT,,ASSOCIATE_GID,5,0,0,0
10957,wc-completed,GBP,2025-06-02 15:09:23,150.00,APPROVED_FOR_IMPORT,,EMAIL_ONLY_D2,1,0,0,0
10958,wc-completed,GBP,2025-06-02 15:49:56,24.00,APPROVED_FOR_IMPORT,,EMAIL_ONLY_D2,1,0,0,0
10959,wc-completed,GBP,2025-06-02 16:03:43,63.00,APPROVED_FOR_IMPORT,,EMAIL_ONLY_D2,3,0,0,0
10960,wc-completed,GBP,2025-06-02 16:06:41,43.00,APPROVED_FOR_IMPORT,,EMAIL_ONLY_D2,2,0,0,0
10961,wc-completed,GBP,2025-06-02 16:35:27,103.00,APPROVED_FOR_IMPORT,,EMAIL_ONLY_D2,3,0,0,0
10962,wc-completed,GBP,2025-06-02 17:26:21,41.00,APPROVED_FOR_IMPORT,,EMAIL_ONLY_D2,2,0,0,0
10963,wc-completed,GBP,2025-06-02 18:28:23,235.00,APPROVED_FOR_IMPORT,,EMAIL_ONLY_D2,6,0,0,0
10964,wc-completed,GBP,2025-06-02 18:33:54,151.00,APPROVED_FOR_IMPORT,,EMAIL_ONLY_D2,12,0,0,0
10967,wc-pending,GBP,2025-06-02 19:10:33,24.00,APPROVED_FOR_IMPORT,,EMAIL_ONLY_D2,1,0,0,0
10968,wc-completed,GBP,2025-06-02 19:12:13,24.00,APPROVED_FOR_IMPORT,,EMAIL_ONLY_D2,1,0,0,0
10970,wc-completed,GBP,2025-06-02 20:04:49,98.00,APPROVED_FOR_IMPORT,,EMAIL_ONLY_D2,5,0,0,0
10972,wc-completed,GBP,2025-06-02 21:44:07,45.00,APPROVED_FOR_IMPORT,,EMAIL_ONLY_D2,2,0,0,0
10974,wc-completed,GBP,2025-06-02 22:14:42,53.00,APPROVED_FOR_IMPORT,,EMAIL_ONLY_D2,1,0,0,0
10976,wc-completed,GBP,2025-06-02 22:50:44,62.00,APPROVED_FOR_IMPORT,,EMAIL_ONLY_D2,3,0,0,0
10977,wc-completed,GBP,2025-06-02 23:26:58,60.00,APPROVED_FOR_IMPORT,,EMAIL_ONLY_D2,2,0,0,0
10978,wc-completed,GBP,2025-06-03 02:18:08,24.00,APPROVED_FOR_IMPORT,,ASSOCIATE_GID,1,0,0,0
10979,wc-completed,GBP,2025-06-03 02:30:47,104.00,APPROVED_FOR_IMPORT,,ASSOCIATE_GID,6,0,0,0
10980,wc-completed,GBP,2025-06-03 05:19:21,69.00,APPROVED_FOR_IMPORT,,EMAIL_ONLY_D2,5,1,0,1
10981,wc-completed,GBP,2025-06-03 07:30:09,51.00,APPROVED_FOR_IMPORT,,EMAIL_ONLY_D2,2,0,0,0
10982,wc-completed,GBP,2025-06-03 08:41:05,64.00,APPROVED_FOR_IMPORT,,EMAIL_ONLY_D2,3,0,0,0
10984,wc-completed,GBP,2025-06-03 09:22:26,25.00,APPROVED_FOR_IMPORT,,EMAIL_ONLY_D2,1,0,0,0
10987,wc-completed,GBP,2025-06-03 10:45:46,68.00,APPROVED_FOR_IMPORT,,EMAIL_ONLY_D2,3,0,0,0
10988,wc-completed,GBP,2025-06-03 11:15:14,21.00,APPROVED_FOR_IMPORT,,EMAIL_ONLY_D2,1,0,0,0
10989,wc-completed,GBP,2025-06-03 12:16:32,45.00,APPROVED_FOR_IMPORT,,EMAIL_ONLY_D2,1,0,0,0
10990,wc-completed,GBP,2025-06-03 12:17:57,25.00,APPROVED_FOR_IMPORT,,EMAIL_ONLY_D2,1,0,0,0
10991,wc-completed,GBP,2025-06-03 13:06:57,45.00,APPROVED_FOR_IMPORT,,EMAIL_ONLY_D2,1,0,0,0
10993,wc-completed,GBP,2025-06-03 13:49:04,145.00,APPROVED_FOR_IMPORT,,EMAIL_ONLY_D2,8,0,0,0
10994,wc-failed,GBP,2025-06-03 16:50:11,150.00,APPROVED_FOR_IMPORT,,EMAIL_ONLY_D2,1,1,0,0
10995,wc-completed,GBP,2025-06-03 16:51:14,150.00,APPROVED_FOR_IMPORT,,EMAIL_ONLY_D2,1,1,0,0
10997,wc-completed,GBP,2025-06-03 17:10:53,45.00,APPROVED_FOR_IMPORT,,EMAIL_ONLY_D2,1,0,0,0
10998,wc-completed,GBP,2025-06-03 17:28:42,23.00,APPROVED_FOR_IMPORT,,EMAIL_ONLY_D2,1,0,0,0
11001,wc-completed,GBP,2025-06-03 18:22:03,60.00,APPROVED_FOR_IMPORT,,EMAIL_ONLY_D2,4,0,0,0
11002,wc-completed,GBP,2025-06-03 18:22:50,35.00,APPROVED_FOR_IMPORT,,EMAIL_ONLY_D2,1,0,0,0
11003,wc-failed,GBP,2025-06-03 18:51:33,45.00,APPROVED_FOR_IMPORT,,EMAIL_ONLY_D2,2,0,0,0
11005,wc-completed,GBP,2025-06-03 20:20:08,45.00,APPROVED_FOR_IMPORT,,ASSOCIATE_GID,1,0,0,0
11006,wc-cancelled,GBP,2025-06-03 21:35:06,59.00,APPROVED_FOR_IMPORT,,ASSOCIATE_GID,3,0,0,0
11007,wc-completed,GBP,2025-06-03 21:59:42,49.99,APPROVED_FOR_IMPORT,,EMAIL_ONLY_D2,2,0,0,0
11009,wc-completed,GBP,2025-06-03 23:17:47,54.00,APPROVED_FOR_IMPORT,,EMAIL_ONLY_D2,3,0,0,0
11010,wc-completed,GBP,2025-06-03 23:43:14,59.00,APPROVED_FOR_IMPORT,,ASSOCIATE_GID,3,0,0,0
11011,wc-completed,GBP,2025-06-04 06:11:02,55.00,APPROVED_FOR_IMPORT,,EMAIL_ONLY_D2,1,0,0,0
11012,wc-completed,GBP,2025-06-04 07:04:00,55.00,APPROVED_FOR_IMPORT,,EMAIL_ONLY_D2,2,0,0,0
11013,wc-completed,GBP,2025-06-04 07:57:33,58.00,APPROVED_FOR_IMPORT,,ASSOCIATE_GID,3,0,0,0
11014,wc-completed,GBP,2025-06-04 10:08:03,45.00,APPROVED_FOR_IMPORT,,EMAIL_ONLY_D2,2,0,0,0
11016,wc-completed,GBP,2025-06-04 14:52:59,93.00,APPROVED_FOR_IMPORT,,EMAIL_ONLY_D2,4,0,0,0
11020,wc-completed,GBP,2025-06-04 17:08:13,56.00,APPROVED_FOR_IMPORT,,EMAIL_ONLY_D2,3,0,0,0
11021,wc-completed,GBP,2025-06-04 17:44:12,35.00,APPROVED_FOR_IMPORT,,EMAIL_ONLY_D2,1,0,0,0
11022,wc-completed,GBP,2025-06-04 18:01:59,55.00,APPROVED_FOR_IMPORT,,EMAIL_ONLY_D2,3,0,0,0
11023,wc-completed,GBP,2025-06-04 18:24:00,42.00,APPROVED_FOR_IMPORT,,EMAIL_ONLY_D2,2,0,0,0
11024,wc-completed,GBP,2025-06-04 18:27:59,56.00,APPROVED_FOR_IMPORT,,EMAIL_ONLY_D2,3,0,0,0
11025,wc-completed,GBP,2025-06-04 18:51:09,25.00,APPROVED_FOR_IMPORT,,ASSOCIATE_GID,1,0,0,0
11026,wc-completed,GBP,2025-06-04 18:56:16,41.00,APPROVED_FOR_IMPORT,,EMAIL_ONLY_D2,2,0,0,0
11028,wc-completed,GBP,2025-06-05 07:34:11,45.00,APPROVED_FOR_IMPORT,,EMAIL_ONLY_D2,2,0,0,0
11029,wc-completed,GBP,2025-06-05 07:58:31,58.00,APPROVED_FOR_IMPORT,,EMAIL_ONLY_D2,4,1,1,0
11030,wc-completed,GBP,2025-06-05 08:54:54,82.00,APPROVED_FOR_IMPORT,,EMAIL_ONLY_D2,4,0,0,0
11031,wc-failed,GBP,2025-06-05 09:02:47,42.99,APPROVED_FOR_IMPORT,,EMAIL_ONLY_D2,3,0,0,0
11032,wc-completed,GBP,2025-06-05 09:04:09,42.99,APPROVED_FOR_IMPORT,,EMAIL_ONLY_D2,3,0,0,0
11035,wc-completed,GBP,2025-06-05 10:22:21,22.00,APPROVED_FOR_IMPORT,,EMAIL_ONLY_D2,1,0,0,0
11036,wc-completed,GBP,2025-06-05 11:39:35,21.00,APPROVED_FOR_IMPORT,,EMAIL_ONLY_D2,1,0,0,0
11037,wc-completed,GBP,2025-06-05 12:52:30,84.00,APPROVED_FOR_IMPORT,,EMAIL_ONLY_D2,3,0,0,0
11038,wc-completed,GBP,2025-06-05 13:40:57,55.00,APPROVED_FOR_IMPORT,,EMAIL_ONLY_D2,1,0,0,0
11041,wc-completed,GBP,2025-06-05 16:01:27,30.00,APPROVED_FOR_IMPORT,,EMAIL_ONLY_D2,1,0,0,0
11042,wc-completed,GBP,2025-06-05 16:37:50,35.00,APPROVED_FOR_IMPORT,,EMAIL_ONLY_D2,1,0,0,0
11043,wc-completed,GBP,2025-06-05 18:48:30,35.00,APPROVED_FOR_IMPORT,,EMAIL_ONLY_D2,2,0,0,0
11044,wc-completed,GBP,2025-06-05 21:28:23,66.00,APPROVED_FOR_IMPORT,,EMAIL_ONLY_D2,1,0,0,0
11046,wc-completed,GBP,2025-06-05 21:57:36,166.00,APPROVED_FOR_IMPORT,,EMAIL_ONLY_D2,10,0,0,0
11047,wc-completed,GBP,2025-06-05 21:58:58,32.00,APPROVED_FOR_IMPORT,,EMAIL_ONLY_D2,1,0,0,0
11048,wc-completed,GBP,2025-06-05 22:17:45,26.00,APPROVED_FOR_IMPORT,,EMAIL_ONLY_D2,2,0,0,0
11049,wc-completed,GBP,2025-06-05 23:01:16,65.00,APPROVED_FOR_IMPORT,,EMAIL_ONLY_D2,3,0,0,0
11050,wc-completed,GBP,2025-06-05 23:15:31,65.00,APPROVED_FOR_IMPORT,,EMAIL_ONLY_D2,1,0,0,0
11051,wc-completed,GBP,2025-06-05 23:30:59,56.00,APPROVED_FOR_IMPORT,,EMAIL_ONLY_D2,1,0,0,0
11052,wc-completed,GBP,2025-06-06 04:18:09,25.00,APPROVED_FOR_IMPORT,,EMAIL_ONLY_D2,1,0,0,0
11053,wc-completed,GBP,2025-06-06 07:20:10,23.00,APPROVED_FOR_IMPORT,,EMAIL_ONLY_D2,1,0,0,0
11054,wc-completed,GBP,2025-06-06 08:09:33,90.00,APPROVED_FOR_IMPORT,,EMAIL_ONLY_D2,4,0,0,0
11055,wc-completed,GBP,2025-06-06 08:57:14,22.00,APPROVED_FOR_IMPORT,,EMAIL_ONLY_D2,1,0,0,0
11056,wc-completed,GBP,2025-06-06 09:23:57,61.99,APPROVED_FOR_IMPORT,,EMAIL_ONLY_D2,4,0,0,0
11057,wc-completed,GBP,2025-06-06 09:30:45,84.00,APPROVED_FOR_IMPORT,,EMAIL_ONLY_D2,3,0,0,0
11059,wc-completed,GBP,2025-06-06 10:36:16,23.00,APPROVED_FOR_IMPORT,,EMAIL_ONLY_D2,1,0,0,0
11060,wc-completed,GBP,2025-06-06 11:06:52,145.00,APPROVED_FOR_IMPORT,,EMAIL_ONLY_D2,7,0,0,0
11061,wc-completed,GBP,2025-06-06 12:12:15,113.00,APPROVED_FOR_IMPORT,,EMAIL_ONLY_D2,6,0,0,0
11062,wc-completed,GBP,2025-06-06 14:10:41,134.99,APPROVED_FOR_IMPORT,,EMAIL_ONLY_D2,6,0,0,0
11065,wc-completed,GBP,2025-06-06 19:08:00,139.00,APPROVED_FOR_IMPORT,,EMAIL_ONLY_D2,6,0,0,0
11066,wc-completed,GBP,2025-06-06 19:35:41,53.00,APPROVED_FOR_IMPORT,,EMAIL_ONLY_D2,3,0,0,0
11067,wc-completed,GBP,2025-06-06 19:55:19,155.00,APPROVED_FOR_IMPORT,,ASSOCIATE_GID,5,0,0,0
11068,wc-completed,GBP,2025-06-06 20:06:02,41.00,APPROVED_FOR_IMPORT,,ASSOCIATE_GID,2,0,0,0
11069,wc-completed,GBP,2025-06-06 20:16:21,49.00,APPROVED_FOR_IMPORT,,EMAIL_ONLY_D2,1,0,0,0
11070,wc-completed,GBP,2025-06-06 20:39:51,49.00,APPROVED_FOR_IMPORT,,EMAIL_ONLY_D2,2,0,0,0
11071,wc-completed,GBP,2025-06-06 20:47:32,75.00,APPROVED_FOR_IMPORT,,EMAIL_ONLY_D2,2,0,0,0
11073,wc-failed,GBP,2025-06-06 21:32:11,24.00,APPROVED_FOR_IMPORT,,EMAIL_ONLY_D2,1,0,0,0
11074,wc-completed,GBP,2025-06-06 21:35:34,24.00,APPROVED_FOR_IMPORT,,EMAIL_ONLY_D2,1,0,0,0
11075,wc-failed,GBP,2025-06-06 21:40:22,98.00,APPROVED_FOR_IMPORT,,EMAIL_ONLY_D2,5,0,0,0
11076,wc-completed,GBP,2025-06-06 21:40:42,103.00,APPROVED_FOR_IMPORT,,ASSOCIATE_GID,5,0,0,0
11077,wc-completed,GBP,2025-06-06 21:42:32,103.00,APPROVED_FOR_IMPORT,,EMAIL_ONLY_D2,5,0,0,0
11078,wc-completed,GBP,2025-06-06 21:52:44,25.00,APPROVED_FOR_IMPORT,,EMAIL_ONLY_D2,1,0,0,0
11079,wc-completed,GBP,2025-06-06 22:24:17,27.00,APPROVED_FOR_IMPORT,,EMAIL_ONLY_D2,1,0,0,0
11080,wc-completed,GBP,2025-06-06 22:32:05,67.00,APPROVED_FOR_IMPORT,,EMAIL_ONLY_D2,3,0,0,0
11081,wc-completed,GBP,2025-06-06 22:39:20,61.00,APPROVED_FOR_IMPORT,,EMAIL_ONLY_D2,2,0,0,0
11082,wc-completed,GBP,2025-06-06 22:44:52,25.00,APPROVED_FOR_IMPORT,,EMAIL_ONLY_D2,1,0,0,0
11083,wc-completed,GBP,2025-06-06 23:22:58,17.00,APPROVED_FOR_IMPORT,,EMAIL_ONLY_D2,1,0,0,0
11084,wc-completed,GBP,2025-06-06 23:29:28,36.00,APPROVED_FOR_IMPORT,,EMAIL_ONLY_D2,1,0,0,0
11085,wc-completed,GBP,2025-06-07 01:08:00,25.00,APPROVED_FOR_IMPORT,,EMAIL_ONLY_D2,1,0,0,0
11086,wc-completed,GBP,2025-06-07 01:36:30,35.00,APPROVED_FOR_IMPORT,,EMAIL_ONLY_D2,1,0,0,0
11087,wc-completed,GBP,2025-06-07 02:34:57,61.00,APPROVED_FOR_IMPORT,,EMAIL_ONLY_D2,3,0,0,0
11088,wc-completed,GBP,2025-06-07 03:26:11,62.00,APPROVED_FOR_IMPORT,,EMAIL_ONLY_D2,3,0,0,0
11089,wc-completed,GBP,2025-06-07 03:33:43,40.00,APPROVED_FOR_IMPORT,,EMAIL_ONLY_D2,2,0,0,0
11090,wc-completed,GBP,2025-06-07 04:22:08,67.00,APPROVED_FOR_IMPORT,,EMAIL_ONLY_D2,3,1,0,0
11091,wc-completed,GBP,2025-06-07 06:59:47,38.00,APPROVED_FOR_IMPORT,,EMAIL_ONLY_D2,2,0,0,0
11096,wc-completed,GBP,2025-06-07 13:25:25,45.00,APPROVED_FOR_IMPORT,,ASSOCIATE_GID,1,0,0,0
11098,wc-completed,GBP,2025-06-07 15:54:27,65.00,APPROVED_FOR_IMPORT,,EMAIL_ONLY_D2,5,0,0,0
11100,wc-completed,GBP,2025-06-07 18:32:09,98.00,APPROVED_FOR_IMPORT,,EMAIL_ONLY_D2,4,0,0,0
11101,wc-completed,GBP,2025-06-07 19:10:47,47.00,APPROVED_FOR_IMPORT,,ASSOCIATE_GID,2,0,0,0
11102,wc-completed,GBP,2025-06-07 19:42:24,67.00,APPROVED_FOR_IMPORT,,EMAIL_ONLY_D2,3,0,0,0
11103,wc-completed,GBP,2025-06-07 21:27:26,59.00,APPROVED_FOR_IMPORT,,EMAIL_ONLY_D2,2,0,0,0
11104,wc-completed,GBP,2025-06-07 22:21:46,45.00,APPROVED_FOR_IMPORT,,EMAIL_ONLY_D2,2,0,0,0
11106,wc-completed,GBP,2025-06-08 00:09:21,43.00,APPROVED_FOR_IMPORT,,ASSOCIATE_GID,2,0,0,0
11107,wc-completed,GBP,2025-06-08 02:26:21,61.00,APPROVED_FOR_IMPORT,,EMAIL_ONLY_D2,3,0,0,0
11108,wc-completed,GBP,2025-06-08 04:40:27,40.00,APPROVED_FOR_IMPORT,,EMAIL_ONLY_D2,2,0,0,0
11110,wc-completed,GBP,2025-06-08 06:39:25,133.00,APPROVED_FOR_IMPORT,,ASSOCIATE_GID,2,0,0,0
11113,wc-failed,GBP,2025-06-08 06:59:07,55.00,APPROVED_FOR_IMPORT,,EMAIL_ONLY_D2,2,0,0,0
11114,wc-completed,GBP,2025-06-08 06:59:27,55.00,APPROVED_FOR_IMPORT,,EMAIL_ONLY_D2,2,0,0,0
11115,wc-completed,GBP,2025-06-08 14:11:54,27.00,APPROVED_FOR_IMPORT,,EMAIL_ONLY_D2,1,0,0,0
11116,wc-completed,GBP,2025-06-08 14:30:36,79.00,APPROVED_FOR_IMPORT,,EMAIL_ONLY_D2,4,0,0,0
11117,wc-completed,GBP,2025-06-08 15:28:00,23.00,APPROVED_FOR_IMPORT,,EMAIL_ONLY_D2,1,0,0,0
11118,wc-completed,GBP,2025-06-08 16:00:05,62.00,APPROVED_FOR_IMPORT,,EMAIL_ONLY_D2,2,0,0,0
11119,wc-completed,GBP,2025-06-08 17:30:57,45.00,APPROVED_FOR_IMPORT,,EMAIL_ONLY_D2,2,0,0,0
11122,wc-completed,GBP,2025-06-08 18:39:32,21.00,APPROVED_FOR_IMPORT,,EMAIL_ONLY_D2,1,0,0,0
11123,wc-completed,GBP,2025-06-08 18:44:57,25.00,APPROVED_FOR_IMPORT,,EMAIL_ONLY_D2,1,0,0,0
11124,wc-completed,GBP,2025-06-08 19:20:50,30.00,APPROVED_FOR_IMPORT,,EMAIL_ONLY_D2,1,0,0,0
11125,wc-completed,GBP,2025-06-08 20:00:26,22.00,APPROVED_FOR_IMPORT,,EMAIL_ONLY_D2,1,0,0,0
11126,wc-completed,GBP,2025-06-08 20:47:57,17.00,APPROVED_FOR_IMPORT,,EMAIL_ONLY_D2,2,0,0,0
11128,wc-completed,GBP,2025-06-08 21:56:25,73.00,APPROVED_FOR_IMPORT,,EMAIL_ONLY_D2,3,0,0,0
11129,wc-completed,GBP,2025-06-09 08:04:18,23.00,APPROVED_FOR_IMPORT,,EMAIL_ONLY_D2,1,0,0,0
11130,wc-completed,GBP,2025-06-09 12:18:41,45.00,APPROVED_FOR_IMPORT,,EMAIL_ONLY_D2,1,0,0,0
11131,wc-completed,GBP,2025-06-09 12:27:56,58.00,APPROVED_FOR_IMPORT,,ASSOCIATE_GID,3,0,0,0
11132,wc-cancelled,GBP,2025-06-09 13:12:09,76.00,APPROVED_FOR_IMPORT,,ASSOCIATE_GID,4,0,0,0
11133,wc-completed,GBP,2025-06-09 13:28:26,51.00,APPROVED_FOR_IMPORT,,EMAIL_ONLY_D2,2,0,0,0
11134,wc-failed,GBP,2025-06-09 13:29:11,45.00,APPROVED_FOR_IMPORT,,EMAIL_ONLY_D2,2,0,0,0
11135,wc-completed,GBP,2025-06-09 13:29:51,45.00,APPROVED_FOR_IMPORT,,EMAIL_ONLY_D2,2,0,0,0
11136,wc-cancelled,GBP,2025-06-09 13:33:11,81.00,APPROVED_FOR_IMPORT,,ASSOCIATE_GID,4,0,0,0
11137,wc-completed,GBP,2025-06-09 13:59:09,40.00,APPROVED_FOR_IMPORT,,EMAIL_ONLY_D2,2,0,0,0
11138,wc-cancelled,GBP,2025-06-09 15:56:28,76.00,APPROVED_FOR_IMPORT,,ASSOCIATE_GID,4,0,0,0
11139,wc-completed,GBP,2025-06-09 16:28:28,23.00,APPROVED_FOR_IMPORT,,EMAIL_ONLY_D2,1,0,0,0
11140,wc-completed,GBP,2025-06-09 16:34:37,30.00,APPROVED_FOR_IMPORT,,EMAIL_ONLY_D2,1,0,0,0
11141,wc-completed,GBP,2025-06-09 16:47:58,39.00,APPROVED_FOR_IMPORT,,EMAIL_ONLY_D2,2,0,0,0
11142,wc-completed,GBP,2025-06-09 17:51:30,94.00,APPROVED_FOR_IMPORT,,EMAIL_ONLY_D2,5,0,0,0
11143,wc-completed,GBP,2025-06-09 18:24:48,30.00,APPROVED_FOR_IMPORT,,EMAIL_ONLY_D2,1,0,0,0
11144,wc-completed,GBP,2025-06-09 19:51:45,81.00,APPROVED_FOR_IMPORT,,EMAIL_ONLY_D2,4,0,0,0
11145,wc-failed,GBP,2025-06-09 21:07:31,99.00,APPROVED_FOR_IMPORT,,EMAIL_ONLY_D2,5,0,0,0
11146,wc-failed,GBP,2025-06-09 21:16:50,104.00,APPROVED_FOR_IMPORT,,EMAIL_ONLY_D2,5,0,0,0
11147,wc-cancelled,GBP,2025-06-09 21:34:11,104.00,APPROVED_FOR_IMPORT,,ASSOCIATE_GID,5,0,0,0
11148,wc-completed,GBP,2025-06-09 22:04:57,101.00,APPROVED_FOR_IMPORT,,EMAIL_ONLY_D2,4,0,0,0
11149,wc-completed,GBP,2025-06-09 22:11:57,120.00,APPROVED_FOR_IMPORT,,ASSOCIATE_GID,4,0,0,0
11151,wc-completed,GBP,2025-06-09 23:38:37,85.00,APPROVED_FOR_IMPORT,,EMAIL_ONLY_D2,4,0,0,0
11152,wc-completed,GBP,2025-06-10 00:09:58,78.00,APPROVED_FOR_IMPORT,,EMAIL_ONLY_D2,4,0,0,0
11156,wc-completed,GBP,2025-06-10 05:31:49,100.00,APPROVED_FOR_IMPORT,,EMAIL_ONLY_D2,3,0,0,0
11157,wc-completed,GBP,2025-06-10 06:14:05,40.00,APPROVED_FOR_IMPORT,,EMAIL_ONLY_D2,2,0,0,0
11158,wc-completed,GBP,2025-06-10 07:23:41,56.00,APPROVED_FOR_IMPORT,,EMAIL_ONLY_D2,3,0,0,0
11159,wc-completed,GBP,2025-06-10 09:46:49,32.00,PENDING_DECISION,D-3_unmapped_customer,UNMAPPED,1,0,0,0
11160,wc-completed,GBP,2025-06-10 11:30:52,60.00,APPROVED_FOR_IMPORT,,EMAIL_ONLY_D2,2,0,0,0
11161,wc-completed,GBP,2025-06-10 12:34:44,25.00,APPROVED_FOR_IMPORT,,EMAIL_ONLY_D2,1,0,0,0
11162,wc-completed,GBP,2025-06-10 12:35:17,23.00,APPROVED_FOR_IMPORT,,EMAIL_ONLY_D2,1,0,0,0
11163,wc-completed,GBP,2025-06-10 12:57:04,43.00,APPROVED_FOR_IMPORT,,EMAIL_ONLY_D2,2,0,0,0
11164,wc-completed,GBP,2025-06-10 14:05:58,82.00,APPROVED_FOR_IMPORT,,ASSOCIATE_GID,4,0,0,0
11166,wc-completed,GBP,2025-06-10 15:36:28,69.00,APPROVED_FOR_IMPORT,,EMAIL_ONLY_D2,7,0,0,0
11167,wc-completed,GBP,2025-06-10 16:15:28,18.98,APPROVED_FOR_IMPORT,,ASSOCIATE_GID,1,0,0,0
11168,wc-completed,GBP,2025-06-10 17:22:40,25.00,APPROVED_FOR_IMPORT,,EMAIL_ONLY_D2,1,0,0,0
11169,wc-completed,GBP,2025-06-10 17:25:45,42.00,APPROVED_FOR_IMPORT,,EMAIL_ONLY_D2,2,0,0,0
11170,wc-completed,GBP,2025-06-10 18:18:57,62.00,APPROVED_FOR_IMPORT,,ASSOCIATE_GID,6,0,0,0
11171,wc-completed,GBP,2025-06-10 18:55:44,123.00,APPROVED_FOR_IMPORT,,EMAIL_ONLY_D2,5,0,0,0
11172,wc-completed,GBP,2025-06-10 22:20:00,137.00,APPROVED_FOR_IMPORT,,EMAIL_ONLY_D2,7,0,0,0
11173,wc-completed,GBP,2025-06-10 22:35:39,23.00,APPROVED_FOR_IMPORT,,EMAIL_ONLY_D2,1,0,0,0
11174,wc-completed,GBP,2025-06-11 01:58:22,53.00,APPROVED_FOR_IMPORT,,EMAIL_ONLY_D2,3,0,0,0
11178,wc-completed,GBP,2025-06-11 12:21:22,138.00,APPROVED_FOR_IMPORT,,ASSOCIATE_GID,8,0,0,0
11179,wc-failed,GBP,2025-06-11 12:47:52,25.00,APPROVED_FOR_IMPORT,,EMAIL_ONLY_D2,1,0,0,0
11180,wc-completed,GBP,2025-06-11 13:06:34,67.00,APPROVED_FOR_IMPORT,,ASSOCIATE_GID,3,0,0,0
11181,wc-completed,GBP,2025-06-11 13:37:01,50.00,APPROVED_FOR_IMPORT,,EMAIL_ONLY_D2,2,0,0,0
11182,wc-failed,GBP,2025-06-11 13:42:46,67.00,APPROVED_FOR_IMPORT,,EMAIL_ONLY_D2,4,0,0,0
11183,wc-failed,GBP,2025-06-11 13:43:44,72.00,APPROVED_FOR_IMPORT,,EMAIL_ONLY_D2,4,0,0,0
11184,wc-failed,GBP,2025-06-11 13:46:16,67.00,APPROVED_FOR_IMPORT,,EMAIL_ONLY_D2,4,0,0,0
11185,wc-completed,GBP,2025-06-11 13:53:52,72.00,APPROVED_FOR_IMPORT,,EMAIL_ONLY_D2,4,0,0,0
11186,wc-completed,GBP,2025-06-11 14:38:27,126.00,APPROVED_FOR_IMPORT,,EMAIL_ONLY_D2,7,0,0,0
11187,wc-completed,GBP,2025-06-11 16:12:49,89.99,APPROVED_FOR_IMPORT,,EMAIL_ONLY_D2,6,0,0,0
11188,wc-completed,GBP,2025-06-11 16:14:14,49.00,APPROVED_FOR_IMPORT,,EMAIL_ONLY_D2,2,0,0,0
11190,wc-completed,GBP,2025-06-11 16:57:38,27.00,APPROVED_FOR_IMPORT,,EMAIL_ONLY_D2,1,0,0,0
11191,wc-completed,GBP,2025-06-11 17:04:31,113.00,APPROVED_FOR_IMPORT,,EMAIL_ONLY_D2,6,0,0,0
11194,wc-completed,GBP,2025-06-11 20:33:40,93.00,APPROVED_FOR_IMPORT,,ASSOCIATE_GID,3,0,0,0
11195,wc-completed,GBP,2025-06-11 20:47:58,20.00,APPROVED_FOR_IMPORT,,EMAIL_ONLY_D2,1,0,0,0
11196,wc-completed,GBP,2025-06-11 23:20:50,67.00,APPROVED_FOR_IMPORT,,EMAIL_ONLY_D2,2,0,0,0
11197,wc-completed,GBP,2025-06-12 01:18:16,38.00,APPROVED_FOR_IMPORT,,EMAIL_ONLY_D2,2,0,0,0
11201,wc-completed,GBP,2025-06-12 08:25:51,32.00,APPROVED_FOR_IMPORT,,EMAIL_ONLY_D2,1,0,0,0
11202,wc-failed,GBP,2025-06-12 08:37:32,35.00,APPROVED_FOR_IMPORT,,ASSOCIATE_GID,1,0,0,0
11203,wc-completed,GBP,2025-06-12 08:59:20,33.00,APPROVED_FOR_IMPORT,,EMAIL_ONLY_D2,1,0,0,0
11204,wc-completed,GBP,2025-06-12 09:25:05,25.00,APPROVED_FOR_IMPORT,,EMAIL_ONLY_D2,1,0,0,0
11205,wc-completed,GBP,2025-06-12 10:55:25,71.00,APPROVED_FOR_IMPORT,,EMAIL_ONLY_D2,4,0,0,0
11206,wc-failed,GBP,2025-06-12 11:21:27,44.00,APPROVED_FOR_IMPORT,,EMAIL_ONLY_D2,2,0,0,0
11207,wc-completed,GBP,2025-06-12 11:21:55,44.00,APPROVED_FOR_IMPORT,,EMAIL_ONLY_D2,2,0,0,0
11208,wc-completed,GBP,2025-06-12 11:22:30,94.00,APPROVED_FOR_IMPORT,,EMAIL_ONLY_D2,4,0,0,0
11210,wc-failed,GBP,2025-06-12 13:21:05,23.00,APPROVED_FOR_IMPORT,,EMAIL_ONLY_D2,1,0,0,0
11211,wc-completed,GBP,2025-06-12 13:21:58,23.00,APPROVED_FOR_IMPORT,,EMAIL_ONLY_D2,1,0,0,0
11213,wc-failed,GBP,2025-06-12 13:53:25,21.00,APPROVED_FOR_IMPORT,,EMAIL_ONLY_D2,1,0,0,0
11214,wc-completed,GBP,2025-06-12 14:25:48,57.00,APPROVED_FOR_IMPORT,,ASSOCIATE_GID,5,3,3,0
11215,wc-completed,GBP,2025-06-12 14:49:58,24.00,APPROVED_FOR_IMPORT,,EMAIL_ONLY_D2,1,0,0,0
11216,wc-completed,GBP,2025-06-12 15:23:49,116.00,APPROVED_FOR_IMPORT,,EMAIL_ONLY_D2,3,0,0,0
11217,wc-completed,GBP,2025-06-12 15:56:55,99.00,APPROVED_FOR_IMPORT,,EMAIL_ONLY_D2,5,0,0,0
11218,wc-completed,GBP,2025-06-12 16:36:53,22.00,APPROVED_FOR_IMPORT,,EMAIL_ONLY_D2,1,0,0,0
11220,wc-completed,GBP,2025-06-12 18:01:23,57.00,APPROVED_FOR_IMPORT,,EMAIL_ONLY_D2,3,0,0,0
11221,wc-completed,GBP,2025-06-12 18:16:56,100.00,APPROVED_FOR_IMPORT,,EMAIL_ONLY_D2,4,0,0,0
11222,wc-completed,GBP,2025-06-12 18:29:59,45.00,APPROVED_FOR_IMPORT,,EMAIL_ONLY_D2,1,0,0,0
11223,wc-completed,GBP,2025-06-12 20:39:31,65.00,APPROVED_FOR_IMPORT,,EMAIL_ONLY_D2,1,0,0,0
11225,wc-completed,GBP,2025-06-12 21:52:26,64.00,APPROVED_FOR_IMPORT,,EMAIL_ONLY_D2,4,0,0,1
11235,wc-completed,GBP,2025-06-13 01:47:57,66.00,APPROVED_FOR_IMPORT,,ASSOCIATE_GID,3,0,0,0
11236,wc-completed,GBP,2025-06-13 05:54:21,25.00,APPROVED_FOR_IMPORT,,EMAIL_ONLY_D2,1,0,0,0
11237,wc-failed,GBP,2025-06-13 07:00:09,89.99,APPROVED_FOR_IMPORT,,EMAIL_ONLY_D2,5,0,0,0
11238,wc-completed,GBP,2025-06-13 07:03:18,48.00,APPROVED_FOR_IMPORT,,EMAIL_ONLY_D2,2,0,0,0
11239,wc-completed,GBP,2025-06-13 07:04:27,89.99,APPROVED_FOR_IMPORT,,ASSOCIATE_GID,5,0,0,0
11240,wc-completed,GBP,2025-06-13 09:20:44,30.00,APPROVED_FOR_IMPORT,,EMAIL_ONLY_D2,1,0,0,0
11241,wc-completed,GBP,2025-06-13 10:43:26,25.00,APPROVED_FOR_IMPORT,,ASSOCIATE_GID,1,0,0,0
11242,wc-completed,GBP,2025-06-13 15:06:58,63.00,APPROVED_FOR_IMPORT,,EMAIL_ONLY_D2,3,0,0,0
11243,wc-completed,GBP,2025-06-13 16:22:16,144.98,APPROVED_FOR_IMPORT,,EMAIL_ONLY_D2,1,0,0,0
11244,wc-completed,GBP,2025-06-13 17:16:18,90.00,APPROVED_FOR_IMPORT,,EMAIL_ONLY_D2,1,0,0,0
11245,wc-completed,GBP,2025-06-13 17:18:03,36.99,APPROVED_FOR_IMPORT,,EMAIL_ONLY_D2,2,0,0,0
11246,wc-completed,GBP,2025-06-13 18:55:18,47.00,APPROVED_FOR_IMPORT,,EMAIL_ONLY_D2,2,0,0,0
11247,wc-completed,GBP,2025-06-13 19:07:24,20.00,APPROVED_FOR_IMPORT,,ASSOCIATE_GID,1,0,0,0
11249,wc-completed,GBP,2025-06-13 22:17:21,27.00,APPROVED_FOR_IMPORT,,EMAIL_ONLY_D2,1,0,0,0
11250,wc-cancelled,GBP,2025-06-14 01:09:42,23.00,APPROVED_FOR_IMPORT,,ASSOCIATE_GID,1,0,0,0
11252,wc-cancelled,GBP,2025-06-14 08:25:27,35.00,APPROVED_FOR_IMPORT,,ASSOCIATE_GID,1,0,0,0
11253,wc-completed,GBP,2025-06-14 08:26:29,35.00,APPROVED_FOR_IMPORT,,ASSOCIATE_GID,1,0,0,0
11254,wc-completed,GBP,2025-06-14 08:36:29,43.00,APPROVED_FOR_IMPORT,,EMAIL_ONLY_D2,2,0,0,0
11255,wc-cancelled,GBP,2025-06-14 10:14:37,50.00,APPROVED_FOR_IMPORT,,ASSOCIATE_GID,2,0,0,0
11256,wc-completed,GBP,2025-06-14 11:35:27,87.00,APPROVED_FOR_IMPORT,,EMAIL_ONLY_D2,4,0,0,0
11257,wc-completed,GBP,2025-06-14 12:53:54,41.00,APPROVED_FOR_IMPORT,,EMAIL_ONLY_D2,1,0,0,0
11259,wc-completed,GBP,2025-06-14 13:54:38,42.99,APPROVED_FOR_IMPORT,,ASSOCIATE_GID,3,0,0,0
11260,wc-completed,GBP,2025-06-14 15:23:01,48.00,APPROVED_FOR_IMPORT,,EMAIL_ONLY_D2,3,0,0,0
11262,wc-completed,GBP,2025-06-14 15:58:31,10.00,APPROVED_FOR_IMPORT,,EMAIL_ONLY_D2,1,0,0,0
11263,wc-completed,GBP,2025-06-14 17:16:02,21.00,APPROVED_FOR_IMPORT,,EMAIL_ONLY_D2,1,0,0,0
11264,wc-completed,GBP,2025-06-14 17:18:13,57.00,APPROVED_FOR_IMPORT,,ASSOCIATE_GID,3,0,0,0
11265,wc-completed,GBP,2025-06-14 17:52:07,47.00,APPROVED_FOR_IMPORT,,EMAIL_ONLY_D2,2,0,0,0
11267,wc-completed,GBP,2025-06-14 19:31:27,46.00,APPROVED_FOR_IMPORT,,EMAIL_ONLY_D2,2,0,0,0
11268,wc-completed,GBP,2025-06-14 21:57:33,30.00,APPROVED_FOR_IMPORT,,EMAIL_ONLY_D2,1,0,0,0
11269,wc-completed,GBP,2025-06-15 00:35:25,23.00,APPROVED_FOR_IMPORT,,EMAIL_ONLY_D2,1,0,0,0
11270,wc-completed,GBP,2025-06-15 06:43:14,35.00,APPROVED_FOR_IMPORT,,EMAIL_ONLY_D2,1,0,0,0
11271,wc-completed,GBP,2025-06-15 10:13:31,23.00,APPROVED_FOR_IMPORT,,EMAIL_ONLY_D2,1,0,0,0
11272,wc-completed,GBP,2025-06-15 11:48:01,60.00,APPROVED_FOR_IMPORT,,EMAIL_ONLY_D2,1,0,0,0
11273,wc-completed,GBP,2025-06-15 12:46:42,65.00,APPROVED_FOR_IMPORT,,EMAIL_ONLY_D2,1,0,0,0
11274,wc-completed,GBP,2025-06-15 12:57:06,134.00,APPROVED_FOR_IMPORT,,EMAIL_ONLY_D2,4,0,0,0
11275,wc-completed,GBP,2025-06-15 13:15:00,46.00,APPROVED_FOR_IMPORT,,EMAIL_ONLY_D2,3,0,0,0
11277,wc-completed,GBP,2025-06-15 15:14:03,65.00,PENDING_DECISION,D-3_unmapped_customer,UNMAPPED,2,0,0,0
11280,wc-completed,GBP,2025-06-15 16:49:39,45.00,APPROVED_FOR_IMPORT,,ASSOCIATE_GID,1,0,0,0
11281,wc-completed,GBP,2025-06-15 17:50:29,30.00,APPROVED_FOR_IMPORT,,EMAIL_ONLY_D2,1,0,0,0
11282,wc-completed,GBP,2025-06-16 05:09:53,42.00,PENDING_DECISION,D-3_unmapped_customer,UNMAPPED,2,0,0,0
11283,wc-cancelled,GBP,2025-06-16 06:39:37,25.00,APPROVED_FOR_IMPORT,,ASSOCIATE_GID,1,0,0,0
11284,wc-completed,GBP,2025-06-16 06:45:49,25.00,APPROVED_FOR_IMPORT,,ASSOCIATE_GID,1,0,0,0
11285,wc-completed,GBP,2025-06-16 08:44:33,114.00,APPROVED_FOR_IMPORT,,EMAIL_ONLY_D2,5,0,0,0
11286,wc-completed,GBP,2025-06-16 09:23:02,100.99,APPROVED_FOR_IMPORT,,EMAIL_ONLY_D2,3,0,0,0
11287,wc-completed,GBP,2025-06-16 09:37:34,167.99,APPROVED_FOR_IMPORT,,EMAIL_ONLY_D2,7,0,0,0
11292,wc-completed,GBP,2025-06-16 13:25:49,67.00,APPROVED_FOR_IMPORT,,EMAIL_ONLY_D2,3,0,0,0
11293,wc-completed,GBP,2025-06-16 13:52:35,25.00,APPROVED_FOR_IMPORT,,EMAIL_ONLY_D2,1,0,0,0
11295,wc-completed,GBP,2025-06-16 16:12:46,47.00,APPROVED_FOR_IMPORT,,EMAIL_ONLY_D2,2,0,0,0
11303,wc-completed,GBP,2025-06-16 19:45:13,130.00,PENDING_DECISION,D-3_unmapped_customer,UNMAPPED,7,0,0,0
11304,wc-completed,GBP,2025-06-16 20:19:35,20.00,APPROVED_FOR_IMPORT,,EMAIL_ONLY_D2,1,0,0,0
11305,wc-completed,GBP,2025-06-16 20:39:14,103.00,PENDING_DECISION,D-3_unmapped_customer,UNMAPPED,5,0,0,0
11307,wc-completed,GBP,2025-06-16 21:19:53,68.00,APPROVED_FOR_IMPORT,,EMAIL_ONLY_D2,3,0,0,0
11308,wc-completed,GBP,2025-06-16 22:32:48,96.00,APPROVED_FOR_IMPORT,,EMAIL_ONLY_D2,5,0,0,0
11309,wc-completed,GBP,2025-06-17 00:48:52,77.00,APPROVED_FOR_IMPORT,,ASSOCIATE_GID,4,0,0,0
11310,wc-completed,GBP,2025-06-17 01:11:46,25.00,APPROVED_FOR_IMPORT,,EMAIL_ONLY_D2,1,0,0,0
11311,wc-completed,GBP,2025-06-17 05:16:21,25.00,APPROVED_FOR_IMPORT,,EMAIL_ONLY_D2,1,0,0,0
11314,wc-completed,GBP,2025-06-17 06:08:38,48.00,APPROVED_FOR_IMPORT,,EMAIL_ONLY_D2,2,0,0,0
11316,wc-completed,GBP,2025-06-17 08:42:26,45.00,APPROVED_FOR_IMPORT,,EMAIL_ONLY_D2,2,0,0,0
11317,wc-failed,GBP,2025-06-17 12:03:18,93.00,APPROVED_FOR_IMPORT,,EMAIL_ONLY_D2,5,0,0,0
11318,wc-completed,GBP,2025-06-17 12:05:33,87.00,APPROVED_FOR_IMPORT,,EMAIL_ONLY_D2,4,0,0,0
11320,wc-completed,GBP,2025-06-17 16:45:46,66.00,APPROVED_FOR_IMPORT,,ASSOCIATE_GID,3,0,0,0
11323,wc-completed,GBP,2025-06-17 16:58:02,25.00,APPROVED_FOR_IMPORT,,ASSOCIATE_GID,1,0,0,0
11324,wc-completed,GBP,2025-06-17 21:00:04,25.00,APPROVED_FOR_IMPORT,,EMAIL_ONLY_D2,1,0,0,0
11325,wc-failed,GBP,2025-06-17 22:03:15,35.00,APPROVED_FOR_IMPORT,,EMAIL_ONLY_D2,1,0,0,0
11326,wc-completed,GBP,2025-06-17 22:05:41,35.00,APPROVED_FOR_IMPORT,,EMAIL_ONLY_D2,1,0,0,0
11327,wc-cancelled,GBP,2025-06-17 22:45:54,41.00,APPROVED_FOR_IMPORT,,ASSOCIATE_GID,2,0,0,0
11328,wc-completed,GBP,2025-06-18 00:19:28,45.00,APPROVED_FOR_IMPORT,,EMAIL_ONLY_D2,1,0,0,0
11332,wc-completed,GBP,2025-06-18 08:47:38,51.00,APPROVED_FOR_IMPORT,,EMAIL_ONLY_D2,2,0,0,0
11333,wc-completed,GBP,2025-06-18 08:59:06,65.00,APPROVED_FOR_IMPORT,,EMAIL_ONLY_D2,2,1,0,0
11334,wc-completed,GBP,2025-06-18 09:06:37,45.00,APPROVED_FOR_IMPORT,,EMAIL_ONLY_D2,1,0,0,0
11335,wc-completed,GBP,2025-06-18 09:46:48,45.00,APPROVED_FOR_IMPORT,,EMAIL_ONLY_D2,1,0,0,0
11337,wc-completed,GBP,2025-06-18 11:07:29,45.99,APPROVED_FOR_IMPORT,,EMAIL_ONLY_D2,3,0,0,0
11340,wc-completed,GBP,2025-06-18 13:22:30,23.00,APPROVED_FOR_IMPORT,,EMAIL_ONLY_D2,1,0,0,0
11354,wc-failed,GBP,2025-06-18 14:50:48,51.00,APPROVED_FOR_IMPORT,,EMAIL_ONLY_D2,2,0,0,0
11355,wc-completed,GBP,2025-06-18 15:52:19,58.00,APPROVED_FOR_IMPORT,,EMAIL_ONLY_D2,3,0,0,0
11356,wc-completed,GBP,2025-06-18 16:16:07,35.00,APPROVED_FOR_IMPORT,,EMAIL_ONLY_D2,1,0,0,0
11357,wc-completed,GBP,2025-06-18 16:44:26,43.00,APPROVED_FOR_IMPORT,,ASSOCIATE_GID,2,0,0,0
11358,wc-completed,GBP,2025-06-18 17:43:10,68.99,APPROVED_FOR_IMPORT,,EMAIL_ONLY_D2,4,0,0,0
11359,wc-completed,GBP,2025-06-18 17:48:28,47.00,APPROVED_FOR_IMPORT,,EMAIL_ONLY_D2,2,0,0,0
11360,wc-completed,GBP,2025-06-18 20:49:01,50.00,APPROVED_FOR_IMPORT,,EMAIL_ONLY_D2,1,0,0,0
11361,wc-completed,GBP,2025-06-18 21:07:17,69.00,APPROVED_FOR_IMPORT,,ASSOCIATE_GID,3,0,0,0
11362,wc-completed,GBP,2025-06-18 21:23:26,31.00,APPROVED_FOR_IMPORT,,EMAIL_ONLY_D2,1,0,0,0
11372,wc-completed,GBP,2025-06-19 08:23:42,23.00,APPROVED_FOR_IMPORT,,EMAIL_ONLY_D2,1,0,0,0
11375,wc-completed,GBP,2025-06-19 09:53:53,93.00,APPROVED_FOR_IMPORT,,EMAIL_ONLY_D2,4,0,0,0
11376,wc-completed,GBP,2025-06-19 09:57:42,47.00,APPROVED_FOR_IMPORT,,EMAIL_ONLY_D2,2,0,0,0
11377,wc-completed,GBP,2025-06-19 10:05:35,32.00,APPROVED_FOR_IMPORT,,EMAIL_ONLY_D2,3,0,0,0
11378,wc-completed,GBP,2025-06-19 11:12:30,104.00,APPROVED_FOR_IMPORT,,EMAIL_ONLY_D2,2,0,0,0
11379,wc-completed,GBP,2025-06-19 11:47:04,68.00,APPROVED_FOR_IMPORT,,EMAIL_ONLY_D2,3,0,0,0
11380,wc-completed,GBP,2025-06-19 12:38:59,51.99,APPROVED_FOR_IMPORT,,EMAIL_ONLY_D2,3,0,0,0
11381,wc-completed,GBP,2025-06-19 13:42:42,25.00,APPROVED_FOR_IMPORT,,EMAIL_ONLY_D2,1,0,0,0
11382,wc-completed,GBP,2025-06-19 15:24:04,61.00,APPROVED_FOR_IMPORT,,EMAIL_ONLY_D2,3,0,0,0
11384,wc-completed,GBP,2025-06-19 17:08:31,68.00,APPROVED_FOR_IMPORT,,EMAIL_ONLY_D2,4,0,0,0
11385,wc-cancelled,GBP,2025-06-19 17:08:50,106.99,APPROVED_FOR_IMPORT,,ASSOCIATE_GID,4,0,0,0
11386,wc-completed,GBP,2025-06-19 18:48:20,22.00,APPROVED_FOR_IMPORT,,EMAIL_ONLY_D2,1,0,0,0
11387,wc-completed,GBP,2025-06-19 19:38:20,38.00,APPROVED_FOR_IMPORT,,EMAIL_ONLY_D2,2,0,0,0
11388,wc-completed,GBP,2025-06-19 21:38:18,45.00,APPROVED_FOR_IMPORT,,EMAIL_ONLY_D2,2,0,0,0
11389,wc-completed,GBP,2025-06-19 22:01:46,47.00,APPROVED_FOR_IMPORT,,EMAIL_ONLY_D2,2,0,0,0
11390,wc-failed,GBP,2025-06-19 22:22:30,23.00,APPROVED_FOR_IMPORT,,EMAIL_ONLY_D2,1,0,0,0
11391,wc-completed,GBP,2025-06-19 23:26:36,47.00,APPROVED_FOR_IMPORT,,EMAIL_ONLY_D2,2,0,0,0
11393,wc-completed,GBP,2025-06-20 00:48:46,21.00,APPROVED_FOR_IMPORT,,EMAIL_ONLY_D2,1,0,0,0
11394,wc-completed,GBP,2025-06-20 04:32:33,22.00,APPROVED_FOR_IMPORT,,EMAIL_ONLY_D2,1,0,0,0
11396,wc-completed,GBP,2025-06-20 07:45:26,115.99,APPROVED_FOR_IMPORT,,ASSOCIATE_GID,4,0,0,0
11397,wc-completed,GBP,2025-06-20 07:52:28,25.00,APPROVED_FOR_IMPORT,,EMAIL_ONLY_D2,1,0,0,0
11398,wc-completed,GBP,2025-06-20 09:24:48,59.00,APPROVED_FOR_IMPORT,,EMAIL_ONLY_D2,4,0,0,0
11399,wc-completed,GBP,2025-06-20 09:51:48,47.00,APPROVED_FOR_IMPORT,,EMAIL_ONLY_D2,2,0,0,0
11400,wc-completed,GBP,2025-06-20 10:01:45,23.00,APPROVED_FOR_IMPORT,,EMAIL_ONLY_D2,1,0,0,0
11404,wc-completed,GBP,2025-06-20 11:33:41,30.00,APPROVED_FOR_IMPORT,,EMAIL_ONLY_D2,1,0,0,0
11405,wc-completed,GBP,2025-06-20 12:23:50,172.00,APPROVED_FOR_IMPORT,,EMAIL_ONLY_D2,9,1,0,0
11408,wc-completed,GBP,2025-06-20 13:41:03,39.00,APPROVED_FOR_IMPORT,,EMAIL_ONLY_D2,1,0,0,0
11410,wc-completed,GBP,2025-06-20 14:09:30,21.99,APPROVED_FOR_IMPORT,,EMAIL_ONLY_D2,1,0,0,0
11412,wc-completed,GBP,2025-06-20 16:45:31,68.00,APPROVED_FOR_IMPORT,,EMAIL_ONLY_D2,4,0,0,0
11413,wc-completed,GBP,2025-06-20 16:58:02,23.00,APPROVED_FOR_IMPORT,,EMAIL_ONLY_D2,1,0,0,0
11414,wc-completed,GBP,2025-06-20 17:26:29,46.00,APPROVED_FOR_IMPORT,,EMAIL_ONLY_D2,2,0,0,0
11415,wc-completed,GBP,2025-06-20 18:28:13,88.00,APPROVED_FOR_IMPORT,,EMAIL_ONLY_D2,5,0,0,0
11416,wc-completed,GBP,2025-06-20 18:29:14,149.00,APPROVED_FOR_IMPORT,,ASSOCIATE_GID,6,0,0,0
11417,wc-completed,GBP,2025-06-20 18:50:37,21.00,APPROVED_FOR_IMPORT,,EMAIL_ONLY_D2,1,0,0,0
11418,wc-completed,GBP,2025-06-20 19:02:17,41.00,APPROVED_FOR_IMPORT,,EMAIL_ONLY_D2,3,0,0,0
11419,wc-completed,GBP,2025-06-20 19:44:17,25.00,APPROVED_FOR_IMPORT,,EMAIL_ONLY_D2,1,0,0,0
11420,wc-completed,GBP,2025-06-20 20:03:53,25.00,APPROVED_FOR_IMPORT,,EMAIL_ONLY_D2,1,0,0,0
11421,wc-completed,GBP,2025-06-20 20:12:40,58.00,APPROVED_FOR_IMPORT,,EMAIL_ONLY_D2,2,0,0,0
11422,wc-completed,GBP,2025-06-20 20:14:28,25.00,APPROVED_FOR_IMPORT,,EMAIL_ONLY_D2,1,0,0,0
11423,wc-completed,GBP,2025-06-20 20:24:00,119.00,APPROVED_FOR_IMPORT,,EMAIL_ONLY_D2,5,0,0,0
11424,wc-completed,GBP,2025-06-20 21:33:31,30.00,APPROVED_FOR_IMPORT,,EMAIL_ONLY_D2,1,0,0,0
11425,wc-completed,GBP,2025-06-20 22:12:34,22.00,APPROVED_FOR_IMPORT,,EMAIL_ONLY_D2,1,0,0,0
11426,wc-failed,GBP,2025-06-20 23:18:33,22.00,APPROVED_FOR_IMPORT,,EMAIL_ONLY_D2,1,0,0,0
11427,wc-completed,GBP,2025-06-21 00:14:52,33.00,APPROVED_FOR_IMPORT,,EMAIL_ONLY_D2,3,0,0,0
11428,wc-completed,GBP,2025-06-21 03:00:11,25.00,APPROVED_FOR_IMPORT,,EMAIL_ONLY_D2,1,0,0,0
11429,wc-completed,GBP,2025-06-21 07:11:44,65.00,APPROVED_FOR_IMPORT,,EMAIL_ONLY_D2,2,0,0,0
11430,wc-completed,GBP,2025-06-21 07:41:22,51.00,APPROVED_FOR_IMPORT,,EMAIL_ONLY_D2,2,0,0,0
11431,wc-completed,GBP,2025-06-21 07:43:24,23.00,APPROVED_FOR_IMPORT,,ASSOCIATE_GID,1,0,0,0
11432,wc-completed,GBP,2025-06-21 07:57:33,25.00,APPROVED_FOR_IMPORT,,EMAIL_ONLY_D2,1,0,0,0
11434,wc-completed,GBP,2025-06-21 08:08:38,44.00,APPROVED_FOR_IMPORT,,EMAIL_ONLY_D2,2,0,0,0
11435,wc-failed,GBP,2025-06-21 08:28:11,25.00,APPROVED_FOR_IMPORT,,EMAIL_ONLY_D2,1,0,0,0
11436,wc-completed,GBP,2025-06-21 08:28:36,25.00,APPROVED_FOR_IMPORT,,EMAIL_ONLY_D2,1,0,0,0
11437,wc-completed,GBP,2025-06-21 09:14:29,33.99,APPROVED_FOR_IMPORT,,EMAIL_ONLY_D2,1,0,0,0
11440,wc-completed,GBP,2025-06-21 09:54:06,102.00,APPROVED_FOR_IMPORT,,EMAIL_ONLY_D2,4,0,0,0
11441,wc-completed,GBP,2025-06-21 10:27:39,85.00,APPROVED_FOR_IMPORT,,EMAIL_ONLY_D2,4,0,0,0
11442,wc-completed,GBP,2025-06-21 11:52:24,40.00,APPROVED_FOR_IMPORT,,EMAIL_ONLY_D2,2,0,0,0
11444,wc-completed,GBP,2025-06-21 13:44:10,70.00,APPROVED_FOR_IMPORT,,EMAIL_ONLY_D2,3,0,0,0
11445,wc-completed,GBP,2025-06-21 13:58:14,75.00,APPROVED_FOR_IMPORT,,EMAIL_ONLY_D2,3,0,0,0
11446,wc-completed,GBP,2025-06-21 15:02:57,45.00,APPROVED_FOR_IMPORT,,EMAIL_ONLY_D2,2,0,0,0
11447,wc-completed,GBP,2025-06-21 17:30:05,25.00,APPROVED_FOR_IMPORT,,EMAIL_ONLY_D2,1,0,0,0
11449,wc-completed,GBP,2025-06-21 21:17:07,23.00,APPROVED_FOR_IMPORT,,EMAIL_ONLY_D2,1,0,0,0
11450,wc-failed,GBP,2025-06-21 21:26:54,25.00,APPROVED_FOR_IMPORT,,EMAIL_ONLY_D2,1,0,0,0
11451,wc-completed,GBP,2025-06-21 21:28:29,25.00,APPROVED_FOR_IMPORT,,EMAIL_ONLY_D2,1,0,0,0
11452,wc-completed,GBP,2025-06-21 22:46:04,72.00,APPROVED_FOR_IMPORT,,EMAIL_ONLY_D2,4,0,0,0
11453,wc-completed,GBP,2025-06-21 22:55:13,79.00,APPROVED_FOR_IMPORT,,ASSOCIATE_GID,3,0,0,0
11454,wc-completed,GBP,2025-06-22 02:07:34,63.00,APPROVED_FOR_IMPORT,,EMAIL_ONLY_D2,3,1,0,0
11456,wc-completed,GBP,2025-06-22 09:18:13,35.00,APPROVED_FOR_IMPORT,,EMAIL_ONLY_D2,1,0,0,0
11457,wc-completed,GBP,2025-06-22 09:22:53,21.00,APPROVED_FOR_IMPORT,,EMAIL_ONLY_D2,1,0,0,0
11459,wc-completed,GBP,2025-06-22 11:24:32,43.00,APPROVED_FOR_IMPORT,,EMAIL_ONLY_D2,2,0,0,0
11460,wc-completed,GBP,2025-06-22 14:58:42,30.00,APPROVED_FOR_IMPORT,,EMAIL_ONLY_D2,1,0,0,0
11461,wc-completed,GBP,2025-06-22 15:11:41,24.00,APPROVED_FOR_IMPORT,,EMAIL_ONLY_D2,1,0,0,0
11465,wc-refunded,GBP,2025-06-22 16:04:51,15.00,PENDING_DECISION,D-9_refund_complex,EMAIL_ONLY_D2,1,0,0,2
11466,wc-completed,GBP,2025-06-22 17:43:24,112.00,APPROVED_FOR_IMPORT,,EMAIL_ONLY_D2,5,0,0,1
11467,wc-completed,GBP,2025-06-22 18:36:04,45.00,APPROVED_FOR_IMPORT,,ASSOCIATE_GID,1,0,0,0
11468,wc-completed,GBP,2025-06-22 19:01:18,85.00,APPROVED_FOR_IMPORT,,EMAIL_ONLY_D2,2,0,0,0
11470,wc-completed,GBP,2025-06-22 20:19:36,64.00,APPROVED_FOR_IMPORT,,ASSOCIATE_GID,4,0,0,0
11471,wc-completed,GBP,2025-06-22 21:19:56,23.00,APPROVED_FOR_IMPORT,,EMAIL_ONLY_D2,1,0,0,0
11472,wc-completed,GBP,2025-06-22 22:16:26,86.00,APPROVED_FOR_IMPORT,,EMAIL_ONLY_D2,4,0,0,0
11473,wc-completed,GBP,2025-06-22 23:54:18,71.00,APPROVED_FOR_IMPORT,,EMAIL_ONLY_D2,4,0,0,0
11476,wc-completed,GBP,2025-06-23 05:08:27,35.00,APPROVED_FOR_IMPORT,,ASSOCIATE_GID,1,0,0,0
11479,wc-completed,GBP,2025-06-23 08:26:51,55.00,APPROVED_FOR_IMPORT,,EMAIL_ONLY_D2,2,0,0,0
11481,wc-completed,GBP,2025-06-23 09:37:42,41.00,APPROVED_FOR_IMPORT,,EMAIL_ONLY_D2,1,0,0,0
11483,wc-completed,GBP,2025-06-23 11:45:51,25.00,APPROVED_FOR_IMPORT,,EMAIL_ONLY_D2,1,0,0,0
11485,wc-completed,GBP,2025-06-23 12:48:56,23.00,APPROVED_FOR_IMPORT,,EMAIL_ONLY_D2,1,0,0,0
11488,wc-completed,GBP,2025-06-23 14:50:44,25.00,APPROVED_FOR_IMPORT,,ASSOCIATE_GID,1,0,0,0
11489,wc-completed,GBP,2025-06-23 14:53:29,35.00,APPROVED_FOR_IMPORT,,ASSOCIATE_GID,1,0,0,0
11490,wc-completed,GBP,2025-06-23 15:30:51,35.00,APPROVED_FOR_IMPORT,,EMAIL_ONLY_D2,1,0,0,0
11491,wc-refunded,GBP,2025-06-23 16:29:26,25.00,APPROVED_FOR_IMPORT,,EMAIL_ONLY_D2,1,0,0,1
11492,wc-completed,GBP,2025-06-23 16:38:31,47.00,APPROVED_FOR_IMPORT,,EMAIL_ONLY_D2,2,0,0,0
11494,wc-completed,GBP,2025-06-23 16:42:03,90.00,APPROVED_FOR_IMPORT,,EMAIL_ONLY_D2,3,0,0,0
11496,wc-completed,GBP,2025-06-23 17:26:00,40.00,APPROVED_FOR_IMPORT,,EMAIL_ONLY_D2,2,0,0,0
11499,wc-completed,GBP,2025-06-23 18:34:22,71.00,APPROVED_FOR_IMPORT,,EMAIL_ONLY_D2,4,0,0,0
11500,wc-completed,GBP,2025-06-23 18:40:33,23.00,APPROVED_FOR_IMPORT,,EMAIL_ONLY_D2,1,0,0,0
11501,wc-completed,GBP,2025-06-23 18:46:33,262.00,APPROVED_FOR_IMPORT,,EMAIL_ONLY_D2,10,0,0,0
11502,wc-completed,GBP,2025-06-23 18:51:52,40.00,APPROVED_FOR_IMPORT,,EMAIL_ONLY_D2,2,0,0,0
11503,wc-completed,GBP,2025-06-23 18:55:09,45.00,APPROVED_FOR_IMPORT,,EMAIL_ONLY_D2,2,0,0,0
11504,wc-completed,GBP,2025-06-23 18:55:50,50.00,APPROVED_FOR_IMPORT,,EMAIL_ONLY_D2,2,0,0,0
11507,wc-completed,GBP,2025-06-23 22:28:22,85.00,APPROVED_FOR_IMPORT,,EMAIL_ONLY_D2,4,0,0,0
11508,wc-completed,GBP,2025-06-23 23:04:34,119.00,APPROVED_FOR_IMPORT,,EMAIL_ONLY_D2,12,0,0,0
11509,wc-completed,GBP,2025-06-23 23:14:21,60.99,APPROVED_FOR_IMPORT,,EMAIL_ONLY_D2,2,0,0,0
11510,wc-failed,GBP,2025-06-24 07:56:24,27.00,APPROVED_FOR_IMPORT,,EMAIL_ONLY_D2,1,0,0,0
11511,wc-completed,GBP,2025-06-24 07:56:49,27.00,APPROVED_FOR_IMPORT,,EMAIL_ONLY_D2,1,0,0,0
11512,wc-completed,GBP,2025-06-24 08:58:50,45.00,APPROVED_FOR_IMPORT,,EMAIL_ONLY_D2,2,0,0,0
11513,wc-completed,GBP,2025-06-24 09:41:17,87.00,APPROVED_FOR_IMPORT,,EMAIL_ONLY_D2,4,0,0,0
11514,wc-completed,GBP,2025-06-24 10:32:04,138.00,APPROVED_FOR_IMPORT,,EMAIL_ONLY_D2,7,0,0,0
11516,wc-completed,GBP,2025-06-24 12:50:37,77.00,APPROVED_FOR_IMPORT,,EMAIL_ONLY_D2,3,0,0,0
11519,wc-completed,GBP,2025-06-24 13:50:13,60.00,APPROVED_FOR_IMPORT,,EMAIL_ONLY_D2,3,0,0,0
11521,wc-completed,GBP,2025-06-24 14:04:44,117.00,APPROVED_FOR_IMPORT,,ASSOCIATE_GID,5,0,0,1
11526,wc-completed,GBP,2025-06-24 16:02:19,25.00,APPROVED_FOR_IMPORT,,EMAIL_ONLY_D2,1,0,0,0
11527,wc-completed,GBP,2025-06-24 16:40:22,57.00,APPROVED_FOR_IMPORT,,EMAIL_ONLY_D2,2,0,0,0
11528,wc-completed,GBP,2025-06-24 16:56:27,22.00,APPROVED_FOR_IMPORT,,EMAIL_ONLY_D2,1,0,0,0
11530,wc-completed,GBP,2025-06-24 17:53:11,35.00,APPROVED_FOR_IMPORT,,EMAIL_ONLY_D2,1,0,0,0
11533,wc-completed,GBP,2025-06-24 19:03:32,65.00,APPROVED_FOR_IMPORT,,EMAIL_ONLY_D2,2,0,0,0
11534,wc-completed,GBP,2025-06-24 19:40:14,63.00,APPROVED_FOR_IMPORT,,EMAIL_ONLY_D2,3,0,0,0
11536,wc-completed,GBP,2025-06-24 20:35:58,39.00,PENDING_DECISION,D-3_unmapped_customer,UNMAPPED,3,0,0,0
11537,wc-completed,GBP,2025-06-24 22:01:06,23.00,APPROVED_FOR_IMPORT,,EMAIL_ONLY_D2,1,0,0,0
11538,wc-failed,GBP,2025-06-24 22:16:01,36.00,APPROVED_FOR_IMPORT,,EMAIL_ONLY_D2,2,0,0,0
11539,wc-completed,GBP,2025-06-24 22:23:25,36.00,APPROVED_FOR_IMPORT,,EMAIL_ONLY_D2,2,0,0,0
11540,wc-completed,GBP,2025-06-24 22:29:02,35.00,APPROVED_FOR_IMPORT,,EMAIL_ONLY_D2,1,0,0,0
11541,wc-completed,GBP,2025-06-24 22:45:07,61.00,APPROVED_FOR_IMPORT,,ASSOCIATE_GID,3,0,0,0
11542,wc-completed,GBP,2025-06-25 01:20:58,136.00,APPROVED_FOR_IMPORT,,EMAIL_ONLY_D2,6,0,0,0
11543,wc-failed,GBP,2025-06-25 06:52:52,80.00,APPROVED_FOR_IMPORT,,EMAIL_ONLY_D2,2,0,0,0
11544,wc-failed,GBP,2025-06-25 06:56:10,75.00,APPROVED_FOR_IMPORT,,EMAIL_ONLY_D2,2,0,0,0
11546,wc-completed,GBP,2025-06-25 09:48:22,48.00,APPROVED_FOR_IMPORT,,EMAIL_ONLY_D2,2,0,0,0
11547,wc-completed,GBP,2025-06-25 09:54:59,24.00,APPROVED_FOR_IMPORT,,EMAIL_ONLY_D2,1,0,0,0
11549,wc-completed,GBP,2025-06-25 12:56:26,47.00,APPROVED_FOR_IMPORT,,EMAIL_ONLY_D2,2,0,0,0
11550,wc-completed,GBP,2025-06-25 16:30:18,35.00,APPROVED_FOR_IMPORT,,ASSOCIATE_GID,1,0,0,0
11551,wc-completed,GBP,2025-06-25 16:48:46,59.00,APPROVED_FOR_IMPORT,,EMAIL_ONLY_D2,3,0,0,0
11552,wc-completed,GBP,2025-06-25 18:08:54,70.00,APPROVED_FOR_IMPORT,,EMAIL_ONLY_D2,5,0,0,0
11553,wc-completed,GBP,2025-06-25 18:46:12,50.00,APPROVED_FOR_IMPORT,,EMAIL_ONLY_D2,4,0,0,0
11554,wc-completed,GBP,2025-06-25 18:56:52,63.00,APPROVED_FOR_IMPORT,,EMAIL_ONLY_D2,3,0,0,0
11556,wc-completed,GBP,2025-06-25 20:20:04,25.00,APPROVED_FOR_IMPORT,,EMAIL_ONLY_D2,1,0,0,0
11557,wc-completed,GBP,2025-06-25 20:39:04,47.00,APPROVED_FOR_IMPORT,,EMAIL_ONLY_D2,2,0,0,0
11558,wc-failed,GBP,2025-06-25 21:09:47,59.00,APPROVED_FOR_IMPORT,,EMAIL_ONLY_D2,3,0,0,0
11559,wc-completed,GBP,2025-06-25 21:59:09,27.00,APPROVED_FOR_IMPORT,,ASSOCIATE_GID,1,0,0,0
11560,wc-completed,GBP,2025-06-26 01:42:45,24.00,APPROVED_FOR_IMPORT,,EMAIL_ONLY_D2,1,0,0,0
11561,wc-completed,GBP,2025-06-26 03:36:29,34.00,APPROVED_FOR_IMPORT,,EMAIL_ONLY_D2,2,0,0,0
11563,wc-completed,GBP,2025-06-26 04:25:26,60.00,APPROVED_FOR_IMPORT,,EMAIL_ONLY_D2,3,0,0,0
11564,wc-completed,GBP,2025-06-26 06:03:19,39.00,APPROVED_FOR_IMPORT,,ASSOCIATE_GID,2,0,0,0
11566,wc-completed,GBP,2025-06-26 07:19:04,20.00,APPROVED_FOR_IMPORT,,EMAIL_ONLY_D2,1,0,0,0
11567,wc-completed,GBP,2025-06-26 08:10:31,127.00,APPROVED_FOR_IMPORT,,EMAIL_ONLY_D2,7,0,0,0
11569,wc-completed,GBP,2025-06-26 09:15:25,10.00,APPROVED_FOR_IMPORT,,EMAIL_ONLY_D2,1,0,0,0
11570,wc-completed,GBP,2025-06-26 09:31:18,28.00,APPROVED_FOR_IMPORT,,EMAIL_ONLY_D2,1,0,0,0
11571,wc-completed,GBP,2025-06-26 09:42:43,63.00,APPROVED_FOR_IMPORT,,EMAIL_ONLY_D2,3,0,0,0
11572,wc-completed,GBP,2025-06-26 13:50:28,41.00,APPROVED_FOR_IMPORT,,EMAIL_ONLY_D2,2,0,0,0
11574,wc-completed,GBP,2025-06-26 18:10:20,25.00,APPROVED_FOR_IMPORT,,EMAIL_ONLY_D2,1,0,0,0
11575,wc-completed,GBP,2025-06-26 19:33:09,42.00,APPROVED_FOR_IMPORT,,EMAIL_ONLY_D2,2,0,0,0
11576,wc-failed,GBP,2025-06-26 20:14:17,27.00,APPROVED_FOR_IMPORT,,EMAIL_ONLY_D2,1,0,0,0
11578,wc-completed,GBP,2025-06-26 20:25:07,27.00,APPROVED_FOR_IMPORT,,EMAIL_ONLY_D2,1,0,0,0
11579,wc-failed,GBP,2025-06-26 21:26:00,30.00,APPROVED_FOR_IMPORT,,EMAIL_ONLY_D2,1,0,0,0
11580,wc-completed,GBP,2025-06-26 23:05:29,152.00,APPROVED_FOR_IMPORT,,ASSOCIATE_GID,3,0,0,0
11581,wc-completed,GBP,2025-06-26 23:21:27,45.00,APPROVED_FOR_IMPORT,,ASSOCIATE_GID,2,0,0,0
11583,wc-completed,GBP,2025-06-27 00:32:55,123.00,APPROVED_FOR_IMPORT,,ASSOCIATE_GID,6,1,0,0
11584,wc-completed,GBP,2025-06-27 02:26:26,23.00,APPROVED_FOR_IMPORT,,EMAIL_ONLY_D2,1,0,0,0
11585,wc-completed,GBP,2025-06-27 04:38:02,42.00,APPROVED_FOR_IMPORT,,EMAIL_ONLY_D2,2,0,0,0
11586,wc-completed,GBP,2025-06-27 05:46:14,95.00,APPROVED_FOR_IMPORT,,EMAIL_ONLY_D2,5,0,0,0
11587,wc-completed,GBP,2025-06-27 08:12:59,30.00,APPROVED_FOR_IMPORT,,EMAIL_ONLY_D2,1,0,0,0
11588,wc-completed,GBP,2025-06-27 08:38:29,59.00,APPROVED_FOR_IMPORT,,ASSOCIATE_GID,1,0,0,0
11589,wc-completed,GBP,2025-06-27 09:28:14,75.00,APPROVED_FOR_IMPORT,,EMAIL_ONLY_D2,3,0,0,0
11590,wc-completed,GBP,2025-06-27 09:54:55,23.00,APPROVED_FOR_IMPORT,,EMAIL_ONLY_D2,1,0,0,0
11591,wc-completed,GBP,2025-06-27 10:08:21,87.99,APPROVED_FOR_IMPORT,,EMAIL_ONLY_D2,5,0,0,0
11592,wc-completed,GBP,2025-06-27 10:11:28,89.00,APPROVED_FOR_IMPORT,,EMAIL_ONLY_D2,5,0,0,0
11593,wc-completed,GBP,2025-06-27 10:19:38,143.00,APPROVED_FOR_IMPORT,,EMAIL_ONLY_D2,7,0,0,0
11594,wc-completed,GBP,2025-06-27 11:14:49,32.00,APPROVED_FOR_IMPORT,,EMAIL_ONLY_D2,1,0,0,0
11595,wc-completed,GBP,2025-06-27 11:46:20,78.00,APPROVED_FOR_IMPORT,,EMAIL_ONLY_D2,4,0,0,0
11598,wc-completed,GBP,2025-06-27 13:18:12,25.00,APPROVED_FOR_IMPORT,,EMAIL_ONLY_D2,1,0,0,0
11599,wc-completed,GBP,2025-06-27 13:59:26,47.00,APPROVED_FOR_IMPORT,,EMAIL_ONLY_D2,2,0,0,0
11600,wc-completed,GBP,2025-06-27 14:08:47,22.00,APPROVED_FOR_IMPORT,,EMAIL_ONLY_D2,1,0,0,0
11601,wc-completed,GBP,2025-06-27 15:26:33,44.00,APPROVED_FOR_IMPORT,,ASSOCIATE_GID,2,0,0,0
11602,wc-completed,GBP,2025-06-27 15:40:22,103.00,APPROVED_FOR_IMPORT,,EMAIL_ONLY_D2,7,0,0,0
11603,wc-completed,GBP,2025-06-27 16:50:19,56.00,PENDING_DECISION,D-3_unmapped_customer,UNMAPPED,2,0,0,0
11605,wc-completed,GBP,2025-06-27 17:08:24,22.00,APPROVED_FOR_IMPORT,,EMAIL_ONLY_D2,1,0,0,0
11606,wc-completed,GBP,2025-06-27 19:20:19,82.00,APPROVED_FOR_IMPORT,,EMAIL_ONLY_D2,4,0,0,0
11607,wc-completed,GBP,2025-06-27 20:39:32,25.00,APPROVED_FOR_IMPORT,,EMAIL_ONLY_D2,1,0,0,0
11608,wc-completed,GBP,2025-06-27 21:15:52,143.99,APPROVED_FOR_IMPORT,,ASSOCIATE_GID,4,0,0,0
11609,wc-completed,GBP,2025-06-27 21:35:00,41.00,APPROVED_FOR_IMPORT,,EMAIL_ONLY_D2,2,0,0,0
11612,wc-completed,GBP,2025-06-27 22:40:01,52.00,APPROVED_FOR_IMPORT,,EMAIL_ONLY_D2,2,0,0,0
11613,wc-failed,GBP,2025-06-27 23:15:41,110.00,APPROVED_FOR_IMPORT,,EMAIL_ONLY_D2,2,0,0,0
11614,wc-completed,GBP,2025-06-27 23:16:19,115.00,APPROVED_FOR_IMPORT,,EMAIL_ONLY_D2,2,0,0,0
11615,wc-completed,GBP,2025-06-28 00:27:46,52.00,APPROVED_FOR_IMPORT,,EMAIL_ONLY_D2,2,0,0,0
11618,wc-completed,GBP,2025-06-28 06:10:39,31.00,PENDING_DECISION,D-3_unmapped_customer,UNMAPPED,1,0,0,1
11619,wc-completed,GBP,2025-06-28 07:54:10,60.00,APPROVED_FOR_IMPORT,,EMAIL_ONLY_D2,3,0,0,0
11621,wc-completed,GBP,2025-06-28 11:52:18,79.00,APPROVED_FOR_IMPORT,,EMAIL_ONLY_D2,3,0,0,0
11625,wc-completed,GBP,2025-06-28 12:59:47,35.00,APPROVED_FOR_IMPORT,,EMAIL_ONLY_D2,1,0,0,0
11626,wc-completed,GBP,2025-06-28 13:32:42,127.00,APPROVED_FOR_IMPORT,,EMAIL_ONLY_D2,7,0,0,0
11627,wc-completed,GBP,2025-06-28 14:19:29,42.00,APPROVED_FOR_IMPORT,,EMAIL_ONLY_D2,2,0,0,0
11628,wc-completed,GBP,2025-06-28 14:38:07,55.00,APPROVED_FOR_IMPORT,,ASSOCIATE_GID,2,0,0,0
11629,wc-completed,GBP,2025-06-28 15:35:57,60.99,APPROVED_FOR_IMPORT,,EMAIL_ONLY_D2,4,0,0,0
11632,wc-completed,GBP,2025-06-28 18:08:36,20.00,APPROVED_FOR_IMPORT,,EMAIL_ONLY_D2,1,0,0,0
11633,wc-completed,GBP,2025-06-28 19:02:38,98.00,APPROVED_FOR_IMPORT,,EMAIL_ONLY_D2,5,0,0,1
11635,wc-completed,GBP,2025-06-28 21:26:06,111.00,APPROVED_FOR_IMPORT,,ASSOCIATE_GID,3,0,0,0
11636,wc-completed,GBP,2025-06-28 22:37:29,82.00,APPROVED_FOR_IMPORT,,EMAIL_ONLY_D2,4,0,0,0
11637,wc-completed,GBP,2025-06-28 22:48:51,30.00,APPROVED_FOR_IMPORT,,EMAIL_ONLY_D2,1,0,0,0
11638,wc-completed,GBP,2025-06-28 23:01:40,62.00,APPROVED_FOR_IMPORT,,EMAIL_ONLY_D2,3,0,0,0
11640,wc-completed,GBP,2025-06-29 04:23:29,41.00,APPROVED_FOR_IMPORT,,EMAIL_ONLY_D2,2,0,0,0
11642,wc-completed,GBP,2025-06-29 10:26:31,70.00,APPROVED_FOR_IMPORT,,EMAIL_ONLY_D2,3,0,0,0
11644,wc-completed,GBP,2025-06-29 12:08:45,104.00,APPROVED_FOR_IMPORT,,ASSOCIATE_GID,6,0,0,0
11645,wc-completed,GBP,2025-06-29 13:37:15,61.00,APPROVED_FOR_IMPORT,,EMAIL_ONLY_D2,4,0,0,0
11646,wc-completed,GBP,2025-06-29 14:17:44,35.00,APPROVED_FOR_IMPORT,,EMAIL_ONLY_D2,1,0,0,0
11647,wc-completed,GBP,2025-06-29 14:51:41,46.00,APPROVED_FOR_IMPORT,,EMAIL_ONLY_D2,2,0,0,0
11648,wc-completed,GBP,2025-06-29 16:41:59,30.00,APPROVED_FOR_IMPORT,,EMAIL_ONLY_D2,1,0,0,0
11649,wc-completed,GBP,2025-06-29 17:36:07,75.00,APPROVED_FOR_IMPORT,,EMAIL_ONLY_D2,4,0,0,0
11650,wc-completed,GBP,2025-06-29 18:15:12,62.00,APPROVED_FOR_IMPORT,,EMAIL_ONLY_D2,2,0,0,0
11651,wc-failed,GBP,2025-06-29 23:52:46,23.00,APPROVED_FOR_IMPORT,,EMAIL_ONLY_D2,1,0,0,0
11653,wc-cancelled,GBP,2025-06-30 03:31:10,47.00,PENDING_DECISION,D-3_unmapped_customer,UNMAPPED,2,0,0,0
11654,wc-completed,GBP,2025-06-30 03:38:58,47.00,PENDING_DECISION,D-3_unmapped_customer,UNMAPPED,2,0,0,0
11655,wc-completed,GBP,2025-06-30 03:41:15,47.00,PENDING_DECISION,D-3_unmapped_customer,UNMAPPED,2,0,0,0
11657,wc-completed,GBP,2025-06-30 06:38:05,52.00,APPROVED_FOR_IMPORT,,EMAIL_ONLY_D2,2,0,0,0
11658,wc-completed,GBP,2025-06-30 08:51:00,20.00,APPROVED_FOR_IMPORT,,EMAIL_ONLY_D2,1,0,0,0
11659,wc-completed,GBP,2025-06-30 08:58:14,40.00,APPROVED_FOR_IMPORT,,EMAIL_ONLY_D2,2,0,0,0
11661,wc-completed,GBP,2025-06-30 09:29:24,25.00,APPROVED_FOR_IMPORT,,EMAIL_ONLY_D2,1,0,0,0
11662,wc-completed,GBP,2025-06-30 09:32:56,106.00,APPROVED_FOR_IMPORT,,EMAIL_ONLY_D2,5,0,0,0
11663,wc-completed,GBP,2025-06-30 10:02:01,43.00,APPROVED_FOR_IMPORT,,EMAIL_ONLY_D2,2,0,0,0
11664,wc-completed,GBP,2025-06-30 10:46:09,67.00,APPROVED_FOR_IMPORT,,EMAIL_ONLY_D2,3,0,0,0
11665,wc-completed,GBP,2025-06-30 10:49:08,63.00,APPROVED_FOR_IMPORT,,EMAIL_ONLY_D2,3,0,0,0
11666,wc-completed,GBP,2025-06-30 11:04:35,41.00,APPROVED_FOR_IMPORT,,EMAIL_ONLY_D2,1,0,0,0
11667,wc-completed,GBP,2025-06-30 11:48:31,43.00,APPROVED_FOR_IMPORT,,EMAIL_ONLY_D2,1,0,0,0
11668,wc-completed,GBP,2025-06-30 12:26:18,129.00,APPROVED_FOR_IMPORT,,ASSOCIATE_GID,5,0,0,0
11669,wc-cancelled,GBP,2025-06-30 12:31:53,24.00,PENDING_DECISION,D-3_unmapped_customer,UNMAPPED,1,0,0,0
11670,wc-completed,GBP,2025-06-30 12:32:13,39.00,PENDING_DECISION,D-3_unmapped_customer,UNMAPPED,2,0,0,0
11671,wc-completed,GBP,2025-06-30 12:50:34,50.00,APPROVED_FOR_IMPORT,,EMAIL_ONLY_D2,2,0,0,0
11673,wc-failed,GBP,2025-06-30 13:59:25,25.00,APPROVED_FOR_IMPORT,,EMAIL_ONLY_D2,1,0,0,0
11674,wc-completed,GBP,2025-06-30 14:06:18,25.00,APPROVED_FOR_IMPORT,,EMAIL_ONLY_D2,1,0,0,0
11675,wc-completed,GBP,2025-06-30 15:29:41,60.00,PENDING_DECISION,D-3_unmapped_customer,UNMAPPED,3,0,0,0
11676,wc-completed,GBP,2025-06-30 15:34:12,62.00,APPROVED_FOR_IMPORT,,EMAIL_ONLY_D2,3,0,0,0
11677,wc-completed,GBP,2025-06-30 15:36:40,127.00,APPROVED_FOR_IMPORT,,EMAIL_ONLY_D2,4,0,0,0
11680,wc-completed,GBP,2025-06-30 17:24:30,47.00,PENDING_DECISION,D-3_unmapped_customer,UNMAPPED,2,0,0,0
11684,wc-completed,GBP,2025-06-30 22:28:11,106.00,APPROVED_FOR_IMPORT,,EMAIL_ONLY_D2,3,0,0,0
11685,wc-completed,GBP,2025-06-30 23:23:06,60.00,APPROVED_FOR_IMPORT,,EMAIL_ONLY_D2,3,0,0,0
11687,wc-completed,GBP,2025-07-01 04:28:50,30.00,APPROVED_FOR_IMPORT,,EMAIL_ONLY_D2,1,0,0,0
11690,wc-completed,GBP,2025-07-01 10:25:32,24.00,APPROVED_FOR_IMPORT,,EMAIL_ONLY_D2,1,0,0,0
11691,wc-completed,GBP,2025-07-01 10:49:52,62.00,APPROVED_FOR_IMPORT,,ASSOCIATE_GID,3,0,0,0
11695,wc-completed,GBP,2025-07-01 12:07:25,39.00,APPROVED_FOR_IMPORT,,EMAIL_ONLY_D2,2,0,0,0
11697,wc-completed,GBP,2025-07-01 13:31:11,92.00,APPROVED_FOR_IMPORT,,EMAIL_ONLY_D2,5,0,0,0
11699,wc-completed,GBP,2025-07-01 13:38:59,47.00,APPROVED_FOR_IMPORT,,EMAIL_ONLY_D2,2,0,0,0
11700,wc-failed,GBP,2025-07-01 13:39:16,47.00,APPROVED_FOR_IMPORT,,EMAIL_ONLY_D2,2,0,0,0
11701,wc-completed,GBP,2025-07-01 13:42:08,47.00,APPROVED_FOR_IMPORT,,EMAIL_ONLY_D2,2,0,0,0
11702,wc-completed,GBP,2025-07-01 15:52:16,60.00,APPROVED_FOR_IMPORT,,EMAIL_ONLY_D2,3,0,0,0
11704,wc-completed,GBP,2025-07-01 16:06:39,38.00,APPROVED_FOR_IMPORT,,EMAIL_ONLY_D2,2,0,0,0
11707,wc-completed,GBP,2025-07-01 17:16:16,59.00,APPROVED_FOR_IMPORT,,EMAIL_ONLY_D2,2,0,0,0
11708,wc-completed,GBP,2025-07-01 17:56:05,174.00,APPROVED_FOR_IMPORT,,EMAIL_ONLY_D2,10,0,0,0
11709,wc-completed,GBP,2025-07-01 18:29:02,60.00,APPROVED_FOR_IMPORT,,EMAIL_ONLY_D2,3,0,0,0
11710,wc-completed,GBP,2025-07-01 18:40:56,50.00,APPROVED_FOR_IMPORT,,EMAIL_ONLY_D2,2,0,0,0
11711,wc-completed,GBP,2025-07-01 19:16:29,25.00,APPROVED_FOR_IMPORT,,EMAIL_ONLY_D2,1,0,0,0
11712,wc-failed,GBP,2025-07-01 19:45:24,118.00,APPROVED_FOR_IMPORT,,EMAIL_ONLY_D2,6,0,0,0
11718,wc-completed,GBP,2025-07-01 22:52:00,48.00,APPROVED_FOR_IMPORT,,EMAIL_ONLY_D2,2,0,0,0
11722,wc-completed,GBP,2025-07-02 12:40:15,61.00,APPROVED_FOR_IMPORT,,EMAIL_ONLY_D2,3,0,0,0
11723,wc-completed,GBP,2025-07-02 12:47:43,47.00,APPROVED_FOR_IMPORT,,EMAIL_ONLY_D2,2,0,0,0
11728,wc-completed,GBP,2025-07-02 17:07:07,47.00,APPROVED_FOR_IMPORT,,EMAIL_ONLY_D2,2,0,0,0
11729,wc-cancelled,GBP,2025-07-02 18:33:19,76.00,APPROVED_FOR_IMPORT,,ASSOCIATE_GID,4,0,0,0
11730,wc-completed,GBP,2025-07-02 19:07:32,63.00,APPROVED_FOR_IMPORT,,EMAIL_ONLY_D2,2,0,0,0
11731,wc-completed,GBP,2025-07-02 19:36:25,20.00,APPROVED_FOR_IMPORT,,EMAIL_ONLY_D2,1,0,0,0
11732,wc-cancelled,GBP,2025-07-02 20:42:08,76.00,APPROVED_FOR_IMPORT,,ASSOCIATE_GID,4,0,0,0
11733,wc-completed,GBP,2025-07-02 22:27:57,77.00,APPROVED_FOR_IMPORT,,EMAIL_ONLY_D2,3,0,0,0
11734,wc-completed,GBP,2025-07-02 23:12:49,23.00,APPROVED_FOR_IMPORT,,EMAIL_ONLY_D2,1,0,0,0
11736,wc-completed,GBP,2025-07-03 09:30:56,20.00,APPROVED_FOR_IMPORT,,EMAIL_ONLY_D2,1,0,0,0
11737,wc-completed,GBP,2025-07-03 09:58:55,63.00,APPROVED_FOR_IMPORT,,EMAIL_ONLY_D2,3,0,0,0
11738,wc-completed,GBP,2025-07-03 10:09:34,25.00,APPROVED_FOR_IMPORT,,EMAIL_ONLY_D2,1,0,0,0
11739,wc-completed,GBP,2025-07-03 11:18:48,42.00,APPROVED_FOR_IMPORT,,EMAIL_ONLY_D2,2,0,0,0
11740,wc-completed,GBP,2025-07-03 12:14:52,62.00,APPROVED_FOR_IMPORT,,EMAIL_ONLY_D2,3,0,0,0
11741,wc-completed,GBP,2025-07-03 12:16:11,60.00,APPROVED_FOR_IMPORT,,EMAIL_ONLY_D2,3,0,0,0
11743,wc-completed,GBP,2025-07-03 14:42:59,56.00,APPROVED_FOR_IMPORT,,ASSOCIATE_GID,3,0,0,0
11744,wc-completed,GBP,2025-07-03 15:38:27,66.00,APPROVED_FOR_IMPORT,,EMAIL_ONLY_D2,3,0,0,0
11745,wc-completed,GBP,2025-07-03 16:43:01,113.00,APPROVED_FOR_IMPORT,,EMAIL_ONLY_D2,6,0,0,0
11746,wc-completed,GBP,2025-07-03 17:56:01,25.00,APPROVED_FOR_IMPORT,,EMAIL_ONLY_D2,1,0,0,0
11747,wc-completed,GBP,2025-07-03 19:36:36,92.00,APPROVED_FOR_IMPORT,,EMAIL_ONLY_D2,3,0,0,0
11748,wc-completed,GBP,2025-07-03 20:32:05,31.00,APPROVED_FOR_IMPORT,,EMAIL_ONLY_D2,1,0,0,0
11749,wc-completed,GBP,2025-07-03 20:47:38,64.00,APPROVED_FOR_IMPORT,,EMAIL_ONLY_D2,3,0,0,0
11751,wc-completed,GBP,2025-07-03 22:51:01,39.00,APPROVED_FOR_IMPORT,,EMAIL_ONLY_D2,2,0,0,0
11752,wc-completed,GBP,2025-07-04 00:21:32,139.00,APPROVED_FOR_IMPORT,,EMAIL_ONLY_D2,7,0,0,0
11753,wc-completed,GBP,2025-07-04 00:46:45,36.00,APPROVED_FOR_IMPORT,,EMAIL_ONLY_D2,2,0,0,0
11754,wc-completed,GBP,2025-07-04 03:12:42,112.00,APPROVED_FOR_IMPORT,,EMAIL_ONLY_D2,6,0,0,0
11756,wc-completed,GBP,2025-07-04 08:52:39,85.00,APPROVED_FOR_IMPORT,,EMAIL_ONLY_D2,4,0,0,0
11758,wc-completed,GBP,2025-07-04 09:03:12,76.00,APPROVED_FOR_IMPORT,,EMAIL_ONLY_D2,4,0,0,0
11759,wc-completed,GBP,2025-07-04 11:22:19,50.00,APPROVED_FOR_IMPORT,,EMAIL_ONLY_D2,2,0,0,0
11761,wc-failed,GBP,2025-07-04 11:42:58,61.00,APPROVED_FOR_IMPORT,,EMAIL_ONLY_D2,3,0,0,0
11762,wc-completed,GBP,2025-07-04 12:01:55,25.00,PENDING_DECISION,D-3_unmapped_customer,UNMAPPED,1,0,0,0
11763,wc-completed,GBP,2025-07-04 12:35:40,73.00,APPROVED_FOR_IMPORT,,ASSOCIATE_GID,4,0,0,0
11764,wc-completed,GBP,2025-07-04 12:47:52,31.00,APPROVED_FOR_IMPORT,,EMAIL_ONLY_D2,1,0,0,0
11766,wc-completed,GBP,2025-07-04 15:02:10,60.99,APPROVED_FOR_IMPORT,,EMAIL_ONLY_D2,4,0,0,0
11767,wc-completed,GBP,2025-07-04 18:03:09,45.00,APPROVED_FOR_IMPORT,,EMAIL_ONLY_D2,1,0,0,0
11768,wc-completed,GBP,2025-07-04 18:39:07,59.00,APPROVED_FOR_IMPORT,,EMAIL_ONLY_D2,3,0,0,0
11769,wc-completed,GBP,2025-07-04 19:57:09,23.00,APPROVED_FOR_IMPORT,,EMAIL_ONLY_D2,1,0,0,0
11771,wc-completed,GBP,2025-07-04 20:15:17,24.00,APPROVED_FOR_IMPORT,,EMAIL_ONLY_D2,1,0,0,0
11773,wc-completed,GBP,2025-07-04 20:43:23,36.00,APPROVED_FOR_IMPORT,,EMAIL_ONLY_D2,2,0,0,0
11775,wc-failed,GBP,2025-07-04 21:04:26,38.00,APPROVED_FOR_IMPORT,,EMAIL_ONLY_D2,2,0,0,0
11776,wc-completed,GBP,2025-07-04 21:07:09,38.00,APPROVED_FOR_IMPORT,,EMAIL_ONLY_D2,2,0,0,0
11777,wc-completed,GBP,2025-07-04 21:26:30,55.00,APPROVED_FOR_IMPORT,,EMAIL_ONLY_D2,2,0,0,0
11779,wc-completed,GBP,2025-07-05 00:25:11,95.00,APPROVED_FOR_IMPORT,,ASSOCIATE_GID,5,0,0,0
11780,wc-failed,GBP,2025-07-05 01:48:41,93.00,APPROVED_FOR_IMPORT,,ASSOCIATE_GID,4,0,0,0
11781,wc-completed,GBP,2025-07-05 02:49:00,93.00,APPROVED_FOR_IMPORT,,ASSOCIATE_GID,4,0,0,0
11782,wc-completed,GBP,2025-07-05 05:44:33,89.00,APPROVED_FOR_IMPORT,,EMAIL_ONLY_D2,4,0,0,0
11783,wc-completed,GBP,2025-07-05 08:15:53,51.00,APPROVED_FOR_IMPORT,,EMAIL_ONLY_D2,2,0,0,0
11784,wc-completed,GBP,2025-07-05 08:40:28,31.00,APPROVED_FOR_IMPORT,,EMAIL_ONLY_D2,1,0,0,0
11785,wc-completed,GBP,2025-07-05 09:06:29,20.00,APPROVED_FOR_IMPORT,,EMAIL_ONLY_D2,1,0,0,0
11787,wc-completed,GBP,2025-07-05 11:13:34,39.00,APPROVED_FOR_IMPORT,,EMAIL_ONLY_D2,2,0,0,0
11788,wc-completed,GBP,2025-07-05 11:18:36,89.00,APPROVED_FOR_IMPORT,,EMAIL_ONLY_D2,3,0,0,0
11789,wc-completed,GBP,2025-07-05 11:47:10,78.98,APPROVED_FOR_IMPORT,,EMAIL_ONLY_D2,4,0,0,0
11790,wc-completed,GBP,2025-07-05 12:14:26,68.00,APPROVED_FOR_IMPORT,,EMAIL_ONLY_D2,4,0,0,0
11791,wc-completed,GBP,2025-07-05 12:36:20,23.00,APPROVED_FOR_IMPORT,,ASSOCIATE_GID,1,0,0,0
11792,wc-completed,GBP,2025-07-05 14:26:43,43.00,APPROVED_FOR_IMPORT,,ASSOCIATE_GID,2,0,0,0
11793,wc-completed,GBP,2025-07-05 14:27:15,59.99,APPROVED_FOR_IMPORT,,ASSOCIATE_GID,2,0,0,0
11794,wc-completed,GBP,2025-07-05 18:35:08,76.00,APPROVED_FOR_IMPORT,,EMAIL_ONLY_D2,3,0,0,0
11796,wc-completed,GBP,2025-07-05 20:36:15,25.00,APPROVED_FOR_IMPORT,,EMAIL_ONLY_D2,1,0,0,0
11797,wc-completed,GBP,2025-07-05 21:58:11,25.00,APPROVED_FOR_IMPORT,,ASSOCIATE_GID,1,0,0,0
11798,wc-completed,GBP,2025-07-05 22:45:43,60.00,APPROVED_FOR_IMPORT,,EMAIL_ONLY_D2,3,0,0,0
11801,wc-completed,GBP,2025-07-06 11:10:11,61.00,APPROVED_FOR_IMPORT,,EMAIL_ONLY_D2,2,0,0,0
11802,wc-completed,GBP,2025-07-06 16:59:15,23.00,APPROVED_FOR_IMPORT,,EMAIL_ONLY_D2,1,0,0,0
11803,wc-completed,GBP,2025-07-06 17:15:32,32.00,APPROVED_FOR_IMPORT,,EMAIL_ONLY_D2,1,0,0,0
11804,wc-refunded,GBP,2025-07-08 16:37:34,43.00,APPROVED_FOR_IMPORT,,EMAIL_ONLY_D2,2,0,0,1
11805,wc-completed,GBP,2025-07-08 17:04:39,41.00,APPROVED_FOR_IMPORT,,ASSOCIATE_GID,2,0,0,0
11806,wc-completed,GBP,2025-07-08 17:46:43,23.00,APPROVED_FOR_IMPORT,,EMAIL_ONLY_D2,2,1,0,0
11808,wc-completed,GBP,2025-07-08 19:36:06,30.00,APPROVED_FOR_IMPORT,,EMAIL_ONLY_D2,1,0,0,0
11809,wc-failed,GBP,2025-07-08 20:05:45,52.00,APPROVED_FOR_IMPORT,,EMAIL_ONLY_D2,2,0,0,0
11810,wc-completed,GBP,2025-07-08 20:10:51,52.00,APPROVED_FOR_IMPORT,,EMAIL_ONLY_D2,2,0,0,0
11811,wc-completed,GBP,2025-07-08 20:51:15,68.00,APPROVED_FOR_IMPORT,,EMAIL_ONLY_D2,2,0,0,0
11814,wc-completed,GBP,2025-07-09 01:28:39,53.00,APPROVED_FOR_IMPORT,,ASSOCIATE_GID,3,0,0,0
11816,wc-completed,GBP,2025-07-09 04:46:32,64.00,APPROVED_FOR_IMPORT,,EMAIL_ONLY_D2,3,0,0,0
11818,wc-completed,GBP,2025-07-09 08:33:56,20.00,APPROVED_FOR_IMPORT,,EMAIL_ONLY_D2,1,0,0,0
11819,wc-completed,GBP,2025-07-09 09:23:56,19.00,APPROVED_FOR_IMPORT,,ASSOCIATE_GID,1,0,0,0
11821,wc-completed,GBP,2025-07-09 09:55:49,27.00,APPROVED_FOR_IMPORT,,EMAIL_ONLY_D2,1,0,0,0
11822,wc-completed,GBP,2025-07-09 10:22:20,25.00,APPROVED_FOR_IMPORT,,EMAIL_ONLY_D2,1,0,0,0
11826,wc-completed,GBP,2025-07-09 11:10:30,49.99,APPROVED_FOR_IMPORT,,ASSOCIATE_GID,2,0,0,0
11827,wc-completed,GBP,2025-07-09 12:03:36,152.00,PENDING_DECISION,D-3_unmapped_customer,UNMAPPED,2,2,0,0
11828,wc-completed,GBP,2025-07-09 12:07:19,147.00,PENDING_DECISION,D-3_unmapped_customer,UNMAPPED,2,2,0,0
11829,wc-completed,GBP,2025-07-09 12:07:57,152.00,PENDING_DECISION,D-3_unmapped_customer,UNMAPPED,2,2,0,0
11830,wc-completed,GBP,2025-07-09 14:57:55,27.00,APPROVED_FOR_IMPORT,,EMAIL_ONLY_D2,1,0,0,0
11831,wc-completed,GBP,2025-07-09 15:35:36,150.00,APPROVED_FOR_IMPORT,,EMAIL_ONLY_D2,1,1,0,0
11832,wc-completed,GBP,2025-07-09 19:57:46,25.00,APPROVED_FOR_IMPORT,,EMAIL_ONLY_D2,1,0,0,0
11833,wc-completed,GBP,2025-07-09 20:25:25,104.00,APPROVED_FOR_IMPORT,,EMAIL_ONLY_D2,3,0,0,0
11834,wc-completed,GBP,2025-07-09 21:01:03,45.00,APPROVED_FOR_IMPORT,,EMAIL_ONLY_D2,2,0,0,0
11835,wc-completed,GBP,2025-07-09 22:13:55,65.99,APPROVED_FOR_IMPORT,,EMAIL_ONLY_D2,5,0,0,0
11836,wc-completed,GBP,2025-07-10 03:21:11,53.00,APPROVED_FOR_IMPORT,,EMAIL_ONLY_D2,2,0,0,0
11837,wc-completed,GBP,2025-07-10 06:06:07,42.00,APPROVED_FOR_IMPORT,,EMAIL_ONLY_D2,2,0,0,0
11839,wc-completed,GBP,2025-07-10 07:57:16,21.00,APPROVED_FOR_IMPORT,,EMAIL_ONLY_D2,1,0,0,0
11840,wc-completed,GBP,2025-07-10 08:06:29,57.00,APPROVED_FOR_IMPORT,,EMAIL_ONLY_D2,2,0,0,0
11841,wc-completed,GBP,2025-07-10 08:15:46,63.00,APPROVED_FOR_IMPORT,,EMAIL_ONLY_D2,3,0,0,1
11843,wc-completed,GBP,2025-07-10 12:52:37,102.99,APPROVED_FOR_IMPORT,,EMAIL_ONLY_D2,6,0,0,0
11844,wc-completed,GBP,2025-07-10 13:29:00,139.00,APPROVED_FOR_IMPORT,,EMAIL_ONLY_D2,3,0,0,0
11846,wc-failed,GBP,2025-07-10 16:30:03,27.00,APPROVED_FOR_IMPORT,,EMAIL_ONLY_D2,1,0,0,0
11847,wc-failed,GBP,2025-07-10 16:31:59,27.00,APPROVED_FOR_IMPORT,,EMAIL_ONLY_D2,1,0,0,0
11848,wc-completed,GBP,2025-07-10 16:33:45,27.00,APPROVED_FOR_IMPORT,,EMAIL_ONLY_D2,1,0,0,0
11849,wc-completed,GBP,2025-07-10 17:43:42,36.99,APPROVED_FOR_IMPORT,,EMAIL_ONLY_D2,2,0,0,0
11850,wc-completed,GBP,2025-07-10 17:43:44,52.00,APPROVED_FOR_IMPORT,,EMAIL_ONLY_D2,2,0,0,0
11851,wc-completed,GBP,2025-07-10 17:47:47,67.00,APPROVED_FOR_IMPORT,,EMAIL_ONLY_D2,3,0,0,0
11852,wc-completed,GBP,2025-07-10 18:58:35,23.00,APPROVED_FOR_IMPORT,,EMAIL_ONLY_D2,1,0,0,0
11853,wc-completed,GBP,2025-07-10 19:17:38,45.00,APPROVED_FOR_IMPORT,,EMAIL_ONLY_D2,2,0,0,0
11854,wc-completed,GBP,2025-07-10 19:35:21,15.00,APPROVED_FOR_IMPORT,,ASSOCIATE_GID,1,0,0,0
11855,wc-completed,GBP,2025-07-10 19:40:32,99.99,APPROVED_FOR_IMPORT,,EMAIL_ONLY_D2,5,0,0,0
11856,wc-completed,GBP,2025-07-10 20:49:55,25.00,APPROVED_FOR_IMPORT,,EMAIL_ONLY_D2,1,0,0,0
11857,wc-completed,GBP,2025-07-10 21:37:02,64.00,APPROVED_FOR_IMPORT,,EMAIL_ONLY_D2,3,0,0,0
11858,wc-completed,GBP,2025-07-11 00:57:07,54.00,APPROVED_FOR_IMPORT,,EMAIL_ONLY_D2,4,1,1,0
11859,wc-completed,GBP,2025-07-11 02:35:21,97.00,APPROVED_FOR_IMPORT,,EMAIL_ONLY_D2,5,0,0,0
11861,wc-completed,GBP,2025-07-11 05:17:00,27.00,APPROVED_FOR_IMPORT,,EMAIL_ONLY_D2,1,0,0,0
11863,wc-failed,GBP,2025-07-11 07:49:15,55.00,APPROVED_FOR_IMPORT,,EMAIL_ONLY_D2,3,0,0,0
11864,wc-completed,GBP,2025-07-11 07:50:17,55.00,APPROVED_FOR_IMPORT,,EMAIL_ONLY_D2,3,0,0,0
11866,wc-completed,GBP,2025-07-11 09:21:36,52.00,APPROVED_FOR_IMPORT,,EMAIL_ONLY_D2,2,0,0,0
11873,wc-completed,GBP,2025-07-11 10:53:55,27.99,APPROVED_FOR_IMPORT,,EMAIL_ONLY_D2,2,0,0,0
11878,wc-completed,GBP,2025-07-11 13:33:50,48.00,APPROVED_FOR_IMPORT,,EMAIL_ONLY_D2,2,0,0,0
11879,wc-completed,GBP,2025-07-11 14:09:28,42.00,APPROVED_FOR_IMPORT,,EMAIL_ONLY_D2,2,0,0,0
11880,wc-completed,GBP,2025-07-11 14:22:58,63.00,APPROVED_FOR_IMPORT,,EMAIL_ONLY_D2,2,0,0,0
11881,wc-completed,GBP,2025-07-11 14:24:59,25.00,APPROVED_FOR_IMPORT,,EMAIL_ONLY_D2,1,0,0,0
11882,wc-completed,GBP,2025-07-11 14:42:35,39.00,APPROVED_FOR_IMPORT,,ASSOCIATE_GID,2,0,0,0
11885,wc-cancelled,GBP,2025-07-11 16:43:05,109.00,APPROVED_FOR_IMPORT,,ASSOCIATE_GID,4,1,0,0
11886,wc-cancelled,GBP,2025-07-11 16:44:23,104.00,APPROVED_FOR_IMPORT,,ASSOCIATE_GID,4,1,0,0
11887,wc-completed,GBP,2025-07-11 17:13:43,125.00,APPROVED_FOR_IMPORT,,EMAIL_ONLY_D2,6,0,0,0
11888,wc-completed,GBP,2025-07-11 17:27:10,69.00,APPROVED_FOR_IMPORT,,EMAIL_ONLY_D2,4,0,0,0
11889,wc-completed,GBP,2025-07-11 18:46:48,53.00,APPROVED_FOR_IMPORT,,EMAIL_ONLY_D2,3,0,0,0
11890,wc-completed,GBP,2025-07-11 19:19:19,109.00,APPROVED_FOR_IMPORT,,ASSOCIATE_GID,4,1,0,0
11891,wc-completed,GBP,2025-07-11 20:31:09,46.99,APPROVED_FOR_IMPORT,,EMAIL_ONLY_D2,3,0,0,0
11894,wc-completed,GBP,2025-07-11 22:08:48,41.00,PENDING_DECISION,D-3_unmapped_customer,UNMAPPED,1,0,0,0
11895,wc-completed,GBP,2025-07-11 22:28:48,49.00,APPROVED_FOR_IMPORT,,EMAIL_ONLY_D2,3,0,0,0
11896,wc-completed,GBP,2025-07-11 22:41:17,45.00,APPROVED_FOR_IMPORT,,EMAIL_ONLY_D2,2,0,0,0
11900,wc-completed,GBP,2025-07-11 23:13:38,97.00,APPROVED_FOR_IMPORT,,EMAIL_ONLY_D2,4,0,0,0
11906,wc-completed,GBP,2025-07-12 00:54:34,48.00,APPROVED_FOR_IMPORT,,EMAIL_ONLY_D2,2,0,0,0
11907,wc-completed,GBP,2025-07-12 01:04:35,29.00,APPROVED_FOR_IMPORT,,EMAIL_ONLY_D2,1,0,0,0
11908,wc-completed,GBP,2025-07-12 03:18:36,98.00,APPROVED_FOR_IMPORT,,EMAIL_ONLY_D2,6,0,0,0
11909,wc-completed,GBP,2025-07-12 03:43:03,78.00,APPROVED_FOR_IMPORT,,EMAIL_ONLY_D2,3,0,0,0
11912,wc-completed,GBP,2025-07-12 08:24:58,21.00,APPROVED_FOR_IMPORT,,EMAIL_ONLY_D2,1,0,0,0
11913,wc-completed,GBP,2025-07-12 08:39:45,45.00,APPROVED_FOR_IMPORT,,EMAIL_ONLY_D2,2,1,0,0
11914,wc-completed,GBP,2025-07-12 08:48:25,144.00,APPROVED_FOR_IMPORT,,EMAIL_ONLY_D2,7,0,0,0
11915,wc-completed,GBP,2025-07-12 08:57:43,45.00,APPROVED_FOR_IMPORT,,EMAIL_ONLY_D2,2,0,0,0
11916,wc-completed,GBP,2025-07-12 09:53:20,54.00,APPROVED_FOR_IMPORT,,EMAIL_ONLY_D2,2,0,0,0
11917,wc-completed,GBP,2025-07-12 11:32:54,29.00,APPROVED_FOR_IMPORT,,EMAIL_ONLY_D2,1,0,0,0
11918,wc-completed,GBP,2025-07-12 13:32:38,61.00,APPROVED_FOR_IMPORT,,ASSOCIATE_GID,2,0,0,0
11919,wc-completed,GBP,2025-07-12 14:03:22,134.00,APPROVED_FOR_IMPORT,,ASSOCIATE_GID,7,0,0,1
11920,wc-completed,GBP,2025-07-12 15:46:00,35.00,APPROVED_FOR_IMPORT,,EMAIL_ONLY_D2,1,0,0,0
11921,wc-cancelled,GBP,2025-07-12 15:53:19,136.00,APPROVED_FOR_IMPORT,,ASSOCIATE_GID,7,0,0,0
11924,wc-completed,GBP,2025-07-12 18:01:37,38.00,APPROVED_FOR_IMPORT,,EMAIL_ONLY_D2,2,0,0,0
11925,wc-completed,GBP,2025-07-12 19:55:23,45.00,APPROVED_FOR_IMPORT,,ASSOCIATE_GID,2,0,0,0
11926,wc-cancelled,GBP,2025-07-12 20:15:50,29.00,APPROVED_FOR_IMPORT,,ASSOCIATE_GID,3,0,0,0
11927,wc-completed,GBP,2025-07-12 21:15:09,62.00,APPROVED_FOR_IMPORT,,EMAIL_ONLY_D2,3,0,0,0
12734,wc-completed,GBP,2025-07-12 23:36:20,46.00,PENDING_DECISION,D-3_unmapped_customer,UNMAPPED,2,0,0,0
12736,wc-completed,GBP,2025-07-13 00:06:49,32.00,APPROVED_FOR_IMPORT,,EMAIL_ONLY_D2,1,0,0,0
12737,wc-completed,GBP,2025-07-13 01:17:10,43.00,APPROVED_FOR_IMPORT,,EMAIL_ONLY_D2,2,0,0,0
12738,wc-completed,GBP,2025-07-13 03:49:17,22.00,APPROVED_FOR_IMPORT,,EMAIL_ONLY_D2,1,0,0,0
12739,wc-completed,GBP,2025-07-13 08:28:13,38.00,APPROVED_FOR_IMPORT,,EMAIL_ONLY_D2,2,0,0,0
12742,wc-completed,GBP,2025-07-13 12:33:17,124.00,APPROVED_FOR_IMPORT,,EMAIL_ONLY_D2,7,0,0,0
12743,wc-completed,GBP,2025-07-13 12:54:06,65.00,APPROVED_FOR_IMPORT,,EMAIL_ONLY_D2,2,0,0,0
12744,wc-failed,GBP,2025-07-13 12:55:09,65.00,APPROVED_FOR_IMPORT,,EMAIL_ONLY_D2,2,0,0,0
12747,wc-completed,GBP,2025-07-13 15:46:57,37.00,APPROVED_FOR_IMPORT,,EMAIL_ONLY_D2,1,0,0,0
12748,wc-cancelled,GBP,2025-07-13 16:01:06,117.00,APPROVED_FOR_IMPORT,,ASSOCIATE_GID,6,0,0,0
12749,wc-cancelled,GBP,2025-07-13 16:02:06,117.00,APPROVED_FOR_IMPORT,,ASSOCIATE_GID,6,0,0,0
12750,wc-failed,GBP,2025-07-13 16:03:02,117.00,APPROVED_FOR_IMPORT,,ASSOCIATE_GID,6,0,0,0
12751,wc-completed,GBP,2025-07-13 16:04:02,117.00,APPROVED_FOR_IMPORT,,ASSOCIATE_GID,6,0,0,0
12752,wc-completed,GBP,2025-07-13 16:37:34,21.00,APPROVED_FOR_IMPORT,,ASSOCIATE_GID,1,0,0,0
12753,wc-completed,GBP,2025-07-13 18:22:35,30.00,APPROVED_FOR_IMPORT,,EMAIL_ONLY_D2,1,0,0,0
12754,wc-completed,GBP,2025-07-13 19:09:58,59.00,APPROVED_FOR_IMPORT,,EMAIL_ONLY_D2,2,0,0,0
12756,wc-completed,GBP,2025-07-13 19:40:50,50.00,APPROVED_FOR_IMPORT,,EMAIL_ONLY_D2,2,0,0,0
12757,wc-failed,GBP,2025-07-13 19:41:49,50.00,APPROVED_FOR_IMPORT,,EMAIL_ONLY_D2,2,0,0,0
12758,wc-completed,GBP,2025-07-13 20:16:51,57.99,APPROVED_FOR_IMPORT,,EMAIL_ONLY_D2,4,0,0,0
12761,wc-completed,GBP,2025-07-13 21:06:08,25.00,APPROVED_FOR_IMPORT,,ASSOCIATE_GID,1,0,0,0
12762,wc-completed,GBP,2025-07-13 21:12:49,57.00,APPROVED_FOR_IMPORT,,ASSOCIATE_GID,2,0,0,0
12763,wc-failed,GBP,2025-07-13 21:13:07,93.00,APPROVED_FOR_IMPORT,,EMAIL_ONLY_D2,5,0,0,0
12764,wc-completed,GBP,2025-07-13 21:14:07,93.00,APPROVED_FOR_IMPORT,,EMAIL_ONLY_D2,5,0,0,0
12765,wc-completed,GBP,2025-07-13 22:23:12,45.00,APPROVED_FOR_IMPORT,,EMAIL_ONLY_D2,1,0,0,0
12766,wc-failed,GBP,2025-07-13 22:24:12,45.00,APPROVED_FOR_IMPORT,,EMAIL_ONLY_D2,1,0,0,0
12767,wc-failed,GBP,2025-07-13 22:25:22,85.00,APPROVED_FOR_IMPORT,,EMAIL_ONLY_D2,4,0,0,0
12768,wc-completed,GBP,2025-07-13 22:26:20,85.00,APPROVED_FOR_IMPORT,,EMAIL_ONLY_D2,4,0,0,0
12769,wc-refunded,GBP,2025-07-13 22:33:29,42.00,APPROVED_FOR_IMPORT,,EMAIL_ONLY_D2,2,0,0,1
12770,wc-completed,GBP,2025-07-13 22:33:57,80.00,APPROVED_FOR_IMPORT,,EMAIL_ONLY_D2,2,0,0,0
12771,wc-completed,GBP,2025-07-13 22:34:29,42.00,APPROVED_FOR_IMPORT,,EMAIL_ONLY_D2,2,0,0,0
12772,wc-completed,GBP,2025-07-13 23:27:12,25.00,APPROVED_FOR_IMPORT,,EMAIL_ONLY_D2,1,0,0,0
12773,wc-completed,GBP,2025-07-13 23:27:55,25.00,APPROVED_FOR_IMPORT,,EMAIL_ONLY_D2,1,0,0,0
12774,wc-failed,GBP,2025-07-13 23:28:54,25.00,APPROVED_FOR_IMPORT,,EMAIL_ONLY_D2,1,0,0,0
12775,wc-completed,GBP,2025-07-14 02:32:05,51.00,APPROVED_FOR_IMPORT,,EMAIL_ONLY_D2,3,0,0,0
12778,wc-completed,GBP,2025-07-14 04:29:04,46.00,APPROVED_FOR_IMPORT,,EMAIL_ONLY_D2,2,0,0,0
12779,wc-failed,GBP,2025-07-14 07:59:16,72.00,APPROVED_FOR_IMPORT,,EMAIL_ONLY_D2,4,0,0,0
12780,wc-completed,GBP,2025-07-14 08:01:45,77.00,APPROVED_FOR_IMPORT,,EMAIL_ONLY_D2,4,0,0,0
12781,wc-failed,GBP,2025-07-14 08:05:20,77.00,APPROVED_FOR_IMPORT,,EMAIL_ONLY_D2,4,0,0,0
12782,wc-completed,GBP,2025-07-14 09:07:43,25.00,APPROVED_FOR_IMPORT,,ASSOCIATE_GID,1,0,0,0
12783,wc-failed,GBP,2025-07-14 09:38:29,56.99,APPROVED_FOR_IMPORT,,EMAIL_ONLY_D2,4,0,0,0
12784,wc-failed,GBP,2025-07-14 09:39:29,56.99,APPROVED_FOR_IMPORT,,EMAIL_ONLY_D2,4,0,0,0
12785,wc-completed,GBP,2025-07-14 10:28:43,56.99,APPROVED_FOR_IMPORT,,EMAIL_ONLY_D2,4,0,0,0
12787,wc-completed,GBP,2025-07-14 12:10:21,46.00,APPROVED_FOR_IMPORT,,EMAIL_ONLY_D2,2,0,0,0
12789,wc-completed,GBP,2025-07-14 12:36:52,51.00,APPROVED_FOR_IMPORT,,EMAIL_ONLY_D2,2,0,0,0
12790,wc-completed,GBP,2025-07-14 13:04:59,42.00,APPROVED_FOR_IMPORT,,EMAIL_ONLY_D2,2,0,0,0
12792,wc-failed,GBP,2025-07-14 15:37:33,35.00,APPROVED_FOR_IMPORT,,EMAIL_ONLY_D2,1,0,0,0
12793,wc-completed,GBP,2025-07-14 15:39:32,35.00,APPROVED_FOR_IMPORT,,EMAIL_ONLY_D2,1,0,0,0
12794,wc-completed,GBP,2025-07-14 15:57:16,45.00,APPROVED_FOR_IMPORT,,EMAIL_ONLY_D2,1,0,0,0
12795,wc-completed,GBP,2025-07-14 16:08:01,136.00,APPROVED_FOR_IMPORT,,EMAIL_ONLY_D2,6,0,0,0
12796,wc-completed,GBP,2025-07-14 17:13:42,43.00,APPROVED_FOR_IMPORT,,EMAIL_ONLY_D2,2,0,0,0
12797,wc-completed,GBP,2025-07-14 18:31:25,45.00,APPROVED_FOR_IMPORT,,EMAIL_ONLY_D2,1,0,0,0
12798,wc-completed,GBP,2025-07-14 19:30:18,63.00,APPROVED_FOR_IMPORT,,EMAIL_ONLY_D2,3,0,0,0
12801,wc-completed,GBP,2025-07-14 21:23:59,27.00,APPROVED_FOR_IMPORT,,EMAIL_ONLY_D2,1,0,0,0
12803,wc-completed,GBP,2025-07-14 21:59:09,38.00,APPROVED_FOR_IMPORT,,EMAIL_ONLY_D2,3,0,0,0
12807,wc-completed,GBP,2025-07-14 22:46:18,42.00,APPROVED_FOR_IMPORT,,EMAIL_ONLY_D2,3,0,0,0
12809,wc-completed,GBP,2025-07-14 23:58:14,17.00,APPROVED_FOR_IMPORT,,EMAIL_ONLY_D2,1,0,0,0
12810,wc-completed,GBP,2025-07-15 00:08:59,62.00,APPROVED_FOR_IMPORT,,EMAIL_ONLY_D2,2,0,0,0
12811,wc-completed,GBP,2025-07-15 00:22:01,58.00,APPROVED_FOR_IMPORT,,EMAIL_ONLY_D2,2,0,0,0
12812,wc-completed,GBP,2025-07-15 05:26:38,95.00,APPROVED_FOR_IMPORT,,EMAIL_ONLY_D2,5,0,0,0
12813,wc-completed,GBP,2025-07-15 06:28:22,43.00,APPROVED_FOR_IMPORT,,ASSOCIATE_GID,2,0,0,0
12814,wc-completed,GBP,2025-07-15 07:57:50,65.00,APPROVED_FOR_IMPORT,,EMAIL_ONLY_D2,2,0,0,0
12815,wc-completed,GBP,2025-07-15 08:39:15,23.00,APPROVED_FOR_IMPORT,,EMAIL_ONLY_D2,1,0,0,0
12818,wc-cancelled,GBP,2025-07-15 12:18:25,185.00,PENDING_DECISION,D-3_unmapped_customer,UNMAPPED,1,0,0,0
12819,wc-completed,GBP,2025-07-15 12:19:09,63.00,APPROVED_FOR_IMPORT,,EMAIL_ONLY_D2,3,0,0,0
12820,wc-completed,GBP,2025-07-15 14:55:50,185.00,PENDING_DECISION,D-3_unmapped_customer,UNMAPPED,1,0,0,0
12822,wc-completed,GBP,2025-07-15 18:25:15,55.00,APPROVED_FOR_IMPORT,,ASSOCIATE_GID,1,0,0,0
12823,wc-completed,GBP,2025-07-15 20:18:27,41.00,APPROVED_FOR_IMPORT,,EMAIL_ONLY_D2,2,0,0,0
12825,wc-completed,GBP,2025-07-15 21:01:30,40.00,APPROVED_FOR_IMPORT,,EMAIL_ONLY_D2,2,0,0,0
12827,wc-completed,GBP,2025-07-15 21:47:28,25.00,APPROVED_FOR_IMPORT,,EMAIL_ONLY_D2,1,0,0,0
12828,wc-completed,GBP,2025-07-15 23:22:24,45.00,APPROVED_FOR_IMPORT,,EMAIL_ONLY_D2,2,0,0,0
12829,wc-completed,GBP,2025-07-16 00:47:31,35.00,APPROVED_FOR_IMPORT,,ASSOCIATE_GID,1,0,0,0
12830,wc-completed,GBP,2025-07-16 02:01:44,25.00,APPROVED_FOR_IMPORT,,EMAIL_ONLY_D2,1,0,0,0
12832,wc-completed,GBP,2025-07-16 05:27:01,82.00,APPROVED_FOR_IMPORT,,EMAIL_ONLY_D2,6,0,0,0
12833,wc-completed,GBP,2025-07-16 07:16:30,55.00,APPROVED_FOR_IMPORT,,ASSOCIATE_GID,3,0,0,0
12835,wc-completed,GBP,2025-07-16 09:33:16,59.00,APPROVED_FOR_IMPORT,,EMAIL_ONLY_D2,3,0,0,0
12836,wc-failed,GBP,2025-07-16 09:37:16,17.00,APPROVED_FOR_IMPORT,,EMAIL_ONLY_D2,1,0,0,0
12837,wc-completed,GBP,2025-07-16 09:37:38,17.00,APPROVED_FOR_IMPORT,,EMAIL_ONLY_D2,1,0,0,0
12840,wc-completed,GBP,2025-07-16 10:39:46,45.00,APPROVED_FOR_IMPORT,,ASSOCIATE_GID,1,0,0,0
12841,wc-completed,GBP,2025-07-16 11:56:45,114.00,APPROVED_FOR_IMPORT,,EMAIL_ONLY_D2,6,0,0,0
12844,wc-cancelled,GBP,2025-07-16 15:53:33,47.00,APPROVED_FOR_IMPORT,,ASSOCIATE_GID,2,0,0,0
12845,wc-completed,GBP,2025-07-16 15:55:35,47.00,APPROVED_FOR_IMPORT,,ASSOCIATE_GID,2,0,0,0
12846,wc-completed,GBP,2025-07-16 16:15:26,44.00,APPROVED_FOR_IMPORT,,EMAIL_ONLY_D2,2,0,0,0
12848,wc-completed,GBP,2025-07-16 18:32:19,115.00,PENDING_DECISION,D-3_unmapped_customer,UNMAPPED,2,0,0,0
12851,wc-completed,GBP,2025-07-16 23:08:14,46.00,APPROVED_FOR_IMPORT,,EMAIL_ONLY_D2,3,0,0,0
12853,wc-completed,GBP,2025-07-17 00:39:37,47.00,APPROVED_FOR_IMPORT,,EMAIL_ONLY_D2,2,0,0,0
12855,wc-completed,GBP,2025-07-17 05:20:40,42.00,APPROVED_FOR_IMPORT,,EMAIL_ONLY_D2,1,0,0,0
12856,wc-completed,GBP,2025-07-17 08:20:00,60.00,APPROVED_FOR_IMPORT,,EMAIL_ONLY_D2,2,0,0,0
12857,wc-failed,GBP,2025-07-17 09:25:17,62.00,APPROVED_FOR_IMPORT,,EMAIL_ONLY_D2,2,0,0,0
12858,wc-completed,GBP,2025-07-17 09:26:25,67.00,APPROVED_FOR_IMPORT,,EMAIL_ONLY_D2,2,0,0,0
12859,wc-completed,GBP,2025-07-17 11:07:24,21.00,APPROVED_FOR_IMPORT,,EMAIL_ONLY_D2,1,0,0,0
12860,wc-completed,GBP,2025-07-17 12:50:23,45.00,APPROVED_FOR_IMPORT,,EMAIL_ONLY_D2,2,0,0,0
12861,wc-completed,GBP,2025-07-17 13:03:27,47.00,APPROVED_FOR_IMPORT,,ASSOCIATE_GID,2,0,0,0
12862,wc-completed,GBP,2025-07-17 13:14:50,69.00,APPROVED_FOR_IMPORT,,ASSOCIATE_GID,4,0,0,0
12865,wc-completed,GBP,2025-07-17 15:10:29,52.00,APPROVED_FOR_IMPORT,,EMAIL_ONLY_D2,2,0,0,0
12866,wc-completed,GBP,2025-07-17 16:51:26,37.00,APPROVED_FOR_IMPORT,,EMAIL_ONLY_D2,2,0,0,0
12867,wc-completed,GBP,2025-07-17 17:05:26,62.00,APPROVED_FOR_IMPORT,,ASSOCIATE_GID,2,0,0,0
12868,wc-completed,GBP,2025-07-17 18:02:09,29.00,APPROVED_FOR_IMPORT,,EMAIL_ONLY_D2,1,0,0,0
12869,wc-completed,GBP,2025-07-17 18:02:51,65.99,APPROVED_FOR_IMPORT,,ASSOCIATE_GID,2,0,0,0
12871,wc-completed,GBP,2025-07-17 21:24:23,32.00,APPROVED_FOR_IMPORT,,ASSOCIATE_GID,2,0,0,0
12872,wc-completed,GBP,2025-07-17 21:38:13,83.00,APPROVED_FOR_IMPORT,,ASSOCIATE_GID,5,0,0,0
12874,wc-completed,GBP,2025-07-17 22:15:18,23.00,APPROVED_FOR_IMPORT,,EMAIL_ONLY_D2,2,0,0,0
12875,wc-completed,GBP,2025-07-17 22:47:12,29.00,APPROVED_FOR_IMPORT,,EMAIL_ONLY_D2,1,0,0,0
12876,wc-completed,GBP,2025-07-17 22:56:03,42.00,APPROVED_FOR_IMPORT,,EMAIL_ONLY_D2,3,0,0,0
12878,wc-failed,GBP,2025-07-18 03:27:02,121.00,APPROVED_FOR_IMPORT,,EMAIL_ONLY_D2,5,0,0,0
12879,wc-completed,GBP,2025-07-18 06:40:36,72.00,APPROVED_FOR_IMPORT,,EMAIL_ONLY_D2,3,0,0,0
12880,wc-completed,GBP,2025-07-18 07:31:52,50.00,APPROVED_FOR_IMPORT,,EMAIL_ONLY_D2,2,0,0,0
12881,wc-completed,GBP,2025-07-18 07:56:31,12.00,APPROVED_FOR_IMPORT,,EMAIL_ONLY_D2,2,0,0,0
12882,wc-completed,GBP,2025-07-18 08:16:55,41.00,APPROVED_FOR_IMPORT,,EMAIL_ONLY_D2,3,0,0,0
12884,wc-completed,GBP,2025-07-18 09:10:04,47.00,APPROVED_FOR_IMPORT,,EMAIL_ONLY_D2,2,0,0,0
12885,wc-completed,GBP,2025-07-18 09:12:07,94.00,APPROVED_FOR_IMPORT,,ASSOCIATE_GID,5,0,0,0
12886,wc-completed,GBP,2025-07-18 10:12:44,59.00,APPROVED_FOR_IMPORT,,EMAIL_ONLY_D2,3,0,0,0
12887,wc-completed,GBP,2025-07-18 10:56:04,61.98,APPROVED_FOR_IMPORT,,EMAIL_ONLY_D2,3,0,0,0
12888,wc-completed,GBP,2025-07-18 12:44:49,104.00,APPROVED_FOR_IMPORT,,ASSOCIATE_GID,4,0,0,0
12889,wc-completed,GBP,2025-07-18 13:49:48,59.00,APPROVED_FOR_IMPORT,,EMAIL_ONLY_D2,1,0,0,0
12890,wc-completed,GBP,2025-07-18 14:45:09,25.00,APPROVED_FOR_IMPORT,,EMAIL_ONLY_D2,1,0,0,0
12891,wc-cancelled,GBP,2025-07-18 14:58:43,35.00,APPROVED_FOR_IMPORT,,ASSOCIATE_GID,1,0,0,0
12892,wc-completed,GBP,2025-07-18 14:59:08,35.00,APPROVED_FOR_IMPORT,,ASSOCIATE_GID,1,0,0,0
12894,wc-completed,GBP,2025-07-18 16:29:47,43.00,APPROVED_FOR_IMPORT,,ASSOCIATE_GID,2,0,0,0
12895,wc-completed,GBP,2025-07-18 17:07:53,35.00,APPROVED_FOR_IMPORT,,ASSOCIATE_GID,1,0,0,0
12897,wc-completed,GBP,2025-07-18 21:01:34,45.00,APPROVED_FOR_IMPORT,,EMAIL_ONLY_D2,2,0,0,0
12898,wc-completed,GBP,2025-07-18 21:16:18,121.98,APPROVED_FOR_IMPORT,,EMAIL_ONLY_D2,6,0,0,0
12899,wc-failed,GBP,2025-07-18 21:16:38,126.00,APPROVED_FOR_IMPORT,,EMAIL_ONLY_D2,5,0,0,0
12900,wc-failed,GBP,2025-07-18 21:28:38,121.00,APPROVED_FOR_IMPORT,,EMAIL_ONLY_D2,5,0,0,0
12901,wc-completed,GBP,2025-07-18 21:31:42,111.00,APPROVED_FOR_IMPORT,,EMAIL_ONLY_D2,4,0,0,0
12902,wc-failed,GBP,2025-07-18 23:08:28,25.00,APPROVED_FOR_IMPORT,,EMAIL_ONLY_D2,1,0,0,0
12903,wc-completed,GBP,2025-07-18 23:09:03,25.00,APPROVED_FOR_IMPORT,,EMAIL_ONLY_D2,1,0,0,0
12904,wc-failed,GBP,2025-07-19 07:15:46,32.00,APPROVED_FOR_IMPORT,,EMAIL_ONLY_D2,1,0,0,0
12905,wc-completed,GBP,2025-07-19 08:19:49,23.00,APPROVED_FOR_IMPORT,,EMAIL_ONLY_D2,1,0,0,0
12906,wc-completed,GBP,2025-07-19 08:27:26,69.00,APPROVED_FOR_IMPORT,,EMAIL_ONLY_D2,4,0,0,0
12907,wc-completed,GBP,2025-07-19 10:33:37,19.00,APPROVED_FOR_IMPORT,,EMAIL_ONLY_D2,1,0,0,0
12910,wc-completed,GBP,2025-07-19 13:48:00,23.00,APPROVED_FOR_IMPORT,,EMAIL_ONLY_D2,1,0,0,0
12911,wc-completed,GBP,2025-07-19 14:36:07,41.00,APPROVED_FOR_IMPORT,,EMAIL_ONLY_D2,2,0,0,0
12912,wc-completed,GBP,2025-07-19 17:41:40,84.00,APPROVED_FOR_IMPORT,,ASSOCIATE_GID,3,0,0,0
12913,wc-completed,GBP,2025-07-19 18:47:14,56.00,APPROVED_FOR_IMPORT,,EMAIL_ONLY_D2,3,0,0,0
12914,wc-completed,GBP,2025-07-19 19:46:12,47.00,APPROVED_FOR_IMPORT,,EMAIL_ONLY_D2,2,0,0,0
12915,wc-completed,GBP,2025-07-19 22:21:33,90.00,APPROVED_FOR_IMPORT,,EMAIL_ONLY_D2,5,1,0,0
12916,wc-completed,GBP,2025-07-19 22:47:58,47.00,APPROVED_FOR_IMPORT,,EMAIL_ONLY_D2,2,0,0,0
12918,wc-completed,GBP,2025-07-19 23:03:22,107.00,APPROVED_FOR_IMPORT,,EMAIL_ONLY_D2,2,0,0,0
12923,wc-completed,GBP,2025-07-20 07:55:43,25.00,APPROVED_FOR_IMPORT,,EMAIL_ONLY_D2,1,0,0,0
12924,wc-completed,GBP,2025-07-20 07:57:35,37.00,APPROVED_FOR_IMPORT,,EMAIL_ONLY_D2,1,0,0,0
12925,wc-failed,GBP,2025-07-20 09:49:18,43.00,APPROVED_FOR_IMPORT,,ASSOCIATE_GID,3,0,0,0
12926,wc-completed,GBP,2025-07-20 09:50:58,43.00,APPROVED_FOR_IMPORT,,ASSOCIATE_GID,3,0,0,0
12927,wc-completed,GBP,2025-07-20 14:36:58,25.00,APPROVED_FOR_IMPORT,,EMAIL_ONLY_D2,1,0,0,0
12928,wc-completed,GBP,2025-07-20 15:13:51,23.00,APPROVED_FOR_IMPORT,,EMAIL_ONLY_D2,1,0,0,0
12929,wc-completed,GBP,2025-07-20 16:08:09,66.00,APPROVED_FOR_IMPORT,,EMAIL_ONLY_D2,3,0,0,0
12931,wc-completed,GBP,2025-07-20 17:31:07,32.00,APPROVED_FOR_IMPORT,,EMAIL_ONLY_D2,1,0,0,0
12932,wc-completed,GBP,2025-07-20 19:08:17,96.00,APPROVED_FOR_IMPORT,,EMAIL_ONLY_D2,5,0,0,0
12935,wc-completed,GBP,2025-07-20 20:30:08,178.99,APPROVED_FOR_IMPORT,,ASSOCIATE_GID,5,0,0,0
12936,wc-completed,GBP,2025-07-20 20:49:04,44.00,APPROVED_FOR_IMPORT,,EMAIL_ONLY_D2,4,1,0,0
12937,wc-completed,GBP,2025-07-20 21:27:18,49.00,APPROVED_FOR_IMPORT,,EMAIL_ONLY_D2,1,0,0,0
12939,wc-completed,GBP,2025-07-20 23:42:34,90.00,APPROVED_FOR_IMPORT,,EMAIL_ONLY_D2,1,0,0,0
12940,wc-completed,GBP,2025-07-21 08:35:46,20.00,APPROVED_FOR_IMPORT,,EMAIL_ONLY_D2,1,0,0,0
12941,wc-completed,GBP,2025-07-21 11:24:03,33.00,APPROVED_FOR_IMPORT,,EMAIL_ONLY_D2,2,0,0,0
12944,wc-completed,GBP,2025-07-21 16:51:29,63.00,APPROVED_FOR_IMPORT,,EMAIL_ONLY_D2,3,0,0,0
12945,wc-completed,GBP,2025-07-21 16:51:36,53.00,APPROVED_FOR_IMPORT,,EMAIL_ONLY_D2,3,0,0,0
12947,wc-completed,GBP,2025-07-21 17:37:09,63.00,APPROVED_FOR_IMPORT,,ASSOCIATE_GID,2,0,0,0
12949,wc-completed,GBP,2025-07-21 20:00:25,30.00,APPROVED_FOR_IMPORT,,EMAIL_ONLY_D2,1,0,0,0
12950,wc-completed,GBP,2025-07-21 20:03:14,43.00,APPROVED_FOR_IMPORT,,EMAIL_ONLY_D2,2,0,0,0
12951,wc-completed,GBP,2025-07-21 20:54:30,45.00,APPROVED_FOR_IMPORT,,EMAIL_ONLY_D2,2,0,0,0
12953,wc-completed,GBP,2025-07-21 21:21:22,60.00,APPROVED_FOR_IMPORT,,EMAIL_ONLY_D2,1,0,0,0
12954,wc-completed,GBP,2025-07-21 22:25:57,63.00,APPROVED_FOR_IMPORT,,EMAIL_ONLY_D2,4,0,0,0
12955,wc-completed,GBP,2025-07-21 22:33:03,37.00,APPROVED_FOR_IMPORT,,EMAIL_ONLY_D2,2,0,0,0
12957,wc-completed,GBP,2025-07-22 05:18:02,43.00,APPROVED_FOR_IMPORT,,EMAIL_ONLY_D2,2,0,0,0
12958,wc-completed,GBP,2025-07-22 05:45:31,21.00,APPROVED_FOR_IMPORT,,EMAIL_ONLY_D2,1,0,0,0
12959,wc-completed,GBP,2025-07-22 05:50:24,18.00,APPROVED_FOR_IMPORT,,EMAIL_ONLY_D2,1,0,0,0
12960,wc-completed,GBP,2025-07-22 09:25:30,62.99,APPROVED_FOR_IMPORT,,EMAIL_ONLY_D2,5,0,0,0
12961,wc-completed,GBP,2025-07-22 09:28:04,71.00,APPROVED_FOR_IMPORT,,EMAIL_ONLY_D2,3,0,0,0
12962,wc-completed,GBP,2025-07-22 10:53:20,21.00,PENDING_DECISION,D-3_unmapped_customer,UNMAPPED,1,0,0,0
12966,wc-completed,GBP,2025-07-22 11:23:40,64.99,APPROVED_FOR_IMPORT,,EMAIL_ONLY_D2,4,0,0,0
12968,wc-completed,GBP,2025-07-22 12:47:03,70.99,APPROVED_FOR_IMPORT,,EMAIL_ONLY_D2,5,0,0,0
12969,wc-completed,GBP,2025-07-22 13:27:42,25.00,APPROVED_FOR_IMPORT,,EMAIL_ONLY_D2,2,0,0,0
12970,wc-completed,GBP,2025-07-22 16:33:52,29.00,APPROVED_FOR_IMPORT,,EMAIL_ONLY_D2,3,1,1,0
12971,wc-completed,GBP,2025-07-22 16:43:17,52.00,APPROVED_FOR_IMPORT,,EMAIL_ONLY_D2,2,0,0,0
12972,wc-completed,GBP,2025-07-22 17:24:56,19.00,APPROVED_FOR_IMPORT,,EMAIL_ONLY_D2,1,0,0,0
12973,wc-completed,GBP,2025-07-22 20:21:11,60.00,APPROVED_FOR_IMPORT,,EMAIL_ONLY_D2,3,0,0,0
12974,wc-completed,GBP,2025-07-22 21:50:26,47.00,APPROVED_FOR_IMPORT,,EMAIL_ONLY_D2,2,0,0,0
12975,wc-completed,GBP,2025-07-22 22:00:14,97.00,APPROVED_FOR_IMPORT,,EMAIL_ONLY_D2,4,0,0,0
12982,wc-completed,GBP,2025-07-22 23:01:11,35.00,APPROVED_FOR_IMPORT,,EMAIL_ONLY_D2,1,0,0,0
12983,wc-completed,GBP,2025-07-22 23:03:35,47.00,APPROVED_FOR_IMPORT,,EMAIL_ONLY_D2,2,0,0,0
12984,wc-completed,GBP,2025-07-22 23:40:51,22.00,APPROVED_FOR_IMPORT,,EMAIL_ONLY_D2,1,0,0,0
12985,wc-completed,GBP,2025-07-23 06:38:49,29.00,APPROVED_FOR_IMPORT,,EMAIL_ONLY_D2,1,0,0,0
12986,wc-completed,GBP,2025-07-23 08:13:09,47.00,APPROVED_FOR_IMPORT,,EMAIL_ONLY_D2,4,0,0,0
12987,wc-completed,GBP,2025-07-23 09:52:06,39.00,APPROVED_FOR_IMPORT,,EMAIL_ONLY_D2,2,0,0,0
12988,wc-completed,GBP,2025-07-23 10:37:23,23.00,APPROVED_FOR_IMPORT,,EMAIL_ONLY_D2,1,0,0,0
12990,wc-completed,GBP,2025-07-23 11:52:36,60.00,APPROVED_FOR_IMPORT,,EMAIL_ONLY_D2,1,0,0,0
12991,wc-completed,GBP,2025-07-23 11:57:59,47.00,APPROVED_FOR_IMPORT,,EMAIL_ONLY_D2,2,0,0,0
12992,wc-completed,GBP,2025-07-23 13:35:37,66.00,APPROVED_FOR_IMPORT,,EMAIL_ONLY_D2,1,0,0,0
12993,wc-completed,GBP,2025-07-23 13:41:10,65.00,APPROVED_FOR_IMPORT,,EMAIL_ONLY_D2,3,0,0,0
12994,wc-completed,GBP,2025-07-23 14:22:14,47.00,APPROVED_FOR_IMPORT,,EMAIL_ONLY_D2,2,0,0,0
12995,wc-completed,GBP,2025-07-23 15:30:09,22.00,APPROVED_FOR_IMPORT,,EMAIL_ONLY_D2,1,0,0,0
12996,wc-completed,GBP,2025-07-23 16:59:54,157.98,APPROVED_FOR_IMPORT,,EMAIL_ONLY_D2,10,0,0,0
12997,wc-completed,GBP,2025-07-23 17:23:53,52.00,APPROVED_FOR_IMPORT,,EMAIL_ONLY_D2,2,0,0,0
12998,wc-completed,GBP,2025-07-23 17:41:36,21.00,APPROVED_FOR_IMPORT,,EMAIL_ONLY_D2,1,0,0,0
12999,wc-completed,GBP,2025-07-23 19:05:43,80.00,APPROVED_FOR_IMPORT,,ASSOCIATE_GID,4,0,0,0
13000,wc-completed,GBP,2025-07-23 19:59:57,61.00,APPROVED_FOR_IMPORT,,EMAIL_ONLY_D2,2,0,0,0
13001,wc-completed,GBP,2025-07-23 20:10:38,78.00,APPROVED_FOR_IMPORT,,EMAIL_ONLY_D2,4,0,0,0
13002,wc-completed,GBP,2025-07-23 22:01:49,20.00,APPROVED_FOR_IMPORT,,EMAIL_ONLY_D2,1,0,0,0
13003,wc-completed,GBP,2025-07-23 22:51:54,65.99,APPROVED_FOR_IMPORT,,EMAIL_ONLY_D2,2,0,0,0
13004,wc-refunded,GBP,2025-07-24 05:03:43,172.00,APPROVED_FOR_IMPORT,,ASSOCIATE_GID,7,0,0,1
13005,wc-completed,GBP,2025-07-24 06:07:55,237.00,APPROVED_FOR_IMPORT,,EMAIL_ONLY_D2,8,0,0,0
13006,wc-completed,GBP,2025-07-24 08:07:01,70.00,APPROVED_FOR_IMPORT,,EMAIL_ONLY_D2,3,0,0,0
13007,wc-failed,GBP,2025-07-24 08:09:38,27.00,APPROVED_FOR_IMPORT,,EMAIL_ONLY_D2,1,0,0,0
13008,wc-completed,GBP,2025-07-24 08:11:06,27.00,APPROVED_FOR_IMPORT,,EMAIL_ONLY_D2,1,0,0,0
13009,wc-completed,GBP,2025-07-24 08:46:59,43.00,APPROVED_FOR_IMPORT,,EMAIL_ONLY_D2,2,0,0,0
13010,wc-completed,GBP,2025-07-24 09:04:59,114.00,APPROVED_FOR_IMPORT,,EMAIL_ONLY_D2,6,0,0,0
13011,wc-completed,GBP,2025-07-24 10:32:29,63.98,APPROVED_FOR_IMPORT,,EMAIL_ONLY_D2,2,0,0,0
13012,wc-completed,GBP,2025-07-24 12:57:24,33.00,APPROVED_FOR_IMPORT,,ASSOCIATE_GID,3,0,0,0
13013,wc-completed,GBP,2025-07-24 13:02:53,84.00,APPROVED_FOR_IMPORT,,EMAIL_ONLY_D2,3,0,0,0
13014,wc-completed,GBP,2025-07-24 16:13:55,33.00,APPROVED_FOR_IMPORT,,EMAIL_ONLY_D2,2,0,0,0
13015,wc-completed,GBP,2025-07-24 16:18:15,25.00,APPROVED_FOR_IMPORT,,EMAIL_ONLY_D2,1,0,0,0
13016,wc-completed,GBP,2025-07-24 17:42:19,103.95,APPROVED_FOR_IMPORT,,EMAIL_ONLY_D2,9,0,0,0
13017,wc-completed,GBP,2025-07-24 17:53:58,30.00,APPROVED_FOR_IMPORT,,EMAIL_ONLY_D2,1,0,0,0
13018,wc-completed,GBP,2025-07-24 18:03:05,82.00,APPROVED_FOR_IMPORT,,EMAIL_ONLY_D2,4,0,0,0
13019,wc-completed,GBP,2025-07-24 18:15:41,101.99,APPROVED_FOR_IMPORT,,EMAIL_ONLY_D2,4,0,0,0
13020,wc-completed,GBP,2025-07-24 19:24:13,27.00,APPROVED_FOR_IMPORT,,EMAIL_ONLY_D2,1,0,0,0
13022,wc-completed,GBP,2025-07-24 20:40:30,45.00,APPROVED_FOR_IMPORT,,EMAIL_ONLY_D2,1,0,0,0
13023,wc-completed,GBP,2025-07-24 22:21:19,21.99,APPROVED_FOR_IMPORT,,EMAIL_ONLY_D2,1,0,0,0
13024,wc-completed,GBP,2025-07-24 22:30:09,55.00,APPROVED_FOR_IMPORT,,EMAIL_ONLY_D2,2,0,0,0
13025,wc-completed,GBP,2025-07-24 23:04:59,27.00,APPROVED_FOR_IMPORT,,EMAIL_ONLY_D2,1,0,0,0
13026,wc-completed,GBP,2025-07-24 23:31:23,68.00,APPROVED_FOR_IMPORT,,EMAIL_ONLY_D2,1,0,0,0
13027,wc-completed,GBP,2025-07-24 23:45:22,45.00,APPROVED_FOR_IMPORT,,EMAIL_ONLY_D2,2,0,0,0
13029,wc-completed,GBP,2025-07-25 00:42:56,20.00,APPROVED_FOR_IMPORT,,ASSOCIATE_GID,1,0,0,0
13030,wc-completed,GBP,2025-07-25 00:48:25,25.00,APPROVED_FOR_IMPORT,,EMAIL_ONLY_D2,1,0,0,0
13031,wc-completed,GBP,2025-07-25 05:16:38,72.00,APPROVED_FOR_IMPORT,,EMAIL_ONLY_D2,3,0,0,0
13032,wc-cancelled,GBP,2025-07-25 05:27:22,93.00,APPROVED_FOR_IMPORT,,ASSOCIATE_GID,4,0,0,0
13033,wc-cancelled,GBP,2025-07-25 05:30:15,88.00,APPROVED_FOR_IMPORT,,ASSOCIATE_GID,4,0,0,0
13034,wc-completed,GBP,2025-07-25 05:36:14,88.00,APPROVED_FOR_IMPORT,,ASSOCIATE_GID,4,0,0,0
13035,wc-completed,GBP,2025-07-25 05:43:22,67.00,APPROVED_FOR_IMPORT,,ASSOCIATE_GID,2,0,0,0
13036,wc-completed,GBP,2025-07-25 06:15:06,63.00,APPROVED_FOR_IMPORT,,EMAIL_ONLY_D2,3,0,0,0
13037,wc-completed,GBP,2025-07-25 06:26:08,25.00,APPROVED_FOR_IMPORT,,EMAIL_ONLY_D2,1,0,0,0
13038,wc-completed,GBP,2025-07-25 07:49:29,45.00,APPROVED_FOR_IMPORT,,EMAIL_ONLY_D2,2,0,0,0
13039,wc-completed,GBP,2025-07-25 08:12:40,45.00,APPROVED_FOR_IMPORT,,ASSOCIATE_GID,2,0,0,0
13042,wc-failed,GBP,2025-07-25 08:31:23,55.00,APPROVED_FOR_IMPORT,,EMAIL_ONLY_D2,2,0,0,0
13043,wc-completed,GBP,2025-07-25 08:32:19,55.00,APPROVED_FOR_IMPORT,,EMAIL_ONLY_D2,2,0,0,0
13044,wc-completed,GBP,2025-07-25 08:50:40,33.99,APPROVED_FOR_IMPORT,,ASSOCIATE_GID,2,0,0,0
13045,wc-completed,GBP,2025-07-25 09:58:02,47.00,APPROVED_FOR_IMPORT,,EMAIL_ONLY_D2,2,0,0,0
13047,wc-completed,GBP,2025-07-25 10:46:23,150.99,APPROVED_FOR_IMPORT,,EMAIL_ONLY_D2,6,0,0,0
13048,wc-completed,GBP,2025-07-25 10:47:42,39.00,PENDING_DECISION,D-3_unmapped_customer,UNMAPPED,1,0,0,0
13049,wc-completed,GBP,2025-07-25 11:22:33,88.00,APPROVED_FOR_IMPORT,,EMAIL_ONLY_D2,5,0,0,0
13050,wc-completed,GBP,2025-07-25 11:30:30,23.00,APPROVED_FOR_IMPORT,,EMAIL_ONLY_D2,1,0,0,0
13051,wc-completed,GBP,2025-07-25 14:48:03,81.00,APPROVED_FOR_IMPORT,,EMAIL_ONLY_D2,4,0,0,0
13052,wc-completed,GBP,2025-07-25 15:29:53,37.00,APPROVED_FOR_IMPORT,,EMAIL_ONLY_D2,2,0,0,0
13053,wc-completed,GBP,2025-07-25 15:52:46,36.00,APPROVED_FOR_IMPORT,,EMAIL_ONLY_D2,2,0,0,0
13054,wc-completed,GBP,2025-07-25 16:01:27,23.00,APPROVED_FOR_IMPORT,,EMAIL_ONLY_D2,1,0,0,0
13055,wc-completed,GBP,2025-07-25 16:40:09,40.00,APPROVED_FOR_IMPORT,,EMAIL_ONLY_D2,2,0,0,0
13056,wc-completed,GBP,2025-07-25 17:01:27,127.00,APPROVED_FOR_IMPORT,,ASSOCIATE_GID,7,0,0,0
13057,wc-completed,GBP,2025-07-25 17:16:01,65.00,APPROVED_FOR_IMPORT,,EMAIL_ONLY_D2,2,0,0,0
13058,wc-completed,GBP,2025-07-25 17:41:16,77.00,APPROVED_FOR_IMPORT,,EMAIL_ONLY_D2,4,0,0,0
13059,wc-completed,GBP,2025-07-25 19:20:07,43.00,APPROVED_FOR_IMPORT,,EMAIL_ONLY_D2,2,0,0,0
13060,wc-completed,GBP,2025-07-25 19:46:43,87.00,APPROVED_FOR_IMPORT,,EMAIL_ONLY_D2,4,0,0,0
13061,wc-completed,GBP,2025-07-25 23:07:50,45.99,APPROVED_FOR_IMPORT,,EMAIL_ONLY_D2,3,0,0,0
13063,wc-failed,GBP,2025-07-26 12:14:32,25.00,APPROVED_FOR_IMPORT,,EMAIL_ONLY_D2,1,0,0,0
13064,wc-completed,GBP,2025-07-26 12:15:07,25.00,APPROVED_FOR_IMPORT,,EMAIL_ONLY_D2,1,0,0,0
13065,wc-completed,GBP,2025-07-26 13:52:20,41.00,APPROVED_FOR_IMPORT,,EMAIL_ONLY_D2,2,0,0,0
13066,wc-completed,GBP,2025-07-26 16:02:43,20.00,APPROVED_FOR_IMPORT,,EMAIL_ONLY_D2,1,0,0,0
13067,wc-completed,GBP,2025-07-26 18:46:02,60.00,APPROVED_FOR_IMPORT,,EMAIL_ONLY_D2,1,0,0,0
13068,wc-completed,GBP,2025-07-26 22:36:45,61.00,APPROVED_FOR_IMPORT,,EMAIL_ONLY_D2,2,0,0,0
13069,wc-completed,GBP,2025-07-26 22:53:04,80.00,APPROVED_FOR_IMPORT,,EMAIL_ONLY_D2,3,0,0,0
13070,wc-completed,GBP,2025-07-26 22:56:16,56.00,APPROVED_FOR_IMPORT,,ASSOCIATE_GID,3,0,0,0
13071,wc-completed,GBP,2025-07-26 22:58:46,34.99,APPROVED_FOR_IMPORT,,EMAIL_ONLY_D2,2,0,0,0
13072,wc-completed,GBP,2025-07-26 22:59:36,16.00,APPROVED_FOR_IMPORT,,EMAIL_ONLY_D2,2,0,0,0
13073,wc-completed,GBP,2025-07-26 23:00:20,40.99,APPROVED_FOR_IMPORT,,ASSOCIATE_GID,1,0,0,0
13074,wc-completed,GBP,2025-07-27 00:31:53,22.00,APPROVED_FOR_IMPORT,,EMAIL_ONLY_D2,1,0,0,0
13075,wc-completed,GBP,2025-07-27 01:14:46,37.00,APPROVED_FOR_IMPORT,,EMAIL_ONLY_D2,2,0,0,0
13076,wc-completed,GBP,2025-07-27 12:05:28,59.00,APPROVED_FOR_IMPORT,,EMAIL_ONLY_D2,3,0,0,0
13078,wc-completed,GBP,2025-07-27 14:15:29,47.00,APPROVED_FOR_IMPORT,,ASSOCIATE_GID,2,0,0,0
13079,wc-completed,GBP,2025-07-27 15:31:18,30.00,APPROVED_FOR_IMPORT,,EMAIL_ONLY_D2,1,0,0,0
13080,wc-completed,GBP,2025-07-27 16:18:13,101.00,APPROVED_FOR_IMPORT,,EMAIL_ONLY_D2,6,0,0,0
13081,wc-completed,GBP,2025-07-27 17:30:53,27.00,APPROVED_FOR_IMPORT,,EMAIL_ONLY_D2,2,0,0,0
13082,wc-completed,GBP,2025-07-27 20:08:44,101.00,APPROVED_FOR_IMPORT,,EMAIL_ONLY_D2,5,0,0,0
13083,wc-completed,GBP,2025-07-27 22:18:00,100.00,APPROVED_FOR_IMPORT,,EMAIL_ONLY_D2,5,0,0,0
13084,wc-completed,GBP,2025-07-27 22:33:08,88.00,APPROVED_FOR_IMPORT,,EMAIL_ONLY_D2,4,0,0,0
13085,wc-completed,GBP,2025-07-27 22:49:11,41.00,APPROVED_FOR_IMPORT,,EMAIL_ONLY_D2,2,0,0,0
13086,wc-completed,GBP,2025-07-28 00:19:35,46.00,APPROVED_FOR_IMPORT,,EMAIL_ONLY_D2,2,0,0,0
13087,wc-completed,GBP,2025-07-28 03:00:55,44.98,APPROVED_FOR_IMPORT,,EMAIL_ONLY_D2,3,0,0,0
13088,wc-completed,GBP,2025-07-28 05:26:05,21.00,APPROVED_FOR_IMPORT,,EMAIL_ONLY_D2,1,0,0,0
13089,wc-completed,GBP,2025-07-28 05:50:26,27.00,APPROVED_FOR_IMPORT,,EMAIL_ONLY_D2,1,0,0,0
13090,wc-completed,GBP,2025-07-28 06:58:23,25.00,APPROVED_FOR_IMPORT,,EMAIL_ONLY_D2,1,0,0,0
13091,wc-completed,GBP,2025-07-28 07:08:28,71.00,APPROVED_FOR_IMPORT,,EMAIL_ONLY_D2,3,0,0,0
13092,wc-refunded,GBP,2025-07-28 11:04:02,27.00,APPROVED_FOR_IMPORT,,EMAIL_ONLY_D2,1,0,0,1
13094,wc-completed,GBP,2025-07-28 11:35:15,25.00,APPROVED_FOR_IMPORT,,EMAIL_ONLY_D2,1,0,0,0
13096,wc-completed,GBP,2025-07-28 11:58:44,105.00,APPROVED_FOR_IMPORT,,ASSOCIATE_GID,4,0,0,0
13098,wc-completed,GBP,2025-07-28 14:47:17,69.00,APPROVED_FOR_IMPORT,,ASSOCIATE_GID,3,0,0,0
13099,wc-completed,GBP,2025-07-28 15:38:22,23.00,APPROVED_FOR_IMPORT,,EMAIL_ONLY_D2,1,0,0,0
13100,wc-completed,GBP,2025-07-28 16:12:44,22.00,APPROVED_FOR_IMPORT,,EMAIL_ONLY_D2,1,0,0,0
13101,wc-completed,GBP,2025-07-28 17:23:04,23.00,APPROVED_FOR_IMPORT,,EMAIL_ONLY_D2,1,0,0,0
13102,wc-completed,GBP,2025-07-28 18:02:49,24.00,APPROVED_FOR_IMPORT,,EMAIL_ONLY_D2,2,0,0,0
13103,wc-completed,GBP,2025-07-28 18:13:48,35.00,APPROVED_FOR_IMPORT,,EMAIL_ONLY_D2,1,0,0,0
13104,wc-completed,GBP,2025-07-28 18:18:09,62.00,APPROVED_FOR_IMPORT,,EMAIL_ONLY_D2,2,0,0,0
13105,wc-completed,GBP,2025-07-28 19:44:37,21.00,APPROVED_FOR_IMPORT,,EMAIL_ONLY_D2,1,0,0,0
13106,wc-failed,GBP,2025-07-28 19:45:26,47.00,APPROVED_FOR_IMPORT,,EMAIL_ONLY_D2,2,0,0,0
13107,wc-completed,GBP,2025-07-28 19:45:52,47.00,APPROVED_FOR_IMPORT,,EMAIL_ONLY_D2,2,0,0,0
13108,wc-completed,GBP,2025-07-28 20:34:35,72.00,APPROVED_FOR_IMPORT,,EMAIL_ONLY_D2,4,0,0,0
13109,wc-completed,GBP,2025-07-28 20:35:39,37.00,APPROVED_FOR_IMPORT,,EMAIL_ONLY_D2,1,0,0,0
13110,wc-completed,GBP,2025-07-28 21:02:40,44.99,APPROVED_FOR_IMPORT,,EMAIL_ONLY_D2,3,0,0,0
13111,wc-completed,GBP,2025-07-28 23:19:31,65.00,APPROVED_FOR_IMPORT,,EMAIL_ONLY_D2,1,0,0,0
13112,wc-completed,GBP,2025-07-29 02:11:49,41.00,APPROVED_FOR_IMPORT,,EMAIL_ONLY_D2,2,0,0,0
13113,wc-completed,GBP,2025-07-29 04:23:11,55.00,APPROVED_FOR_IMPORT,,EMAIL_ONLY_D2,3,0,0,0
13114,wc-failed,GBP,2025-07-29 07:29:36,86.00,APPROVED_FOR_IMPORT,,EMAIL_ONLY_D2,6,0,0,0
13116,wc-completed,GBP,2025-07-29 09:50:46,22.00,APPROVED_FOR_IMPORT,,EMAIL_ONLY_D2,1,0,0,0
13117,wc-completed,GBP,2025-07-29 11:24:39,21.00,APPROVED_FOR_IMPORT,,EMAIL_ONLY_D2,1,0,0,0
13118,wc-completed,GBP,2025-07-29 15:01:23,59.00,APPROVED_FOR_IMPORT,,EMAIL_ONLY_D2,3,0,0,0
13119,wc-completed,GBP,2025-07-29 15:23:57,91.00,APPROVED_FOR_IMPORT,,ASSOCIATE_GID,4,0,0,0
13120,wc-completed,GBP,2025-07-29 17:57:55,40.00,APPROVED_FOR_IMPORT,,EMAIL_ONLY_D2,2,0,0,0
13121,wc-completed,GBP,2025-07-29 18:10:29,21.00,APPROVED_FOR_IMPORT,,EMAIL_ONLY_D2,1,0,0,0
13123,wc-completed,GBP,2025-07-29 19:35:12,75.00,APPROVED_FOR_IMPORT,,EMAIL_ONLY_D2,4,0,0,0
13124,wc-completed,GBP,2025-07-29 19:37:36,29.00,APPROVED_FOR_IMPORT,,ASSOCIATE_GID,2,0,0,0
13125,wc-completed,GBP,2025-07-29 20:00:53,58.00,APPROVED_FOR_IMPORT,,EMAIL_ONLY_D2,2,0,0,0
13126,wc-completed,GBP,2025-07-29 20:31:24,31.00,APPROVED_FOR_IMPORT,,EMAIL_ONLY_D2,1,0,0,0
13127,wc-completed,GBP,2025-07-29 21:22:10,52.00,APPROVED_FOR_IMPORT,,ASSOCIATE_GID,2,0,0,0
13128,wc-completed,GBP,2025-07-29 22:06:40,51.00,APPROVED_FOR_IMPORT,,EMAIL_ONLY_D2,2,0,0,0
13130,wc-completed,GBP,2025-07-29 22:55:20,43.00,APPROVED_FOR_IMPORT,,EMAIL_ONLY_D2,2,0,0,0
13131,wc-completed,GBP,2025-07-29 22:56:29,89.00,APPROVED_FOR_IMPORT,,EMAIL_ONLY_D2,4,0,0,0
13134,wc-cancelled,GBP,2025-07-30 00:22:38,89.99,APPROVED_FOR_IMPORT,,ASSOCIATE_GID,5,0,0,0
13135,wc-failed,GBP,2025-07-30 03:31:05,120.00,APPROVED_FOR_IMPORT,,EMAIL_ONLY_D2,5,0,0,0
13136,wc-completed,GBP,2025-07-30 05:45:04,25.00,APPROVED_FOR_IMPORT,,EMAIL_ONLY_D2,1,0,0,0
13137,wc-failed,GBP,2025-07-30 06:37:19,129.99,APPROVED_FOR_IMPORT,,ASSOCIATE_GID,5,0,0,0
13138,wc-completed,GBP,2025-07-30 06:58:06,129.99,APPROVED_FOR_IMPORT,,ASSOCIATE_GID,5,0,0,0
13140,wc-completed,GBP,2025-07-30 08:34:57,27.00,APPROVED_FOR_IMPORT,,ASSOCIATE_GID,1,0,0,0
13141,wc-completed,GBP,2025-07-30 09:04:03,55.00,APPROVED_FOR_IMPORT,,EMAIL_ONLY_D2,2,0,0,0
13142,wc-completed,GBP,2025-07-30 09:55:09,44.00,APPROVED_FOR_IMPORT,,EMAIL_ONLY_D2,3,0,0,0
13143,wc-completed,GBP,2025-07-30 09:58:39,101.00,APPROVED_FOR_IMPORT,,ASSOCIATE_GID,5,0,0,0
13145,wc-completed,GBP,2025-07-30 10:27:15,37.00,APPROVED_FOR_IMPORT,,EMAIL_ONLY_D2,1,0,0,0
13146,wc-completed,GBP,2025-07-30 10:30:57,21.00,APPROVED_FOR_IMPORT,,EMAIL_ONLY_D2,1,0,0,0
13147,wc-completed,GBP,2025-07-30 11:28:32,52.00,PENDING_DECISION,D-3_unmapped_customer,UNMAPPED,2,0,0,0
13148,wc-completed,GBP,2025-07-30 12:58:24,73.00,APPROVED_FOR_IMPORT,,EMAIL_ONLY_D2,3,1,0,1
13150,wc-completed,GBP,2025-07-30 14:11:39,37.00,APPROVED_FOR_IMPORT,,EMAIL_ONLY_D2,2,0,0,0
13152,wc-failed,GBP,2025-07-30 16:09:33,25.00,APPROVED_FOR_IMPORT,,EMAIL_ONLY_D2,1,0,0,0
13153,wc-completed,GBP,2025-07-30 16:11:38,25.00,APPROVED_FOR_IMPORT,,EMAIL_ONLY_D2,1,0,0,0
13155,wc-completed,GBP,2025-07-30 17:36:29,27.00,APPROVED_FOR_IMPORT,,EMAIL_ONLY_D2,1,0,0,0
13156,wc-completed,GBP,2025-07-30 17:37:04,190.00,APPROVED_FOR_IMPORT,,EMAIL_ONLY_D2,9,0,0,0
13159,wc-failed,GBP,2025-07-30 17:59:12,25.00,APPROVED_FOR_IMPORT,,EMAIL_ONLY_D2,1,0,0,0
13160,wc-completed,GBP,2025-07-30 18:00:01,25.00,APPROVED_FOR_IMPORT,,EMAIL_ONLY_D2,1,0,0,0
13162,wc-completed,GBP,2025-07-30 19:04:58,63.00,APPROVED_FOR_IMPORT,,EMAIL_ONLY_D2,3,0,0,0
13163,wc-completed,GBP,2025-07-30 20:00:41,41.00,APPROVED_FOR_IMPORT,,EMAIL_ONLY_D2,1,0,0,0
13165,wc-completed,GBP,2025-07-30 20:33:59,19.00,APPROVED_FOR_IMPORT,,EMAIL_ONLY_D2,1,0,0,0
13166,wc-completed,GBP,2025-07-30 20:36:23,57.00,APPROVED_FOR_IMPORT,,EMAIL_ONLY_D2,3,0,0,0
13169,wc-completed,GBP,2025-07-30 21:17:09,76.00,APPROVED_FOR_IMPORT,,EMAIL_ONLY_D2,3,0,0,0
13170,wc-completed,GBP,2025-07-30 21:34:24,178.00,APPROVED_FOR_IMPORT,,EMAIL_ONLY_D2,5,0,0,0
13171,wc-completed,GBP,2025-07-30 22:18:41,23.00,APPROVED_FOR_IMPORT,,EMAIL_ONLY_D2,1,0,0,0
13172,wc-completed,GBP,2025-07-30 22:42:17,73.00,APPROVED_FOR_IMPORT,,ASSOCIATE_GID,5,0,0,0
13173,wc-completed,GBP,2025-07-31 00:04:31,113.00,APPROVED_FOR_IMPORT,,EMAIL_ONLY_D2,5,0,0,0
13174,wc-completed,GBP,2025-07-31 04:42:15,50.00,APPROVED_FOR_IMPORT,,ASSOCIATE_GID,3,0,0,0
13175,wc-completed,GBP,2025-07-31 06:24:11,21.00,APPROVED_FOR_IMPORT,,EMAIL_ONLY_D2,1,0,0,0
13176,wc-completed,GBP,2025-07-31 06:44:28,62.00,APPROVED_FOR_IMPORT,,EMAIL_ONLY_D2,3,0,0,0
13177,wc-completed,GBP,2025-07-31 07:06:24,35.00,APPROVED_FOR_IMPORT,,EMAIL_ONLY_D2,1,0,0,0
13178,wc-completed,GBP,2025-07-31 07:59:41,40.00,APPROVED_FOR_IMPORT,,EMAIL_ONLY_D2,2,0,0,0
13180,wc-completed,GBP,2025-07-31 08:31:00,70.00,APPROVED_FOR_IMPORT,,EMAIL_ONLY_D2,2,0,0,0
13184,wc-completed,GBP,2025-07-31 12:01:48,47.00,APPROVED_FOR_IMPORT,,EMAIL_ONLY_D2,2,0,0,0
13185,wc-completed,GBP,2025-07-31 12:11:49,23.00,APPROVED_FOR_IMPORT,,EMAIL_ONLY_D2,1,0,0,0
13186,wc-completed,GBP,2025-07-31 12:15:21,22.00,APPROVED_FOR_IMPORT,,EMAIL_ONLY_D2,1,0,0,0
13188,wc-completed,GBP,2025-07-31 14:32:58,31.00,APPROVED_FOR_IMPORT,,EMAIL_ONLY_D2,1,0,0,0
13189,wc-completed,GBP,2025-07-31 14:49:32,95.99,APPROVED_FOR_IMPORT,,EMAIL_ONLY_D2,4,0,0,0
13190,wc-failed,GBP,2025-07-31 14:53:21,48.00,APPROVED_FOR_IMPORT,,EMAIL_ONLY_D2,2,0,0,0
13191,wc-completed,GBP,2025-07-31 14:55:49,48.00,APPROVED_FOR_IMPORT,,EMAIL_ONLY_D2,2,0,0,0
13192,wc-completed,GBP,2025-07-31 16:11:56,28.00,APPROVED_FOR_IMPORT,,EMAIL_ONLY_D2,2,0,0,0
13193,wc-completed,GBP,2025-07-31 16:18:29,185.00,APPROVED_FOR_IMPORT,,EMAIL_ONLY_D2,6,0,0,0
13194,wc-completed,GBP,2025-07-31 16:38:18,82.00,APPROVED_FOR_IMPORT,,EMAIL_ONLY_D2,3,0,0,0
13196,wc-completed,GBP,2025-07-31 18:38:22,143.00,APPROVED_FOR_IMPORT,,EMAIL_ONLY_D2,7,0,0,0
13197,wc-completed,GBP,2025-07-31 18:45:37,51.00,APPROVED_FOR_IMPORT,,EMAIL_ONLY_D2,3,0,0,0
13198,wc-completed,GBP,2025-07-31 19:11:35,63.00,APPROVED_FOR_IMPORT,,EMAIL_ONLY_D2,3,0,0,0
13199,wc-completed,GBP,2025-07-31 19:57:06,23.00,APPROVED_FOR_IMPORT,,EMAIL_ONLY_D2,1,0,0,0
13200,wc-completed,GBP,2025-07-31 20:13:09,23.00,APPROVED_FOR_IMPORT,,EMAIL_ONLY_D2,1,0,0,0
13202,wc-completed,GBP,2025-07-31 20:27:50,59.00,PENDING_DECISION,D-3_unmapped_customer,UNMAPPED,3,0,0,0
13203,wc-completed,GBP,2025-07-31 20:44:48,41.00,APPROVED_FOR_IMPORT,,EMAIL_ONLY_D2,2,0,0,0
13204,wc-completed,GBP,2025-07-31 20:51:42,30.00,APPROVED_FOR_IMPORT,,ASSOCIATE_GID,1,0,0,0
13205,wc-completed,GBP,2025-07-31 21:14:19,46.00,APPROVED_FOR_IMPORT,,EMAIL_ONLY_D2,2,0,0,0
13207,wc-completed,GBP,2025-07-31 21:36:02,22.00,APPROVED_FOR_IMPORT,,EMAIL_ONLY_D2,1,0,0,0
13208,wc-completed,GBP,2025-07-31 21:54:47,27.99,APPROVED_FOR_IMPORT,,EMAIL_ONLY_D2,2,0,0,0
13209,wc-completed,GBP,2025-07-31 22:12:06,25.00,APPROVED_FOR_IMPORT,,EMAIL_ONLY_D2,1,0,0,0
13210,wc-completed,GBP,2025-07-31 22:40:00,23.00,APPROVED_FOR_IMPORT,,EMAIL_ONLY_D2,1,0,0,0
13211,wc-completed,GBP,2025-07-31 22:43:04,91.00,APPROVED_FOR_IMPORT,,EMAIL_ONLY_D2,5,0,0,0
13212,wc-completed,GBP,2025-07-31 22:57:49,40.00,APPROVED_FOR_IMPORT,,EMAIL_ONLY_D2,2,0,0,0
13214,wc-failed,GBP,2025-07-31 23:05:22,30.00,APPROVED_FOR_IMPORT,,EMAIL_ONLY_D2,1,0,0,0
13215,wc-failed,GBP,2025-07-31 23:09:04,30.00,APPROVED_FOR_IMPORT,,EMAIL_ONLY_D2,1,0,0,0
13216,wc-failed,GBP,2025-07-31 23:10:21,30.00,APPROVED_FOR_IMPORT,,EMAIL_ONLY_D2,1,0,0,0
13217,wc-completed,GBP,2025-07-31 23:19:25,57.00,APPROVED_FOR_IMPORT,,EMAIL_ONLY_D2,2,0,0,0
13219,wc-completed,GBP,2025-07-31 23:28:33,32.00,APPROVED_FOR_IMPORT,,EMAIL_ONLY_D2,1,0,0,0
13220,wc-completed,GBP,2025-08-01 00:46:30,71.00,APPROVED_FOR_IMPORT,,EMAIL_ONLY_D2,3,0,0,0
13221,wc-completed,GBP,2025-08-01 00:54:56,23.00,APPROVED_FOR_IMPORT,,EMAIL_ONLY_D2,1,0,0,0
13223,wc-completed,GBP,2025-08-01 05:53:08,49.00,APPROVED_FOR_IMPORT,,EMAIL_ONLY_D2,2,0,0,0
13225,wc-completed,GBP,2025-08-01 12:54:44,70.00,APPROVED_FOR_IMPORT,,EMAIL_ONLY_D2,3,0,0,1
13227,wc-completed,GBP,2025-08-01 13:08:38,54.00,APPROVED_FOR_IMPORT,,EMAIL_ONLY_D2,3,0,0,0
13228,wc-completed,GBP,2025-08-01 13:21:56,30.00,APPROVED_FOR_IMPORT,,EMAIL_ONLY_D2,1,0,0,0
13231,wc-completed,GBP,2025-08-01 14:25:46,56.00,APPROVED_FOR_IMPORT,,EMAIL_ONLY_D2,3,0,0,0
13232,wc-completed,GBP,2025-08-01 15:52:28,30.00,APPROVED_FOR_IMPORT,,EMAIL_ONLY_D2,1,0,0,0
13233,wc-completed,GBP,2025-08-01 16:36:18,89.00,APPROVED_FOR_IMPORT,,EMAIL_ONLY_D2,4,0,0,0
13234,wc-completed,GBP,2025-08-01 17:05:34,43.00,APPROVED_FOR_IMPORT,,EMAIL_ONLY_D2,2,0,0,0
13236,wc-completed,GBP,2025-08-01 18:23:51,39.00,APPROVED_FOR_IMPORT,,EMAIL_ONLY_D2,1,0,0,0
13238,wc-failed,GBP,2025-08-01 19:52:34,25.00,APPROVED_FOR_IMPORT,,EMAIL_ONLY_D2,1,0,0,0
13239,wc-completed,GBP,2025-08-01 19:54:01,25.00,APPROVED_FOR_IMPORT,,EMAIL_ONLY_D2,1,0,0,0
13241,wc-completed,GBP,2025-08-01 20:10:42,97.00,APPROVED_FOR_IMPORT,,ASSOCIATE_GID,4,0,0,0
13242,wc-cancelled,GBP,2025-08-01 20:32:20,63.00,APPROVED_FOR_IMPORT,,ASSOCIATE_GID,2,0,0,0
13243,wc-completed,GBP,2025-08-01 20:39:16,67.00,APPROVED_FOR_IMPORT,,ASSOCIATE_GID,2,0,0,0
13244,wc-completed,GBP,2025-08-01 21:14:11,56.00,APPROVED_FOR_IMPORT,,EMAIL_ONLY_D2,3,0,0,0
13245,wc-completed,GBP,2025-08-01 23:39:59,17.00,APPROVED_FOR_IMPORT,,EMAIL_ONLY_D2,1,0,0,0
13246,wc-completed,GBP,2025-08-02 00:26:08,22.00,APPROVED_FOR_IMPORT,,EMAIL_ONLY_D2,1,0,0,0
13248,wc-completed,GBP,2025-08-02 06:30:06,65.00,APPROVED_FOR_IMPORT,,EMAIL_ONLY_D2,1,0,0,0
13250,wc-completed,GBP,2025-08-02 10:10:31,31.00,APPROVED_FOR_IMPORT,,EMAIL_ONLY_D2,1,0,0,0
13251,wc-completed,GBP,2025-08-02 10:50:16,45.00,APPROVED_FOR_IMPORT,,EMAIL_ONLY_D2,1,0,0,0
13252,wc-completed,GBP,2025-08-02 11:18:51,126.00,APPROVED_FOR_IMPORT,,EMAIL_ONLY_D2,6,0,0,0
13254,wc-completed,GBP,2025-08-02 13:40:50,21.99,APPROVED_FOR_IMPORT,,EMAIL_ONLY_D2,1,0,0,0
13255,wc-completed,GBP,2025-08-02 14:08:17,114.98,APPROVED_FOR_IMPORT,,EMAIL_ONLY_D2,6,0,0,0
13256,wc-completed,GBP,2025-08-02 14:33:20,25.00,APPROVED_FOR_IMPORT,,EMAIL_ONLY_D2,1,0,0,0
13257,wc-completed,GBP,2025-08-02 16:42:47,20.00,APPROVED_FOR_IMPORT,,ASSOCIATE_GID,1,0,0,0
13258,wc-completed,GBP,2025-08-02 16:50:07,103.00,APPROVED_FOR_IMPORT,,EMAIL_ONLY_D2,5,0,0,0
13259,wc-completed,GBP,2025-08-02 16:59:37,25.00,APPROVED_FOR_IMPORT,,EMAIL_ONLY_D2,1,0,0,0
13260,wc-completed,GBP,2025-08-02 18:06:20,50.99,APPROVED_FOR_IMPORT,,EMAIL_ONLY_D2,4,1,1,0
13261,wc-completed,GBP,2025-08-02 22:56:48,35.00,APPROVED_FOR_IMPORT,,EMAIL_ONLY_D2,1,0,0,0
13262,wc-completed,GBP,2025-08-02 23:24:53,32.00,APPROVED_FOR_IMPORT,,ASSOCIATE_GID,1,0,0,0
13263,wc-completed,GBP,2025-08-03 02:42:37,21.00,APPROVED_FOR_IMPORT,,ASSOCIATE_GID,1,0,0,0
13264,wc-completed,GBP,2025-08-03 03:11:32,40.00,APPROVED_FOR_IMPORT,,EMAIL_ONLY_D2,2,0,0,0
13265,wc-completed,GBP,2025-08-03 06:08:54,175.00,APPROVED_FOR_IMPORT,,EMAIL_ONLY_D2,7,0,0,0
13266,wc-completed,GBP,2025-08-03 09:15:07,42.00,APPROVED_FOR_IMPORT,,EMAIL_ONLY_D2,2,0,0,0
13267,wc-completed,GBP,2025-08-03 10:39:44,30.00,APPROVED_FOR_IMPORT,,EMAIL_ONLY_D2,1,0,0,0
13268,wc-failed,GBP,2025-08-03 12:08:03,23.00,APPROVED_FOR_IMPORT,,EMAIL_ONLY_D2,1,0,0,0
13269,wc-failed,GBP,2025-08-03 12:11:32,23.00,APPROVED_FOR_IMPORT,,EMAIL_ONLY_D2,1,0,0,0
13270,wc-completed,GBP,2025-08-03 13:30:24,47.00,APPROVED_FOR_IMPORT,,EMAIL_ONLY_D2,2,0,0,0
13272,wc-completed,GBP,2025-08-03 15:45:50,109.00,APPROVED_FOR_IMPORT,,EMAIL_ONLY_D2,2,0,0,0
13273,wc-completed,GBP,2025-08-03 16:04:08,41.00,APPROVED_FOR_IMPORT,,EMAIL_ONLY_D2,1,0,0,0
13274,wc-completed,GBP,2025-08-03 17:52:02,60.00,APPROVED_FOR_IMPORT,,EMAIL_ONLY_D2,3,0,0,0
13275,wc-failed,GBP,2025-08-03 17:55:34,103.99,APPROVED_FOR_IMPORT,,EMAIL_ONLY_D2,6,0,0,0
13276,wc-cancelled,GBP,2025-08-03 18:16:59,103.99,APPROVED_FOR_IMPORT,,ASSOCIATE_GID,6,0,0,0
13277,wc-failed,GBP,2025-08-03 18:29:51,103.99,APPROVED_FOR_IMPORT,,EMAIL_ONLY_D2,6,0,0,0
13278,wc-completed,GBP,2025-08-03 18:35:31,108.99,APPROVED_FOR_IMPORT,,EMAIL_ONLY_D2,6,0,0,0
13280,wc-completed,GBP,2025-08-03 19:27:33,12.00,APPROVED_FOR_IMPORT,,EMAIL_ONLY_D2,2,0,0,1
13282,wc-completed,GBP,2025-08-03 23:07:34,23.00,APPROVED_FOR_IMPORT,,EMAIL_ONLY_D2,1,0,0,0
13283,wc-completed,GBP,2025-08-04 07:35:57,58.98,APPROVED_FOR_IMPORT,,EMAIL_ONLY_D2,4,0,0,0
13284,wc-completed,GBP,2025-08-04 07:57:53,30.00,APPROVED_FOR_IMPORT,,EMAIL_ONLY_D2,1,0,0,0
13286,wc-completed,GBP,2025-08-04 10:00:38,41.00,APPROVED_FOR_IMPORT,,EMAIL_ONLY_D2,2,0,0,0
13287,wc-completed,GBP,2025-08-04 10:44:43,45.00,APPROVED_FOR_IMPORT,,EMAIL_ONLY_D2,1,0,0,0
13289,wc-completed,GBP,2025-08-04 11:41:49,27.00,APPROVED_FOR_IMPORT,,EMAIL_ONLY_D2,2,0,0,0
13290,wc-completed,GBP,2025-08-04 11:50:56,93.00,APPROVED_FOR_IMPORT,,EMAIL_ONLY_D2,4,0,0,0
13291,wc-completed,GBP,2025-08-04 11:57:36,52.00,APPROVED_FOR_IMPORT,,ASSOCIATE_GID,2,0,0,0
13292,wc-pending,GBP,2025-08-04 11:58:20,52.00,APPROVED_FOR_IMPORT,,ASSOCIATE_GID,2,0,0,0
13293,wc-failed,GBP,2025-08-04 12:07:21,35.00,APPROVED_FOR_IMPORT,,EMAIL_ONLY_D2,1,0,0,0
13294,wc-completed,GBP,2025-08-04 12:12:34,40.00,APPROVED_FOR_IMPORT,,EMAIL_ONLY_D2,2,0,0,0
13295,wc-completed,GBP,2025-08-04 13:03:27,61.00,APPROVED_FOR_IMPORT,,EMAIL_ONLY_D2,1,0,0,0
13296,wc-completed,GBP,2025-08-04 13:10:08,35.00,APPROVED_FOR_IMPORT,,EMAIL_ONLY_D2,1,0,0,0
13298,wc-completed,GBP,2025-08-04 14:52:59,52.00,APPROVED_FOR_IMPORT,,EMAIL_ONLY_D2,2,0,0,0
13299,wc-completed,GBP,2025-08-04 15:04:39,62.00,APPROVED_FOR_IMPORT,,EMAIL_ONLY_D2,3,0,0,0
13300,wc-completed,GBP,2025-08-04 16:34:55,73.00,APPROVED_FOR_IMPORT,,EMAIL_ONLY_D2,4,0,0,0
13302,wc-completed,GBP,2025-08-04 19:34:52,23.00,APPROVED_FOR_IMPORT,,EMAIL_ONLY_D2,1,0,0,0
13316,wc-completed,GBP,2025-08-04 21:15:29,55.00,APPROVED_FOR_IMPORT,,EMAIL_ONLY_D2,4,0,0,0
13320,wc-completed,GBP,2025-08-04 21:49:10,80.00,APPROVED_FOR_IMPORT,,EMAIL_ONLY_D2,3,0,0,0
13325,wc-completed,GBP,2025-08-04 22:45:36,35.00,APPROVED_FOR_IMPORT,,EMAIL_ONLY_D2,1,0,0,0
13332,wc-completed,GBP,2025-08-05 06:31:47,56.00,APPROVED_FOR_IMPORT,,EMAIL_ONLY_D2,4,0,0,0
13333,wc-completed,GBP,2025-08-05 08:11:48,25.00,APPROVED_FOR_IMPORT,,EMAIL_ONLY_D2,1,0,0,0
13335,wc-completed,GBP,2025-08-05 08:33:10,35.00,APPROVED_FOR_IMPORT,,EMAIL_ONLY_D2,1,0,0,0
13337,wc-completed,GBP,2025-08-05 10:46:31,10.40,APPROVED_FOR_IMPORT,,EMAIL_ONLY_D2,1,0,0,0
13339,wc-completed,GBP,2025-08-05 12:44:41,49.09,APPROVED_FOR_IMPORT,,EMAIL_ONLY_D2,3,0,0,0
13341,wc-completed,GBP,2025-08-05 13:57:58,37.40,APPROVED_FOR_IMPORT,,ASSOCIATE_GID,1,0,0,0
13342,wc-completed,GBP,2025-08-05 14:15:09,39.20,APPROVED_FOR_IMPORT,,EMAIL_ONLY_D2,2,0,0,0
13343,wc-completed,GBP,2025-08-05 15:31:13,37.39,APPROVED_FOR_IMPORT,,EMAIL_ONLY_D2,1,0,0,0
13344,wc-completed,GBP,2025-08-05 15:36:35,45.50,APPROVED_FOR_IMPORT,,EMAIL_ONLY_D2,2,0,0,0
13345,wc-completed,GBP,2025-08-05 15:47:03,103.20,APPROVED_FOR_IMPORT,,EMAIL_ONLY_D2,2,0,0,0
13346,wc-completed,GBP,2025-08-05 16:09:55,66.20,APPROVED_FOR_IMPORT,,ASSOCIATE_GID,4,0,0,0
13347,wc-completed,GBP,2025-08-05 16:48:35,122.00,APPROVED_FOR_IMPORT,,EMAIL_ONLY_D2,8,0,0,0
13348,wc-completed,GBP,2025-08-05 16:56:19,55.40,APPROVED_FOR_IMPORT,,EMAIL_ONLY_D2,3,0,0,0
13350,wc-completed,GBP,2025-08-05 18:07:34,109.10,APPROVED_FOR_IMPORT,,EMAIL_ONLY_D2,6,0,0,1
13352,wc-cancelled,GBP,2025-08-05 18:37:50,19.40,APPROVED_FOR_IMPORT,,ASSOCIATE_GID,1,0,0,0
13353,wc-completed,GBP,2025-08-05 18:43:52,102.30,APPROVED_FOR_IMPORT,,ASSOCIATE_GID,2,0,0,0
13354,wc-completed,GBP,2025-08-05 19:52:48,87.00,APPROVED_FOR_IMPORT,,ASSOCIATE_GID,1,0,0,0
13355,wc-completed,GBP,2025-08-05 19:59:37,42.80,APPROVED_FOR_IMPORT,,ASSOCIATE_GID,2,0,0,0
13356,wc-completed,GBP,2025-08-05 20:27:43,37.40,APPROVED_FOR_IMPORT,,EMAIL_ONLY_D2,2,0,0,0
13357,wc-completed,GBP,2025-08-05 20:53:24,19.40,APPROVED_FOR_IMPORT,,EMAIL_ONLY_D2,1,0,0,0
13358,wc-completed,GBP,2025-08-05 21:09:05,34.70,APPROVED_FOR_IMPORT,,EMAIL_ONLY_D2,3,0,0,0
13359,wc-completed,GBP,2025-08-05 21:22:27,42.80,APPROVED_FOR_IMPORT,,EMAIL_ONLY_D2,2,0,0,0
13360,wc-completed,GBP,2025-08-05 21:27:58,95.90,APPROVED_FOR_IMPORT,,EMAIL_ONLY_D2,4,0,0,0
13361,wc-completed,GBP,2025-08-05 22:04:16,164.30,APPROVED_FOR_IMPORT,,EMAIL_ONLY_D2,12,0,0,0
13363,wc-completed,GBP,2025-08-05 22:25:37,59.00,APPROVED_FOR_IMPORT,,EMAIL_ONLY_D2,3,0,0,0
13364,wc-completed,GBP,2025-08-05 22:39:32,155.80,APPROVED_FOR_IMPORT,,ASSOCIATE_GID,4,0,0,0
13365,wc-completed,GBP,2025-08-05 23:25:24,23.00,APPROVED_FOR_IMPORT,,EMAIL_ONLY_D2,1,0,0,0
13366,wc-completed,GBP,2025-08-05 23:43:43,49.10,APPROVED_FOR_IMPORT,,EMAIL_ONLY_D2,3,0,0,0
13367,wc-completed,GBP,2025-08-05 23:46:48,32.00,APPROVED_FOR_IMPORT,,EMAIL_ONLY_D2,1,0,0,0
13368,wc-completed,GBP,2025-08-06 00:24:32,80.60,APPROVED_FOR_IMPORT,,EMAIL_ONLY_D2,2,0,0,0
13369,wc-failed,GBP,2025-08-06 04:25:08,223.40,APPROVED_FOR_IMPORT,,EMAIL_ONLY_D2,4,0,0,0
13370,wc-failed,GBP,2025-08-06 04:26:52,223.40,APPROVED_FOR_IMPORT,,EMAIL_ONLY_D2,4,0,0,0
13371,wc-completed,GBP,2025-08-06 04:28:23,223.40,APPROVED_FOR_IMPORT,,EMAIL_ONLY_D2,4,0,0,0
13372,wc-completed,GBP,2025-08-06 08:15:32,63.50,APPROVED_FOR_IMPORT,,EMAIL_ONLY_D2,3,0,0,0
13373,wc-completed,GBP,2025-08-06 08:20:51,37.40,APPROVED_FOR_IMPORT,,EMAIL_ONLY_D2,1,0,0,0
13374,wc-completed,GBP,2025-08-06 08:40:37,131.90,APPROVED_FOR_IMPORT,,EMAIL_ONLY_D2,9,1,1,0
13375,wc-completed,GBP,2025-08-06 09:37:22,56.00,APPROVED_FOR_IMPORT,,ASSOCIATE_GID,1,0,0,0
13376,wc-completed,GBP,2025-08-06 11:03:01,69.80,APPROVED_FOR_IMPORT,,EMAIL_ONLY_D2,1,0,0,0
13377,wc-completed,GBP,2025-08-06 11:11:59,32.00,APPROVED_FOR_IMPORT,,EMAIL_ONLY_D2,1,0,0,0
13378,wc-completed,GBP,2025-08-06 11:13:58,43.70,APPROVED_FOR_IMPORT,,EMAIL_ONLY_D2,4,0,0,0
13379,wc-completed,GBP,2025-08-06 11:34:56,39.20,APPROVED_FOR_IMPORT,,EMAIL_ONLY_D2,2,0,0,1
13380,wc-completed,GBP,2025-08-06 12:01:05,44.60,APPROVED_FOR_IMPORT,,ASSOCIATE_GID,2,0,0,0
13381,wc-completed,GBP,2025-08-06 12:51:23,59.90,APPROVED_FOR_IMPORT,,ASSOCIATE_GID,3,0,0,0
13382,wc-completed,GBP,2025-08-06 12:52:44,33.80,APPROVED_FOR_IMPORT,,EMAIL_ONLY_D2,1,0,0,0
13383,wc-completed,GBP,2025-08-06 13:14:05,23.00,APPROVED_FOR_IMPORT,,EMAIL_ONLY_D2,1,0,0,0
13384,wc-failed,GBP,2025-08-06 13:23:19,51.80,APPROVED_FOR_IMPORT,,EMAIL_ONLY_D2,4,0,0,0
13385,wc-completed,GBP,2025-08-06 13:43:22,23.00,APPROVED_FOR_IMPORT,,EMAIL_ONLY_D2,1,0,0,0
13386,wc-completed,GBP,2025-08-06 13:51:29,19.40,APPROVED_FOR_IMPORT,,EMAIL_ONLY_D2,1,0,0,0
13388,wc-completed,GBP,2025-08-06 15:49:00,18.50,APPROVED_FOR_IMPORT,,EMAIL_ONLY_D2,1,0,0,0
13389,wc-completed,GBP,2025-08-06 15:54:03,65.00,APPROVED_FOR_IMPORT,,EMAIL_ONLY_D2,1,0,0,1
13390,wc-completed,GBP,2025-08-06 15:59:38,148.10,APPROVED_FOR_IMPORT,,EMAIL_ONLY_D2,4,0,0,0
13391,wc-completed,GBP,2025-08-06 16:01:44,193.20,APPROVED_FOR_IMPORT,,EMAIL_ONLY_D2,6,0,0,0
13393,wc-completed,GBP,2025-08-06 16:11:41,28.40,APPROVED_FOR_IMPORT,,EMAIL_ONLY_D2,1,0,0,0
13394,wc-completed,GBP,2025-08-06 17:57:11,87.00,APPROVED_FOR_IMPORT,,EMAIL_ONLY_D2,1,0,0,0
13395,wc-completed,GBP,2025-08-06 19:08:16,91.40,APPROVED_FOR_IMPORT,,EMAIL_ONLY_D2,5,0,0,0
13396,wc-completed,GBP,2025-08-06 21:36:09,133.69,APPROVED_FOR_IMPORT,,EMAIL_ONLY_D2,6,0,0,0
13397,wc-completed,GBP,2025-08-06 22:56:34,48.20,APPROVED_FOR_IMPORT,,EMAIL_ONLY_D2,3,0,0,0
13398,wc-completed,GBP,2025-08-07 03:50:52,70.70,APPROVED_FOR_IMPORT,,EMAIL_ONLY_D2,7,0,0,1
13400,wc-completed,GBP,2025-08-07 06:22:41,37.40,APPROVED_FOR_IMPORT,,EMAIL_ONLY_D2,2,0,0,0
13401,wc-completed,GBP,2025-08-07 06:31:17,112.10,PENDING_DECISION,D-3_unmapped_customer,UNMAPPED,5,0,0,0
13402,wc-failed,GBP,2025-08-07 06:44:59,25.40,APPROVED_FOR_IMPORT,,EMAIL_ONLY_D2,1,0,0,0
13403,wc-pending,GBP,2025-08-07 06:52:42,25.40,APPROVED_FOR_IMPORT,,EMAIL_ONLY_D2,1,0,0,0
13404,wc-completed,GBP,2025-08-07 06:54:02,25.40,APPROVED_FOR_IMPORT,,EMAIL_ONLY_D2,1,0,0,0
13405,wc-completed,GBP,2025-08-07 09:08:14,27.50,APPROVED_FOR_IMPORT,,EMAIL_ONLY_D2,1,0,0,0
13407,wc-completed,GBP,2025-08-07 11:02:14,126.50,APPROVED_FOR_IMPORT,,EMAIL_ONLY_D2,7,0,0,0
13408,wc-completed,GBP,2025-08-07 11:34:16,41.00,APPROVED_FOR_IMPORT,,EMAIL_ONLY_D2,1,0,0,0
13409,wc-completed,GBP,2025-08-07 12:16:50,24.80,APPROVED_FOR_IMPORT,,EMAIL_ONLY_D2,1,0,0,0
13410,wc-completed,GBP,2025-08-07 13:22:44,59.00,APPROVED_FOR_IMPORT,,EMAIL_ONLY_D2,1,0,0,0
13411,wc-completed,GBP,2025-08-07 13:24:03,79.64,APPROVED_FOR_IMPORT,,EMAIL_ONLY_D2,4,0,0,0
13412,wc-completed,GBP,2025-08-07 13:25:18,27.50,APPROVED_FOR_IMPORT,,EMAIL_ONLY_D2,1,0,0,0
13413,wc-completed,GBP,2025-08-07 13:29:41,35.60,APPROVED_FOR_IMPORT,,EMAIL_ONLY_D2,2,0,0,0
13415,wc-completed,GBP,2025-08-07 14:44:38,21.20,APPROVED_FOR_IMPORT,,EMAIL_ONLY_D2,1,0,0,0
13416,wc-completed,GBP,2025-08-07 14:44:38,118.50,APPROVED_FOR_IMPORT,,ASSOCIATE_GID,3,0,0,0
13417,wc-completed,GBP,2025-08-07 15:12:25,78.80,APPROVED_FOR_IMPORT,,EMAIL_ONLY_D2,5,0,0,0
13418,wc-completed,GBP,2025-08-07 16:49:21,19.40,APPROVED_FOR_IMPORT,,EMAIL_ONLY_D2,1,0,0,0
13419,wc-completed,GBP,2025-08-07 17:18:53,113.90,APPROVED_FOR_IMPORT,,EMAIL_ONLY_D2,7,0,0,0
13420,wc-completed,GBP,2025-08-07 18:02:33,87.00,APPROVED_FOR_IMPORT,,EMAIL_ONLY_D2,1,0,0,0
13421,wc-failed,GBP,2025-08-07 18:28:08,19.40,APPROVED_FOR_IMPORT,,EMAIL_ONLY_D2,1,0,0,0
13423,wc-completed,GBP,2025-08-07 20:26:54,44.60,APPROVED_FOR_IMPORT,,EMAIL_ONLY_D2,1,0,0,0
13424,wc-completed,GBP,2025-08-07 20:31:30,66.20,APPROVED_FOR_IMPORT,,ASSOCIATE_GID,4,0,0,0
13425,wc-completed,GBP,2025-08-07 20:38:37,133.70,APPROVED_FOR_IMPORT,,EMAIL_ONLY_D2,8,0,0,0
13426,wc-completed,GBP,2025-08-07 20:42:32,50.00,APPROVED_FOR_IMPORT,,EMAIL_ONLY_D2,2,0,0,0
13427,wc-completed,GBP,2025-08-07 20:43:18,163.50,APPROVED_FOR_IMPORT,,EMAIL_ONLY_D2,6,0,0,0
13428,wc-completed,GBP,2025-08-07 20:54:40,46.40,APPROVED_FOR_IMPORT,,ASSOCIATE_GID,2,0,0,0
13429,wc-completed,GBP,2025-08-07 21:34:50,19.40,APPROVED_FOR_IMPORT,,EMAIL_ONLY_D2,1,0,0,0
13430,wc-completed,GBP,2025-08-07 22:25:05,27.50,APPROVED_FOR_IMPORT,,EMAIL_ONLY_D2,1,0,0,0
13432,wc-completed,GBP,2025-08-07 22:34:51,18.50,APPROVED_FOR_IMPORT,,ASSOCIATE_GID,1,0,0,0
13433,wc-completed,GBP,2025-08-07 22:45:37,57.20,APPROVED_FOR_IMPORT,,EMAIL_ONLY_D2,2,0,0,0
13436,wc-completed,GBP,2025-08-08 07:21:26,19.40,APPROVED_FOR_IMPORT,,EMAIL_ONLY_D2,1,0,0,0
13437,wc-completed,GBP,2025-08-08 08:13:47,19.40,APPROVED_FOR_IMPORT,,EMAIL_ONLY_D2,1,0,0,0
13438,wc-completed,GBP,2025-08-08 09:36:55,35.60,APPROVED_FOR_IMPORT,,EMAIL_ONLY_D2,2,0,0,0
13439,wc-completed,GBP,2025-08-08 10:09:11,42.80,APPROVED_FOR_IMPORT,,EMAIL_ONLY_D2,2,0,0,0
13440,wc-completed,GBP,2025-08-08 10:32:28,87.00,APPROVED_FOR_IMPORT,,ASSOCIATE_GID,1,0,0,0
13441,wc-completed,GBP,2025-08-08 11:25:29,59.00,APPROVED_FOR_IMPORT,,EMAIL_ONLY_D2,2,0,0,0
13442,wc-completed,GBP,2025-08-08 11:31:47,33.80,APPROVED_FOR_IMPORT,,EMAIL_ONLY_D2,2,0,0,0
13443,wc-completed,GBP,2025-08-08 13:23:36,35.29,APPROVED_FOR_IMPORT,,EMAIL_ONLY_D2,2,0,0,0
13444,wc-completed,GBP,2025-08-08 13:56:28,27.50,APPROVED_FOR_IMPORT,,EMAIL_ONLY_D2,1,0,0,0
13445,wc-completed,GBP,2025-08-08 16:32:15,23.00,APPROVED_FOR_IMPORT,,EMAIL_ONLY_D2,1,0,0,0
13446,wc-completed,GBP,2025-08-08 16:44:46,59.90,APPROVED_FOR_IMPORT,,EMAIL_ONLY_D2,3,0,0,0
13447,wc-failed,GBP,2025-08-08 17:07:32,28.40,APPROVED_FOR_IMPORT,,EMAIL_ONLY_D2,1,0,0,0
13448,wc-completed,GBP,2025-08-08 17:08:06,28.40,APPROVED_FOR_IMPORT,,EMAIL_ONLY_D2,1,0,0,0
13449,wc-completed,GBP,2025-08-08 19:23:13,32.00,APPROVED_FOR_IMPORT,,EMAIL_ONLY_D2,1,0,0,0
13450,wc-completed,GBP,2025-08-08 19:30:47,27.50,APPROVED_FOR_IMPORT,,EMAIL_ONLY_D2,1,0,0,0
13451,wc-completed,GBP,2025-08-08 20:50:00,63.50,APPROVED_FOR_IMPORT,,EMAIL_ONLY_D2,3,0,0,0
13452,wc-completed,GBP,2025-08-08 21:26:38,23.00,APPROVED_FOR_IMPORT,,EMAIL_ONLY_D2,1,0,0,0
13453,wc-completed,GBP,2025-08-08 21:41:36,41.00,APPROVED_FOR_IMPORT,,ASSOCIATE_GID,2,0,0,0
13454,wc-completed,GBP,2025-08-08 23:37:40,44.60,APPROVED_FOR_IMPORT,,EMAIL_ONLY_D2,2,0,0,0
13455,wc-completed,GBP,2025-08-09 00:25:11,40.10,APPROVED_FOR_IMPORT,,EMAIL_ONLY_D2,3,0,0,0
13457,wc-completed,GBP,2025-08-09 01:37:15,50.59,APPROVED_FOR_IMPORT,,EMAIL_ONLY_D2,3,0,0,0
13458,wc-completed,GBP,2025-08-09 04:25:34,110.00,APPROVED_FOR_IMPORT,,EMAIL_ONLY_D2,1,0,0,0
13459,wc-completed,GBP,2025-08-09 06:18:27,21.20,APPROVED_FOR_IMPORT,,EMAIL_ONLY_D2,1,0,0,0
13460,wc-pending,GBP,2025-08-09 07:34:19,21.20,APPROVED_FOR_IMPORT,,EMAIL_ONLY_D2,1,0,0,0
13461,wc-completed,GBP,2025-08-09 10:45:45,42.80,APPROVED_FOR_IMPORT,,EMAIL_ONLY_D2,2,0,0,0
13463,wc-completed,GBP,2025-08-09 12:27:12,31.10,APPROVED_FOR_IMPORT,,EMAIL_ONLY_D2,2,0,0,0
13464,wc-completed,GBP,2025-08-09 14:49:54,101.90,APPROVED_FOR_IMPORT,,EMAIL_ONLY_D2,4,0,0,0
13465,wc-completed,GBP,2025-08-09 14:53:53,21.20,APPROVED_FOR_IMPORT,,EMAIL_ONLY_D2,1,0,0,0
13466,wc-completed,GBP,2025-08-09 16:03:51,86.90,APPROVED_FOR_IMPORT,,EMAIL_ONLY_D2,5,0,0,0
13467,wc-completed,GBP,2025-08-09 16:54:16,28.40,APPROVED_FOR_IMPORT,,EMAIL_ONLY_D2,1,0,0,0
13468,wc-completed,GBP,2025-08-09 17:42:09,41.00,APPROVED_FOR_IMPORT,,ASSOCIATE_GID,1,0,0,0
13469,wc-completed,GBP,2025-08-09 18:57:31,25.70,APPROVED_FOR_IMPORT,,EMAIL_ONLY_D2,3,0,0,0
13470,wc-completed,GBP,2025-08-09 19:20:32,42.80,APPROVED_FOR_IMPORT,,EMAIL_ONLY_D2,2,0,0,0
13471,wc-completed,GBP,2025-08-09 19:21:35,19.40,APPROVED_FOR_IMPORT,,EMAIL_ONLY_D2,1,0,0,0
13472,wc-completed,GBP,2025-08-09 20:28:08,56.29,APPROVED_FOR_IMPORT,,EMAIL_ONLY_D2,4,0,0,0
13473,wc-completed,GBP,2025-08-09 20:35:14,59.00,APPROVED_FOR_IMPORT,,EMAIL_ONLY_D2,3,0,0,0
13474,wc-completed,GBP,2025-08-09 20:51:23,56.29,APPROVED_FOR_IMPORT,,EMAIL_ONLY_D2,3,0,0,0
13475,wc-completed,GBP,2025-08-09 20:56:06,22.10,APPROVED_FOR_IMPORT,,EMAIL_ONLY_D2,1,0,0,0
13476,wc-completed,GBP,2025-08-09 21:06:05,106.70,APPROVED_FOR_IMPORT,,EMAIL_ONLY_D2,5,0,0,0
13477,wc-completed,GBP,2025-08-09 21:21:38,21.20,APPROVED_FOR_IMPORT,,EMAIL_ONLY_D2,1,0,0,0
13478,wc-completed,GBP,2025-08-09 21:59:45,27.50,APPROVED_FOR_IMPORT,,EMAIL_ONLY_D2,1,0,0,0
13481,wc-completed,GBP,2025-08-10 07:46:59,51.80,APPROVED_FOR_IMPORT,,EMAIL_ONLY_D2,2,0,0,0
13486,wc-failed,GBP,2025-08-10 11:28:24,23.00,APPROVED_FOR_IMPORT,,EMAIL_ONLY_D2,1,0,0,0
13487,wc-completed,GBP,2025-08-10 11:29:11,23.00,APPROVED_FOR_IMPORT,,EMAIL_ONLY_D2,1,0,0,0
13488,wc-completed,GBP,2025-08-10 14:22:17,24.80,APPROVED_FOR_IMPORT,,EMAIL_ONLY_D2,1,0,0,0
13490,wc-completed,GBP,2025-08-10 15:07:58,111.20,APPROVED_FOR_IMPORT,,EMAIL_ONLY_D2,6,0,0,0
13491,wc-completed,GBP,2025-08-10 15:08:25,34.70,APPROVED_FOR_IMPORT,,EMAIL_ONLY_D2,2,0,0,0
13492,wc-completed,GBP,2025-08-10 15:29:12,29.28,APPROVED_FOR_IMPORT,,EMAIL_ONLY_D2,3,0,0,0
13493,wc-completed,GBP,2025-08-10 15:40:26,70.70,APPROVED_FOR_IMPORT,,EMAIL_ONLY_D2,4,0,0,0
13494,wc-completed,GBP,2025-08-10 15:53:58,135.50,APPROVED_FOR_IMPORT,,EMAIL_ONLY_D2,7,0,0,0
13496,wc-completed,GBP,2025-08-10 19:01:20,59.00,APPROVED_FOR_IMPORT,,ASSOCIATE_GID,3,0,0,0
13497,wc-completed,GBP,2025-08-10 19:12:33,105.80,APPROVED_FOR_IMPORT,,ASSOCIATE_GID,7,0,0,0
13498,wc-completed,GBP,2025-08-10 19:33:22,64.34,APPROVED_FOR_IMPORT,,ASSOCIATE_GID,6,0,0,0
13500,wc-completed,GBP,2025-08-10 22:04:27,45.50,APPROVED_FOR_IMPORT,,EMAIL_ONLY_D2,2,0,0,0
13501,wc-completed,GBP,2025-08-10 22:40:09,59.00,APPROVED_FOR_IMPORT,,EMAIL_ONLY_D2,1,0,0,0
13502,wc-cancelled,GBP,2025-08-10 23:23:59,42.80,APPROVED_FOR_IMPORT,,ASSOCIATE_GID,2,0,0,0
13503,wc-completed,GBP,2025-08-11 00:51:29,87.00,APPROVED_FOR_IMPORT,,EMAIL_ONLY_D2,1,0,0,0
13504,wc-completed,GBP,2025-08-11 05:41:14,56.30,APPROVED_FOR_IMPORT,,ASSOCIATE_GID,2,0,0,0
13505,wc-completed,GBP,2025-08-11 05:47:40,77.00,APPROVED_FOR_IMPORT,,EMAIL_ONLY_D2,2,0,0,0
13506,wc-completed,GBP,2025-08-11 05:57:02,87.00,APPROVED_FOR_IMPORT,,EMAIL_ONLY_D2,1,0,0,0
13507,wc-completed,GBP,2025-08-11 07:54:42,32.90,APPROVED_FOR_IMPORT,,ASSOCIATE_GID,2,0,0,0
13508,wc-cancelled,GBP,2025-08-11 08:48:06,42.80,APPROVED_FOR_IMPORT,,ASSOCIATE_GID,2,0,0,0
13509,wc-completed,GBP,2025-08-11 08:50:38,42.80,APPROVED_FOR_IMPORT,,ASSOCIATE_GID,2,0,0,0
13511,wc-completed,GBP,2025-08-11 10:41:53,106.70,APPROVED_FOR_IMPORT,,EMAIL_ONLY_D2,5,0,0,0
13512,wc-completed,GBP,2025-08-11 12:31:29,41.00,APPROVED_FOR_IMPORT,,ASSOCIATE_GID,1,0,0,0
13513,wc-completed,GBP,2025-08-11 13:58:39,117.50,APPROVED_FOR_IMPORT,,ASSOCIATE_GID,2,0,0,0
13514,wc-completed,GBP,2025-08-11 14:01:52,100.40,APPROVED_FOR_IMPORT,,ASSOCIATE_GID,6,0,0,0
13515,wc-completed,GBP,2025-08-11 14:24:55,87.00,APPROVED_FOR_IMPORT,,EMAIL_ONLY_D2,1,0,0,0
13516,wc-completed,GBP,2025-08-11 14:55:53,41.00,APPROVED_FOR_IMPORT,,EMAIL_ONLY_D2,1,0,0,0
13517,wc-completed,GBP,2025-08-11 15:07:24,101.30,APPROVED_FOR_IMPORT,,ASSOCIATE_GID,5,0,0,0
13518,wc-completed,GBP,2025-08-11 15:23:42,61.70,APPROVED_FOR_IMPORT,,EMAIL_ONLY_D2,3,0,0,0
13519,wc-completed,GBP,2025-08-11 16:17:22,23.00,APPROVED_FOR_IMPORT,,EMAIL_ONLY_D2,1,0,0,0
13520,wc-completed,GBP,2025-08-11 17:13:14,222.80,APPROVED_FOR_IMPORT,,EMAIL_ONLY_D2,12,0,0,0
13521,wc-completed,GBP,2025-08-11 18:17:24,119.40,APPROVED_FOR_IMPORT,,EMAIL_ONLY_D2,2,0,0,0
13522,wc-completed,GBP,2025-08-11 18:32:12,30.20,APPROVED_FOR_IMPORT,,EMAIL_ONLY_D2,2,0,0,0
13523,wc-completed,GBP,2025-08-11 18:33:06,84.20,APPROVED_FOR_IMPORT,,EMAIL_ONLY_D2,1,0,0,0
13524,wc-completed,GBP,2025-08-11 19:11:11,35.60,APPROVED_FOR_IMPORT,,EMAIL_ONLY_D2,1,0,0,0
13525,wc-completed,GBP,2025-08-11 19:22:01,27.50,APPROVED_FOR_IMPORT,,EMAIL_ONLY_D2,1,0,0,0
13530,wc-completed,GBP,2025-08-11 19:55:10,159.80,APPROVED_FOR_IMPORT,,EMAIL_ONLY_D2,6,0,0,0
13536,wc-cancelled,GBP,2025-08-11 20:39:15,66.18,APPROVED_FOR_IMPORT,,ASSOCIATE_GID,8,0,0,0
13537,wc-failed,GBP,2025-08-11 22:02:51,120.20,APPROVED_FOR_IMPORT,,EMAIL_ONLY_D2,5,0,0,0
13538,wc-completed,GBP,2025-08-11 22:03:52,120.20,APPROVED_FOR_IMPORT,,EMAIL_ONLY_D2,5,0,0,0
13540,wc-completed,GBP,2025-08-11 22:14:25,71.60,APPROVED_FOR_IMPORT,,EMAIL_ONLY_D2,3,0,0,0
13541,wc-completed,GBP,2025-08-11 22:16:03,110.30,APPROVED_FOR_IMPORT,,EMAIL_ONLY_D2,5,0,0,0
13543,wc-completed,GBP,2025-08-11 22:36:43,60.80,APPROVED_FOR_IMPORT,,EMAIL_ONLY_D2,3,0,0,0
13544,wc-completed,GBP,2025-08-11 22:53:45,37.40,APPROVED_FOR_IMPORT,,EMAIL_ONLY_D2,2,0,0,0
13545,wc-completed,GBP,2025-08-11 23:08:53,19.40,APPROVED_FOR_IMPORT,,EMAIL_ONLY_D2,1,0,0,0
13546,wc-completed,GBP,2025-08-11 23:45:10,195.80,APPROVED_FOR_IMPORT,,EMAIL_ONLY_D2,10,0,0,0
13547,wc-completed,GBP,2025-08-11 23:50:31,59.90,APPROVED_FOR_IMPORT,,EMAIL_ONLY_D2,2,0,0,0
13548,wc-completed,GBP,2025-08-12 04:16:04,23.00,APPROVED_FOR_IMPORT,,EMAIL_ONLY_D2,1,0,0,0
13549,wc-completed,GBP,2025-08-12 05:27:53,28.38,APPROVED_FOR_IMPORT,,EMAIL_ONLY_D2,3,0,0,0
13550,wc-completed,GBP,2025-08-12 05:58:29,305.60,APPROVED_FOR_IMPORT,,EMAIL_ONLY_D2,15,0,0,0
13551,wc-completed,GBP,2025-08-12 06:56:16,36.50,APPROVED_FOR_IMPORT,,ASSOCIATE_GID,3,0,0,0
13552,wc-completed,GBP,2025-08-12 08:04:22,70.70,APPROVED_FOR_IMPORT,,EMAIL_ONLY_D2,4,0,0,0
13553,wc-completed,GBP,2025-08-12 08:19:34,66.18,APPROVED_FOR_IMPORT,,EMAIL_ONLY_D2,8,0,0,0
13554,wc-completed,GBP,2025-08-12 09:03:48,71.60,APPROVED_FOR_IMPORT,,EMAIL_ONLY_D2,3,0,0,0
13556,wc-completed,GBP,2025-08-12 09:45:40,94.10,APPROVED_FOR_IMPORT,,EMAIL_ONLY_D2,6,0,0,0
13557,wc-completed,GBP,2025-08-12 11:15:47,62.60,APPROVED_FOR_IMPORT,,EMAIL_ONLY_D2,4,0,0,0
13558,wc-completed,GBP,2025-08-12 13:52:49,31.10,APPROVED_FOR_IMPORT,,EMAIL_ONLY_D2,2,0,0,0
13559,wc-completed,GBP,2025-08-12 15:07:35,58.99,APPROVED_FOR_IMPORT,,EMAIL_ONLY_D2,4,0,0,0
13560,wc-completed,GBP,2025-08-12 15:12:55,37.40,APPROVED_FOR_IMPORT,,EMAIL_ONLY_D2,1,0,0,0
13562,wc-failed,GBP,2025-08-12 15:48:11,185.90,APPROVED_FOR_IMPORT,,EMAIL_ONLY_D2,14,2,2,0
13563,wc-completed,GBP,2025-08-12 15:49:56,185.90,APPROVED_FOR_IMPORT,,EMAIL_ONLY_D2,14,2,2,0
13564,wc-completed,GBP,2025-08-12 16:10:46,106.70,APPROVED_FOR_IMPORT,,EMAIL_ONLY_D2,6,0,0,0
13566,wc-completed,GBP,2025-08-12 19:32:30,60.80,APPROVED_FOR_IMPORT,,EMAIL_ONLY_D2,2,1,0,0
13567,wc-completed,GBP,2025-08-12 21:00:36,33.80,APPROVED_FOR_IMPORT,,EMAIL_ONLY_D2,2,0,0,0
13568,wc-completed,GBP,2025-08-12 21:53:33,73.40,APPROVED_FOR_IMPORT,,EMAIL_ONLY_D2,3,0,0,0
13569,wc-completed,GBP,2025-08-12 21:56:38,42.80,APPROVED_FOR_IMPORT,,EMAIL_ONLY_D2,2,0,0,0
13571,wc-completed,GBP,2025-08-12 22:22:40,79.70,APPROVED_FOR_IMPORT,,EMAIL_ONLY_D2,4,0,0,0
13573,wc-completed,GBP,2025-08-12 23:39:32,123.00,APPROVED_FOR_IMPORT,,ASSOCIATE_GID,3,0,0,0
13575,wc-completed,GBP,2025-08-13 06:35:16,50.00,APPROVED_FOR_IMPORT,,EMAIL_ONLY_D2,1,0,0,0
13576,wc-completed,GBP,2025-08-13 06:57:01,29.30,APPROVED_FOR_IMPORT,,EMAIL_ONLY_D2,1,0,0,0
13577,wc-completed,GBP,2025-08-13 07:43:20,6.80,APPROVED_FOR_IMPORT,,EMAIL_ONLY_D2,1,0,0,0
13578,wc-completed,GBP,2025-08-13 08:21:43,48.80,APPROVED_FOR_IMPORT,,EMAIL_ONLY_D2,2,0,0,0
13579,wc-completed,GBP,2025-08-13 08:29:44,23.00,APPROVED_FOR_IMPORT,,EMAIL_ONLY_D2,1,0,0,0
13581,wc-completed,GBP,2025-08-13 09:01:59,33.80,APPROVED_FOR_IMPORT,,EMAIL_ONLY_D2,1,0,0,0
13582,wc-completed,GBP,2025-08-13 09:19:33,43.70,APPROVED_FOR_IMPORT,,EMAIL_ONLY_D2,2,0,0,0
13583,wc-refunded,GBP,2025-08-13 11:20:11,62.58,APPROVED_FOR_IMPORT,,EMAIL_ONLY_D2,2,0,0,1
13584,wc-completed,GBP,2025-08-13 11:20:30,62.58,APPROVED_FOR_IMPORT,,EMAIL_ONLY_D2,2,0,0,0
13585,wc-completed,GBP,2025-08-13 11:24:40,110.00,APPROVED_FOR_IMPORT,,EMAIL_ONLY_D2,1,0,0,0
13588,wc-completed,GBP,2025-08-13 13:13:48,21.20,APPROVED_FOR_IMPORT,,EMAIL_ONLY_D2,1,0,0,0
13590,wc-failed,GBP,2025-08-13 14:57:16,16.70,APPROVED_FOR_IMPORT,,EMAIL_ONLY_D2,1,0,0,0
13591,wc-completed,GBP,2025-08-13 14:58:12,16.70,APPROVED_FOR_IMPORT,,EMAIL_ONLY_D2,1,0,0,0
13593,wc-completed,GBP,2025-08-13 15:11:17,39.20,APPROVED_FOR_IMPORT,,EMAIL_ONLY_D2,2,0,0,0
13594,wc-completed,GBP,2025-08-13 15:21:01,77.89,PENDING_DECISION,D-3_unmapped_customer,UNMAPPED,3,0,0,0
13595,wc-completed,GBP,2025-08-13 16:37:10,69.79,APPROVED_FOR_IMPORT,,EMAIL_ONLY_D2,3,0,0,0
13596,wc-failed,GBP,2025-08-13 17:01:30,29.29,APPROVED_FOR_IMPORT,,EMAIL_ONLY_D2,2,0,0,0
13597,wc-completed,GBP,2025-08-13 17:03:33,29.29,APPROVED_FOR_IMPORT,,EMAIL_ONLY_D2,2,0,0,0
13598,wc-completed,GBP,2025-08-13 18:17:21,90.50,APPROVED_FOR_IMPORT,,EMAIL_ONLY_D2,4,0,0,0
13599,wc-completed,GBP,2025-08-13 18:59:06,42.80,APPROVED_FOR_IMPORT,,EMAIL_ONLY_D2,2,0,0,0
13601,wc-completed,GBP,2025-08-13 19:49:10,47.29,APPROVED_FOR_IMPORT,,EMAIL_ONLY_D2,2,0,0,0
13602,wc-completed,GBP,2025-08-13 20:31:07,129.20,APPROVED_FOR_IMPORT,,ASSOCIATE_GID,4,0,0,0
13603,wc-completed,GBP,2025-08-13 20:59:33,32.00,APPROVED_FOR_IMPORT,,EMAIL_ONLY_D2,1,0,0,0
13604,wc-completed,GBP,2025-08-13 22:07:27,113.00,APPROVED_FOR_IMPORT,,EMAIL_ONLY_D2,1,0,0,0
13605,wc-completed,GBP,2025-08-13 22:20:43,137.29,APPROVED_FOR_IMPORT,,EMAIL_ONLY_D2,5,0,0,0
13606,wc-completed,GBP,2025-08-13 23:12:07,99.38,APPROVED_FOR_IMPORT,,EMAIL_ONLY_D2,7,0,0,0
13608,wc-completed,GBP,2025-08-14 05:50:44,32.00,APPROVED_FOR_IMPORT,,EMAIL_ONLY_D2,1,0,0,0
13610,wc-failed,GBP,2025-08-14 07:23:12,39.20,APPROVED_FOR_IMPORT,,ASSOCIATE_GID,2,0,0,0
13611,wc-completed,GBP,2025-08-14 07:27:24,23.00,APPROVED_FOR_IMPORT,,ASSOCIATE_GID,1,0,0,0
13612,wc-completed,GBP,2025-08-14 07:32:43,19.40,APPROVED_FOR_IMPORT,,EMAIL_ONLY_D2,1,0,0,0
13613,wc-completed,GBP,2025-08-14 08:17:43,55.40,APPROVED_FOR_IMPORT,,EMAIL_ONLY_D2,2,0,0,0
13615,wc-failed,GBP,2025-08-14 11:51:23,64.39,APPROVED_FOR_IMPORT,,EMAIL_ONLY_D2,5,0,0,0
13616,wc-completed,GBP,2025-08-14 12:09:34,51.80,APPROVED_FOR_IMPORT,,EMAIL_ONLY_D2,3,0,0,0
13618,wc-completed,GBP,2025-08-14 13:33:04,50.90,APPROVED_FOR_IMPORT,,EMAIL_ONLY_D2,3,0,0,0
13620,wc-failed,GBP,2025-08-14 14:01:10,44.60,APPROVED_FOR_IMPORT,,EMAIL_ONLY_D2,2,0,0,0
13621,wc-completed,GBP,2025-08-14 14:02:23,44.60,APPROVED_FOR_IMPORT,,EMAIL_ONLY_D2,2,0,0,0
13622,wc-refunded,GBP,2025-08-14 14:05:07,44.60,APPROVED_FOR_IMPORT,,EMAIL_ONLY_D2,2,0,0,1
13623,wc-cancelled,GBP,2025-08-14 14:05:30,79.70,APPROVED_FOR_IMPORT,,ASSOCIATE_GID,5,0,0,0
13624,wc-completed,GBP,2025-08-14 14:20:54,87.00,APPROVED_FOR_IMPORT,,EMAIL_ONLY_D2,1,0,0,0
13625,wc-completed,GBP,2025-08-14 15:31:28,21.20,APPROVED_FOR_IMPORT,,EMAIL_ONLY_D2,1,0,0,0
13627,wc-completed,GBP,2025-08-14 15:36:27,42.80,APPROVED_FOR_IMPORT,,EMAIL_ONLY_D2,2,0,0,0
13628,wc-failed,GBP,2025-08-14 15:42:15,50.00,APPROVED_FOR_IMPORT,,EMAIL_ONLY_D2,2,0,0,0
13629,wc-failed,GBP,2025-08-14 15:43:33,37.40,APPROVED_FOR_IMPORT,,EMAIL_ONLY_D2,2,0,0,0
13630,wc-completed,GBP,2025-08-14 15:46:23,37.40,APPROVED_FOR_IMPORT,,EMAIL_ONLY_D2,2,0,0,0
13631,wc-completed,GBP,2025-08-14 15:52:55,50.00,APPROVED_FOR_IMPORT,,EMAIL_ONLY_D2,2,0,0,0
13633,wc-completed,GBP,2025-08-14 16:21:03,60.80,APPROVED_FOR_IMPORT,,EMAIL_ONLY_D2,2,0,0,0
13634,wc-completed,GBP,2025-08-14 16:24:50,100.50,APPROVED_FOR_IMPORT,,EMAIL_ONLY_D2,2,0,0,0
13635,wc-completed,GBP,2025-08-14 16:44:35,32.00,APPROVED_FOR_IMPORT,,EMAIL_ONLY_D2,1,0,0,0
13637,wc-completed,GBP,2025-08-14 17:33:53,20.30,APPROVED_FOR_IMPORT,,EMAIL_ONLY_D2,1,0,0,0
13638,wc-completed,GBP,2025-08-14 17:39:13,56.00,APPROVED_FOR_IMPORT,,EMAIL_ONLY_D2,1,0,0,0
13639,wc-completed,GBP,2025-08-14 18:14:50,33.80,APPROVED_FOR_IMPORT,,EMAIL_ONLY_D2,1,0,0,0
13640,wc-completed,GBP,2025-08-14 18:16:08,84.80,APPROVED_FOR_IMPORT,,EMAIL_ONLY_D2,5,0,0,0
13641,wc-completed,GBP,2025-08-14 18:55:00,82.00,APPROVED_FOR_IMPORT,,ASSOCIATE_GID,1,0,0,0
13642,wc-completed,GBP,2025-08-14 18:57:40,23.00,APPROVED_FOR_IMPORT,,EMAIL_ONLY_D2,1,0,0,0
13643,wc-completed,GBP,2025-08-14 19:00:58,75.20,APPROVED_FOR_IMPORT,,EMAIL_ONLY_D2,3,0,0,0
13645,wc-completed,GBP,2025-08-14 19:55:23,27.50,APPROVED_FOR_IMPORT,,EMAIL_ONLY_D2,1,0,0,0
13646,wc-completed,GBP,2025-08-14 20:04:22,106.69,APPROVED_FOR_IMPORT,,EMAIL_ONLY_D2,6,0,0,0
13647,wc-completed,GBP,2025-08-14 20:31:25,87.00,APPROVED_FOR_IMPORT,,EMAIL_ONLY_D2,1,0,0,0
13650,wc-completed,GBP,2025-08-14 20:43:48,27.50,APPROVED_FOR_IMPORT,,EMAIL_ONLY_D2,1,0,0,0
13651,wc-completed,GBP,2025-08-14 20:55:49,152.46,APPROVED_FOR_IMPORT,,EMAIL_ONLY_D2,9,0,0,0
13653,wc-completed,GBP,2025-08-14 21:26:34,107.20,APPROVED_FOR_IMPORT,,ASSOCIATE_GID,2,0,0,0
13654,wc-completed,GBP,2025-08-14 21:30:54,55.39,APPROVED_FOR_IMPORT,,EMAIL_ONLY_D2,4,0,0,0
13655,wc-completed,GBP,2025-08-14 21:33:39,45.50,APPROVED_FOR_IMPORT,,EMAIL_ONLY_D2,2,0,0,0
13656,wc-completed,GBP,2025-08-14 21:34:07,110.00,APPROVED_FOR_IMPORT,,EMAIL_ONLY_D2,1,0,0,0
13657,wc-completed,GBP,2025-08-14 21:39:58,50.00,APPROVED_FOR_IMPORT,,EMAIL_ONLY_D2,2,0,0,0
13658,wc-completed,GBP,2025-08-14 21:52:07,110.27,APPROVED_FOR_IMPORT,,ASSOCIATE_GID,6,0,0,0
13659,wc-completed,GBP,2025-08-14 22:01:46,24.80,APPROVED_FOR_IMPORT,,EMAIL_ONLY_D2,2,0,0,0
13660,wc-completed,GBP,2025-08-14 22:11:16,122.89,APPROVED_FOR_IMPORT,,EMAIL_ONLY_D2,5,0,0,0
13661,wc-failed,GBP,2025-08-14 22:34:59,15.80,APPROVED_FOR_IMPORT,,EMAIL_ONLY_D2,3,0,0,0
13662,wc-completed,GBP,2025-08-14 22:38:01,15.80,APPROVED_FOR_IMPORT,,EMAIL_ONLY_D2,3,0,0,1
13663,wc-completed,GBP,2025-08-14 22:57:56,125.20,APPROVED_FOR_IMPORT,,EMAIL_ONLY_D2,4,0,0,0
13664,wc-completed,GBP,2025-08-14 22:58:56,100.00,APPROVED_FOR_IMPORT,,EMAIL_ONLY_D2,2,0,0,0
13665,wc-completed,GBP,2025-08-15 00:29:26,118.40,APPROVED_FOR_IMPORT,,ASSOCIATE_GID,6,0,0,0
13666,wc-completed,GBP,2025-08-15 01:37:06,115.80,APPROVED_FOR_IMPORT,,EMAIL_ONLY_D2,3,0,0,0
13667,wc-completed,GBP,2025-08-15 01:58:30,133.80,APPROVED_FOR_IMPORT,,EMAIL_ONLY_D2,4,0,0,0
13668,wc-completed,GBP,2025-08-15 03:12:02,72.50,APPROVED_FOR_IMPORT,,EMAIL_ONLY_D2,3,0,0,0
13669,wc-completed,GBP,2025-08-15 03:53:12,56.29,APPROVED_FOR_IMPORT,,EMAIL_ONLY_D2,4,0,0,0
13670,wc-completed,GBP,2025-08-15 06:03:11,168.80,APPROVED_FOR_IMPORT,,EMAIL_ONLY_D2,3,1,0,0
13671,wc-completed,GBP,2025-08-15 06:22:44,59.00,APPROVED_FOR_IMPORT,,EMAIL_ONLY_D2,2,0,0,0
13672,wc-completed,GBP,2025-08-15 06:33:17,41.00,APPROVED_FOR_IMPORT,,EMAIL_ONLY_D2,3,0,0,0
13673,wc-completed,GBP,2025-08-15 06:49:36,69.80,APPROVED_FOR_IMPORT,,EMAIL_ONLY_D2,2,0,0,0
13674,wc-completed,GBP,2025-08-15 08:03:21,32.00,APPROVED_FOR_IMPORT,,EMAIL_ONLY_D2,1,0,0,0
13675,wc-completed,GBP,2025-08-15 08:28:12,39.20,APPROVED_FOR_IMPORT,,EMAIL_ONLY_D2,2,0,0,0
13676,wc-completed,GBP,2025-08-15 08:49:10,78.80,APPROVED_FOR_IMPORT,,EMAIL_ONLY_D2,4,0,0,0
13677,wc-completed,GBP,2025-08-15 08:53:44,70.41,APPROVED_FOR_IMPORT,,EMAIL_ONLY_D2,3,0,0,0
13678,wc-completed,GBP,2025-08-15 09:31:02,23.00,APPROVED_FOR_IMPORT,,EMAIL_ONLY_D2,1,0,0,0
13679,wc-completed,GBP,2025-08-15 09:35:34,59.89,APPROVED_FOR_IMPORT,,EMAIL_ONLY_D2,2,0,0,0
13680,wc-completed,GBP,2025-08-15 10:17:33,23.00,APPROVED_FOR_IMPORT,,EMAIL_ONLY_D2,1,0,0,0
13681,wc-completed,GBP,2025-08-15 10:39:33,21.20,APPROVED_FOR_IMPORT,,EMAIL_ONLY_D2,1,0,0,0
13682,wc-completed,GBP,2025-08-15 12:31:43,26.54,APPROVED_FOR_IMPORT,,EMAIL_ONLY_D2,2,0,0,0
13685,wc-completed,GBP,2025-08-15 13:31:18,61.70,APPROVED_FOR_IMPORT,,EMAIL_ONLY_D2,3,0,0,0
13686,wc-completed,GBP,2025-08-15 13:33:25,170.60,APPROVED_FOR_IMPORT,,EMAIL_ONLY_D2,8,0,0,0
13687,wc-completed,GBP,2025-08-15 15:03:15,32.00,APPROVED_FOR_IMPORT,,EMAIL_ONLY_D2,2,0,0,0
13688,wc-completed,GBP,2025-08-15 15:08:54,20.30,APPROVED_FOR_IMPORT,,EMAIL_ONLY_D2,1,0,0,0
13689,wc-completed,GBP,2025-08-15 15:15:51,19.40,APPROVED_FOR_IMPORT,,EMAIL_ONLY_D2,1,0,0,0
13690,wc-completed,GBP,2025-08-15 15:53:42,87.00,APPROVED_FOR_IMPORT,,ASSOCIATE_GID,1,0,0,0
13691,wc-completed,GBP,2025-08-15 16:47:13,51.80,APPROVED_FOR_IMPORT,,EMAIL_ONLY_D2,3,0,0,0
13692,wc-completed,GBP,2025-08-15 17:01:11,23.00,APPROVED_FOR_IMPORT,,EMAIL_ONLY_D2,1,0,0,0
13693,wc-completed,GBP,2025-08-15 17:11:28,111.20,APPROVED_FOR_IMPORT,,EMAIL_ONLY_D2,5,0,0,0
13694,wc-completed,GBP,2025-08-15 17:16:45,72.50,APPROVED_FOR_IMPORT,,EMAIL_ONLY_D2,3,0,0,0
13695,wc-completed,GBP,2025-08-15 17:21:55,184.99,APPROVED_FOR_IMPORT,,EMAIL_ONLY_D2,9,0,0,0
13696,wc-failed,GBP,2025-08-15 17:39:49,145.40,APPROVED_FOR_IMPORT,,EMAIL_ONLY_D2,3,0,0,0
13697,wc-completed,GBP,2025-08-15 18:00:48,42.80,APPROVED_FOR_IMPORT,,EMAIL_ONLY_D2,2,0,0,0
13698,wc-completed,GBP,2025-08-15 18:14:16,42.80,APPROVED_FOR_IMPORT,,EMAIL_ONLY_D2,2,0,0,0
13699,wc-completed,GBP,2025-08-15 18:44:59,65.30,APPROVED_FOR_IMPORT,,EMAIL_ONLY_D2,3,0,0,0
13702,wc-completed,GBP,2025-08-15 20:32:28,77.00,APPROVED_FOR_IMPORT,,ASSOCIATE_GID,4,0,0,0
13703,wc-completed,GBP,2025-08-15 20:34:36,23.00,APPROVED_FOR_IMPORT,,ASSOCIATE_GID,1,0,0,0
13704,wc-completed,GBP,2025-08-15 21:22:26,17.60,APPROVED_FOR_IMPORT,,EMAIL_ONLY_D2,1,0,0,0
13705,wc-completed,GBP,2025-08-15 21:49:00,39.20,APPROVED_FOR_IMPORT,,EMAIL_ONLY_D2,2,0,0,0
13706,wc-completed,GBP,2025-08-15 22:17:35,98.59,APPROVED_FOR_IMPORT,,EMAIL_ONLY_D2,5,0,0,0
13707,wc-completed,GBP,2025-08-15 22:24:57,77.00,APPROVED_FOR_IMPORT,,EMAIL_ONLY_D2,4,0,0,0
13710,wc-completed,GBP,2025-08-16 04:35:53,84.20,APPROVED_FOR_IMPORT,,EMAIL_ONLY_D2,5,0,0,0
13711,wc-completed,GBP,2025-08-16 05:35:22,54.50,APPROVED_FOR_IMPORT,,EMAIL_ONLY_D2,3,0,0,0
13712,wc-completed,GBP,2025-08-16 06:04:28,87.00,APPROVED_FOR_IMPORT,,EMAIL_ONLY_D2,1,0,0,0
13713,wc-completed,GBP,2025-08-16 07:23:47,32.00,APPROVED_FOR_IMPORT,,EMAIL_ONLY_D2,1,0,0,0
13714,wc-completed,GBP,2025-08-16 07:24:48,37.40,APPROVED_FOR_IMPORT,,EMAIL_ONLY_D2,2,0,0,0
13715,wc-completed,GBP,2025-08-16 07:29:45,108.60,APPROVED_FOR_IMPORT,,EMAIL_ONLY_D2,2,0,0,0
13716,wc-completed,GBP,2025-08-16 09:25:10,23.00,APPROVED_FOR_IMPORT,,ASSOCIATE_GID,1,0,0,0
13717,wc-completed,GBP,2025-08-16 09:36:42,132.99,PENDING_DECISION,D-3_unmapped_customer,UNMAPPED,5,0,0,0
13718,wc-completed,GBP,2025-08-16 13:24:22,53.99,APPROVED_FOR_IMPORT,,EMAIL_ONLY_D2,3,0,0,0
13719,wc-completed,GBP,2025-08-16 13:39:40,93.00,APPROVED_FOR_IMPORT,,EMAIL_ONLY_D2,2,0,0,0
13720,wc-completed,GBP,2025-08-16 14:04:39,47.00,APPROVED_FOR_IMPORT,,EMAIL_ONLY_D2,2,0,0,0
13721,wc-failed,GBP,2025-08-16 16:33:03,20.00,APPROVED_FOR_IMPORT,,EMAIL_ONLY_D2,1,0,0,0
13722,wc-completed,GBP,2025-08-16 16:33:26,20.00,APPROVED_FOR_IMPORT,,EMAIL_ONLY_D2,1,0,0,0
13723,wc-completed,GBP,2025-08-16 18:11:47,87.00,APPROVED_FOR_IMPORT,,EMAIL_ONLY_D2,1,0,0,0
13725,wc-completed,GBP,2025-08-16 22:43:02,30.00,APPROVED_FOR_IMPORT,,EMAIL_ONLY_D2,1,0,0,0
13726,wc-completed,GBP,2025-08-16 22:51:30,108.00,APPROVED_FOR_IMPORT,,EMAIL_ONLY_D2,3,0,0,0
13727,wc-completed,GBP,2025-08-16 23:05:11,70.87,APPROVED_FOR_IMPORT,,EMAIL_ONLY_D2,5,0,0,0
13728,wc-completed,GBP,2025-08-17 02:32:40,22.00,APPROVED_FOR_IMPORT,,EMAIL_ONLY_D2,1,0,0,0
13729,wc-completed,GBP,2025-08-17 03:38:51,61.99,APPROVED_FOR_IMPORT,,EMAIL_ONLY_D2,4,0,0,0
13730,wc-completed,GBP,2025-08-17 11:47:54,68.00,APPROVED_FOR_IMPORT,,EMAIL_ONLY_D2,3,0,0,0
13731,wc-completed,GBP,2025-08-17 12:52:32,23.00,APPROVED_FOR_IMPORT,,EMAIL_ONLY_D2,3,0,0,0
13732,wc-completed,GBP,2025-08-17 14:32:32,47.00,APPROVED_FOR_IMPORT,,EMAIL_ONLY_D2,2,0,0,0
13733,wc-completed,GBP,2025-08-17 14:35:16,22.00,APPROVED_FOR_IMPORT,,EMAIL_ONLY_D2,1,0,0,0
13734,wc-completed,GBP,2025-08-17 22:59:15,47.00,APPROVED_FOR_IMPORT,,EMAIL_ONLY_D2,2,0,0,0
13736,wc-completed,GBP,2025-08-17 23:31:12,114.00,APPROVED_FOR_IMPORT,,EMAIL_ONLY_D2,7,0,0,0
13737,wc-completed,GBP,2025-08-18 03:42:28,65.97,APPROVED_FOR_IMPORT,,EMAIL_ONLY_D2,4,0,0,0
13739,wc-completed,GBP,2025-08-18 08:09:32,25.00,APPROVED_FOR_IMPORT,,EMAIL_ONLY_D2,1,0,0,0
13741,wc-completed,GBP,2025-08-18 12:07:49,25.00,APPROVED_FOR_IMPORT,,EMAIL_ONLY_D2,1,0,0,0
13745,wc-completed,GBP,2025-08-18 12:42:26,34.00,APPROVED_FOR_IMPORT,,EMAIL_ONLY_D2,2,0,0,0
13746,wc-completed,GBP,2025-08-18 12:42:39,41.00,APPROVED_FOR_IMPORT,,ASSOCIATE_GID,2,0,0,0
13747,wc-completed,GBP,2025-08-18 13:34:16,31.00,APPROVED_FOR_IMPORT,,EMAIL_ONLY_D2,1,0,0,0
13748,wc-completed,GBP,2025-08-18 15:38:37,138.00,APPROVED_FOR_IMPORT,,ASSOCIATE_GID,7,0,0,0
13749,wc-completed,GBP,2025-08-18 15:50:51,30.00,APPROVED_FOR_IMPORT,,EMAIL_ONLY_D2,1,0,0,0
13752,wc-completed,GBP,2025-08-18 18:15:12,39.00,APPROVED_FOR_IMPORT,,EMAIL_ONLY_D2,2,0,0,0
13753,wc-completed,GBP,2025-08-18 18:17:16,53.00,APPROVED_FOR_IMPORT,,EMAIL_ONLY_D2,2,0,0,0
13754,wc-completed,GBP,2025-08-18 20:58:19,49.00,APPROVED_FOR_IMPORT,,EMAIL_ONLY_D2,3,0,0,0
13755,wc-completed,GBP,2025-08-19 06:57:57,129.00,APPROVED_FOR_IMPORT,,EMAIL_ONLY_D2,3,0,0,0
13757,wc-completed,GBP,2025-08-19 09:41:12,75.00,APPROVED_FOR_IMPORT,,EMAIL_ONLY_D2,2,0,0,0
13758,wc-completed,GBP,2025-08-19 10:14:12,43.00,APPROVED_FOR_IMPORT,,EMAIL_ONLY_D2,2,0,0,0
13760,wc-failed,GBP,2025-08-19 16:56:16,54.00,APPROVED_FOR_IMPORT,,EMAIL_ONLY_D2,2,0,0,0
13761,wc-completed,GBP,2025-08-19 16:58:14,54.00,APPROVED_FOR_IMPORT,,EMAIL_ONLY_D2,2,0,0,0
13762,wc-completed,GBP,2025-08-19 17:17:09,15.00,APPROVED_FOR_IMPORT,,EMAIL_ONLY_D2,1,0,0,0
13763,wc-completed,GBP,2025-08-19 17:32:12,74.00,APPROVED_FOR_IMPORT,,EMAIL_ONLY_D2,4,0,0,0
13764,wc-completed,GBP,2025-08-19 19:35:14,46.00,APPROVED_FOR_IMPORT,,EMAIL_ONLY_D2,2,0,0,0
13766,wc-completed,GBP,2025-08-20 02:09:38,171.00,APPROVED_FOR_IMPORT,,EMAIL_ONLY_D2,8,0,0,0
13767,wc-completed,GBP,2025-08-20 04:43:17,59.00,APPROVED_FOR_IMPORT,,EMAIL_ONLY_D2,2,0,0,0
13768,wc-completed,GBP,2025-08-20 10:15:41,25.00,APPROVED_FOR_IMPORT,,EMAIL_ONLY_D2,1,0,0,0
13769,wc-completed,GBP,2025-08-20 10:42:24,61.00,APPROVED_FOR_IMPORT,,EMAIL_ONLY_D2,3,0,0,0
13771,wc-cancelled,GBP,2025-08-20 11:18:38,59.00,APPROVED_FOR_IMPORT,,ASSOCIATE_GID,3,0,0,0
13772,wc-completed,GBP,2025-08-20 12:27:01,35.00,APPROVED_FOR_IMPORT,,EMAIL_ONLY_D2,2,0,0,0
13773,wc-completed,GBP,2025-08-20 12:53:48,27.00,APPROVED_FOR_IMPORT,,EMAIL_ONLY_D2,1,0,0,0
13774,wc-completed,GBP,2025-08-20 14:31:58,72.50,APPROVED_FOR_IMPORT,,EMAIL_ONLY_D2,1,0,0,0
13775,wc-completed,GBP,2025-08-20 16:15:40,144.00,APPROVED_FOR_IMPORT,,EMAIL_ONLY_D2,5,0,0,0
13776,wc-completed,GBP,2025-08-20 16:37:13,25.00,PENDING_DECISION,D-3_unmapped_customer,UNMAPPED,1,0,0,0
13777,wc-completed,GBP,2025-08-20 19:39:56,20.00,APPROVED_FOR_IMPORT,,EMAIL_ONLY_D2,1,0,0,0
13779,wc-completed,GBP,2025-08-20 20:04:00,45.00,APPROVED_FOR_IMPORT,,ASSOCIATE_GID,1,0,0,0
13781,wc-completed,GBP,2025-08-21 05:25:06,146.50,APPROVED_FOR_IMPORT,,EMAIL_ONLY_D2,3,0,0,0
13782,wc-completed,GBP,2025-08-21 06:53:40,45.00,APPROVED_FOR_IMPORT,,EMAIL_ONLY_D2,1,0,0,0
13783,wc-completed,GBP,2025-08-21 06:55:22,109.00,APPROVED_FOR_IMPORT,,EMAIL_ONLY_D2,2,0,0,0
13784,wc-completed,GBP,2025-08-21 07:10:57,70.00,APPROVED_FOR_IMPORT,,EMAIL_ONLY_D2,2,0,0,0
13786,wc-failed,GBP,2025-08-21 09:37:07,24.00,APPROVED_FOR_IMPORT,,EMAIL_ONLY_D2,1,0,0,0
13787,wc-completed,GBP,2025-08-21 09:38:31,24.00,APPROVED_FOR_IMPORT,,EMAIL_ONLY_D2,1,0,0,0
13789,wc-refunded,GBP,2025-08-21 10:38:38,25.00,APPROVED_FOR_IMPORT,,EMAIL_ONLY_D2,1,0,0,1
13790,wc-completed,GBP,2025-08-21 10:51:15,49.00,APPROVED_FOR_IMPORT,,EMAIL_ONLY_D2,1,0,0,0
13792,wc-completed,GBP,2025-08-21 12:13:52,56.00,APPROVED_FOR_IMPORT,,EMAIL_ONLY_D2,3,0,0,0
13793,wc-completed,GBP,2025-08-21 14:26:43,61.00,APPROVED_FOR_IMPORT,,EMAIL_ONLY_D2,3,0,0,0
13795,wc-completed,GBP,2025-08-21 17:16:08,62.83,APPROVED_FOR_IMPORT,,EMAIL_ONLY_D2,4,0,0,0
13796,wc-completed,GBP,2025-08-21 17:28:38,56.00,APPROVED_FOR_IMPORT,,EMAIL_ONLY_D2,2,0,0,0
13797,wc-failed,GBP,2025-08-21 17:52:17,46.00,APPROVED_FOR_IMPORT,,EMAIL_ONLY_D2,2,0,0,0
13799,wc-completed,GBP,2025-08-21 18:19:29,46.00,APPROVED_FOR_IMPORT,,EMAIL_ONLY_D2,2,0,0,0
13801,wc-completed,GBP,2025-08-21 21:54:35,40.99,APPROVED_FOR_IMPORT,,EMAIL_ONLY_D2,1,0,0,0
13802,wc-completed,GBP,2025-08-22 04:57:27,77.00,APPROVED_FOR_IMPORT,,EMAIL_ONLY_D2,4,0,0,0
13803,wc-completed,GBP,2025-08-22 06:25:44,35.00,APPROVED_FOR_IMPORT,,EMAIL_ONLY_D2,1,0,0,0
13804,wc-completed,GBP,2025-08-22 06:43:24,43.00,APPROVED_FOR_IMPORT,,ASSOCIATE_GID,2,0,0,0
13805,wc-completed,GBP,2025-08-22 07:18:48,25.00,APPROVED_FOR_IMPORT,,EMAIL_ONLY_D2,1,0,0,0
13806,wc-completed,GBP,2025-08-22 07:54:50,109.00,APPROVED_FOR_IMPORT,,EMAIL_ONLY_D2,2,0,0,0
13807,wc-completed,GBP,2025-08-22 08:07:21,112.00,APPROVED_FOR_IMPORT,,EMAIL_ONLY_D2,3,0,0,0
13808,wc-completed,GBP,2025-08-22 08:35:29,85.00,APPROVED_FOR_IMPORT,,EMAIL_ONLY_D2,1,0,0,0
13809,wc-completed,GBP,2025-08-22 08:44:49,464.00,APPROVED_FOR_IMPORT,,ASSOCIATE_GID,9,0,0,0
13811,wc-completed,GBP,2025-08-22 13:00:10,17.00,APPROVED_FOR_IMPORT,,EMAIL_ONLY_D2,1,0,0,0
13812,wc-completed,GBP,2025-08-22 13:07:33,85.00,APPROVED_FOR_IMPORT,,EMAIL_ONLY_D2,4,0,0,0
13813,wc-completed,GBP,2025-08-22 13:22:04,39.00,APPROVED_FOR_IMPORT,,EMAIL_ONLY_D2,2,0,0,0
13815,wc-completed,GBP,2025-08-22 13:47:16,27.00,APPROVED_FOR_IMPORT,,ASSOCIATE_GID,1,0,0,0
13816,wc-completed,GBP,2025-08-22 15:29:47,34.00,APPROVED_FOR_IMPORT,,EMAIL_ONLY_D2,3,0,0,0
13817,wc-completed,GBP,2025-08-22 15:42:19,83.99,APPROVED_FOR_IMPORT,,EMAIL_ONLY_D2,3,0,0,0
13818,wc-completed,GBP,2025-08-22 16:19:39,60.00,APPROVED_FOR_IMPORT,,EMAIL_ONLY_D2,3,0,0,0
13819,wc-completed,GBP,2025-08-22 16:41:38,74.68,APPROVED_FOR_IMPORT,,EMAIL_ONLY_D2,3,0,0,0
13820,wc-completed,GBP,2025-08-22 17:00:10,45.00,PENDING_DECISION,D-3_unmapped_customer,UNMAPPED,2,0,0,0
13822,wc-completed,GBP,2025-08-22 19:05:54,35.00,APPROVED_FOR_IMPORT,,EMAIL_ONLY_D2,2,0,0,0
13823,wc-completed,GBP,2025-08-22 19:09:16,30.00,APPROVED_FOR_IMPORT,,EMAIL_ONLY_D2,1,0,0,0
13824,wc-completed,GBP,2025-08-22 22:33:17,70.99,APPROVED_FOR_IMPORT,,EMAIL_ONLY_D2,2,0,0,0
13825,wc-completed,GBP,2025-08-22 23:58:22,85.00,APPROVED_FOR_IMPORT,,EMAIL_ONLY_D2,2,0,0,0
13826,wc-completed,GBP,2025-08-23 02:00:30,45.00,APPROVED_FOR_IMPORT,,EMAIL_ONLY_D2,2,0,0,0
13827,wc-completed,GBP,2025-08-23 06:21:33,23.00,APPROVED_FOR_IMPORT,,EMAIL_ONLY_D2,1,0,0,0
13828,wc-completed,GBP,2025-08-23 08:25:23,23.00,APPROVED_FOR_IMPORT,,EMAIL_ONLY_D2,1,0,0,0
13829,wc-failed,GBP,2025-08-23 12:12:38,73.00,APPROVED_FOR_IMPORT,,ASSOCIATE_GID,3,0,0,0
13830,wc-completed,GBP,2025-08-23 12:17:50,73.00,APPROVED_FOR_IMPORT,,ASSOCIATE_GID,3,0,0,0
13831,wc-completed,GBP,2025-08-23 13:02:28,22.00,APPROVED_FOR_IMPORT,,EMAIL_ONLY_D2,1,0,0,0
13832,wc-refunded,GBP,2025-08-23 13:37:04,30.00,APPROVED_FOR_IMPORT,,EMAIL_ONLY_D2,1,0,0,1
13833,wc-completed,GBP,2025-08-23 14:21:02,171.00,APPROVED_FOR_IMPORT,,EMAIL_ONLY_D2,9,1,1,0
13834,wc-failed,GBP,2025-08-23 14:28:04,51.00,APPROVED_FOR_IMPORT,,EMAIL_ONLY_D2,2,0,0,0
13835,wc-completed,GBP,2025-08-23 14:33:23,51.00,APPROVED_FOR_IMPORT,,EMAIL_ONLY_D2,2,0,0,0
13836,wc-completed,GBP,2025-08-23 15:18:59,52.00,APPROVED_FOR_IMPORT,,EMAIL_ONLY_D2,2,0,0,0
13837,wc-completed,GBP,2025-08-23 17:01:09,100.00,APPROVED_FOR_IMPORT,,ASSOCIATE_GID,4,0,0,0
13838,wc-completed,GBP,2025-08-23 17:01:25,100.00,APPROVED_FOR_IMPORT,,EMAIL_ONLY_D2,2,0,0,0
13840,wc-completed,GBP,2025-08-23 18:46:41,179.50,APPROVED_FOR_IMPORT,,ASSOCIATE_GID,4,0,0,0
13841,wc-completed,GBP,2025-08-23 21:14:51,60.00,APPROVED_FOR_IMPORT,,EMAIL_ONLY_D2,2,0,0,0
13842,wc-completed,GBP,2025-08-24 00:57:37,45.00,APPROVED_FOR_IMPORT,,EMAIL_ONLY_D2,1,0,0,0
13843,wc-completed,GBP,2025-08-24 02:59:58,25.00,APPROVED_FOR_IMPORT,,EMAIL_ONLY_D2,1,0,0,0
13844,wc-completed,GBP,2025-08-24 06:18:30,25.00,APPROVED_FOR_IMPORT,,EMAIL_ONLY_D2,1,0,0,0
13846,wc-completed,GBP,2025-08-24 11:03:46,45.00,APPROVED_FOR_IMPORT,,ASSOCIATE_GID,2,0,0,0
13848,wc-failed,GBP,2025-08-24 17:45:10,78.00,APPROVED_FOR_IMPORT,,EMAIL_ONLY_D2,4,0,0,0
13849,wc-completed,GBP,2025-08-24 18:27:59,55.00,APPROVED_FOR_IMPORT,,EMAIL_ONLY_D2,3,0,0,1
13850,wc-completed,GBP,2025-08-24 19:17:08,60.99,APPROVED_FOR_IMPORT,,EMAIL_ONLY_D2,4,0,0,1
13853,wc-completed,GBP,2025-08-24 21:06:55,114.00,APPROVED_FOR_IMPORT,,EMAIL_ONLY_D2,3,0,0,0
13854,wc-completed,GBP,2025-08-24 21:26:41,68.00,APPROVED_FOR_IMPORT,,EMAIL_ONLY_D2,3,0,0,0
13855,wc-completed,GBP,2025-08-24 21:58:53,76.00,APPROVED_FOR_IMPORT,,EMAIL_ONLY_D2,3,0,0,0
13856,wc-completed,GBP,2025-08-24 23:30:48,61.00,APPROVED_FOR_IMPORT,,EMAIL_ONLY_D2,3,0,0,0
13857,wc-completed,GBP,2025-08-25 06:30:43,59.00,APPROVED_FOR_IMPORT,,EMAIL_ONLY_D2,3,0,0,0
13858,wc-completed,GBP,2025-08-25 07:41:20,39.00,APPROVED_FOR_IMPORT,,EMAIL_ONLY_D2,2,0,0,0
13859,wc-failed,GBP,2025-08-25 08:29:57,21.00,APPROVED_FOR_IMPORT,,ASSOCIATE_GID,1,0,0,0
13860,wc-completed,GBP,2025-08-25 08:38:24,21.00,APPROVED_FOR_IMPORT,,ASSOCIATE_GID,1,0,0,0
13863,wc-completed,GBP,2025-08-25 11:40:34,41.00,APPROVED_FOR_IMPORT,,EMAIL_ONLY_D2,2,0,0,0
13865,wc-completed,GBP,2025-08-25 12:39:40,97.50,APPROVED_FOR_IMPORT,,EMAIL_ONLY_D2,2,0,0,0
13866,wc-completed,GBP,2025-08-25 14:28:19,47.00,APPROVED_FOR_IMPORT,,EMAIL_ONLY_D2,2,0,0,0
13867,wc-completed,GBP,2025-08-25 15:16:57,22.00,APPROVED_FOR_IMPORT,,EMAIL_ONLY_D2,1,0,0,0
13868,wc-completed,GBP,2025-08-25 16:28:46,60.99,APPROVED_FOR_IMPORT,,ASSOCIATE_GID,2,0,0,0
13869,wc-completed,GBP,2025-08-25 16:38:33,65.00,APPROVED_FOR_IMPORT,,EMAIL_ONLY_D2,3,0,0,0
13870,wc-completed,GBP,2025-08-25 17:03:12,30.00,APPROVED_FOR_IMPORT,,EMAIL_ONLY_D2,2,0,0,0
13872,wc-completed,GBP,2025-08-25 20:10:11,27.00,APPROVED_FOR_IMPORT,,EMAIL_ONLY_D2,1,0,0,0
13873,wc-completed,GBP,2025-08-25 20:32:13,57.00,APPROVED_FOR_IMPORT,,EMAIL_ONLY_D2,2,0,0,0
13875,wc-completed,GBP,2025-08-25 21:41:08,30.00,APPROVED_FOR_IMPORT,,EMAIL_ONLY_D2,1,0,0,0
13876,wc-completed,GBP,2025-08-26 00:41:25,62.00,APPROVED_FOR_IMPORT,,EMAIL_ONLY_D2,3,0,0,0
13879,wc-completed,GBP,2025-08-26 10:07:10,35.00,APPROVED_FOR_IMPORT,,EMAIL_ONLY_D2,1,0,0,0
13880,wc-completed,GBP,2025-08-26 10:30:51,32.00,APPROVED_FOR_IMPORT,,EMAIL_ONLY_D2,1,0,0,0
13881,wc-completed,GBP,2025-08-26 10:31:11,71.00,APPROVED_FOR_IMPORT,,ASSOCIATE_GID,3,0,0,0
13883,wc-completed,GBP,2025-08-26 12:25:29,82.00,APPROVED_FOR_IMPORT,,EMAIL_ONLY_D2,1,0,0,0
13885,wc-completed,GBP,2025-08-26 17:21:09,62.00,APPROVED_FOR_IMPORT,,EMAIL_ONLY_D2,4,0,0,0
13886,wc-completed,GBP,2025-08-26 17:55:09,142.00,APPROVED_FOR_IMPORT,,EMAIL_ONLY_D2,6,0,0,0
13904,wc-completed,GBP,2025-08-26 20:20:48,63.00,APPROVED_FOR_IMPORT,,EMAIL_ONLY_D2,3,0,0,0
13907,wc-completed,GBP,2025-08-26 20:26:12,41.00,APPROVED_FOR_IMPORT,,EMAIL_ONLY_D2,2,0,0,0
13931,wc-completed,GBP,2025-08-26 21:44:28,30.00,APPROVED_FOR_IMPORT,,ASSOCIATE_GID,1,0,0,0
13937,wc-completed,GBP,2025-08-26 22:35:33,47.00,APPROVED_FOR_IMPORT,,EMAIL_ONLY_D2,2,0,0,0
13938,wc-completed,GBP,2025-08-26 22:42:05,171.99,APPROVED_FOR_IMPORT,,ASSOCIATE_GID,7,0,0,0
13939,wc-completed,GBP,2025-08-27 01:07:59,116.00,APPROVED_FOR_IMPORT,,EMAIL_ONLY_D2,5,0,0,0
13940,wc-completed,GBP,2025-08-27 04:14:47,72.00,APPROVED_FOR_IMPORT,,EMAIL_ONLY_D2,4,0,0,0
13941,wc-completed,GBP,2025-08-27 04:23:48,55.00,APPROVED_FOR_IMPORT,,EMAIL_ONLY_D2,2,0,0,0
13942,wc-completed,GBP,2025-08-27 06:26:42,126.99,APPROVED_FOR_IMPORT,,EMAIL_ONLY_D2,7,0,0,0
13944,wc-failed,GBP,2025-08-27 09:43:46,95.00,APPROVED_FOR_IMPORT,,EMAIL_ONLY_D2,6,0,0,0
13945,wc-completed,GBP,2025-08-27 11:03:01,22.00,APPROVED_FOR_IMPORT,,EMAIL_ONLY_D2,1,0,0,0
13946,wc-completed,GBP,2025-08-27 11:27:11,56.00,APPROVED_FOR_IMPORT,,EMAIL_ONLY_D2,1,0,0,0
13947,wc-completed,GBP,2025-08-27 11:40:53,47.00,APPROVED_FOR_IMPORT,,EMAIL_ONLY_D2,2,0,0,0
13948,wc-completed,GBP,2025-08-27 11:54:51,177.00,APPROVED_FOR_IMPORT,,EMAIL_ONLY_D2,9,0,0,0
13949,wc-failed,GBP,2025-08-27 13:17:12,85.00,APPROVED_FOR_IMPORT,,EMAIL_ONLY_D2,2,0,0,0
13950,wc-completed,GBP,2025-08-27 13:18:09,85.00,APPROVED_FOR_IMPORT,,EMAIL_ONLY_D2,2,0,0,0
13951,wc-completed,GBP,2025-08-27 13:20:45,40.99,APPROVED_FOR_IMPORT,,EMAIL_ONLY_D2,1,0,0,0
13952,wc-completed,GBP,2025-08-27 13:24:48,25.00,APPROVED_FOR_IMPORT,,EMAIL_ONLY_D2,1,0,0,0
13953,wc-completed,GBP,2025-08-27 13:46:54,31.98,APPROVED_FOR_IMPORT,,EMAIL_ONLY_D2,3,0,0,0
13954,wc-completed,GBP,2025-08-27 15:10:31,25.00,APPROVED_FOR_IMPORT,,EMAIL_ONLY_D2,1,0,0,0
13955,wc-completed,GBP,2025-08-27 15:11:45,36.00,APPROVED_FOR_IMPORT,,EMAIL_ONLY_D2,2,0,0,0
13957,wc-completed,GBP,2025-08-27 17:45:59,26.00,APPROVED_FOR_IMPORT,,EMAIL_ONLY_D2,2,0,0,0
13958,wc-completed,GBP,2025-08-27 19:52:55,94.00,APPROVED_FOR_IMPORT,,EMAIL_ONLY_D2,4,0,0,0
13959,wc-completed,GBP,2025-08-27 20:17:59,35.00,APPROVED_FOR_IMPORT,,EMAIL_ONLY_D2,1,0,0,0
13961,wc-completed,GBP,2025-08-27 22:04:40,37.00,APPROVED_FOR_IMPORT,,EMAIL_ONLY_D2,1,0,0,0
13962,wc-completed,GBP,2025-08-28 06:48:48,17.00,APPROVED_FOR_IMPORT,,ASSOCIATE_GID,1,0,0,0
13963,wc-completed,GBP,2025-08-28 07:06:33,23.00,APPROVED_FOR_IMPORT,,EMAIL_ONLY_D2,1,0,0,0
13964,wc-completed,GBP,2025-08-28 07:52:18,32.00,APPROVED_FOR_IMPORT,,EMAIL_ONLY_D2,1,0,0,0
13965,wc-refunded,GBP,2025-08-28 08:18:20,56.00,APPROVED_FOR_IMPORT,,EMAIL_ONLY_D2,1,0,0,1
13966,wc-completed,GBP,2025-08-28 09:16:27,33.99,APPROVED_FOR_IMPORT,,EMAIL_ONLY_D2,1,0,0,0
13967,wc-completed,GBP,2025-08-28 09:19:36,22.00,APPROVED_FOR_IMPORT,,EMAIL_ONLY_D2,1,0,0,0
13968,wc-completed,GBP,2025-08-28 11:13:47,189.00,APPROVED_FOR_IMPORT,,EMAIL_ONLY_D2,2,1,0,0
13969,wc-completed,GBP,2025-08-28 11:18:22,105.00,APPROVED_FOR_IMPORT,,EMAIL_ONLY_D2,3,0,0,0
13970,wc-completed,GBP,2025-08-28 11:37:46,114.00,APPROVED_FOR_IMPORT,,EMAIL_ONLY_D2,3,0,0,0
13971,wc-failed,GBP,2025-08-28 11:41:43,109.00,APPROVED_FOR_IMPORT,,EMAIL_ONLY_D2,3,0,0,0
13972,wc-completed,GBP,2025-08-28 12:24:31,148.50,APPROVED_FOR_IMPORT,,ASSOCIATE_GID,6,0,0,0
13973,wc-completed,GBP,2025-08-28 15:44:55,69.99,APPROVED_FOR_IMPORT,,EMAIL_ONLY_D2,6,0,0,0
13975,wc-completed,GBP,2025-08-28 17:10:13,100.00,APPROVED_FOR_IMPORT,,EMAIL_ONLY_D2,1,0,0,0
13976,wc-completed,GBP,2025-08-28 17:16:35,81.00,APPROVED_FOR_IMPORT,,EMAIL_ONLY_D2,4,0,0,0
13977,wc-completed,GBP,2025-08-28 18:17:33,45.00,APPROVED_FOR_IMPORT,,EMAIL_ONLY_D2,2,0,0,0
13978,wc-completed,GBP,2025-08-28 18:17:59,75.00,APPROVED_FOR_IMPORT,,EMAIL_ONLY_D2,3,0,0,0
13979,wc-completed,GBP,2025-08-28 18:48:06,77.00,APPROVED_FOR_IMPORT,,EMAIL_ONLY_D2,4,0,0,0
13980,wc-completed,GBP,2025-08-28 19:31:56,65.00,APPROVED_FOR_IMPORT,,EMAIL_ONLY_D2,1,0,0,0
13983,wc-completed,GBP,2025-08-28 20:41:06,101.00,APPROVED_FOR_IMPORT,,EMAIL_ONLY_D2,4,0,0,0
13984,wc-completed,GBP,2025-08-28 21:17:50,32.00,APPROVED_FOR_IMPORT,,EMAIL_ONLY_D2,1,0,0,0
13986,wc-completed,GBP,2025-08-28 22:54:02,27.00,APPROVED_FOR_IMPORT,,EMAIL_ONLY_D2,1,0,0,0
13987,wc-completed,GBP,2025-08-29 01:28:55,57.00,APPROVED_FOR_IMPORT,,EMAIL_ONLY_D2,2,0,0,0
13988,wc-completed,GBP,2025-08-29 02:26:32,42.00,APPROVED_FOR_IMPORT,,EMAIL_ONLY_D2,2,0,0,0
13989,wc-completed,GBP,2025-08-29 07:47:58,33.00,APPROVED_FOR_IMPORT,,EMAIL_ONLY_D2,2,0,0,0
13990,wc-failed,GBP,2025-08-29 07:58:56,41.00,APPROVED_FOR_IMPORT,,EMAIL_ONLY_D2,2,0,0,0
13991,wc-completed,GBP,2025-08-29 07:59:56,41.00,APPROVED_FOR_IMPORT,,EMAIL_ONLY_D2,2,0,0,0
13992,wc-completed,GBP,2025-08-29 10:58:20,25.00,APPROVED_FOR_IMPORT,,EMAIL_ONLY_D2,1,0,0,0
13993,wc-completed,GBP,2025-08-29 11:43:05,55.00,APPROVED_FOR_IMPORT,,EMAIL_ONLY_D2,3,0,0,0
13994,wc-completed,GBP,2025-08-29 12:19:26,53.00,APPROVED_FOR_IMPORT,,EMAIL_ONLY_D2,2,0,0,0
13995,wc-completed,GBP,2025-08-29 12:28:00,25.00,APPROVED_FOR_IMPORT,,EMAIL_ONLY_D2,1,0,0,0
13997,wc-completed,GBP,2025-08-29 13:11:13,56.00,APPROVED_FOR_IMPORT,,EMAIL_ONLY_D2,1,0,0,0
13998,wc-completed,GBP,2025-08-29 13:29:04,84.00,APPROVED_FOR_IMPORT,,EMAIL_ONLY_D2,5,0,0,0
13999,wc-completed,GBP,2025-08-29 14:55:26,150.00,APPROVED_FOR_IMPORT,,EMAIL_ONLY_D2,1,1,0,0
14000,wc-completed,GBP,2025-08-29 14:58:10,39.00,APPROVED_FOR_IMPORT,,EMAIL_ONLY_D2,2,0,0,0
14001,wc-failed,GBP,2025-08-29 15:26:06,24.00,APPROVED_FOR_IMPORT,,EMAIL_ONLY_D2,1,0,0,0
14002,wc-completed,GBP,2025-08-29 15:26:51,24.00,APPROVED_FOR_IMPORT,,EMAIL_ONLY_D2,1,0,0,0
14003,wc-completed,GBP,2025-08-29 16:11:42,20.00,APPROVED_FOR_IMPORT,,EMAIL_ONLY_D2,1,0,0,0
14004,wc-completed,GBP,2025-08-29 16:43:41,167.99,APPROVED_FOR_IMPORT,,EMAIL_ONLY_D2,8,0,0,0
14005,wc-completed,GBP,2025-08-29 16:54:25,45.00,APPROVED_FOR_IMPORT,,EMAIL_ONLY_D2,2,0,0,0
14006,wc-completed,GBP,2025-08-29 17:04:41,67.00,APPROVED_FOR_IMPORT,,ASSOCIATE_GID,3,0,0,0
14007,wc-completed,GBP,2025-08-29 18:30:33,65.00,APPROVED_FOR_IMPORT,,EMAIL_ONLY_D2,2,0,0,0
14008,wc-completed,GBP,2025-08-29 18:43:18,21.00,APPROVED_FOR_IMPORT,,EMAIL_ONLY_D2,1,0,0,0
14009,wc-completed,GBP,2025-08-29 21:06:35,30.00,APPROVED_FOR_IMPORT,,EMAIL_ONLY_D2,1,0,0,0
14010,wc-completed,GBP,2025-08-29 22:43:41,45.00,APPROVED_FOR_IMPORT,,EMAIL_ONLY_D2,1,0,0,0
14011,wc-completed,GBP,2025-08-29 23:02:16,65.00,APPROVED_FOR_IMPORT,,EMAIL_ONLY_D2,3,0,0,0
14013,wc-completed,GBP,2025-08-30 06:37:16,50.00,APPROVED_FOR_IMPORT,,ASSOCIATE_GID,3,0,0,0
14015,wc-completed,GBP,2025-08-30 09:25:20,63.00,APPROVED_FOR_IMPORT,,ASSOCIATE_GID,3,0,0,0
14016,wc-completed,GBP,2025-08-30 10:26:26,118.00,APPROVED_FOR_IMPORT,,EMAIL_ONLY_D2,5,0,0,0
14017,wc-completed,GBP,2025-08-30 12:06:07,74.00,APPROVED_FOR_IMPORT,,EMAIL_ONLY_D2,3,0,0,0
14018,wc-completed,GBP,2025-08-30 12:46:48,84.00,APPROVED_FOR_IMPORT,,EMAIL_ONLY_D2,3,0,0,0
14019,wc-refunded,GBP,2025-08-30 15:38:11,30.00,APPROVED_FOR_IMPORT,,EMAIL_ONLY_D2,1,0,0,1
14020,wc-completed,GBP,2025-08-30 16:01:19,77.00,APPROVED_FOR_IMPORT,,EMAIL_ONLY_D2,4,0,0,0
14022,wc-completed,GBP,2025-08-30 18:06:21,45.00,APPROVED_FOR_IMPORT,,EMAIL_ONLY_D2,1,0,0,0
14023,wc-completed,GBP,2025-08-30 19:57:50,22.00,APPROVED_FOR_IMPORT,,EMAIL_ONLY_D2,1,0,0,0
14024,wc-completed,GBP,2025-08-30 20:15:10,56.00,APPROVED_FOR_IMPORT,,ASSOCIATE_GID,1,0,0,0
14026,wc-completed,GBP,2025-08-30 21:11:47,102.00,APPROVED_FOR_IMPORT,,EMAIL_ONLY_D2,5,0,0,0
14027,wc-completed,GBP,2025-08-31 05:20:51,25.00,APPROVED_FOR_IMPORT,,EMAIL_ONLY_D2,1,0,0,0
14028,wc-completed,GBP,2025-08-31 05:58:44,55.00,APPROVED_FOR_IMPORT,,EMAIL_ONLY_D2,2,0,0,0
14030,wc-completed,GBP,2025-08-31 09:28:54,30.00,APPROVED_FOR_IMPORT,,EMAIL_ONLY_D2,1,0,0,0
14033,wc-failed,GBP,2025-08-31 10:27:22,87.00,APPROVED_FOR_IMPORT,,EMAIL_ONLY_D2,1,0,0,0
14034,wc-completed,GBP,2025-08-31 10:40:14,164.99,APPROVED_FOR_IMPORT,,EMAIL_ONLY_D2,4,0,0,0
14035,wc-completed,GBP,2025-08-31 10:41:20,135.00,APPROVED_FOR_IMPORT,,EMAIL_ONLY_D2,7,0,0,0
14036,wc-completed,GBP,2025-08-31 11:07:24,25.00,APPROVED_FOR_IMPORT,,EMAIL_ONLY_D2,1,0,0,0
14037,wc-completed,GBP,2025-08-31 12:04:56,45.00,APPROVED_FOR_IMPORT,,EMAIL_ONLY_D2,1,0,0,0
14038,wc-completed,GBP,2025-08-31 12:40:54,66.00,APPROVED_FOR_IMPORT,,ASSOCIATE_GID,2,0,0,0
14039,wc-completed,GBP,2025-08-31 12:45:25,32.00,APPROVED_FOR_IMPORT,,EMAIL_ONLY_D2,1,0,0,0
14040,wc-completed,GBP,2025-08-31 15:35:53,63.00,APPROVED_FOR_IMPORT,,EMAIL_ONLY_D2,3,0,0,0
14041,wc-completed,GBP,2025-08-31 15:56:07,28.00,APPROVED_FOR_IMPORT,,EMAIL_ONLY_D2,1,0,0,0
14042,wc-completed,GBP,2025-08-31 16:05:36,150.00,APPROVED_FOR_IMPORT,,EMAIL_ONLY_D2,1,1,0,0
14043,wc-completed,GBP,2025-08-31 16:11:10,57.00,APPROVED_FOR_IMPORT,,EMAIL_ONLY_D2,3,0,0,0
14044,wc-completed,GBP,2025-08-31 17:19:09,35.99,APPROVED_FOR_IMPORT,,EMAIL_ONLY_D2,4,1,0,0
14046,wc-completed,GBP,2025-08-31 19:02:33,56.00,APPROVED_FOR_IMPORT,,EMAIL_ONLY_D2,3,0,0,0
14047,wc-cancelled,GBP,2025-08-31 19:09:50,30.00,APPROVED_FOR_IMPORT,,ASSOCIATE_GID,1,0,0,0
14048,wc-completed,GBP,2025-08-31 20:01:08,62.00,APPROVED_FOR_IMPORT,,EMAIL_ONLY_D2,3,0,0,0
14049,wc-completed,GBP,2025-08-31 20:07:16,107.00,APPROVED_FOR_IMPORT,,EMAIL_ONLY_D2,2,0,0,0
14052,wc-completed,GBP,2025-08-31 21:03:39,151.00,APPROVED_FOR_IMPORT,,EMAIL_ONLY_D2,8,0,0,0
14053,wc-completed,GBP,2025-08-31 21:09:48,25.00,APPROVED_FOR_IMPORT,,EMAIL_ONLY_D2,1,0,0,0
14054,wc-completed,GBP,2025-08-31 21:40:50,76.00,APPROVED_FOR_IMPORT,,EMAIL_ONLY_D2,3,0,0,0
14055,wc-completed,GBP,2025-08-31 21:46:04,23.00,APPROVED_FOR_IMPORT,,EMAIL_ONLY_D2,1,0,0,0
14056,wc-completed,GBP,2025-08-31 23:17:19,131.00,APPROVED_FOR_IMPORT,,EMAIL_ONLY_D2,6,0,0,0
14057,wc-completed,GBP,2025-09-01 00:49:59,53.00,APPROVED_FOR_IMPORT,,EMAIL_ONLY_D2,2,0,0,0
14058,wc-completed,GBP,2025-09-01 02:39:58,95.00,APPROVED_FOR_IMPORT,,EMAIL_ONLY_D2,2,0,0,0
14063,wc-completed,GBP,2025-09-01 08:04:13,75.00,APPROVED_FOR_IMPORT,,EMAIL_ONLY_D2,3,0,0,0
14064,wc-completed,GBP,2025-09-01 08:05:45,57.00,PENDING_DECISION,D-3_unmapped_customer,UNMAPPED,3,0,0,0
14065,wc-completed,GBP,2025-09-01 08:06:32,177.99,APPROVED_FOR_IMPORT,,EMAIL_ONLY_D2,6,0,0,0
14066,wc-failed,GBP,2025-09-01 08:14:35,45.00,APPROVED_FOR_IMPORT,,EMAIL_ONLY_D2,2,0,0,0
14067,wc-completed,GBP,2025-09-01 08:15:29,45.00,APPROVED_FOR_IMPORT,,EMAIL_ONLY_D2,2,0,0,0
14068,wc-completed,GBP,2025-09-01 10:03:35,30.00,APPROVED_FOR_IMPORT,,EMAIL_ONLY_D2,1,0,0,0
14069,wc-completed,GBP,2025-09-01 11:34:05,27.00,APPROVED_FOR_IMPORT,,EMAIL_ONLY_D2,1,0,0,0
14070,wc-completed,GBP,2025-09-01 12:38:07,30.00,APPROVED_FOR_IMPORT,,EMAIL_ONLY_D2,2,0,0,0
14071,wc-completed,GBP,2025-09-01 13:49:20,33.99,APPROVED_FOR_IMPORT,,EMAIL_ONLY_D2,1,0,0,0
14072,wc-completed,GBP,2025-09-01 15:17:04,87.00,APPROVED_FOR_IMPORT,,EMAIL_ONLY_D2,1,0,0,0
14073,wc-completed,GBP,2025-09-01 16:38:04,21.00,APPROVED_FOR_IMPORT,,ASSOCIATE_GID,1,0,0,0
14074,wc-completed,GBP,2025-09-01 16:41:04,45.00,APPROVED_FOR_IMPORT,,EMAIL_ONLY_D2,2,0,0,0
14075,wc-completed,GBP,2025-09-01 19:21:56,32.00,APPROVED_FOR_IMPORT,,EMAIL_ONLY_D2,1,0,0,0
14076,wc-completed,GBP,2025-09-01 20:32:49,100.00,APPROVED_FOR_IMPORT,,EMAIL_ONLY_D2,2,0,0,0
14077,wc-completed,GBP,2025-09-01 21:06:52,48.00,APPROVED_FOR_IMPORT,,EMAIL_ONLY_D2,3,0,0,0
14079,wc-completed,GBP,2025-09-01 21:46:41,50.00,APPROVED_FOR_IMPORT,,ASSOCIATE_GID,2,0,0,1
14081,wc-completed,GBP,2025-09-01 22:13:16,35.00,APPROVED_FOR_IMPORT,,EMAIL_ONLY_D2,1,0,0,0
14083,wc-completed,GBP,2025-09-01 22:43:01,196.00,APPROVED_FOR_IMPORT,,EMAIL_ONLY_D2,6,0,0,0
14084,wc-completed,GBP,2025-09-02 00:32:09,45.00,APPROVED_FOR_IMPORT,,EMAIL_ONLY_D2,2,0,0,0
14085,wc-completed,GBP,2025-09-02 01:19:20,58.99,APPROVED_FOR_IMPORT,,ASSOCIATE_GID,2,0,0,0
14086,wc-completed,GBP,2025-09-02 08:01:32,89.00,APPROVED_FOR_IMPORT,,ASSOCIATE_GID,3,0,0,0
14087,wc-completed,GBP,2025-09-02 08:33:37,80.00,APPROVED_FOR_IMPORT,,EMAIL_ONLY_D2,4,0,0,0
14088,wc-cancelled,GBP,2025-09-02 10:15:47,23.00,APPROVED_FOR_IMPORT,,ASSOCIATE_GID,1,0,0,0
14089,wc-completed,GBP,2025-09-02 10:19:33,21.00,APPROVED_FOR_IMPORT,,EMAIL_ONLY_D2,1,0,0,0
14090,wc-completed,GBP,2025-09-02 13:06:17,32.00,APPROVED_FOR_IMPORT,,EMAIL_ONLY_D2,1,0,0,0
14091,wc-completed,GBP,2025-09-02 13:09:15,55.00,APPROVED_FOR_IMPORT,,EMAIL_ONLY_D2,2,0,0,0
14092,wc-completed,GBP,2025-09-02 13:59:56,20.00,APPROVED_FOR_IMPORT,,EMAIL_ONLY_D2,1,0,0,0
14093,wc-completed,GBP,2025-09-02 14:07:24,45.00,APPROVED_FOR_IMPORT,,ASSOCIATE_GID,1,0,0,0
14094,wc-completed,GBP,2025-09-02 14:50:17,25.00,APPROVED_FOR_IMPORT,,ASSOCIATE_GID,1,0,0,0
14095,wc-completed,GBP,2025-09-02 15:02:34,69.00,APPROVED_FOR_IMPORT,,EMAIL_ONLY_D2,3,0,0,0
14096,wc-completed,GBP,2025-09-02 16:14:25,25.00,APPROVED_FOR_IMPORT,,EMAIL_ONLY_D2,1,0,0,0
14098,wc-completed,GBP,2025-09-02 18:19:36,70.00,APPROVED_FOR_IMPORT,,EMAIL_ONLY_D2,3,0,0,0
14099,wc-completed,GBP,2025-09-02 18:35:27,23.00,APPROVED_FOR_IMPORT,,EMAIL_ONLY_D2,1,0,0,0
14100,wc-completed,GBP,2025-09-02 18:50:27,117.99,APPROVED_FOR_IMPORT,,EMAIL_ONLY_D2,6,0,0,0
14102,wc-completed,GBP,2025-09-02 20:49:06,41.00,APPROVED_FOR_IMPORT,,EMAIL_ONLY_D2,2,0,0,0
14103,wc-failed,GBP,2025-09-02 21:19:27,30.00,APPROVED_FOR_IMPORT,,EMAIL_ONLY_D2,1,0,0,0
14104,wc-failed,GBP,2025-09-02 21:37:17,46.00,APPROVED_FOR_IMPORT,,EMAIL_ONLY_D2,2,0,0,0
14105,wc-failed,GBP,2025-09-02 22:09:43,66.00,APPROVED_FOR_IMPORT,,EMAIL_ONLY_D2,3,0,0,0
14106,wc-completed,GBP,2025-09-02 22:11:09,30.00,APPROVED_FOR_IMPORT,,EMAIL_ONLY_D2,1,0,0,0
14107,wc-completed,GBP,2025-09-02 23:53:00,37.00,APPROVED_FOR_IMPORT,,EMAIL_ONLY_D2,1,0,0,0
14108,wc-completed,GBP,2025-09-02 23:59:56,33.00,APPROVED_FOR_IMPORT,,EMAIL_ONLY_D2,2,0,0,0
14109,wc-completed,GBP,2025-09-03 02:50:53,211.99,APPROVED_FOR_IMPORT,,EMAIL_ONLY_D2,10,0,0,0
14110,wc-completed,GBP,2025-09-03 06:50:22,106.00,APPROVED_FOR_IMPORT,,EMAIL_ONLY_D2,5,0,0,0
14112,wc-completed,GBP,2025-09-03 07:42:32,30.00,APPROVED_FOR_IMPORT,,EMAIL_ONLY_D2,1,0,0,0
14113,wc-completed,GBP,2025-09-03 07:48:00,48.00,APPROVED_FOR_IMPORT,,EMAIL_ONLY_D2,2,0,0,0
14114,wc-completed,GBP,2025-09-03 09:48:33,25.00,APPROVED_FOR_IMPORT,,EMAIL_ONLY_D2,1,0,0,0
14115,wc-completed,GBP,2025-09-03 10:14:56,86.00,APPROVED_FOR_IMPORT,,EMAIL_ONLY_D2,4,0,0,0
14116,wc-failed,GBP,2025-09-03 12:26:30,65.00,APPROVED_FOR_IMPORT,,ASSOCIATE_GID,2,0,0,0
14118,wc-completed,GBP,2025-09-03 12:37:27,65.00,APPROVED_FOR_IMPORT,,ASSOCIATE_GID,2,0,0,0
14121,wc-completed,GBP,2025-09-03 14:21:59,19.00,APPROVED_FOR_IMPORT,,EMAIL_ONLY_D2,1,0,0,0
14122,wc-completed,GBP,2025-09-03 14:28:16,24.00,APPROVED_FOR_IMPORT,,EMAIL_ONLY_D2,1,0,0,0
14123,wc-completed,GBP,2025-09-03 15:18:04,61.00,APPROVED_FOR_IMPORT,,EMAIL_ONLY_D2,2,0,0,0
14124,wc-completed,GBP,2025-09-03 16:09:08,81.00,APPROVED_FOR_IMPORT,,EMAIL_ONLY_D2,4,0,0,0
14125,wc-completed,GBP,2025-09-03 17:24:21,168.98,APPROVED_FOR_IMPORT,,EMAIL_ONLY_D2,8,0,0,0
14126,wc-completed,GBP,2025-09-03 18:40:29,45.00,APPROVED_FOR_IMPORT,,EMAIL_ONLY_D2,2,0,0,0
14127,wc-failed,GBP,2025-09-03 18:58:20,22.00,APPROVED_FOR_IMPORT,,EMAIL_ONLY_D2,1,0,0,0
14128,wc-completed,GBP,2025-09-03 19:01:25,22.00,APPROVED_FOR_IMPORT,,EMAIL_ONLY_D2,1,0,0,0
14129,wc-completed,GBP,2025-09-03 19:55:37,62.00,APPROVED_FOR_IMPORT,,EMAIL_ONLY_D2,3,0,0,0
14133,wc-completed,GBP,2025-09-03 21:31:53,125.00,APPROVED_FOR_IMPORT,,EMAIL_ONLY_D2,2,0,0,0
14134,wc-completed,GBP,2025-09-03 21:41:54,85.00,APPROVED_FOR_IMPORT,,EMAIL_ONLY_D2,4,0,0,0
14135,wc-completed,GBP,2025-09-03 22:03:02,50.00,APPROVED_FOR_IMPORT,,ASSOCIATE_GID,2,0,0,0
14136,wc-completed,GBP,2025-09-04 01:10:10,43.00,APPROVED_FOR_IMPORT,,EMAIL_ONLY_D2,2,0,0,0
14137,wc-completed,GBP,2025-09-04 02:10:00,112.00,APPROVED_FOR_IMPORT,,EMAIL_ONLY_D2,5,0,0,0
14138,wc-completed,GBP,2025-09-04 09:03:09,87.00,APPROVED_FOR_IMPORT,,EMAIL_ONLY_D2,3,0,0,0
14140,wc-completed,GBP,2025-09-04 10:25:36,23.00,APPROVED_FOR_IMPORT,,EMAIL_ONLY_D2,1,0,0,0
14141,wc-completed,GBP,2025-09-04 13:55:34,127.00,APPROVED_FOR_IMPORT,,EMAIL_ONLY_D2,6,0,0,0
14145,wc-completed,GBP,2025-09-04 20:27:32,73.92,APPROVED_FOR_IMPORT,,EMAIL_ONLY_D2,5,0,0,0
14146,wc-completed,GBP,2025-09-04 20:41:38,19.00,APPROVED_FOR_IMPORT,,EMAIL_ONLY_D2,1,0,0,0
14147,wc-completed,GBP,2025-09-04 20:51:38,117.00,APPROVED_FOR_IMPORT,,EMAIL_ONLY_D2,6,0,0,0
14150,wc-completed,GBP,2025-09-04 23:44:53,30.00,APPROVED_FOR_IMPORT,,EMAIL_ONLY_D2,1,0,0,0
14151,wc-completed,GBP,2025-09-05 02:36:06,23.00,APPROVED_FOR_IMPORT,,EMAIL_ONLY_D2,1,0,0,0
14152,wc-failed,GBP,2025-09-05 04:43:25,23.00,APPROVED_FOR_IMPORT,,EMAIL_ONLY_D2,1,0,0,0
14153,wc-completed,GBP,2025-09-05 04:43:50,23.00,APPROVED_FOR_IMPORT,,EMAIL_ONLY_D2,1,0,0,0
14154,wc-completed,GBP,2025-09-05 06:12:23,130.00,APPROVED_FOR_IMPORT,,EMAIL_ONLY_D2,5,0,0,0
14155,wc-failed,GBP,2025-09-05 07:50:36,63.00,APPROVED_FOR_IMPORT,,EMAIL_ONLY_D2,2,0,0,0
14156,wc-completed,GBP,2025-09-05 07:51:57,43.00,APPROVED_FOR_IMPORT,,EMAIL_ONLY_D2,2,0,0,0
14157,wc-completed,GBP,2025-09-05 08:00:28,45.00,APPROVED_FOR_IMPORT,,EMAIL_ONLY_D2,2,0,0,0
14158,wc-completed,GBP,2025-09-05 09:46:01,148.00,APPROVED_FOR_IMPORT,,ASSOCIATE_GID,7,0,0,0
14159,wc-failed,GBP,2025-09-05 10:01:49,23.00,APPROVED_FOR_IMPORT,,ASSOCIATE_GID,4,1,0,0
14160,wc-completed,GBP,2025-09-05 10:14:56,29.00,APPROVED_FOR_IMPORT,,ASSOCIATE_GID,5,1,0,0
14161,wc-completed,GBP,2025-09-05 10:19:20,45.00,APPROVED_FOR_IMPORT,,ASSOCIATE_GID,2,0,0,0
14162,wc-completed,GBP,2025-09-05 10:27:07,18.00,APPROVED_FOR_IMPORT,,EMAIL_ONLY_D2,1,0,0,0
14163,wc-completed,GBP,2025-09-05 10:38:50,45.00,APPROVED_FOR_IMPORT,,EMAIL_ONLY_D2,2,0,0,0
14164,wc-completed,GBP,2025-09-05 11:04:58,72.50,APPROVED_FOR_IMPORT,,ASSOCIATE_GID,1,0,0,0
14165,wc-failed,GBP,2025-09-05 11:25:23,25.00,APPROVED_FOR_IMPORT,,EMAIL_ONLY_D2,1,0,0,0
14166,wc-completed,GBP,2025-09-05 11:32:31,57.00,APPROVED_FOR_IMPORT,,EMAIL_ONLY_D2,2,0,0,0
14167,wc-completed,GBP,2025-09-05 11:47:07,35.00,APPROVED_FOR_IMPORT,,EMAIL_ONLY_D2,1,0,0,0
14168,wc-completed,GBP,2025-09-05 11:47:57,103.00,APPROVED_FOR_IMPORT,,ASSOCIATE_GID,3,0,0,0
14171,wc-completed,GBP,2025-09-05 12:00:47,27.99,APPROVED_FOR_IMPORT,,EMAIL_ONLY_D2,2,0,0,0
14172,wc-completed,GBP,2025-09-05 12:55:35,95.98,APPROVED_FOR_IMPORT,,EMAIL_ONLY_D2,5,0,0,0
14173,wc-completed,GBP,2025-09-05 16:22:13,82.00,APPROVED_FOR_IMPORT,,EMAIL_ONLY_D2,3,0,0,0
14174,wc-completed,GBP,2025-09-05 17:12:31,46.00,APPROVED_FOR_IMPORT,,EMAIL_ONLY_D2,2,0,0,0
14175,wc-completed,GBP,2025-09-05 18:04:10,30.00,APPROVED_FOR_IMPORT,,EMAIL_ONLY_D2,1,0,0,0
14176,wc-completed,GBP,2025-09-05 21:41:09,61.00,APPROVED_FOR_IMPORT,,EMAIL_ONLY_D2,3,0,0,0
14177,wc-completed,GBP,2025-09-05 21:58:05,39.00,APPROVED_FOR_IMPORT,,EMAIL_ONLY_D2,2,0,0,0
14178,wc-completed,GBP,2025-09-06 08:34:58,21.00,APPROVED_FOR_IMPORT,,EMAIL_ONLY_D2,1,0,0,0
14179,wc-completed,GBP,2025-09-06 10:51:22,35.00,APPROVED_FOR_IMPORT,,EMAIL_ONLY_D2,1,0,0,0
14180,wc-completed,GBP,2025-09-06 13:20:58,28.00,APPROVED_FOR_IMPORT,,EMAIL_ONLY_D2,3,0,0,0
14181,wc-completed,GBP,2025-09-06 14:01:23,21.00,APPROVED_FOR_IMPORT,,EMAIL_ONLY_D2,1,0,0,0
14182,wc-completed,GBP,2025-09-06 14:16:25,59.00,APPROVED_FOR_IMPORT,,EMAIL_ONLY_D2,3,0,0,0
14183,wc-completed,GBP,2025-09-06 14:37:39,45.00,APPROVED_FOR_IMPORT,,EMAIL_ONLY_D2,1,0,0,0
14185,wc-completed,GBP,2025-09-06 14:51:46,39.00,APPROVED_FOR_IMPORT,,EMAIL_ONLY_D2,2,0,0,0
14186,wc-completed,GBP,2025-09-06 15:31:23,25.00,APPROVED_FOR_IMPORT,,EMAIL_ONLY_D2,1,0,0,0
14187,wc-completed,GBP,2025-09-06 16:01:13,45.00,APPROVED_FOR_IMPORT,,EMAIL_ONLY_D2,2,0,0,0
14188,wc-completed,GBP,2025-09-06 16:26:15,21.00,APPROVED_FOR_IMPORT,,EMAIL_ONLY_D2,2,1,0,0
14189,wc-completed,GBP,2025-09-06 16:29:10,22.00,APPROVED_FOR_IMPORT,,EMAIL_ONLY_D2,2,0,0,0
14190,wc-completed,GBP,2025-09-06 18:20:17,45.00,APPROVED_FOR_IMPORT,,EMAIL_ONLY_D2,1,0,0,0
14191,wc-completed,GBP,2025-09-06 19:30:54,44.33,APPROVED_FOR_IMPORT,,EMAIL_ONLY_D2,1,0,0,0
14192,wc-completed,GBP,2025-09-06 20:09:38,24.00,APPROVED_FOR_IMPORT,,EMAIL_ONLY_D2,1,0,0,0
14194,wc-completed,GBP,2025-09-06 20:51:32,35.00,APPROVED_FOR_IMPORT,,EMAIL_ONLY_D2,1,0,0,0
14195,wc-completed,GBP,2025-09-06 22:24:48,11.93,APPROVED_FOR_IMPORT,,ASSOCIATE_GID,1,0,0,0
14196,wc-completed,GBP,2025-09-06 23:49:57,23.00,APPROVED_FOR_IMPORT,,ASSOCIATE_GID,1,0,0,0
14197,wc-completed,GBP,2025-09-07 01:52:11,104.00,APPROVED_FOR_IMPORT,,EMAIL_ONLY_D2,4,0,0,0
14199,wc-completed,GBP,2025-09-07 02:13:14,45.00,APPROVED_FOR_IMPORT,,EMAIL_ONLY_D2,2,0,0,0
14200,wc-completed,GBP,2025-09-07 07:22:14,79.00,APPROVED_FOR_IMPORT,,EMAIL_ONLY_D2,4,0,0,0
14201,wc-completed,GBP,2025-09-07 08:02:35,61.00,APPROVED_FOR_IMPORT,,EMAIL_ONLY_D2,3,0,0,1
14202,wc-completed,GBP,2025-09-07 11:55:23,63.00,APPROVED_FOR_IMPORT,,EMAIL_ONLY_D2,2,0,0,0
14203,wc-completed,GBP,2025-09-07 12:17:06,72.50,APPROVED_FOR_IMPORT,,EMAIL_ONLY_D2,1,0,0,0
14204,wc-completed,GBP,2025-09-07 14:37:19,65.00,APPROVED_FOR_IMPORT,,EMAIL_ONLY_D2,1,0,0,0
14205,wc-completed,GBP,2025-09-07 15:09:42,25.00,APPROVED_FOR_IMPORT,,EMAIL_ONLY_D2,1,0,0,0
14206,wc-completed,GBP,2025-09-07 16:55:29,115.00,PENDING_DECISION,D-3_unmapped_customer,UNMAPPED,2,0,0,0
14208,wc-completed,GBP,2025-09-07 19:40:41,24.00,APPROVED_FOR_IMPORT,,EMAIL_ONLY_D2,1,0,0,0
14209,wc-completed,GBP,2025-09-07 19:46:16,32.00,APPROVED_FOR_IMPORT,,EMAIL_ONLY_D2,2,0,0,0
14211,wc-completed,GBP,2025-09-08 08:15:09,45.00,APPROVED_FOR_IMPORT,,EMAIL_ONLY_D2,2,0,0,0
14213,wc-completed,GBP,2025-09-08 09:58:06,31.00,APPROVED_FOR_IMPORT,,EMAIL_ONLY_D2,1,0,0,0
14215,wc-completed,GBP,2025-09-08 12:17:04,30.00,APPROVED_FOR_IMPORT,,EMAIL_ONLY_D2,1,0,0,0
14217,wc-completed,GBP,2025-09-08 12:22:04,100.00,APPROVED_FOR_IMPORT,,EMAIL_ONLY_D2,5,0,0,0
14218,wc-completed,GBP,2025-09-08 13:22:09,46.00,APPROVED_FOR_IMPORT,,EMAIL_ONLY_D2,3,0,0,0
14219,wc-completed,GBP,2025-09-08 14:02:06,47.00,APPROVED_FOR_IMPORT,,EMAIL_ONLY_D2,3,0,0,0
14220,wc-completed,GBP,2025-09-08 14:21:05,43.00,APPROVED_FOR_IMPORT,,EMAIL_ONLY_D2,2,0,0,0
14223,wc-failed,GBP,2025-09-08 15:26:31,23.00,APPROVED_FOR_IMPORT,,EMAIL_ONLY_D2,1,0,0,0
14224,wc-completed,GBP,2025-09-08 15:28:15,23.00,APPROVED_FOR_IMPORT,,EMAIL_ONLY_D2,1,0,0,0
14225,wc-completed,GBP,2025-09-08 15:46:24,21.00,APPROVED_FOR_IMPORT,,EMAIL_ONLY_D2,1,0,0,0
14228,wc-completed,GBP,2025-09-08 17:38:59,75.00,APPROVED_FOR_IMPORT,,ASSOCIATE_GID,3,0,0,0
14229,wc-completed,GBP,2025-09-08 18:01:19,21.00,APPROVED_FOR_IMPORT,,EMAIL_ONLY_D2,1,0,0,0
14230,wc-completed,GBP,2025-09-08 19:08:52,23.00,APPROVED_FOR_IMPORT,,EMAIL_ONLY_D2,1,0,0,0
14231,wc-completed,GBP,2025-09-08 19:27:45,21.00,APPROVED_FOR_IMPORT,,EMAIL_ONLY_D2,1,0,0,0
14233,wc-failed,GBP,2025-09-08 23:47:12,33.00,APPROVED_FOR_IMPORT,,ASSOCIATE_GID,1,0,0,0
14234,wc-completed,GBP,2025-09-09 01:44:18,37.00,APPROVED_FOR_IMPORT,,EMAIL_ONLY_D2,1,0,0,0
14235,wc-completed,GBP,2025-09-09 07:47:45,57.00,APPROVED_FOR_IMPORT,,EMAIL_ONLY_D2,3,0,0,0
14236,wc-failed,GBP,2025-09-09 09:15:45,35.00,APPROVED_FOR_IMPORT,,ASSOCIATE_GID,1,0,0,0
14237,wc-failed,GBP,2025-09-09 09:20:44,35.00,APPROVED_FOR_IMPORT,,ASSOCIATE_GID,1,0,0,0
14238,wc-pending,GBP,2025-09-09 09:28:32,35.00,APPROVED_FOR_IMPORT,,ASSOCIATE_GID,1,0,0,0
14239,wc-refunded,GBP,2025-09-09 09:30:17,34.00,APPROVED_FOR_IMPORT,,ASSOCIATE_GID,2,0,0,1
14240,wc-completed,GBP,2025-09-09 09:48:22,86.00,APPROVED_FOR_IMPORT,,EMAIL_ONLY_D2,4,0,0,0
14241,wc-completed,GBP,2025-09-09 10:25:09,25.00,APPROVED_FOR_IMPORT,,EMAIL_ONLY_D2,1,0,0,0
14242,wc-completed,GBP,2025-09-09 10:51:17,42.00,APPROVED_FOR_IMPORT,,EMAIL_ONLY_D2,2,0,0,0
14243,wc-completed,GBP,2025-09-09 11:27:41,43.00,PENDING_DECISION,D-3_unmapped_customer,UNMAPPED,2,0,0,0
14244,wc-completed,GBP,2025-09-09 12:37:03,35.00,APPROVED_FOR_IMPORT,,EMAIL_ONLY_D2,1,0,0,0
14246,wc-completed,GBP,2025-09-09 18:14:40,59.33,APPROVED_FOR_IMPORT,,EMAIL_ONLY_D2,3,0,0,0
14247,wc-completed,GBP,2025-09-09 18:40:54,80.00,APPROVED_FOR_IMPORT,,EMAIL_ONLY_D2,6,0,0,0
14249,wc-completed,GBP,2025-09-09 20:39:50,40.00,APPROVED_FOR_IMPORT,,EMAIL_ONLY_D2,2,0,0,0
14250,wc-cancelled,GBP,2025-09-09 21:05:32,138.00,APPROVED_FOR_IMPORT,,EMAIL_ONLY_D2,6,0,0,0
14251,wc-completed,GBP,2025-09-09 21:52:50,43.00,APPROVED_FOR_IMPORT,,EMAIL_ONLY_D2,2,0,0,0
14252,wc-completed,GBP,2025-09-09 23:56:13,87.99,APPROVED_FOR_IMPORT,,ASSOCIATE_GID,5,0,0,0
14253,wc-completed,GBP,2025-09-10 05:34:45,40.00,APPROVED_FOR_IMPORT,,EMAIL_ONLY_D2,1,0,0,0
14255,wc-completed,GBP,2025-09-10 08:10:41,43.00,APPROVED_FOR_IMPORT,,EMAIL_ONLY_D2,2,0,0,0
14256,wc-completed,GBP,2025-09-10 08:11:17,45.00,APPROVED_FOR_IMPORT,,EMAIL_ONLY_D2,2,0,0,0
14257,wc-completed,GBP,2025-09-10 08:17:40,135.00,APPROVED_FOR_IMPORT,,EMAIL_ONLY_D2,5,0,0,0
14258,wc-completed,GBP,2025-09-10 08:37:14,133.00,APPROVED_FOR_IMPORT,,EMAIL_ONLY_D2,7,0,0,0
14259,wc-completed,GBP,2025-09-10 09:54:19,63.00,APPROVED_FOR_IMPORT,,EMAIL_ONLY_D2,3,0,0,0
14260,wc-completed,GBP,2025-09-10 11:56:23,21.00,APPROVED_FOR_IMPORT,,EMAIL_ONLY_D2,1,0,0,0
14261,wc-completed,GBP,2025-09-10 12:21:45,78.00,APPROVED_FOR_IMPORT,,EMAIL_ONLY_D2,5,0,0,0
14262,wc-completed,GBP,2025-09-10 12:33:16,47.00,APPROVED_FOR_IMPORT,,EMAIL_ONLY_D2,2,0,0,0
14263,wc-completed,GBP,2025-09-10 12:47:36,102.00,APPROVED_FOR_IMPORT,,EMAIL_ONLY_D2,2,0,0,0
14264,wc-completed,GBP,2025-09-10 14:17:15,25.00,APPROVED_FOR_IMPORT,,EMAIL_ONLY_D2,1,0,0,0
14265,wc-failed,GBP,2025-09-10 14:48:12,45.00,APPROVED_FOR_IMPORT,,EMAIL_ONLY_D2,1,0,0,0
14266,wc-completed,GBP,2025-09-10 14:50:20,45.00,APPROVED_FOR_IMPORT,,EMAIL_ONLY_D2,1,0,0,0
14267,wc-failed,GBP,2025-09-10 14:54:47,25.00,APPROVED_FOR_IMPORT,,EMAIL_ONLY_D2,1,0,0,0
14268,wc-failed,GBP,2025-09-10 15:51:51,31.83,APPROVED_FOR_IMPORT,,EMAIL_ONLY_D2,1,0,0,0
14269,wc-completed,GBP,2025-09-10 16:08:52,56.00,APPROVED_FOR_IMPORT,,EMAIL_ONLY_D2,2,0,0,0
14270,wc-completed,GBP,2025-09-10 17:26:48,23.00,APPROVED_FOR_IMPORT,,EMAIL_ONLY_D2,1,0,0,0
14272,wc-completed,GBP,2025-09-11 07:22:59,45.00,APPROVED_FOR_IMPORT,,EMAIL_ONLY_D2,1,0,0,0
14273,wc-completed,GBP,2025-09-11 07:45:11,27.00,APPROVED_FOR_IMPORT,,EMAIL_ONLY_D2,1,0,0,0
14274,wc-completed,GBP,2025-09-11 07:45:51,41.00,APPROVED_FOR_IMPORT,,EMAIL_ONLY_D2,1,0,0,0
14275,wc-completed,GBP,2025-09-11 08:58:23,23.00,APPROVED_FOR_IMPORT,,EMAIL_ONLY_D2,1,0,0,0
14276,wc-failed,GBP,2025-09-11 09:01:55,45.00,APPROVED_FOR_IMPORT,,EMAIL_ONLY_D2,1,0,0,0
14277,wc-failed,GBP,2025-09-11 09:12:44,25.00,APPROVED_FOR_IMPORT,,EMAIL_ONLY_D2,1,0,0,0
14278,wc-completed,GBP,2025-09-11 09:55:19,95.00,APPROVED_FOR_IMPORT,,EMAIL_ONLY_D2,6,0,0,0
14279,wc-completed,GBP,2025-09-11 10:39:08,61.00,APPROVED_FOR_IMPORT,,EMAIL_ONLY_D2,3,0,0,0
14280,wc-completed,GBP,2025-09-11 11:08:14,25.00,APPROVED_FOR_IMPORT,,EMAIL_ONLY_D2,1,0,0,0
14281,wc-completed,GBP,2025-09-11 11:26:17,47.00,APPROVED_FOR_IMPORT,,EMAIL_ONLY_D2,2,0,0,0
14284,wc-completed,GBP,2025-09-11 15:07:42,97.00,APPROVED_FOR_IMPORT,,EMAIL_ONLY_D2,5,0,0,0
14286,wc-completed,GBP,2025-09-11 17:35:26,23.00,APPROVED_FOR_IMPORT,,EMAIL_ONLY_D2,1,0,0,0
14287,wc-completed,GBP,2025-09-11 18:07:57,45.00,APPROVED_FOR_IMPORT,,EMAIL_ONLY_D2,1,0,0,0
14288,wc-completed,GBP,2025-09-11 19:20:19,21.00,APPROVED_FOR_IMPORT,,EMAIL_ONLY_D2,1,0,0,0
14289,wc-failed,GBP,2025-09-11 19:30:00,165.00,APPROVED_FOR_IMPORT,,EMAIL_ONLY_D2,8,0,0,0
14290,wc-completed,GBP,2025-09-12 06:45:08,101.99,APPROVED_FOR_IMPORT,,EMAIL_ONLY_D2,4,0,0,0
14291,wc-completed,GBP,2025-09-12 08:20:16,21.00,APPROVED_FOR_IMPORT,,EMAIL_ONLY_D2,1,0,0,0
14292,wc-completed,GBP,2025-09-12 08:34:06,51.00,APPROVED_FOR_IMPORT,,EMAIL_ONLY_D2,1,0,0,0
14294,wc-completed,GBP,2025-09-12 10:07:44,74.00,APPROVED_FOR_IMPORT,,ASSOCIATE_GID,3,0,0,0
14295,wc-completed,GBP,2025-09-12 10:14:59,35.00,APPROVED_FOR_IMPORT,,EMAIL_ONLY_D2,1,0,0,0
14296,wc-completed,GBP,2025-09-12 10:27:48,43.00,APPROVED_FOR_IMPORT,,EMAIL_ONLY_D2,3,0,0,0
14297,wc-failed,GBP,2025-09-12 11:17:21,59.00,APPROVED_FOR_IMPORT,,ASSOCIATE_GID,3,0,0,0
14298,wc-completed,GBP,2025-09-12 11:26:58,25.00,APPROVED_FOR_IMPORT,,ASSOCIATE_GID,1,0,0,0
14299,wc-completed,GBP,2025-09-12 11:55:10,68.00,APPROVED_FOR_IMPORT,,EMAIL_ONLY_D2,2,0,0,0
14300,wc-completed,GBP,2025-09-12 12:06:25,23.00,APPROVED_FOR_IMPORT,,EMAIL_ONLY_D2,1,0,0,0
14301,wc-completed,GBP,2025-09-12 12:29:15,47.00,APPROVED_FOR_IMPORT,,EMAIL_ONLY_D2,2,0,0,0
14302,wc-completed,GBP,2025-09-12 12:39:59,47.00,APPROVED_FOR_IMPORT,,EMAIL_ONLY_D2,2,0,0,0
14304,wc-completed,GBP,2025-09-12 15:11:39,49.00,APPROVED_FOR_IMPORT,,EMAIL_ONLY_D2,1,0,0,0
14307,wc-completed,GBP,2025-09-12 16:47:54,38.00,APPROVED_FOR_IMPORT,,EMAIL_ONLY_D2,2,0,0,0
14308,wc-completed,GBP,2025-09-12 20:44:14,74.00,APPROVED_FOR_IMPORT,,EMAIL_ONLY_D2,2,0,0,0
14309,wc-completed,GBP,2025-09-12 20:46:11,63.00,APPROVED_FOR_IMPORT,,EMAIL_ONLY_D2,3,0,0,0
14310,wc-completed,GBP,2025-09-12 21:55:31,25.00,APPROVED_FOR_IMPORT,,EMAIL_ONLY_D2,1,0,0,0
14311,wc-completed,GBP,2025-09-12 22:16:48,35.00,APPROVED_FOR_IMPORT,,EMAIL_ONLY_D2,1,0,0,1
14312,wc-completed,GBP,2025-09-12 22:17:23,45.00,APPROVED_FOR_IMPORT,,EMAIL_ONLY_D2,2,0,0,0
14314,wc-cancelled,GBP,2025-09-13 05:19:53,59.00,APPROVED_FOR_IMPORT,,ASSOCIATE_GID,3,0,0,0
14315,wc-completed,GBP,2025-09-13 05:24:37,59.00,APPROVED_FOR_IMPORT,,ASSOCIATE_GID,3,0,0,0
14317,wc-completed,GBP,2025-09-13 07:44:15,85.00,APPROVED_FOR_IMPORT,,EMAIL_ONLY_D2,3,0,0,1
14319,wc-completed,GBP,2025-09-13 09:08:51,30.00,APPROVED_FOR_IMPORT,,EMAIL_ONLY_D2,1,0,0,0
14320,wc-completed,GBP,2025-09-13 12:03:33,68.00,APPROVED_FOR_IMPORT,,EMAIL_ONLY_D2,3,0,0,0
14321,wc-completed,GBP,2025-09-13 13:35:10,65.00,APPROVED_FOR_IMPORT,,EMAIL_ONLY_D2,3,0,0,0
14322,wc-completed,GBP,2025-09-13 14:39:04,58.00,APPROVED_FOR_IMPORT,,EMAIL_ONLY_D2,3,0,0,0
14323,wc-completed,GBP,2025-09-13 15:23:46,66.00,APPROVED_FOR_IMPORT,,EMAIL_ONLY_D2,3,0,0,0
14324,wc-failed,GBP,2025-09-13 22:00:23,55.00,APPROVED_FOR_IMPORT,,EMAIL_ONLY_D2,2,0,0,0
14325,wc-completed,GBP,2025-09-13 22:52:00,42.00,APPROVED_FOR_IMPORT,,EMAIL_ONLY_D2,2,0,0,0
14327,wc-completed,GBP,2025-09-14 06:37:12,35.00,APPROVED_FOR_IMPORT,,EMAIL_ONLY_D2,1,0,0,0
14328,wc-completed,GBP,2025-09-14 07:45:09,69.00,APPROVED_FOR_IMPORT,,EMAIL_ONLY_D2,4,0,0,0
14329,wc-completed,GBP,2025-09-14 08:10:24,74.00,APPROVED_FOR_IMPORT,,EMAIL_ONLY_D2,4,0,0,0
14331,wc-completed,GBP,2025-09-14 15:37:24,311.00,APPROVED_FOR_IMPORT,,EMAIL_ONLY_D2,15,0,0,0
14332,wc-completed,GBP,2025-09-14 16:11:26,37.00,APPROVED_FOR_IMPORT,,EMAIL_ONLY_D2,2,0,0,0
14333,wc-completed,GBP,2025-09-14 16:48:39,41.00,APPROVED_FOR_IMPORT,,EMAIL_ONLY_D2,2,0,0,0
14334,wc-cancelled,GBP,2025-09-14 17:57:57,72.50,APPROVED_FOR_IMPORT,,ASSOCIATE_GID,1,0,0,0
14336,wc-completed,GBP,2025-09-14 19:31:19,88.16,APPROVED_FOR_IMPORT,,EMAIL_ONLY_D2,1,0,0,0
14338,wc-completed,GBP,2025-09-14 23:47:33,55.00,APPROVED_FOR_IMPORT,,EMAIL_ONLY_D2,2,0,0,0
14339,wc-completed,GBP,2025-09-15 05:12:01,57.00,APPROVED_FOR_IMPORT,,EMAIL_ONLY_D2,2,0,0,0
14340,wc-completed,GBP,2025-09-15 09:13:45,27.00,APPROVED_FOR_IMPORT,,EMAIL_ONLY_D2,1,0,0,0
14342,wc-completed,GBP,2025-09-15 10:18:41,65.00,APPROVED_FOR_IMPORT,,EMAIL_ONLY_D2,1,0,0,0
14344,wc-completed,GBP,2025-09-15 12:32:23,59.00,APPROVED_FOR_IMPORT,,EMAIL_ONLY_D2,3,0,0,0
14349,wc-completed,GBP,2025-09-15 13:07:48,50.00,APPROVED_FOR_IMPORT,,EMAIL_ONLY_D2,2,0,0,0
14350,wc-completed,GBP,2025-09-15 14:22:16,77.00,APPROVED_FOR_IMPORT,,EMAIL_ONLY_D2,4,0,0,0
14356,wc-completed,GBP,2025-09-15 17:05:17,48.00,APPROVED_FOR_IMPORT,,EMAIL_ONLY_D2,2,0,0,0
14357,wc-completed,GBP,2025-09-15 17:14:03,45.00,APPROVED_FOR_IMPORT,,EMAIL_ONLY_D2,2,0,0,0
14358,wc-completed,GBP,2025-09-15 17:29:59,57.00,APPROVED_FOR_IMPORT,,EMAIL_ONLY_D2,2,0,0,0
14359,wc-completed,GBP,2025-09-15 18:49:57,53.00,APPROVED_FOR_IMPORT,,ASSOCIATE_GID,2,0,0,0
14361,wc-cancelled,GBP,2025-09-15 20:28:25,65.00,APPROVED_FOR_IMPORT,,ASSOCIATE_GID,3,0,0,0
14363,wc-completed,GBP,2025-09-15 21:15:35,49.00,APPROVED_FOR_IMPORT,,ASSOCIATE_GID,2,0,0,0
14365,wc-completed,GBP,2025-09-15 21:29:50,25.00,APPROVED_FOR_IMPORT,,EMAIL_ONLY_D2,1,0,0,0
14367,wc-completed,GBP,2025-09-16 05:21:50,14.00,APPROVED_FOR_IMPORT,,EMAIL_ONLY_D2,2,0,0,0
14368,wc-completed,GBP,2025-09-16 05:51:48,25.00,APPROVED_FOR_IMPORT,,EMAIL_ONLY_D2,1,0,0,0
14369,wc-completed,GBP,2025-09-16 06:58:23,42.00,APPROVED_FOR_IMPORT,,EMAIL_ONLY_D2,2,0,0,0
14370,wc-completed,GBP,2025-09-16 07:27:53,25.00,APPROVED_FOR_IMPORT,,EMAIL_ONLY_D2,1,0,0,0
14372,wc-completed,GBP,2025-09-16 10:31:36,76.00,APPROVED_FOR_IMPORT,,EMAIL_ONLY_D2,4,0,0,0
14373,wc-completed,GBP,2025-09-16 11:17:23,25.00,APPROVED_FOR_IMPORT,,EMAIL_ONLY_D2,1,0,0,0
14374,wc-completed,GBP,2025-09-16 11:42:27,23.00,APPROVED_FOR_IMPORT,,EMAIL_ONLY_D2,1,0,0,0
14375,wc-completed,GBP,2025-09-16 15:32:08,27.00,APPROVED_FOR_IMPORT,,EMAIL_ONLY_D2,1,0,0,0
14376,wc-completed,GBP,2025-09-16 16:22:19,17.00,APPROVED_FOR_IMPORT,,EMAIL_ONLY_D2,1,0,0,0
14377,wc-completed,GBP,2025-09-16 16:48:58,74.00,APPROVED_FOR_IMPORT,,ASSOCIATE_GID,4,0,0,0
14378,wc-completed,GBP,2025-09-16 17:10:20,37.67,APPROVED_FOR_IMPORT,,EMAIL_ONLY_D2,1,0,0,0
14379,wc-refunded,GBP,2025-09-16 17:53:58,23.00,APPROVED_FOR_IMPORT,,EMAIL_ONLY_D2,1,0,0,1
14380,wc-completed,GBP,2025-09-16 17:57:37,43.00,APPROVED_FOR_IMPORT,,EMAIL_ONLY_D2,2,0,0,0
14381,wc-completed,GBP,2025-09-16 18:49:12,23.00,APPROVED_FOR_IMPORT,,EMAIL_ONLY_D2,1,0,0,0
14382,wc-completed,GBP,2025-09-16 20:23:00,24.00,APPROVED_FOR_IMPORT,,EMAIL_ONLY_D2,1,0,0,0
14383,wc-completed,GBP,2025-09-16 20:29:59,41.00,APPROVED_FOR_IMPORT,,ASSOCIATE_GID,2,0,0,0
14384,wc-completed,GBP,2025-09-16 20:44:36,35.00,APPROVED_FOR_IMPORT,,EMAIL_ONLY_D2,1,0,0,0
14385,wc-completed,GBP,2025-09-16 21:09:12,67.87,APPROVED_FOR_IMPORT,,EMAIL_ONLY_D2,3,0,0,0
14386,wc-completed,GBP,2025-09-16 22:32:18,41.00,APPROVED_FOR_IMPORT,,EMAIL_ONLY_D2,2,0,0,0
14387,wc-completed,GBP,2025-09-17 08:00:16,23.00,APPROVED_FOR_IMPORT,,EMAIL_ONLY_D2,1,0,0,0
14388,wc-completed,GBP,2025-09-17 08:36:59,32.00,APPROVED_FOR_IMPORT,,EMAIL_ONLY_D2,1,0,0,0
14389,wc-completed,GBP,2025-09-17 11:11:06,55.00,APPROVED_FOR_IMPORT,,EMAIL_ONLY_D2,2,0,0,0
14390,wc-failed,GBP,2025-09-17 11:19:18,21.00,APPROVED_FOR_IMPORT,,EMAIL_ONLY_D2,1,0,0,0
14391,wc-completed,GBP,2025-09-17 11:20:44,21.00,APPROVED_FOR_IMPORT,,EMAIL_ONLY_D2,1,0,0,0
14392,wc-completed,GBP,2025-09-17 11:56:24,68.00,APPROVED_FOR_IMPORT,,EMAIL_ONLY_D2,3,0,0,0
14394,wc-completed,GBP,2025-09-17 14:23:03,181.00,APPROVED_FOR_IMPORT,,EMAIL_ONLY_D2,8,0,0,0
14395,wc-completed,GBP,2025-09-17 15:45:34,25.00,APPROVED_FOR_IMPORT,,EMAIL_ONLY_D2,1,0,0,0
14397,wc-failed,GBP,2025-09-17 16:16:49,113.00,APPROVED_FOR_IMPORT,,EMAIL_ONLY_D2,3,0,0,0
14398,wc-failed,GBP,2025-09-17 16:22:12,118.00,APPROVED_FOR_IMPORT,,EMAIL_ONLY_D2,3,0,0,0
14399,wc-completed,GBP,2025-09-17 16:23:07,118.00,APPROVED_FOR_IMPORT,,EMAIL_ONLY_D2,3,0,0,0
14400,wc-completed,GBP,2025-09-17 17:42:15,92.00,APPROVED_FOR_IMPORT,,EMAIL_ONLY_D2,4,0,0,0
14401,wc-failed,GBP,2025-09-17 18:15:44,30.00,APPROVED_FOR_IMPORT,,EMAIL_ONLY_D2,1,0,0,0
14402,wc-completed,GBP,2025-09-17 18:17:00,30.00,APPROVED_FOR_IMPORT,,EMAIL_ONLY_D2,1,0,0,0
14404,wc-completed,GBP,2025-09-17 20:33:23,47.00,APPROVED_FOR_IMPORT,,EMAIL_ONLY_D2,2,0,0,0
14405,wc-completed,GBP,2025-09-17 20:51:04,27.00,APPROVED_FOR_IMPORT,,EMAIL_ONLY_D2,1,0,0,0
14408,wc-failed,GBP,2025-09-18 06:21:17,41.00,APPROVED_FOR_IMPORT,,EMAIL_ONLY_D2,2,0,0,0
14409,wc-failed,GBP,2025-09-18 08:05:35,47.00,APPROVED_FOR_IMPORT,,EMAIL_ONLY_D2,2,0,0,0
14410,wc-completed,GBP,2025-09-18 08:06:14,47.00,APPROVED_FOR_IMPORT,,EMAIL_ONLY_D2,2,0,0,0
14414,wc-completed,GBP,2025-09-18 10:36:12,23.00,APPROVED_FOR_IMPORT,,ASSOCIATE_GID,1,0,0,0
14415,wc-completed,GBP,2025-09-18 11:14:34,24.00,APPROVED_FOR_IMPORT,,EMAIL_ONLY_D2,1,0,0,0
14416,wc-completed,GBP,2025-09-18 12:03:07,70.00,APPROVED_FOR_IMPORT,,EMAIL_ONLY_D2,3,0,0,0
14420,wc-completed,GBP,2025-09-18 13:38:13,65.17,APPROVED_FOR_IMPORT,,EMAIL_ONLY_D2,2,0,0,0
14421,wc-completed,GBP,2025-09-18 14:54:56,45.00,APPROVED_FOR_IMPORT,,ASSOCIATE_GID,1,0,0,0
14422,wc-completed,GBP,2025-09-18 14:58:05,41.00,APPROVED_FOR_IMPORT,,ASSOCIATE_GID,1,0,0,0
14423,wc-completed,GBP,2025-09-18 18:19:38,108.00,APPROVED_FOR_IMPORT,,EMAIL_ONLY_D2,6,0,0,0
14424,wc-completed,GBP,2025-09-18 18:26:07,82.00,APPROVED_FOR_IMPORT,,EMAIL_ONLY_D2,4,0,0,0
14426,wc-cancelled,GBP,2025-09-19 00:01:04,272.00,APPROVED_FOR_IMPORT,,EMAIL_ONLY_D2,8,0,0,0
14427,wc-completed,GBP,2025-09-19 00:53:24,85.00,APPROVED_FOR_IMPORT,,EMAIL_ONLY_D2,2,0,0,0
14428,wc-completed,GBP,2025-09-19 05:28:20,47.00,APPROVED_FOR_IMPORT,,EMAIL_ONLY_D2,2,0,0,0
14431,wc-completed,GBP,2025-09-19 06:30:15,41.00,APPROVED_FOR_IMPORT,,EMAIL_ONLY_D2,2,0,0,0
14432,wc-completed,GBP,2025-09-19 07:01:21,61.00,APPROVED_FOR_IMPORT,,EMAIL_ONLY_D2,3,0,0,0
14433,wc-completed,GBP,2025-09-19 07:54:32,168.00,APPROVED_FOR_IMPORT,,EMAIL_ONLY_D2,2,1,0,0
14434,wc-completed,GBP,2025-09-19 08:08:00,41.00,APPROVED_FOR_IMPORT,,EMAIL_ONLY_D2,2,0,0,0
14436,wc-completed,GBP,2025-09-19 09:04:21,47.00,APPROVED_FOR_IMPORT,,EMAIL_ONLY_D2,2,0,0,0
14437,wc-completed,GBP,2025-09-19 09:51:52,30.00,APPROVED_FOR_IMPORT,,EMAIL_ONLY_D2,1,0,0,0
14438,wc-completed,GBP,2025-09-19 10:10:26,43.00,APPROVED_FOR_IMPORT,,EMAIL_ONLY_D2,2,0,0,0
14439,wc-cancelled,GBP,2025-09-19 10:45:37,70.00,APPROVED_FOR_IMPORT,,ASSOCIATE_GID,5,0,0,0
14441,wc-cancelled,GBP,2025-09-19 10:46:53,70.00,APPROVED_FOR_IMPORT,,ASSOCIATE_GID,5,0,0,0
14442,wc-completed,GBP,2025-09-19 10:59:41,59.00,APPROVED_FOR_IMPORT,,EMAIL_ONLY_D2,2,0,0,0
14444,wc-completed,GBP,2025-09-19 11:46:52,74.00,APPROVED_FOR_IMPORT,,EMAIL_ONLY_D2,3,0,0,0
14446,wc-completed,GBP,2025-09-19 12:54:30,49.00,APPROVED_FOR_IMPORT,,EMAIL_ONLY_D2,1,0,0,0
14447,wc-completed,GBP,2025-09-19 13:06:42,51.00,APPROVED_FOR_IMPORT,,ASSOCIATE_GID,2,0,0,1
14448,wc-completed,GBP,2025-09-19 13:33:05,23.00,APPROVED_FOR_IMPORT,,ASSOCIATE_GID,1,0,0,0
14450,wc-completed,GBP,2025-09-19 14:16:29,69.00,APPROVED_FOR_IMPORT,,EMAIL_ONLY_D2,3,0,0,0
14451,wc-completed,GBP,2025-09-19 14:26:01,41.00,APPROVED_FOR_IMPORT,,EMAIL_ONLY_D2,2,0,0,0
14453,wc-completed,GBP,2025-09-19 15:35:24,83.00,APPROVED_FOR_IMPORT,,ASSOCIATE_GID,4,0,0,0
14454,wc-completed,GBP,2025-09-19 15:52:52,19.00,APPROVED_FOR_IMPORT,,EMAIL_ONLY_D2,1,0,0,0
14455,wc-completed,GBP,2025-09-19 16:30:39,278.00,APPROVED_FOR_IMPORT,,EMAIL_ONLY_D2,8,0,0,0
14457,wc-completed,GBP,2025-09-19 20:42:10,81.00,APPROVED_FOR_IMPORT,,EMAIL_ONLY_D2,3,0,0,0
14458,wc-completed,GBP,2025-09-19 21:24:28,72.99,APPROVED_FOR_IMPORT,,EMAIL_ONLY_D2,3,0,0,0
14459,wc-completed,GBP,2025-09-19 22:04:21,125.00,APPROVED_FOR_IMPORT,,EMAIL_ONLY_D2,6,0,0,0
14460,wc-completed,GBP,2025-09-19 23:00:25,39.00,APPROVED_FOR_IMPORT,,EMAIL_ONLY_D2,2,0,0,0
14461,wc-completed,GBP,2025-09-20 03:19:28,59.00,APPROVED_FOR_IMPORT,,EMAIL_ONLY_D2,3,0,0,0
14463,wc-completed,GBP,2025-09-20 06:34:49,51.00,APPROVED_FOR_IMPORT,,EMAIL_ONLY_D2,2,0,0,0
14465,wc-completed,GBP,2025-09-20 11:42:06,65.00,APPROVED_FOR_IMPORT,,EMAIL_ONLY_D2,3,0,0,0
14467,wc-completed,GBP,2025-09-20 13:57:48,84.00,APPROVED_FOR_IMPORT,,EMAIL_ONLY_D2,4,0,0,0
14468,wc-failed,GBP,2025-09-20 15:52:03,33.99,APPROVED_FOR_IMPORT,,EMAIL_ONLY_D2,2,0,0,0
14469,wc-completed,GBP,2025-09-20 15:52:43,33.99,APPROVED_FOR_IMPORT,,EMAIL_ONLY_D2,2,0,0,0
14470,wc-completed,GBP,2025-09-20 16:38:41,47.00,APPROVED_FOR_IMPORT,,EMAIL_ONLY_D2,2,0,0,0
14471,wc-completed,GBP,2025-09-20 17:46:17,21.00,APPROVED_FOR_IMPORT,,EMAIL_ONLY_D2,1,0,0,0
14472,wc-cancelled,GBP,2025-09-20 19:47:18,55.00,APPROVED_FOR_IMPORT,,ASSOCIATE_GID,3,0,0,0
14473,wc-completed,GBP,2025-09-20 19:53:07,55.00,APPROVED_FOR_IMPORT,,ASSOCIATE_GID,3,0,0,0
14474,wc-refunded,GBP,2025-09-20 19:53:16,52.98,APPROVED_FOR_IMPORT,,EMAIL_ONLY_D2,6,1,1,1
14477,wc-completed,GBP,2025-09-20 21:13:39,18.00,APPROVED_FOR_IMPORT,,EMAIL_ONLY_D2,1,0,0,0
14478,wc-completed,GBP,2025-09-21 06:29:58,47.98,APPROVED_FOR_IMPORT,,EMAIL_ONLY_D2,5,0,0,0
14479,wc-completed,GBP,2025-09-21 06:33:05,48.00,APPROVED_FOR_IMPORT,,EMAIL_ONLY_D2,2,0,0,0
14480,wc-completed,GBP,2025-09-21 07:25:33,30.00,APPROVED_FOR_IMPORT,,EMAIL_ONLY_D2,1,0,0,0
14481,wc-completed,GBP,2025-09-21 07:58:13,24.00,APPROVED_FOR_IMPORT,,EMAIL_ONLY_D2,1,0,0,0
14482,wc-completed,GBP,2025-09-21 07:59:57,25.00,APPROVED_FOR_IMPORT,,EMAIL_ONLY_D2,1,0,0,0
14483,wc-completed,GBP,2025-09-21 08:16:50,23.00,APPROVED_FOR_IMPORT,,EMAIL_ONLY_D2,1,0,0,0
14484,wc-completed,GBP,2025-09-21 10:32:56,69.00,APPROVED_FOR_IMPORT,,EMAIL_ONLY_D2,4,0,0,0
14487,wc-completed,GBP,2025-09-21 14:14:50,63.00,APPROVED_FOR_IMPORT,,EMAIL_ONLY_D2,3,0,0,0
14489,wc-completed,GBP,2025-09-21 15:42:22,90.00,APPROVED_FOR_IMPORT,,EMAIL_ONLY_D2,4,0,0,0
14490,wc-completed,GBP,2025-09-21 17:15:41,66.00,APPROVED_FOR_IMPORT,,EMAIL_ONLY_D2,3,0,0,0
14491,wc-completed,GBP,2025-09-21 18:42:48,45.00,APPROVED_FOR_IMPORT,,EMAIL_ONLY_D2,2,0,0,0
14492,wc-completed,GBP,2025-09-21 20:57:17,45.00,APPROVED_FOR_IMPORT,,EMAIL_ONLY_D2,2,0,0,0
14493,wc-completed,GBP,2025-09-21 21:17:58,33.00,APPROVED_FOR_IMPORT,,ASSOCIATE_GID,2,0,0,0
14494,wc-completed,GBP,2025-09-21 21:49:56,33.99,APPROVED_FOR_IMPORT,,EMAIL_ONLY_D2,1,0,0,0
14495,wc-completed,GBP,2025-09-21 22:25:09,31.00,APPROVED_FOR_IMPORT,,EMAIL_ONLY_D2,2,0,0,0
14496,wc-completed,GBP,2025-09-21 23:26:50,37.00,APPROVED_FOR_IMPORT,,ASSOCIATE_GID,2,0,1,0
14497,wc-completed,GBP,2025-09-22 00:35:09,42.67,APPROVED_FOR_IMPORT,,EMAIL_ONLY_D2,2,0,0,0
14498,wc-completed,GBP,2025-09-22 08:46:06,23.00,APPROVED_FOR_IMPORT,,EMAIL_ONLY_D2,1,0,0,0
14499,wc-completed,GBP,2025-09-22 09:23:02,57.00,APPROVED_FOR_IMPORT,,EMAIL_ONLY_D2,2,0,0,1
14500,wc-completed,GBP,2025-09-22 09:44:26,99.00,APPROVED_FOR_IMPORT,,EMAIL_ONLY_D2,5,0,0,1
14502,wc-completed,GBP,2025-09-22 10:09:06,25.00,APPROVED_FOR_IMPORT,,EMAIL_ONLY_D2,1,0,0,0
14503,wc-completed,GBP,2025-09-22 10:13:20,23.00,APPROVED_FOR_IMPORT,,EMAIL_ONLY_D2,1,0,0,0
14512,wc-completed,GBP,2025-09-22 11:10:27,57.00,APPROVED_FOR_IMPORT,,ASSOCIATE_GID,3,0,0,0
14524,wc-completed,GBP,2025-09-22 15:34:44,35.00,APPROVED_FOR_IMPORT,,EMAIL_ONLY_D2,1,0,0,0
14525,wc-completed,GBP,2025-09-22 16:37:11,42.00,APPROVED_FOR_IMPORT,,EMAIL_ONLY_D2,2,0,0,0
14528,wc-failed,GBP,2025-09-22 19:01:52,45.00,APPROVED_FOR_IMPORT,,EMAIL_ONLY_D2,2,0,0,0
14529,wc-completed,GBP,2025-09-22 19:05:15,45.00,APPROVED_FOR_IMPORT,,EMAIL_ONLY_D2,2,0,0,0
14530,wc-completed,GBP,2025-09-22 19:26:02,20.00,APPROVED_FOR_IMPORT,,EMAIL_ONLY_D2,1,0,0,0
14531,wc-completed,GBP,2025-09-22 20:05:49,108.00,APPROVED_FOR_IMPORT,,EMAIL_ONLY_D2,1,0,0,0
14532,wc-completed,GBP,2025-09-22 20:33:06,155.00,APPROVED_FOR_IMPORT,,EMAIL_ONLY_D2,4,0,0,0
14533,wc-completed,GBP,2025-09-22 20:35:07,35.00,APPROVED_FOR_IMPORT,,EMAIL_ONLY_D2,1,0,0,0
14534,wc-completed,GBP,2025-09-22 22:17:34,72.00,APPROVED_FOR_IMPORT,,EMAIL_ONLY_D2,3,0,0,0
14535,wc-completed,GBP,2025-09-23 00:03:22,55.00,APPROVED_FOR_IMPORT,,ASSOCIATE_GID,1,0,0,0
14536,wc-cancelled,GBP,2025-09-23 02:33:49,24.00,APPROVED_FOR_IMPORT,,ASSOCIATE_GID,1,0,0,0
14538,wc-completed,GBP,2025-09-23 06:05:33,45.00,APPROVED_FOR_IMPORT,,EMAIL_ONLY_D2,2,0,0,0
14539,wc-completed,GBP,2025-09-23 08:29:44,29.00,APPROVED_FOR_IMPORT,,EMAIL_ONLY_D2,2,0,0,0
14540,wc-completed,GBP,2025-09-23 08:53:23,57.00,APPROVED_FOR_IMPORT,,ASSOCIATE_GID,4,0,0,0
14541,wc-completed,GBP,2025-09-23 09:10:17,41.00,APPROVED_FOR_IMPORT,,ASSOCIATE_GID,2,0,0,0
14542,wc-completed,GBP,2025-09-23 09:10:20,103.98,APPROVED_FOR_IMPORT,,EMAIL_ONLY_D2,5,0,0,0
14543,wc-completed,GBP,2025-09-23 09:14:37,31.00,APPROVED_FOR_IMPORT,,EMAIL_ONLY_D2,1,0,0,0
14545,wc-completed,GBP,2025-09-23 13:24:15,72.00,APPROVED_FOR_IMPORT,,EMAIL_ONLY_D2,6,0,0,0
14547,wc-completed,GBP,2025-09-23 14:13:51,150.00,APPROVED_FOR_IMPORT,,EMAIL_ONLY_D2,12,1,1,0
14548,wc-completed,GBP,2025-09-23 16:06:21,65.00,APPROVED_FOR_IMPORT,,ASSOCIATE_GID,3,0,0,0
14549,wc-completed,GBP,2025-09-23 16:24:46,36.00,APPROVED_FOR_IMPORT,,EMAIL_ONLY_D2,2,0,0,0
14551,wc-completed,GBP,2025-09-23 17:25:29,77.00,APPROVED_FOR_IMPORT,,EMAIL_ONLY_D2,2,0,0,0
14554,wc-completed,GBP,2025-09-23 18:18:28,61.00,APPROVED_FOR_IMPORT,,EMAIL_ONLY_D2,3,0,0,0
14555,wc-completed,GBP,2025-09-23 18:24:10,36.00,APPROVED_FOR_IMPORT,,EMAIL_ONLY_D2,1,0,0,0
14556,wc-completed,GBP,2025-09-23 18:29:47,35.00,APPROVED_FOR_IMPORT,,EMAIL_ONLY_D2,1,0,0,0
14557,wc-completed,GBP,2025-09-23 20:03:27,52.99,APPROVED_FOR_IMPORT,,EMAIL_ONLY_D2,2,0,0,0
14559,wc-completed,GBP,2025-09-23 21:23:09,82.00,APPROVED_FOR_IMPORT,,EMAIL_ONLY_D2,3,0,0,0
14560,wc-completed,GBP,2025-09-23 23:01:37,30.00,APPROVED_FOR_IMPORT,,EMAIL_ONLY_D2,1,0,0,0
14561,wc-completed,GBP,2025-09-23 23:50:57,23.00,APPROVED_FOR_IMPORT,,EMAIL_ONLY_D2,1,0,0,0
14562,wc-completed,GBP,2025-09-24 03:57:37,49.00,APPROVED_FOR_IMPORT,,EMAIL_ONLY_D2,3,0,0,0
14563,wc-completed,GBP,2025-09-24 05:13:46,23.00,APPROVED_FOR_IMPORT,,EMAIL_ONLY_D2,1,0,0,0
14564,wc-completed,GBP,2025-09-24 06:41:06,25.00,APPROVED_FOR_IMPORT,,EMAIL_ONLY_D2,1,0,0,0
14565,wc-completed,GBP,2025-09-24 07:44:04,145.98,APPROVED_FOR_IMPORT,,EMAIL_ONLY_D2,9,0,0,0
14566,wc-cancelled,GBP,2025-09-24 11:47:18,24.00,APPROVED_FOR_IMPORT,,ASSOCIATE_GID,1,0,0,0
14567,wc-cancelled,GBP,2025-09-24 11:48:45,24.00,APPROVED_FOR_IMPORT,,ASSOCIATE_GID,1,0,0,0
14568,wc-completed,GBP,2025-09-24 11:49:15,24.00,APPROVED_FOR_IMPORT,,ASSOCIATE_GID,1,0,0,0
14570,wc-completed,GBP,2025-09-24 13:03:53,23.00,APPROVED_FOR_IMPORT,,EMAIL_ONLY_D2,1,0,0,0
14571,wc-completed,GBP,2025-09-24 14:55:42,44.00,APPROVED_FOR_IMPORT,,EMAIL_ONLY_D2,2,0,0,0
14572,wc-completed,GBP,2025-09-24 15:35:47,54.00,APPROVED_FOR_IMPORT,,EMAIL_ONLY_D2,2,0,0,0
14574,wc-completed,GBP,2025-09-24 20:04:31,18.00,APPROVED_FOR_IMPORT,,EMAIL_ONLY_D2,1,0,0,0
14575,wc-completed,GBP,2025-09-24 20:13:33,35.00,APPROVED_FOR_IMPORT,,ASSOCIATE_GID,1,0,0,0
14576,wc-completed,GBP,2025-09-24 21:04:57,23.00,APPROVED_FOR_IMPORT,,ASSOCIATE_GID,1,0,0,0
14577,wc-failed,GBP,2025-09-24 21:53:53,54.00,APPROVED_FOR_IMPORT,,EMAIL_ONLY_D2,5,0,0,0
14579,wc-completed,GBP,2025-09-25 06:39:25,91.00,APPROVED_FOR_IMPORT,,EMAIL_ONLY_D2,2,0,0,0
14580,wc-completed,GBP,2025-09-25 07:30:08,59.00,APPROVED_FOR_IMPORT,,EMAIL_ONLY_D2,3,0,0,0
14581,wc-completed,GBP,2025-09-25 08:39:25,59.00,APPROVED_FOR_IMPORT,,EMAIL_ONLY_D2,3,0,0,0
14583,wc-completed,GBP,2025-09-25 09:04:48,67.97,APPROVED_FOR_IMPORT,,EMAIL_ONLY_D2,4,0,0,0
14584,wc-completed,GBP,2025-09-25 09:30:38,41.00,APPROVED_FOR_IMPORT,,EMAIL_ONLY_D2,2,0,0,0
14585,wc-completed,GBP,2025-09-25 10:04:59,25.00,APPROVED_FOR_IMPORT,,EMAIL_ONLY_D2,1,0,0,0
14586,wc-completed,GBP,2025-09-25 10:08:39,64.00,APPROVED_FOR_IMPORT,,EMAIL_ONLY_D2,3,0,0,0
14587,wc-completed,GBP,2025-09-25 10:15:58,43.00,APPROVED_FOR_IMPORT,,EMAIL_ONLY_D2,2,0,0,0
14588,wc-completed,GBP,2025-09-25 10:54:29,55.00,APPROVED_FOR_IMPORT,,EMAIL_ONLY_D2,1,0,0,0
14589,wc-completed,GBP,2025-09-25 12:23:56,45.00,APPROVED_FOR_IMPORT,,EMAIL_ONLY_D2,1,0,0,0
14590,wc-completed,GBP,2025-09-25 12:27:58,25.00,APPROVED_FOR_IMPORT,,EMAIL_ONLY_D2,1,0,0,0
14591,wc-completed,GBP,2025-09-25 14:04:54,43.00,APPROVED_FOR_IMPORT,,EMAIL_ONLY_D2,2,0,0,0
14592,wc-completed,GBP,2025-09-25 15:29:20,57.00,APPROVED_FOR_IMPORT,,ASSOCIATE_GID,3,0,0,0
14596,wc-completed,GBP,2025-09-25 16:19:47,23.00,APPROVED_FOR_IMPORT,,EMAIL_ONLY_D2,1,0,0,0
14598,wc-completed,GBP,2025-09-25 17:28:01,69.00,APPROVED_FOR_IMPORT,,ASSOCIATE_GID,3,0,0,0
14599,wc-completed,GBP,2025-09-25 17:32:53,21.00,APPROVED_FOR_IMPORT,,EMAIL_ONLY_D2,1,0,0,0
14600,wc-completed,GBP,2025-09-25 17:43:05,65.00,APPROVED_FOR_IMPORT,,ASSOCIATE_GID,3,0,0,0
14602,wc-completed,GBP,2025-09-25 20:01:59,35.00,APPROVED_FOR_IMPORT,,EMAIL_ONLY_D2,1,0,0,0
14603,wc-completed,GBP,2025-09-25 22:30:55,58.99,APPROVED_FOR_IMPORT,,EMAIL_ONLY_D2,2,0,0,0
14605,wc-completed,GBP,2025-09-26 01:01:24,50.00,APPROVED_FOR_IMPORT,,EMAIL_ONLY_D2,2,0,0,0
14606,wc-completed,GBP,2025-09-26 02:30:34,23.00,APPROVED_FOR_IMPORT,,ASSOCIATE_GID,1,0,0,0
14607,wc-completed,GBP,2025-09-26 05:01:50,45.00,APPROVED_FOR_IMPORT,,EMAIL_ONLY_D2,2,0,0,0
14608,wc-completed,GBP,2025-09-26 07:51:56,41.00,APPROVED_FOR_IMPORT,,EMAIL_ONLY_D2,1,0,0,0
14609,wc-completed,GBP,2025-09-26 08:28:10,52.00,APPROVED_FOR_IMPORT,,EMAIL_ONLY_D2,3,0,0,0
14610,wc-completed,GBP,2025-09-26 10:28:37,100.98,APPROVED_FOR_IMPORT,,EMAIL_ONLY_D2,6,0,0,0
14611,wc-completed,GBP,2025-09-26 11:10:52,79.00,APPROVED_FOR_IMPORT,,EMAIL_ONLY_D2,4,0,0,0
14612,wc-failed,GBP,2025-09-26 11:11:02,30.00,APPROVED_FOR_IMPORT,,EMAIL_ONLY_D2,1,0,0,0
14614,wc-completed,GBP,2025-09-26 13:50:23,245.00,APPROVED_FOR_IMPORT,,ASSOCIATE_GID,3,0,0,0
14615,wc-completed,GBP,2025-09-26 14:29:12,43.00,APPROVED_FOR_IMPORT,,EMAIL_ONLY_D2,2,0,0,0
14616,wc-failed,GBP,2025-09-26 15:35:34,47.00,APPROVED_FOR_IMPORT,,EMAIL_ONLY_D2,2,0,0,0
14617,wc-completed,GBP,2025-09-26 15:39:25,47.00,APPROVED_FOR_IMPORT,,EMAIL_ONLY_D2,2,0,0,0
14618,wc-completed,GBP,2025-09-26 15:40:54,57.87,APPROVED_FOR_IMPORT,,EMAIL_ONLY_D2,4,0,0,0
14619,wc-completed,GBP,2025-09-26 18:37:04,180.00,APPROVED_FOR_IMPORT,,ASSOCIATE_GID,2,1,0,0
14620,wc-completed,GBP,2025-09-26 18:58:00,25.00,APPROVED_FOR_IMPORT,,EMAIL_ONLY_D2,1,0,0,0
14622,wc-completed,GBP,2025-09-26 19:26:44,25.00,APPROVED_FOR_IMPORT,,EMAIL_ONLY_D2,1,0,0,0
14623,wc-completed,GBP,2025-09-26 21:08:18,47.00,APPROVED_FOR_IMPORT,,EMAIL_ONLY_D2,2,0,0,0
14625,wc-completed,GBP,2025-09-26 22:14:53,23.00,APPROVED_FOR_IMPORT,,EMAIL_ONLY_D2,1,0,0,0
14627,wc-completed,GBP,2025-09-26 23:08:26,39.00,APPROVED_FOR_IMPORT,,EMAIL_ONLY_D2,2,0,0,0
14628,wc-completed,GBP,2025-09-26 23:45:52,68.00,APPROVED_FOR_IMPORT,,EMAIL_ONLY_D2,3,0,0,0
14630,wc-completed,GBP,2025-09-27 03:39:33,70.00,APPROVED_FOR_IMPORT,,ASSOCIATE_GID,4,0,0,0
14631,wc-completed,GBP,2025-09-27 04:41:59,54.98,APPROVED_FOR_IMPORT,,EMAIL_ONLY_D2,4,0,0,0
14632,wc-completed,GBP,2025-09-27 08:24:42,85.00,APPROVED_FOR_IMPORT,,ASSOCIATE_GID,3,0,0,0
14633,wc-completed,GBP,2025-09-27 09:20:58,65.00,APPROVED_FOR_IMPORT,,EMAIL_ONLY_D2,1,0,0,0
14636,wc-cancelled,GBP,2025-09-27 12:30:27,47.00,APPROVED_FOR_IMPORT,,ASSOCIATE_GID,2,0,0,0
14637,wc-completed,GBP,2025-09-27 12:31:15,47.00,APPROVED_FOR_IMPORT,,ASSOCIATE_GID,2,0,0,0
14638,wc-completed,GBP,2025-09-27 13:26:55,43.00,APPROVED_FOR_IMPORT,,EMAIL_ONLY_D2,3,0,0,0
14639,wc-cancelled,GBP,2025-09-27 13:40:56,30.00,APPROVED_FOR_IMPORT,,ASSOCIATE_GID,1,0,0,0
14640,wc-cancelled,GBP,2025-09-27 13:44:25,30.00,APPROVED_FOR_IMPORT,,ASSOCIATE_GID,1,0,0,0
14641,wc-completed,GBP,2025-09-27 14:48:53,48.00,APPROVED_FOR_IMPORT,,EMAIL_ONLY_D2,2,0,0,0
14643,wc-completed,GBP,2025-09-27 15:07:44,25.00,APPROVED_FOR_IMPORT,,EMAIL_ONLY_D2,1,0,0,0
14644,wc-completed,GBP,2025-09-27 15:10:56,54.00,APPROVED_FOR_IMPORT,,EMAIL_ONLY_D2,5,0,0,0
14645,wc-completed,GBP,2025-09-27 15:35:16,35.00,APPROVED_FOR_IMPORT,,EMAIL_ONLY_D2,1,0,0,0
14646,wc-completed,GBP,2025-09-27 17:21:23,71.00,APPROVED_FOR_IMPORT,,EMAIL_ONLY_D2,3,0,0,0
14647,wc-completed,GBP,2025-09-27 17:34:57,25.00,APPROVED_FOR_IMPORT,,EMAIL_ONLY_D2,1,0,0,0
14648,wc-cancelled,GBP,2025-09-27 18:02:56,47.00,APPROVED_FOR_IMPORT,,ASSOCIATE_GID,2,0,0,0
14649,wc-completed,GBP,2025-09-27 19:17:04,39.00,APPROVED_FOR_IMPORT,,EMAIL_ONLY_D2,2,0,0,0
14650,wc-completed,GBP,2025-09-27 19:26:17,47.00,APPROVED_FOR_IMPORT,,ASSOCIATE_GID,2,0,0,0
14651,wc-completed,GBP,2025-09-27 21:03:23,53.99,APPROVED_FOR_IMPORT,,EMAIL_ONLY_D2,2,0,0,0
14652,wc-completed,GBP,2025-09-27 22:57:39,57.99,APPROVED_FOR_IMPORT,,EMAIL_ONLY_D2,4,0,0,0
14653,wc-completed,GBP,2025-09-28 02:06:37,59.00,APPROVED_FOR_IMPORT,,EMAIL_ONLY_D2,2,0,0,0
14654,wc-completed,GBP,2025-09-28 06:58:51,56.00,APPROVED_FOR_IMPORT,,EMAIL_ONLY_D2,4,0,0,0
14655,wc-completed,GBP,2025-09-28 07:41:05,46.00,APPROVED_FOR_IMPORT,,EMAIL_ONLY_D2,2,0,0,0
14657,wc-completed,GBP,2025-09-28 09:27:48,21.00,APPROVED_FOR_IMPORT,,EMAIL_ONLY_D2,1,0,0,0
14658,wc-completed,GBP,2025-09-28 10:25:47,67.00,APPROVED_FOR_IMPORT,,EMAIL_ONLY_D2,2,0,0,0
14659,wc-completed,GBP,2025-09-28 10:30:26,20.00,APPROVED_FOR_IMPORT,,EMAIL_ONLY_D2,1,0,0,0
14660,wc-completed,GBP,2025-09-28 10:37:03,139.00,APPROVED_FOR_IMPORT,,EMAIL_ONLY_D2,7,0,0,0
14661,wc-completed,GBP,2025-09-28 12:45:16,81.00,APPROVED_FOR_IMPORT,,EMAIL_ONLY_D2,2,0,0,0
14662,wc-completed,GBP,2025-09-28 15:00:19,81.00,APPROVED_FOR_IMPORT,,EMAIL_ONLY_D2,4,0,0,0
14663,wc-completed,GBP,2025-09-28 15:18:59,35.00,APPROVED_FOR_IMPORT,,EMAIL_ONLY_D2,1,0,0,0
14664,wc-completed,GBP,2025-09-28 15:32:14,55.00,APPROVED_FOR_IMPORT,,EMAIL_ONLY_D2,1,0,0,0
14665,wc-completed,GBP,2025-09-28 15:38:38,43.00,APPROVED_FOR_IMPORT,,EMAIL_ONLY_D2,2,0,0,0
14666,wc-failed,GBP,2025-09-28 16:11:04,20.00,APPROVED_FOR_IMPORT,,EMAIL_ONLY_D2,1,0,0,0
14667,wc-completed,GBP,2025-09-28 16:12:22,20.00,APPROVED_FOR_IMPORT,,EMAIL_ONLY_D2,1,0,0,0
14669,wc-completed,GBP,2025-09-28 18:25:58,43.00,APPROVED_FOR_IMPORT,,EMAIL_ONLY_D2,1,0,0,0
14670,wc-completed,GBP,2025-09-28 18:45:18,35.00,APPROVED_FOR_IMPORT,,EMAIL_ONLY_D2,2,0,0,0
14671,wc-failed,GBP,2025-09-28 19:02:15,47.00,APPROVED_FOR_IMPORT,,EMAIL_ONLY_D2,2,0,0,0
14672,wc-completed,GBP,2025-09-28 19:05:10,25.00,APPROVED_FOR_IMPORT,,EMAIL_ONLY_D2,1,0,0,0
14673,wc-completed,GBP,2025-09-28 19:13:25,35.00,APPROVED_FOR_IMPORT,,EMAIL_ONLY_D2,1,0,0,0
14674,wc-completed,GBP,2025-09-28 21:37:59,107.00,APPROVED_FOR_IMPORT,,ASSOCIATE_GID,5,0,0,0
14675,wc-completed,GBP,2025-09-28 22:31:51,37.00,APPROVED_FOR_IMPORT,,EMAIL_ONLY_D2,1,0,0,0
14676,wc-completed,GBP,2025-09-28 23:08:14,39.00,APPROVED_FOR_IMPORT,,EMAIL_ONLY_D2,3,0,0,0
14677,wc-failed,GBP,2025-09-29 04:45:00,35.00,APPROVED_FOR_IMPORT,,EMAIL_ONLY_D2,1,0,0,0
14678,wc-completed,GBP,2025-09-29 04:51:35,35.00,APPROVED_FOR_IMPORT,,EMAIL_ONLY_D2,1,0,0,0
14679,wc-completed,GBP,2025-09-29 06:52:49,27.00,APPROVED_FOR_IMPORT,,EMAIL_ONLY_D2,1,0,0,0
14680,wc-completed,GBP,2025-09-29 09:36:34,103.00,APPROVED_FOR_IMPORT,,EMAIL_ONLY_D2,5,0,0,0
14681,wc-completed,GBP,2025-09-29 09:55:42,20.00,APPROVED_FOR_IMPORT,,EMAIL_ONLY_D2,1,0,0,0
14682,wc-completed,GBP,2025-09-29 11:41:26,20.00,APPROVED_FOR_IMPORT,,EMAIL_ONLY_D2,1,0,0,0
14683,wc-completed,GBP,2025-09-29 12:49:05,23.00,APPROVED_FOR_IMPORT,,EMAIL_ONLY_D2,1,0,0,0
14688,wc-completed,GBP,2025-09-29 16:02:59,109.00,APPROVED_FOR_IMPORT,,EMAIL_ONLY_D2,3,0,0,0
14690,wc-failed,GBP,2025-09-29 17:18:42,35.00,APPROVED_FOR_IMPORT,,EMAIL_ONLY_D2,1,0,0,0
14691,wc-completed,GBP,2025-09-29 17:19:36,35.00,APPROVED_FOR_IMPORT,,EMAIL_ONLY_D2,1,0,0,0
14692,wc-completed,GBP,2025-09-29 18:14:06,72.00,APPROVED_FOR_IMPORT,,EMAIL_ONLY_D2,4,0,1,0
14694,wc-completed,GBP,2025-09-29 18:44:04,57.00,APPROVED_FOR_IMPORT,,EMAIL_ONLY_D2,3,0,0,0
14695,wc-completed,GBP,2025-09-29 18:49:35,43.00,APPROVED_FOR_IMPORT,,EMAIL_ONLY_D2,2,0,0,0
14696,wc-completed,GBP,2025-09-29 19:08:09,87.00,APPROVED_FOR_IMPORT,,EMAIL_ONLY_D2,1,0,0,0
14697,wc-completed,GBP,2025-09-29 19:36:54,125.50,APPROVED_FOR_IMPORT,,EMAIL_ONLY_D2,5,0,0,0
14698,wc-cancelled,GBP,2025-09-29 19:43:14,35.00,APPROVED_FOR_IMPORT,,ASSOCIATE_GID,1,0,0,0
14699,wc-completed,GBP,2025-09-29 19:51:17,35.00,APPROVED_FOR_IMPORT,,ASSOCIATE_GID,1,0,0,0
14700,wc-completed,GBP,2025-09-29 20:03:48,21.00,APPROVED_FOR_IMPORT,,EMAIL_ONLY_D2,1,0,0,0
14701,wc-completed,GBP,2025-09-29 21:19:19,195.00,APPROVED_FOR_IMPORT,,EMAIL_ONLY_D2,9,0,0,0
14704,wc-completed,GBP,2025-09-29 23:37:25,59.00,APPROVED_FOR_IMPORT,,EMAIL_ONLY_D2,2,0,0,0
14705,wc-completed,GBP,2025-09-29 23:47:20,26.93,APPROVED_FOR_IMPORT,,EMAIL_ONLY_D2,3,0,0,0
14706,wc-completed,GBP,2025-09-29 23:53:30,23.00,APPROVED_FOR_IMPORT,,EMAIL_ONLY_D2,1,0,0,0
14707,wc-completed,GBP,2025-09-30 00:02:27,41.00,APPROVED_FOR_IMPORT,,EMAIL_ONLY_D2,2,0,0,0
14709,wc-completed,GBP,2025-09-30 06:41:59,23.00,APPROVED_FOR_IMPORT,,EMAIL_ONLY_D2,1,0,0,0
14710,wc-failed,GBP,2025-09-30 07:26:46,43.00,APPROVED_FOR_IMPORT,,EMAIL_ONLY_D2,2,0,0,0
14711,wc-completed,GBP,2025-09-30 07:30:54,45.00,APPROVED_FOR_IMPORT,,EMAIL_ONLY_D2,1,0,0,0
14713,wc-completed,GBP,2025-09-30 08:16:21,55.00,APPROVED_FOR_IMPORT,,EMAIL_ONLY_D2,2,0,0,0
14716,wc-completed,GBP,2025-09-30 10:11:59,45.00,APPROVED_FOR_IMPORT,,EMAIL_ONLY_D2,1,0,0,0
14717,wc-completed,GBP,2025-09-30 10:52:38,107.00,APPROVED_FOR_IMPORT,,EMAIL_ONLY_D2,5,0,0,0
14719,wc-completed,GBP,2025-09-30 11:32:18,25.00,APPROVED_FOR_IMPORT,,EMAIL_ONLY_D2,1,0,0,0
14722,wc-completed,GBP,2025-09-30 11:58:23,35.00,APPROVED_FOR_IMPORT,,EMAIL_ONLY_D2,1,0,0,0
14723,wc-completed,GBP,2025-09-30 12:53:07,55.00,APPROVED_FOR_IMPORT,,EMAIL_ONLY_D2,1,0,0,0
14724,wc-completed,GBP,2025-09-30 13:39:38,23.00,APPROVED_FOR_IMPORT,,ASSOCIATE_GID,1,0,0,0
14728,wc-completed,GBP,2025-09-30 16:04:15,65.00,APPROVED_FOR_IMPORT,,EMAIL_ONLY_D2,1,0,0,0
14729,wc-completed,GBP,2025-09-30 17:44:10,27.00,APPROVED_FOR_IMPORT,,EMAIL_ONLY_D2,1,0,0,0
14731,wc-completed,GBP,2025-09-30 18:58:48,47.00,APPROVED_FOR_IMPORT,,EMAIL_ONLY_D2,2,0,0,0
14732,wc-completed,GBP,2025-09-30 20:11:10,60.00,APPROVED_FOR_IMPORT,,EMAIL_ONLY_D2,3,0,0,0
14735,wc-completed,GBP,2025-09-30 21:20:54,21.00,APPROVED_FOR_IMPORT,,ASSOCIATE_GID,1,0,0,0
14736,wc-completed,GBP,2025-09-30 22:11:32,35.00,APPROVED_FOR_IMPORT,,EMAIL_ONLY_D2,1,0,0,0
14738,wc-completed,GBP,2025-10-01 06:09:41,25.00,APPROVED_FOR_IMPORT,,EMAIL_ONLY_D2,1,0,0,0
14742,wc-completed,GBP,2025-10-01 09:29:23,27.00,APPROVED_FOR_IMPORT,,ASSOCIATE_GID,1,0,0,0
14743,wc-completed,GBP,2025-10-01 10:10:21,64.00,APPROVED_FOR_IMPORT,,EMAIL_ONLY_D2,4,0,0,0
14744,wc-completed,GBP,2025-10-01 10:53:00,21.00,APPROVED_FOR_IMPORT,,EMAIL_ONLY_D2,1,0,0,0
14745,wc-completed,GBP,2025-10-01 11:26:34,67.00,APPROVED_FOR_IMPORT,,EMAIL_ONLY_D2,3,0,0,0
14746,wc-completed,GBP,2025-10-01 12:48:31,37.00,APPROVED_FOR_IMPORT,,EMAIL_ONLY_D2,2,0,0,0
14747,wc-completed,GBP,2025-10-01 13:01:23,198.98,APPROVED_FOR_IMPORT,,EMAIL_ONLY_D2,5,0,0,0
14748,wc-failed,GBP,2025-10-01 15:01:15,60.00,APPROVED_FOR_IMPORT,,EMAIL_ONLY_D2,3,0,0,0
14749,wc-failed,GBP,2025-10-01 15:03:31,42.00,APPROVED_FOR_IMPORT,,EMAIL_ONLY_D2,2,0,0,0
14751,wc-completed,GBP,2025-10-01 15:55:21,49.00,APPROVED_FOR_IMPORT,,EMAIL_ONLY_D2,3,0,0,0
14753,wc-completed,GBP,2025-10-01 16:35:12,27.00,APPROVED_FOR_IMPORT,,EMAIL_ONLY_D2,1,0,0,0
14754,wc-completed,GBP,2025-10-01 18:19:50,118.98,APPROVED_FOR_IMPORT,,EMAIL_ONLY_D2,5,0,0,0
14755,wc-completed,GBP,2025-10-01 18:43:48,18.00,APPROVED_FOR_IMPORT,,EMAIL_ONLY_D2,1,1,0,0
14756,wc-completed,GBP,2025-10-01 19:26:13,47.00,APPROVED_FOR_IMPORT,,ASSOCIATE_GID,2,0,0,0
14758,wc-completed,GBP,2025-10-01 19:44:46,39.00,APPROVED_FOR_IMPORT,,EMAIL_ONLY_D2,2,0,0,0
14759,wc-completed,GBP,2025-10-01 20:00:30,23.00,APPROVED_FOR_IMPORT,,EMAIL_ONLY_D2,1,0,0,0
14760,wc-completed,GBP,2025-10-01 20:33:17,21.00,APPROVED_FOR_IMPORT,,EMAIL_ONLY_D2,1,0,0,0
14761,wc-completed,GBP,2025-10-01 22:11:32,25.00,APPROVED_FOR_IMPORT,,EMAIL_ONLY_D2,1,0,0,0
14762,wc-completed,GBP,2025-10-01 22:22:17,21.00,APPROVED_FOR_IMPORT,,ASSOCIATE_GID,1,0,0,0
14763,wc-completed,GBP,2025-10-01 22:48:40,48.00,APPROVED_FOR_IMPORT,,EMAIL_ONLY_D2,2,0,0,0
14764,wc-completed,GBP,2025-10-01 23:18:18,47.00,APPROVED_FOR_IMPORT,,EMAIL_ONLY_D2,2,0,0,0
14766,wc-failed,GBP,2025-10-02 05:12:54,37.00,APPROVED_FOR_IMPORT,,EMAIL_ONLY_D2,1,0,0,0
14767,wc-completed,GBP,2025-10-02 05:15:57,21.00,APPROVED_FOR_IMPORT,,EMAIL_ONLY_D2,1,0,0,0
14768,wc-completed,GBP,2025-10-02 06:58:21,23.00,APPROVED_FOR_IMPORT,,EMAIL_ONLY_D2,1,0,0,0
14769,wc-completed,GBP,2025-10-02 09:32:04,78.99,APPROVED_FOR_IMPORT,,EMAIL_ONLY_D2,3,0,0,0
14770,wc-completed,GBP,2025-10-02 11:09:22,20.84,APPROVED_FOR_IMPORT,,EMAIL_ONLY_D2,1,0,0,0
14771,wc-completed,GBP,2025-10-02 11:27:45,72.00,APPROVED_FOR_IMPORT,,EMAIL_ONLY_D2,3,0,0,0
14774,wc-completed,GBP,2025-10-02 14:37:10,30.00,APPROVED_FOR_IMPORT,,EMAIL_ONLY_D2,1,0,0,0
14776,wc-completed,GBP,2025-10-02 15:12:35,48.00,APPROVED_FOR_IMPORT,,EMAIL_ONLY_D2,3,0,0,0
14777,wc-completed,GBP,2025-10-02 15:27:02,25.00,APPROVED_FOR_IMPORT,,EMAIL_ONLY_D2,1,0,0,0
14778,wc-completed,GBP,2025-10-02 15:56:47,12.00,APPROVED_FOR_IMPORT,,EMAIL_ONLY_D2,1,0,1,0
14782,wc-completed,GBP,2025-10-02 16:16:59,22.00,APPROVED_FOR_IMPORT,,EMAIL_ONLY_D2,1,0,0,0
14783,wc-completed,GBP,2025-10-02 19:38:52,21.00,APPROVED_FOR_IMPORT,,ASSOCIATE_GID,1,0,0,0
14784,wc-completed,GBP,2025-10-02 19:45:12,59.00,APPROVED_FOR_IMPORT,,EMAIL_ONLY_D2,1,0,0,0
14786,wc-completed,GBP,2025-10-02 22:11:10,23.00,APPROVED_FOR_IMPORT,,EMAIL_ONLY_D2,1,0,0,0
14787,wc-completed,GBP,2025-10-03 06:13:14,20.00,APPROVED_FOR_IMPORT,,EMAIL_ONLY_D2,1,0,0,0
14788,wc-completed,GBP,2025-10-03 06:47:38,105.00,APPROVED_FOR_IMPORT,,EMAIL_ONLY_D2,5,0,0,0
14789,wc-completed,GBP,2025-10-03 09:40:17,42.00,APPROVED_FOR_IMPORT,,EMAIL_ONLY_D2,2,0,0,0
14790,wc-completed,GBP,2025-10-03 09:42:22,23.00,APPROVED_FOR_IMPORT,,EMAIL_ONLY_D2,1,0,0,0
14791,wc-completed,GBP,2025-10-03 10:53:37,43.00,APPROVED_FOR_IMPORT,,EMAIL_ONLY_D2,2,0,0,0
14793,wc-completed,GBP,2025-10-03 12:22:44,55.00,APPROVED_FOR_IMPORT,,ASSOCIATE_GID,1,0,0,0
14794,wc-completed,GBP,2025-10-03 12:52:23,185.00,APPROVED_FOR_IMPORT,,EMAIL_ONLY_D2,4,1,0,0
14795,wc-completed,GBP,2025-10-03 14:22:26,69.00,APPROVED_FOR_IMPORT,,EMAIL_ONLY_D2,4,0,0,0
14798,wc-completed,GBP,2025-10-03 16:29:46,71.00,APPROVED_FOR_IMPORT,,EMAIL_ONLY_D2,3,0,0,0
14799,wc-completed,GBP,2025-10-03 17:11:37,58.00,APPROVED_FOR_IMPORT,,EMAIL_ONLY_D2,6,0,0,0
14800,wc-completed,GBP,2025-10-03 18:19:28,58.00,APPROVED_FOR_IMPORT,,EMAIL_ONLY_D2,2,0,0,0
14801,wc-completed,GBP,2025-10-03 20:13:53,109.93,APPROVED_FOR_IMPORT,,ASSOCIATE_GID,6,0,0,0
14802,wc-completed,GBP,2025-10-03 21:17:16,23.00,APPROVED_FOR_IMPORT,,EMAIL_ONLY_D2,1,0,0,0
14804,wc-completed,GBP,2025-10-04 04:10:20,56.00,APPROVED_FOR_IMPORT,,EMAIL_ONLY_D2,3,0,0,0
14805,wc-completed,GBP,2025-10-04 07:34:19,104.99,APPROVED_FOR_IMPORT,,EMAIL_ONLY_D2,6,0,0,0
14806,wc-completed,GBP,2025-10-04 08:43:33,104.00,APPROVED_FOR_IMPORT,,ASSOCIATE_GID,4,0,0,0
14807,wc-completed,GBP,2025-10-04 08:57:08,45.00,APPROVED_FOR_IMPORT,,EMAIL_ONLY_D2,2,0,0,0
14809,wc-completed,GBP,2025-10-04 10:57:48,46.00,APPROVED_FOR_IMPORT,,EMAIL_ONLY_D2,3,0,0,0
14810,wc-completed,GBP,2025-10-04 11:28:53,30.00,APPROVED_FOR_IMPORT,,EMAIL_ONLY_D2,1,0,0,0
14811,wc-completed,GBP,2025-10-04 11:39:54,52.00,APPROVED_FOR_IMPORT,,ASSOCIATE_GID,2,0,0,0
14812,wc-completed,GBP,2025-10-04 11:52:40,30.00,APPROVED_FOR_IMPORT,,EMAIL_ONLY_D2,1,0,0,0
14813,wc-completed,GBP,2025-10-04 11:54:44,23.00,APPROVED_FOR_IMPORT,,EMAIL_ONLY_D2,1,0,0,0
14814,wc-completed,GBP,2025-10-04 11:55:55,49.00,APPROVED_FOR_IMPORT,,EMAIL_ONLY_D2,1,0,0,0
14815,wc-completed,GBP,2025-10-04 11:56:22,21.00,APPROVED_FOR_IMPORT,,EMAIL_ONLY_D2,1,0,0,0
14816,wc-completed,GBP,2025-10-04 12:09:31,54.00,APPROVED_FOR_IMPORT,,ASSOCIATE_GID,3,0,0,0
14817,wc-cancelled,GBP,2025-10-04 13:31:01,52.00,APPROVED_FOR_IMPORT,,ASSOCIATE_GID,3,0,0,0
14818,wc-completed,GBP,2025-10-04 13:38:15,52.00,APPROVED_FOR_IMPORT,,ASSOCIATE_GID,3,0,0,0
14819,wc-failed,GBP,2025-10-04 14:17:23,105.00,APPROVED_FOR_IMPORT,,ASSOCIATE_GID,1,0,0,0
14820,wc-completed,GBP,2025-10-04 16:22:32,37.00,APPROVED_FOR_IMPORT,,EMAIL_ONLY_D2,1,0,0,0
14821,wc-completed,GBP,2025-10-04 17:07:30,74.99,APPROVED_FOR_IMPORT,,EMAIL_ONLY_D2,4,0,0,0
14822,wc-completed,GBP,2025-10-04 17:31:31,21.00,APPROVED_FOR_IMPORT,,EMAIL_ONLY_D2,1,0,0,0
14823,wc-completed,GBP,2025-10-04 18:57:53,86.00,APPROVED_FOR_IMPORT,,ASSOCIATE_GID,4,0,0,0
14824,wc-completed,GBP,2025-10-04 19:16:36,41.00,APPROVED_FOR_IMPORT,,EMAIL_ONLY_D2,1,0,0,0
14825,wc-completed,GBP,2025-10-04 19:56:44,57.00,APPROVED_FOR_IMPORT,,ASSOCIATE_GID,1,0,0,0
14828,wc-refunded,GBP,2025-10-04 22:26:11,23.00,APPROVED_FOR_IMPORT,,EMAIL_ONLY_D2,1,0,0,1
14830,wc-completed,GBP,2025-10-04 23:58:08,42.00,APPROVED_FOR_IMPORT,,EMAIL_ONLY_D2,2,0,0,0
14831,wc-completed,GBP,2025-10-05 01:27:28,59.00,APPROVED_FOR_IMPORT,,EMAIL_ONLY_D2,3,0,0,0
14832,wc-completed,GBP,2025-10-05 13:38:34,21.00,APPROVED_FOR_IMPORT,,EMAIL_ONLY_D2,1,0,0,0
14833,wc-completed,GBP,2025-10-05 13:40:36,23.00,APPROVED_FOR_IMPORT,,EMAIL_ONLY_D2,1,0,0,0
14835,wc-completed,GBP,2025-10-05 13:56:59,80.00,APPROVED_FOR_IMPORT,,EMAIL_ONLY_D2,4,0,0,0
14836,wc-failed,GBP,2025-10-05 14:02:10,32.00,APPROVED_FOR_IMPORT,,EMAIL_ONLY_D2,2,0,0,0
14837,wc-completed,GBP,2025-10-05 14:02:55,32.00,APPROVED_FOR_IMPORT,,EMAIL_ONLY_D2,2,0,0,0
14838,wc-completed,GBP,2025-10-05 14:34:20,46.83,APPROVED_FOR_IMPORT,,ASSOCIATE_GID,2,0,0,0
14839,wc-completed,GBP,2025-10-05 16:18:39,59.00,APPROVED_FOR_IMPORT,,EMAIL_ONLY_D2,1,0,0,0
14842,wc-completed,GBP,2025-10-05 21:47:35,55.98,APPROVED_FOR_IMPORT,,ASSOCIATE_GID,5,0,0,1
14843,wc-completed,GBP,2025-10-05 23:02:26,65.00,APPROVED_FOR_IMPORT,,ASSOCIATE_GID,2,0,0,0
14844,wc-completed,GBP,2025-10-05 23:04:25,30.00,APPROVED_FOR_IMPORT,,EMAIL_ONLY_D2,1,0,0,0
14845,wc-cancelled,GBP,2025-10-05 23:29:49,55.00,APPROVED_FOR_IMPORT,,ASSOCIATE_GID,2,0,0,0
14846,wc-completed,GBP,2025-10-05 23:30:39,41.00,APPROVED_FOR_IMPORT,,ASSOCIATE_GID,3,0,0,0
14847,wc-completed,GBP,2025-10-06 00:17:57,45.00,APPROVED_FOR_IMPORT,,EMAIL_ONLY_D2,1,0,0,0
14849,wc-completed,GBP,2025-10-06 06:49:25,55.00,APPROVED_FOR_IMPORT,,ASSOCIATE_GID,2,0,0,0
14850,wc-completed,GBP,2025-10-06 08:58:38,80.00,APPROVED_FOR_IMPORT,,EMAIL_ONLY_D2,4,0,0,0
14851,wc-completed,GBP,2025-10-06 10:56:14,58.00,APPROVED_FOR_IMPORT,,EMAIL_ONLY_D2,3,0,0,0
14852,wc-completed,GBP,2025-10-06 11:07:07,30.00,APPROVED_FOR_IMPORT,,EMAIL_ONLY_D2,1,0,0,0
14853,wc-completed,GBP,2025-10-06 11:18:10,41.00,APPROVED_FOR_IMPORT,,EMAIL_ONLY_D2,2,0,0,0
14854,wc-completed,GBP,2025-10-06 11:19:35,95.00,APPROVED_FOR_IMPORT,,EMAIL_ONLY_D2,2,0,0,0
14855,wc-failed,GBP,2025-10-06 11:26:07,30.00,APPROVED_FOR_IMPORT,,EMAIL_ONLY_D2,1,0,0,0
14856,wc-completed,GBP,2025-10-06 12:55:46,65.00,APPROVED_FOR_IMPORT,,EMAIL_ONLY_D2,3,0,0,0
14858,wc-completed,GBP,2025-10-06 14:55:41,47.00,APPROVED_FOR_IMPORT,,EMAIL_ONLY_D2,2,0,0,0
14859,wc-completed,GBP,2025-10-06 15:16:01,26.00,APPROVED_FOR_IMPORT,,ASSOCIATE_GID,1,0,0,0
14860,wc-completed,GBP,2025-10-06 16:12:32,41.00,APPROVED_FOR_IMPORT,,EMAIL_ONLY_D2,2,0,0,0
14861,wc-completed,GBP,2025-10-06 16:35:09,33.00,APPROVED_FOR_IMPORT,,EMAIL_ONLY_D2,1,0,0,0
14862,wc-completed,GBP,2025-10-06 17:46:14,56.00,APPROVED_FOR_IMPORT,,EMAIL_ONLY_D2,3,0,0,0
14863,wc-completed,GBP,2025-10-06 19:16:22,30.00,APPROVED_FOR_IMPORT,,EMAIL_ONLY_D2,1,0,0,0
14864,wc-completed,GBP,2025-10-06 19:50:15,25.00,APPROVED_FOR_IMPORT,,EMAIL_ONLY_D2,1,0,0,0
14865,wc-failed,GBP,2025-10-06 20:08:08,90.00,APPROVED_FOR_IMPORT,,EMAIL_ONLY_D2,4,0,0,0
14866,wc-completed,GBP,2025-10-06 20:09:09,90.00,APPROVED_FOR_IMPORT,,EMAIL_ONLY_D2,4,0,0,0
14867,wc-completed,GBP,2025-10-06 20:22:11,78.00,APPROVED_FOR_IMPORT,,ASSOCIATE_GID,4,0,0,0
14868,wc-completed,GBP,2025-10-06 21:37:38,39.00,APPROVED_FOR_IMPORT,,EMAIL_ONLY_D2,2,0,0,0
14869,wc-completed,GBP,2025-10-06 22:01:21,19.00,APPROVED_FOR_IMPORT,,EMAIL_ONLY_D2,1,0,0,0
14871,wc-completed,GBP,2025-10-06 22:57:20,23.00,APPROVED_FOR_IMPORT,,EMAIL_ONLY_D2,1,0,0,0
14872,wc-completed,GBP,2025-10-06 23:40:26,98.00,APPROVED_FOR_IMPORT,,EMAIL_ONLY_D2,4,0,0,0
14875,wc-completed,GBP,2025-10-07 07:53:33,105.00,APPROVED_FOR_IMPORT,,ASSOCIATE_GID,7,0,0,0
14876,wc-failed,GBP,2025-10-07 08:10:22,41.00,APPROVED_FOR_IMPORT,,EMAIL_ONLY_D2,2,0,0,0
14877,wc-completed,GBP,2025-10-07 08:13:39,41.00,APPROVED_FOR_IMPORT,,EMAIL_ONLY_D2,2,0,0,0
14878,wc-completed,GBP,2025-10-07 08:32:08,73.00,APPROVED_FOR_IMPORT,,EMAIL_ONLY_D2,3,0,0,0
14879,wc-completed,GBP,2025-10-07 08:41:06,21.00,APPROVED_FOR_IMPORT,,EMAIL_ONLY_D2,1,0,0,0
14882,wc-completed,GBP,2025-10-07 12:18:20,65.00,APPROVED_FOR_IMPORT,,EMAIL_ONLY_D2,3,0,0,0
14883,wc-completed,GBP,2025-10-07 12:51:46,63.00,APPROVED_FOR_IMPORT,,EMAIL_ONLY_D2,3,0,0,0
14884,wc-completed,GBP,2025-10-07 13:37:58,60.00,APPROVED_FOR_IMPORT,,ASSOCIATE_GID,2,0,0,0
14885,wc-failed,GBP,2025-10-07 16:25:09,55.00,APPROVED_FOR_IMPORT,,ASSOCIATE_GID,1,0,0,0
14886,wc-completed,GBP,2025-10-07 16:38:26,22.00,APPROVED_FOR_IMPORT,,EMAIL_ONLY_D2,1,0,0,0
14887,wc-cancelled,GBP,2025-10-07 16:55:39,55.00,APPROVED_FOR_IMPORT,,ASSOCIATE_GID,1,0,0,0
14888,wc-completed,GBP,2025-10-07 17:18:32,19.00,APPROVED_FOR_IMPORT,,EMAIL_ONLY_D2,1,0,0,0
14890,wc-completed,GBP,2025-10-07 20:41:14,47.00,APPROVED_FOR_IMPORT,,EMAIL_ONLY_D2,2,0,0,0
14891,wc-completed,GBP,2025-10-07 21:46:39,29.00,APPROVED_FOR_IMPORT,,EMAIL_ONLY_D2,1,0,0,0
14892,wc-completed,GBP,2025-10-07 22:20:51,36.86,APPROVED_FOR_IMPORT,,EMAIL_ONLY_D2,2,0,0,0
14893,wc-completed,GBP,2025-10-07 23:27:18,67.00,APPROVED_FOR_IMPORT,,EMAIL_ONLY_D2,3,0,0,0
14894,wc-completed,GBP,2025-10-08 02:25:59,71.00,APPROVED_FOR_IMPORT,,ASSOCIATE_GID,3,0,0,0
14895,wc-completed,GBP,2025-10-08 08:54:38,27.00,APPROVED_FOR_IMPORT,,EMAIL_ONLY_D2,1,0,0,0
14896,wc-completed,GBP,2025-10-08 09:02:00,55.00,APPROVED_FOR_IMPORT,,EMAIL_ONLY_D2,2,0,0,0
14897,wc-completed,GBP,2025-10-08 09:10:52,65.00,APPROVED_FOR_IMPORT,,EMAIL_ONLY_D2,1,0,0,0
14899,wc-completed,GBP,2025-10-08 09:35:43,145.99,APPROVED_FOR_IMPORT,,EMAIL_ONLY_D2,7,0,0,0
14901,wc-completed,GBP,2025-10-08 10:22:22,30.00,APPROVED_FOR_IMPORT,,EMAIL_ONLY_D2,1,0,0,0
14902,wc-completed,GBP,2025-10-08 10:44:46,55.00,APPROVED_FOR_IMPORT,,EMAIL_ONLY_D2,2,0,0,0
14903,wc-completed,GBP,2025-10-08 12:09:37,41.99,APPROVED_FOR_IMPORT,,EMAIL_ONLY_D2,2,0,0,0
14904,wc-completed,GBP,2025-10-08 13:42:02,27.00,APPROVED_FOR_IMPORT,,EMAIL_ONLY_D2,1,0,0,0
14905,wc-completed,GBP,2025-10-08 14:44:19,27.00,APPROVED_FOR_IMPORT,,EMAIL_ONLY_D2,1,0,0,0
14906,wc-completed,GBP,2025-10-08 16:21:44,56.00,APPROVED_FOR_IMPORT,,EMAIL_ONLY_D2,3,0,0,0
14908,wc-completed,GBP,2025-10-08 16:39:43,47.00,APPROVED_FOR_IMPORT,,EMAIL_ONLY_D2,2,0,0,0
14910,wc-completed,GBP,2025-10-08 19:24:07,186.00,APPROVED_FOR_IMPORT,,EMAIL_ONLY_D2,13,0,0,0
14911,wc-completed,GBP,2025-10-08 20:12:33,65.00,APPROVED_FOR_IMPORT,,EMAIL_ONLY_D2,1,0,0,0
14912,wc-cancelled,GBP,2025-10-08 20:52:51,55.00,APPROVED_FOR_IMPORT,,ASSOCIATE_GID,1,0,0,0
14913,wc-completed,GBP,2025-10-08 21:56:06,24.00,APPROVED_FOR_IMPORT,,EMAIL_ONLY_D2,1,0,0,0
14914,wc-completed,GBP,2025-10-08 21:59:05,24.00,APPROVED_FOR_IMPORT,,ASSOCIATE_GID,1,0,0,0
14915,wc-completed,GBP,2025-10-08 22:27:27,21.00,APPROVED_FOR_IMPORT,,EMAIL_ONLY_D2,1,0,0,0
14916,wc-completed,GBP,2025-10-09 01:25:14,58.99,APPROVED_FOR_IMPORT,,EMAIL_ONLY_D2,2,0,0,0
14917,wc-completed,GBP,2025-10-09 01:53:48,46.00,APPROVED_FOR_IMPORT,,EMAIL_ONLY_D2,2,0,0,0
14919,wc-completed,GBP,2025-10-09 09:08:35,38.00,APPROVED_FOR_IMPORT,,EMAIL_ONLY_D2,2,0,0,0
14920,wc-completed,GBP,2025-10-09 10:15:12,44.00,APPROVED_FOR_IMPORT,,EMAIL_ONLY_D2,2,0,0,0
14921,wc-cancelled,GBP,2025-10-09 11:38:04,45.00,APPROVED_FOR_IMPORT,,ASSOCIATE_GID,2,0,0,0
14922,wc-completed,GBP,2025-10-09 14:08:32,41.00,APPROVED_FOR_IMPORT,,EMAIL_ONLY_D2,2,0,0,0
14923,wc-completed,GBP,2025-10-09 14:16:08,105.00,APPROVED_FOR_IMPORT,,EMAIL_ONLY_D2,4,0,0,0
14924,wc-completed,GBP,2025-10-09 14:22:57,55.00,APPROVED_FOR_IMPORT,,EMAIL_ONLY_D2,1,0,0,0
14925,wc-completed,GBP,2025-10-09 14:31:53,23.00,APPROVED_FOR_IMPORT,,EMAIL_ONLY_D2,1,0,0,0
14926,wc-completed,GBP,2025-10-09 15:40:28,21.00,APPROVED_FOR_IMPORT,,ASSOCIATE_GID,1,0,0,0
14928,wc-completed,GBP,2025-10-09 16:49:49,21.00,APPROVED_FOR_IMPORT,,EMAIL_ONLY_D2,1,0,0,0
14929,wc-completed,GBP,2025-10-09 17:13:10,61.00,APPROVED_FOR_IMPORT,,EMAIL_ONLY_D2,3,0,0,0
14930,wc-completed,GBP,2025-10-09 17:52:07,176.00,APPROVED_FOR_IMPORT,,ASSOCIATE_GID,9,0,0,0
14931,wc-completed,GBP,2025-10-09 18:41:29,65.00,APPROVED_FOR_IMPORT,,EMAIL_ONLY_D2,2,0,0,0
14932,wc-completed,GBP,2025-10-09 19:36:03,75.00,APPROVED_FOR_IMPORT,,EMAIL_ONLY_D2,4,0,0,0
14933,wc-completed,GBP,2025-10-09 20:11:38,100.00,APPROVED_FOR_IMPORT,,EMAIL_ONLY_D2,5,0,0,0
14934,wc-completed,GBP,2025-10-09 20:12:15,90.00,APPROVED_FOR_IMPORT,,ASSOCIATE_GID,5,0,0,0
14935,wc-completed,GBP,2025-10-09 20:40:30,23.00,APPROVED_FOR_IMPORT,,EMAIL_ONLY_D2,1,0,0,0
14937,wc-completed,GBP,2025-10-09 21:18:52,35.00,APPROVED_FOR_IMPORT,,EMAIL_ONLY_D2,1,0,0,0
14940,wc-refunded,GBP,2025-10-09 21:32:44,22.00,APPROVED_FOR_IMPORT,,ASSOCIATE_GID,1,0,0,1
14941,wc-completed,GBP,2025-10-09 21:37:09,43.00,APPROVED_FOR_IMPORT,,EMAIL_ONLY_D2,2,0,0,0
14942,wc-completed,GBP,2025-10-09 21:51:52,56.00,APPROVED_FOR_IMPORT,,EMAIL_ONLY_D2,3,0,0,0
14945,wc-completed,GBP,2025-10-10 05:53:28,41.00,APPROVED_FOR_IMPORT,,EMAIL_ONLY_D2,1,0,0,0
14947,wc-completed,GBP,2025-10-10 05:57:47,97.92,APPROVED_FOR_IMPORT,,EMAIL_ONLY_D2,9,0,0,0
14948,wc-completed,GBP,2025-10-10 07:26:28,66.00,APPROVED_FOR_IMPORT,,EMAIL_ONLY_D2,3,0,0,0
14949,wc-completed,GBP,2025-10-10 09:11:54,25.00,APPROVED_FOR_IMPORT,,EMAIL_ONLY_D2,1,0,0,0
14950,wc-completed,GBP,2025-10-10 09:13:48,41.00,APPROVED_FOR_IMPORT,,EMAIL_ONLY_D2,2,0,0,0
14951,wc-completed,GBP,2025-10-10 09:26:45,112.00,APPROVED_FOR_IMPORT,,EMAIL_ONLY_D2,6,0,0,0
14952,wc-completed,GBP,2025-10-10 10:01:45,62.00,APPROVED_FOR_IMPORT,,EMAIL_ONLY_D2,4,0,0,0
14953,wc-completed,GBP,2025-10-10 10:17:17,37.00,APPROVED_FOR_IMPORT,,ASSOCIATE_GID,2,0,0,0
14954,wc-completed,GBP,2025-10-10 10:45:27,25.00,PENDING_DECISION,D-3_unmapped_customer,UNMAPPED,1,0,0,0
14955,wc-completed,GBP,2025-10-10 10:56:17,27.00,APPROVED_FOR_IMPORT,,EMAIL_ONLY_D2,1,0,0,0
14956,wc-completed,GBP,2025-10-10 11:34:56,24.33,APPROVED_FOR_IMPORT,,EMAIL_ONLY_D2,1,0,0,0
14957,wc-completed,GBP,2025-10-10 12:42:54,25.00,APPROVED_FOR_IMPORT,,EMAIL_ONLY_D2,1,0,0,0
14958,wc-completed,GBP,2025-10-10 13:58:50,79.99,APPROVED_FOR_IMPORT,,EMAIL_ONLY_D2,4,0,0,0
14961,wc-refunded,GBP,2025-10-10 15:20:29,25.00,APPROVED_FOR_IMPORT,,EMAIL_ONLY_D2,1,0,0,1
14965,wc-completed,GBP,2025-10-10 19:10:27,65.00,APPROVED_FOR_IMPORT,,ASSOCIATE_GID,1,0,0,0
14966,wc-completed,GBP,2025-10-10 20:29:51,55.00,APPROVED_FOR_IMPORT,,EMAIL_ONLY_D2,2,0,0,0
14967,wc-completed,GBP,2025-10-10 20:40:17,112.67,PENDING_DECISION,D-3_unmapped_customer,UNMAPPED,2,0,0,0
14968,wc-completed,GBP,2025-10-10 21:00:40,43.00,APPROVED_FOR_IMPORT,,EMAIL_ONLY_D2,2,0,0,0
14969,wc-completed,GBP,2025-10-10 22:16:24,50.00,APPROVED_FOR_IMPORT,,EMAIL_ONLY_D2,2,0,0,0
14970,wc-completed,GBP,2025-10-10 23:06:11,65.99,APPROVED_FOR_IMPORT,,EMAIL_ONLY_D2,4,0,0,0
14971,wc-completed,GBP,2025-10-10 23:59:37,22.67,APPROVED_FOR_IMPORT,,EMAIL_ONLY_D2,1,0,0,0
14972,wc-completed,GBP,2025-10-11 05:50:20,25.00,APPROVED_FOR_IMPORT,,ASSOCIATE_GID,1,0,0,0
14973,wc-completed,GBP,2025-10-11 09:26:47,68.00,APPROVED_FOR_IMPORT,,EMAIL_ONLY_D2,3,0,0,0
14974,wc-completed,GBP,2025-10-11 10:23:58,21.00,APPROVED_FOR_IMPORT,,EMAIL_ONLY_D2,1,0,0,0
14975,wc-completed,GBP,2025-10-11 10:29:53,127.00,APPROVED_FOR_IMPORT,,ASSOCIATE_GID,7,0,0,1
14978,wc-completed,GBP,2025-10-11 18:20:19,23.00,APPROVED_FOR_IMPORT,,ASSOCIATE_GID,1,0,0,0
14979,wc-completed,GBP,2025-10-11 20:52:16,97.00,APPROVED_FOR_IMPORT,,EMAIL_ONLY_D2,5,0,0,0
14980,wc-completed,GBP,2025-10-11 23:04:02,23.00,APPROVED_FOR_IMPORT,,EMAIL_ONLY_D2,1,0,0,0
14981,wc-completed,GBP,2025-10-11 23:12:31,25.00,APPROVED_FOR_IMPORT,,EMAIL_ONLY_D2,1,0,0,0
14982,wc-completed,GBP,2025-10-12 00:56:08,25.00,APPROVED_FOR_IMPORT,,EMAIL_ONLY_D2,1,0,0,0
14985,wc-completed,GBP,2025-10-12 06:56:32,75.00,APPROVED_FOR_IMPORT,,EMAIL_ONLY_D2,3,0,0,0
14986,wc-completed,GBP,2025-10-12 06:57:18,115.00,APPROVED_FOR_IMPORT,,EMAIL_ONLY_D2,4,0,0,0
14987,wc-completed,GBP,2025-10-12 08:04:05,20.00,APPROVED_FOR_IMPORT,,EMAIL_ONLY_D2,1,0,0,0
14988,wc-completed,GBP,2025-10-12 08:58:50,25.00,APPROVED_FOR_IMPORT,,EMAIL_ONLY_D2,1,0,0,0
14992,wc-completed,GBP,2025-10-12 11:35:25,63.00,APPROVED_FOR_IMPORT,,EMAIL_ONLY_D2,3,0,0,0
14993,wc-completed,GBP,2025-10-12 12:45:07,100.00,APPROVED_FOR_IMPORT,,EMAIL_ONLY_D2,5,0,0,0
14994,wc-completed,GBP,2025-10-12 15:16:27,121.99,APPROVED_FOR_IMPORT,,EMAIL_ONLY_D2,5,0,0,0
14995,wc-completed,GBP,2025-10-12 15:30:56,25.00,APPROVED_FOR_IMPORT,,EMAIL_ONLY_D2,1,0,0,0
14997,wc-completed,GBP,2025-10-12 15:48:52,41.00,APPROVED_FOR_IMPORT,,EMAIL_ONLY_D2,1,0,0,0
15000,wc-completed,GBP,2025-10-12 20:07:50,42.00,APPROVED_FOR_IMPORT,,EMAIL_ONLY_D2,2,0,0,0
15001,wc-completed,GBP,2025-10-12 20:12:27,25.00,APPROVED_FOR_IMPORT,,EMAIL_ONLY_D2,1,0,0,0
15002,wc-completed,GBP,2025-10-12 23:42:11,25.00,APPROVED_FOR_IMPORT,,EMAIL_ONLY_D2,1,0,0,0
15003,wc-failed,GBP,2025-10-13 07:48:58,25.00,APPROVED_FOR_IMPORT,,EMAIL_ONLY_D2,1,0,0,0
15004,wc-completed,GBP,2025-10-13 07:50:32,25.00,APPROVED_FOR_IMPORT,,EMAIL_ONLY_D2,1,0,0,0
15008,wc-completed,GBP,2025-10-13 09:20:50,41.00,APPROVED_FOR_IMPORT,,EMAIL_ONLY_D2,2,0,0,0
15009,wc-completed,GBP,2025-10-13 09:39:59,47.00,APPROVED_FOR_IMPORT,,EMAIL_ONLY_D2,2,0,0,0
15010,wc-cancelled,GBP,2025-10-13 10:42:59,67.00,APPROVED_FOR_IMPORT,,ASSOCIATE_GID,2,0,0,0
15011,wc-completed,GBP,2025-10-13 10:46:09,89.00,APPROVED_FOR_IMPORT,,ASSOCIATE_GID,2,0,0,0
15012,wc-completed,GBP,2025-10-13 11:24:05,25.00,APPROVED_FOR_IMPORT,,EMAIL_ONLY_D2,1,0,0,0
15013,wc-completed,GBP,2025-10-13 11:45:11,23.00,APPROVED_FOR_IMPORT,,EMAIL_ONLY_D2,1,0,0,0
15014,wc-completed,GBP,2025-10-13 14:45:11,66.00,APPROVED_FOR_IMPORT,,EMAIL_ONLY_D2,3,0,0,0
15015,wc-completed,GBP,2025-10-13 15:44:54,23.00,APPROVED_FOR_IMPORT,,EMAIL_ONLY_D2,1,0,0,0
15016,wc-completed,GBP,2025-10-13 16:15:47,43.00,APPROVED_FOR_IMPORT,,EMAIL_ONLY_D2,2,0,0,0
15017,wc-completed,GBP,2025-10-13 17:40:49,27.00,APPROVED_FOR_IMPORT,,ASSOCIATE_GID,1,0,0,0
15018,wc-completed,GBP,2025-10-13 17:58:27,23.00,APPROVED_FOR_IMPORT,,EMAIL_ONLY_D2,1,0,0,0
15019,wc-completed,GBP,2025-10-13 18:00:44,48.00,APPROVED_FOR_IMPORT,,EMAIL_ONLY_D2,2,0,0,0
15020,wc-failed,GBP,2025-10-13 18:02:50,37.00,APPROVED_FOR_IMPORT,,EMAIL_ONLY_D2,2,0,0,0
15021,wc-completed,GBP,2025-10-13 19:03:47,12.00,APPROVED_FOR_IMPORT,,EMAIL_ONLY_D2,1,0,0,0
15022,wc-completed,GBP,2025-10-13 19:09:30,23.00,APPROVED_FOR_IMPORT,,ASSOCIATE_GID,1,0,0,0
15023,wc-completed,GBP,2025-10-13 19:43:11,37.00,APPROVED_FOR_IMPORT,,ASSOCIATE_GID,2,0,0,0
15024,wc-completed,GBP,2025-10-13 19:59:28,21.00,APPROVED_FOR_IMPORT,,EMAIL_ONLY_D2,1,0,0,0
15026,wc-cancelled,GBP,2025-10-13 20:30:39,30.00,APPROVED_FOR_IMPORT,,ASSOCIATE_GID,2,0,0,0
15027,wc-completed,GBP,2025-10-13 20:31:31,30.00,APPROVED_FOR_IMPORT,,ASSOCIATE_GID,2,0,0,0
15028,wc-completed,GBP,2025-10-13 22:01:21,51.00,APPROVED_FOR_IMPORT,,EMAIL_ONLY_D2,2,0,0,0
15029,wc-completed,GBP,2025-10-13 22:03:32,67.00,APPROVED_FOR_IMPORT,,EMAIL_ONLY_D2,4,0,0,0
15032,wc-completed,GBP,2025-10-13 22:40:40,68.99,APPROVED_FOR_IMPORT,,EMAIL_ONLY_D2,3,0,0,0
15033,wc-completed,GBP,2025-10-14 02:47:58,40.00,APPROVED_FOR_IMPORT,,EMAIL_ONLY_D2,3,0,0,0
15034,wc-completed,GBP,2025-10-14 06:04:18,97.00,APPROVED_FOR_IMPORT,,EMAIL_ONLY_D2,4,0,0,0
15035,wc-completed,GBP,2025-10-14 06:46:28,151.00,APPROVED_FOR_IMPORT,,EMAIL_ONLY_D2,5,0,0,0
15036,wc-completed,GBP,2025-10-14 07:22:42,25.00,APPROVED_FOR_IMPORT,,EMAIL_ONLY_D2,1,0,0,0
15039,wc-completed,GBP,2025-10-14 09:43:26,21.00,APPROVED_FOR_IMPORT,,EMAIL_ONLY_D2,1,0,0,0
15041,wc-completed,GBP,2025-10-14 13:53:55,25.00,APPROVED_FOR_IMPORT,,EMAIL_ONLY_D2,1,0,0,0
15042,wc-completed,GBP,2025-10-14 15:04:25,54.00,APPROVED_FOR_IMPORT,,EMAIL_ONLY_D2,3,0,0,0
15043,wc-completed,GBP,2025-10-14 15:56:37,24.00,APPROVED_FOR_IMPORT,,EMAIL_ONLY_D2,1,0,0,0
15044,wc-completed,GBP,2025-10-14 18:43:21,38.00,APPROVED_FOR_IMPORT,,EMAIL_ONLY_D2,2,0,0,0
15045,wc-completed,GBP,2025-10-14 20:24:42,47.00,APPROVED_FOR_IMPORT,,EMAIL_ONLY_D2,2,0,0,0
15047,wc-failed,GBP,2025-10-15 00:25:44,47.00,APPROVED_FOR_IMPORT,,EMAIL_ONLY_D2,2,0,0,0
15048,wc-failed,GBP,2025-10-15 00:33:54,87.00,APPROVED_FOR_IMPORT,,EMAIL_ONLY_D2,3,0,0,0
15049,wc-completed,GBP,2025-10-15 00:39:00,104.00,APPROVED_FOR_IMPORT,,EMAIL_ONLY_D2,3,0,0,0
15050,wc-completed,GBP,2025-10-15 01:47:12,63.00,APPROVED_FOR_IMPORT,,EMAIL_ONLY_D2,4,0,0,0
15051,wc-completed,GBP,2025-10-15 04:39:14,29.00,APPROVED_FOR_IMPORT,,EMAIL_ONLY_D2,1,0,0,0
15052,wc-completed,GBP,2025-10-15 06:10:25,75.17,APPROVED_FOR_IMPORT,,ASSOCIATE_GID,4,0,0,0
15054,wc-completed,GBP,2025-10-15 08:36:30,47.00,APPROVED_FOR_IMPORT,,EMAIL_ONLY_D2,2,0,0,0
15055,wc-completed,GBP,2025-10-15 09:12:25,67.99,APPROVED_FOR_IMPORT,,EMAIL_ONLY_D2,3,0,0,0
15056,wc-completed,GBP,2025-10-15 09:19:37,25.00,APPROVED_FOR_IMPORT,,EMAIL_ONLY_D2,1,0,0,0
15057,wc-completed,GBP,2025-10-15 09:21:43,23.00,APPROVED_FOR_IMPORT,,EMAIL_ONLY_D2,1,0,0,0
15058,wc-completed,GBP,2025-10-15 10:50:48,89.00,APPROVED_FOR_IMPORT,,EMAIL_ONLY_D2,2,0,0,0
15059,wc-completed,GBP,2025-10-15 12:17:32,21.00,APPROVED_FOR_IMPORT,,EMAIL_ONLY_D2,1,0,0,0
15060,wc-failed,GBP,2025-10-15 13:07:12,30.00,APPROVED_FOR_IMPORT,,EMAIL_ONLY_D2,1,0,0,0
15061,wc-completed,GBP,2025-10-15 13:36:00,45.00,APPROVED_FOR_IMPORT,,EMAIL_ONLY_D2,1,0,0,0
15062,wc-completed,GBP,2025-10-15 14:34:56,23.00,APPROVED_FOR_IMPORT,,EMAIL_ONLY_D2,1,0,0,0
15063,wc-completed,GBP,2025-10-15 14:45:53,102.00,APPROVED_FOR_IMPORT,,EMAIL_ONLY_D2,2,0,0,0
15064,wc-completed,GBP,2025-10-15 16:10:56,25.00,APPROVED_FOR_IMPORT,,ASSOCIATE_GID,1,0,0,0
15066,wc-failed,GBP,2025-10-15 16:47:19,25.00,APPROVED_FOR_IMPORT,,EMAIL_ONLY_D2,1,0,0,0
15067,wc-completed,GBP,2025-10-15 16:48:36,25.00,APPROVED_FOR_IMPORT,,EMAIL_ONLY_D2,1,0,0,0
15068,wc-completed,GBP,2025-10-15 18:23:55,21.00,APPROVED_FOR_IMPORT,,EMAIL_ONLY_D2,1,0,0,0
15069,wc-completed,GBP,2025-10-15 18:39:39,47.00,APPROVED_FOR_IMPORT,,ASSOCIATE_GID,2,0,0,0
15070,wc-failed,GBP,2025-10-15 19:07:30,82.00,APPROVED_FOR_IMPORT,,EMAIL_ONLY_D2,3,0,0,0
15071,wc-completed,GBP,2025-10-15 20:17:49,47.00,APPROVED_FOR_IMPORT,,EMAIL_ONLY_D2,2,0,0,0
15072,wc-completed,GBP,2025-10-15 21:42:39,130.00,APPROVED_FOR_IMPORT,,EMAIL_ONLY_D2,3,0,0,0
15073,wc-failed,GBP,2025-10-16 01:28:37,25.00,APPROVED_FOR_IMPORT,,EMAIL_ONLY_D2,1,0,0,0
15075,wc-completed,GBP,2025-10-16 07:59:31,21.00,APPROVED_FOR_IMPORT,,EMAIL_ONLY_D2,1,0,0,0
15077,wc-completed,GBP,2025-10-16 08:42:14,21.00,APPROVED_FOR_IMPORT,,EMAIL_ONLY_D2,1,0,0,0
15079,wc-completed,GBP,2025-10-16 12:01:21,25.00,APPROVED_FOR_IMPORT,,EMAIL_ONLY_D2,1,0,0,0
15081,wc-failed,GBP,2025-10-16 12:05:54,25.00,APPROVED_FOR_IMPORT,,EMAIL_ONLY_D2,1,0,0,0
15082,wc-completed,GBP,2025-10-16 12:45:17,80.00,APPROVED_FOR_IMPORT,,EMAIL_ONLY_D2,1,0,0,0
15083,wc-completed,GBP,2025-10-16 13:55:12,58.98,APPROVED_FOR_IMPORT,,EMAIL_ONLY_D2,3,0,0,0
15084,wc-failed,GBP,2025-10-16 14:39:52,87.66,APPROVED_FOR_IMPORT,,EMAIL_ONLY_D2,3,0,0,0
15085,wc-completed,GBP,2025-10-16 14:43:23,87.66,APPROVED_FOR_IMPORT,,ASSOCIATE_GID,3,0,0,0
15087,wc-completed,GBP,2025-10-16 15:15:15,24.00,APPROVED_FOR_IMPORT,,EMAIL_ONLY_D2,1,0,0,0
15093,wc-completed,GBP,2025-10-16 20:18:14,21.00,APPROVED_FOR_IMPORT,,ASSOCIATE_GID,1,0,0,0
15095,wc-completed,GBP,2025-10-17 05:40:14,23.00,APPROVED_FOR_IMPORT,,EMAIL_ONLY_D2,1,0,0,0
15097,wc-completed,GBP,2025-10-17 07:02:22,25.00,APPROVED_FOR_IMPORT,,EMAIL_ONLY_D2,1,0,0,0
15098,wc-completed,GBP,2025-10-17 07:23:45,30.99,APPROVED_FOR_IMPORT,,EMAIL_ONLY_D2,2,0,0,0
15099,wc-completed,GBP,2025-10-17 07:51:32,58.00,APPROVED_FOR_IMPORT,,EMAIL_ONLY_D2,3,0,0,0
15100,wc-completed,GBP,2025-10-17 08:37:48,75.00,APPROVED_FOR_IMPORT,,EMAIL_ONLY_D2,1,0,0,0
15101,wc-completed,GBP,2025-10-17 10:37:57,94.00,APPROVED_FOR_IMPORT,,EMAIL_ONLY_D2,4,0,0,0
15102,wc-completed,GBP,2025-10-17 15:22:16,80.00,APPROVED_FOR_IMPORT,,EMAIL_ONLY_D2,2,0,0,0
15103,wc-completed,GBP,2025-10-17 15:39:38,47.00,APPROVED_FOR_IMPORT,,EMAIL_ONLY_D2,2,0,0,0
15104,wc-completed,GBP,2025-10-17 15:48:28,69.00,APPROVED_FOR_IMPORT,,EMAIL_ONLY_D2,2,0,0,0
15106,wc-completed,GBP,2025-10-17 16:15:28,153.00,APPROVED_FOR_IMPORT,,EMAIL_ONLY_D2,3,2,0,0
15107,wc-completed,GBP,2025-10-17 16:55:35,35.00,APPROVED_FOR_IMPORT,,EMAIL_ONLY_D2,1,0,0,0
15108,wc-completed,GBP,2025-10-17 19:15:52,49.00,APPROVED_FOR_IMPORT,,EMAIL_ONLY_D2,2,0,0,0
15111,wc-completed,GBP,2025-10-17 20:08:39,22.00,APPROVED_FOR_IMPORT,,EMAIL_ONLY_D2,1,0,0,0
15112,wc-completed,GBP,2025-10-17 21:40:34,23.00,APPROVED_FOR_IMPORT,,EMAIL_ONLY_D2,1,0,0,0
15113,wc-completed,GBP,2025-10-17 22:20:45,63.00,APPROVED_FOR_IMPORT,,EMAIL_ONLY_D2,3,0,0,0
15114,wc-completed,GBP,2025-10-17 23:16:02,30.00,APPROVED_FOR_IMPORT,,EMAIL_ONLY_D2,1,0,0,0
15115,wc-completed,GBP,2025-10-17 23:19:49,55.00,APPROVED_FOR_IMPORT,,EMAIL_ONLY_D2,1,0,0,0
15116,wc-completed,GBP,2025-10-17 23:38:07,21.00,APPROVED_FOR_IMPORT,,ASSOCIATE_GID,1,0,0,0
15117,wc-completed,GBP,2025-10-18 00:13:10,21.00,APPROVED_FOR_IMPORT,,EMAIL_ONLY_D2,1,0,0,0
15118,wc-completed,GBP,2025-10-18 00:34:27,46.00,APPROVED_FOR_IMPORT,,EMAIL_ONLY_D2,3,0,0,0
15119,wc-completed,GBP,2025-10-18 00:53:24,30.00,APPROVED_FOR_IMPORT,,ASSOCIATE_GID,1,0,0,0
15120,wc-completed,GBP,2025-10-18 01:17:23,41.00,APPROVED_FOR_IMPORT,,EMAIL_ONLY_D2,2,0,0,0
15121,wc-completed,GBP,2025-10-18 04:03:14,59.00,PENDING_DECISION,D-3_unmapped_customer,UNMAPPED,3,0,0,0
15122,wc-completed,GBP,2025-10-18 07:08:57,68.00,APPROVED_FOR_IMPORT,,EMAIL_ONLY_D2,3,0,0,0
15123,wc-completed,GBP,2025-10-18 08:46:21,43.00,APPROVED_FOR_IMPORT,,EMAIL_ONLY_D2,1,0,0,0
15124,wc-completed,GBP,2025-10-18 08:57:32,23.00,APPROVED_FOR_IMPORT,,EMAIL_ONLY_D2,1,0,0,0
15125,wc-refunded,GBP,2025-10-18 09:34:28,49.00,APPROVED_FOR_IMPORT,,EMAIL_ONLY_D2,1,0,0,1
15126,wc-completed,GBP,2025-10-18 13:13:07,47.00,APPROVED_FOR_IMPORT,,EMAIL_ONLY_D2,2,0,0,0
15127,wc-completed,GBP,2025-10-18 14:11:41,25.00,APPROVED_FOR_IMPORT,,EMAIL_ONLY_D2,1,0,0,0
15128,wc-completed,GBP,2025-10-18 14:36:35,24.00,APPROVED_FOR_IMPORT,,EMAIL_ONLY_D2,1,0,0,0
15133,wc-completed,GBP,2025-10-18 17:56:22,59.00,APPROVED_FOR_IMPORT,,EMAIL_ONLY_D2,3,0,0,0
15134,wc-completed,GBP,2025-10-18 18:16:32,25.00,APPROVED_FOR_IMPORT,,EMAIL_ONLY_D2,1,0,0,0
15135,wc-completed,GBP,2025-10-18 19:36:04,57.00,APPROVED_FOR_IMPORT,,ASSOCIATE_GID,2,0,0,0
15136,wc-completed,GBP,2025-10-18 19:44:39,159.00,APPROVED_FOR_IMPORT,,EMAIL_ONLY_D2,5,0,0,0
15137,wc-completed,GBP,2025-10-18 20:15:13,62.00,APPROVED_FOR_IMPORT,,EMAIL_ONLY_D2,3,0,0,0
15138,wc-completed,GBP,2025-10-18 20:41:53,42.00,APPROVED_FOR_IMPORT,,ASSOCIATE_GID,2,0,0,0
15139,wc-completed,GBP,2025-10-18 20:58:19,35.00,APPROVED_FOR_IMPORT,,EMAIL_ONLY_D2,2,0,0,0
15140,wc-completed,GBP,2025-10-18 20:59:07,24.00,APPROVED_FOR_IMPORT,,EMAIL_ONLY_D2,1,0,0,0
15141,wc-completed,GBP,2025-10-18 21:05:14,42.00,APPROVED_FOR_IMPORT,,EMAIL_ONLY_D2,2,0,0,0
15142,wc-refunded,GBP,2025-10-18 21:10:37,42.00,APPROVED_FOR_IMPORT,,EMAIL_ONLY_D2,2,0,0,1
15143,wc-completed,GBP,2025-10-18 21:41:56,46.00,APPROVED_FOR_IMPORT,,EMAIL_ONLY_D2,2,0,0,0
15144,wc-completed,GBP,2025-10-18 21:51:57,45.00,APPROVED_FOR_IMPORT,,EMAIL_ONLY_D2,2,0,0,0
15145,wc-completed,GBP,2025-10-18 21:55:36,20.00,APPROVED_FOR_IMPORT,,EMAIL_ONLY_D2,1,0,0,0
15146,wc-completed,GBP,2025-10-18 22:08:05,66.00,APPROVED_FOR_IMPORT,,EMAIL_ONLY_D2,3,0,0,0
15149,wc-completed,GBP,2025-10-18 22:43:53,21.00,APPROVED_FOR_IMPORT,,EMAIL_ONLY_D2,1,0,0,0
15150,wc-completed,GBP,2025-10-18 23:13:07,68.00,APPROVED_FOR_IMPORT,,EMAIL_ONLY_D2,3,0,0,0
15151,wc-cancelled,GBP,2025-10-18 23:33:28,93.00,APPROVED_FOR_IMPORT,,ASSOCIATE_GID,8,0,0,0
15152,wc-completed,GBP,2025-10-19 00:14:50,93.00,APPROVED_FOR_IMPORT,,EMAIL_ONLY_D2,8,0,0,0
15153,wc-completed,GBP,2025-10-19 00:25:59,41.00,APPROVED_FOR_IMPORT,,EMAIL_ONLY_D2,2,0,0,0
15154,wc-failed,GBP,2025-10-19 06:27:44,53.99,APPROVED_FOR_IMPORT,,EMAIL_ONLY_D2,3,0,0,0
15155,wc-completed,GBP,2025-10-19 08:30:53,23.00,APPROVED_FOR_IMPORT,,ASSOCIATE_GID,1,0,0,0
15157,wc-completed,GBP,2025-10-19 10:56:53,44.00,APPROVED_FOR_IMPORT,,EMAIL_ONLY_D2,3,0,0,0
15158,wc-completed,GBP,2025-10-19 11:09:28,23.00,APPROVED_FOR_IMPORT,,ASSOCIATE_GID,1,0,0,0
15159,wc-completed,GBP,2025-10-19 14:13:04,120.00,APPROVED_FOR_IMPORT,,EMAIL_ONLY_D2,1,0,0,0
15160,wc-completed,GBP,2025-10-19 14:35:43,23.00,APPROVED_FOR_IMPORT,,EMAIL_ONLY_D2,1,0,0,0
15161,wc-completed,GBP,2025-10-19 14:57:12,21.00,APPROVED_FOR_IMPORT,,EMAIL_ONLY_D2,1,0,0,0
15162,wc-completed,GBP,2025-10-19 16:03:56,21.00,APPROVED_FOR_IMPORT,,EMAIL_ONLY_D2,1,0,0,0
15163,wc-completed,GBP,2025-10-19 17:27:47,25.00,APPROVED_FOR_IMPORT,,EMAIL_ONLY_D2,1,0,0,0
15164,wc-completed,GBP,2025-10-19 18:45:32,50.00,APPROVED_FOR_IMPORT,,EMAIL_ONLY_D2,3,0,0,0
15165,wc-completed,GBP,2025-10-19 18:56:10,65.00,APPROVED_FOR_IMPORT,,EMAIL_ONLY_D2,1,0,0,0
15166,wc-completed,GBP,2025-10-19 22:06:09,25.00,APPROVED_FOR_IMPORT,,EMAIL_ONLY_D2,1,0,0,0
15167,wc-completed,GBP,2025-10-20 02:37:25,81.77,APPROVED_FOR_IMPORT,,EMAIL_ONLY_D2,5,0,0,0
15168,wc-completed,GBP,2025-10-20 09:24:54,58.00,APPROVED_FOR_IMPORT,,EMAIL_ONLY_D2,6,0,0,0
15169,wc-completed,GBP,2025-10-20 11:00:01,27.00,APPROVED_FOR_IMPORT,,EMAIL_ONLY_D2,1,0,0,0
15170,wc-completed,GBP,2025-10-20 11:15:13,89.67,APPROVED_FOR_IMPORT,,ASSOCIATE_GID,4,0,0,0
15171,wc-completed,GBP,2025-10-20 12:21:04,45.00,APPROVED_FOR_IMPORT,,ASSOCIATE_GID,2,0,0,0
15173,wc-completed,GBP,2025-10-20 13:35:17,25.00,APPROVED_FOR_IMPORT,,ASSOCIATE_GID,1,0,0,0
15175,wc-completed,GBP,2025-10-20 14:59:49,35.99,APPROVED_FOR_IMPORT,,EMAIL_ONLY_D2,2,0,0,0
15176,wc-completed,GBP,2025-10-20 15:37:53,59.00,APPROVED_FOR_IMPORT,,ASSOCIATE_GID,2,0,0,0
15177,wc-completed,GBP,2025-10-20 17:04:48,25.00,APPROVED_FOR_IMPORT,,EMAIL_ONLY_D2,1,0,0,0
15178,wc-completed,GBP,2025-10-20 17:34:01,68.00,APPROVED_FOR_IMPORT,,EMAIL_ONLY_D2,3,0,0,0
15180,wc-completed,GBP,2025-10-20 17:50:09,59.00,APPROVED_FOR_IMPORT,,EMAIL_ONLY_D2,3,0,0,0
15181,wc-completed,GBP,2025-10-20 17:51:49,41.00,APPROVED_FOR_IMPORT,,EMAIL_ONLY_D2,2,0,0,0
15182,wc-completed,GBP,2025-10-20 17:53:34,47.00,APPROVED_FOR_IMPORT,,EMAIL_ONLY_D2,2,0,0,0
15183,wc-completed,GBP,2025-10-20 18:42:21,25.00,APPROVED_FOR_IMPORT,,EMAIL_ONLY_D2,1,0,0,0
15185,wc-completed,GBP,2025-10-20 20:34:40,45.00,APPROVED_FOR_IMPORT,,EMAIL_ONLY_D2,1,0,0,0
15187,wc-completed,GBP,2025-10-20 22:15:48,24.00,APPROVED_FOR_IMPORT,,EMAIL_ONLY_D2,1,0,0,0
15188,wc-failed,GBP,2025-10-20 23:18:07,27.67,APPROVED_FOR_IMPORT,,EMAIL_ONLY_D2,1,0,0,0
15190,wc-completed,GBP,2025-10-20 23:30:59,31.00,APPROVED_FOR_IMPORT,,EMAIL_ONLY_D2,3,0,0,0
15191,wc-completed,GBP,2025-10-21 00:16:41,30.00,APPROVED_FOR_IMPORT,,EMAIL_ONLY_D2,1,0,0,0
15192,wc-completed,GBP,2025-10-21 07:51:01,59.00,APPROVED_FOR_IMPORT,,EMAIL_ONLY_D2,3,0,0,0
15193,wc-completed,GBP,2025-10-21 08:09:19,45.00,APPROVED_FOR_IMPORT,,EMAIL_ONLY_D2,1,0,0,0
15195,wc-completed,GBP,2025-10-21 09:32:12,116.00,APPROVED_FOR_IMPORT,,EMAIL_ONLY_D2,5,0,0,0
15196,wc-completed,GBP,2025-10-21 09:39:51,30.00,APPROVED_FOR_IMPORT,,EMAIL_ONLY_D2,2,0,0,0
15197,wc-completed,GBP,2025-10-21 10:01:34,68.98,APPROVED_FOR_IMPORT,,ASSOCIATE_GID,2,0,0,0
15198,wc-completed,GBP,2025-10-21 10:12:49,85.99,APPROVED_FOR_IMPORT,,ASSOCIATE_GID,4,0,0,0
15199,wc-completed,GBP,2025-10-21 11:03:58,25.00,APPROVED_FOR_IMPORT,,EMAIL_ONLY_D2,1,0,0,0
15200,wc-completed,GBP,2025-10-21 11:30:10,27.00,APPROVED_FOR_IMPORT,,EMAIL_ONLY_D2,1,0,0,0
15201,wc-failed,GBP,2025-10-21 11:56:45,20.00,APPROVED_FOR_IMPORT,,EMAIL_ONLY_D2,1,0,0,0
15202,wc-completed,GBP,2025-10-21 11:57:12,20.00,APPROVED_FOR_IMPORT,,EMAIL_ONLY_D2,1,0,0,0
15203,wc-failed,GBP,2025-10-21 13:01:16,47.00,APPROVED_FOR_IMPORT,,ASSOCIATE_GID,2,0,0,0
15204,wc-completed,GBP,2025-10-21 13:53:14,24.00,APPROVED_FOR_IMPORT,,EMAIL_ONLY_D2,1,0,0,0
15205,wc-completed,GBP,2025-10-21 14:51:22,41.00,APPROVED_FOR_IMPORT,,EMAIL_ONLY_D2,1,0,0,0
15207,wc-completed,GBP,2025-10-21 15:51:45,17.00,APPROVED_FOR_IMPORT,,EMAIL_ONLY_D2,1,0,0,0
15208,wc-completed,GBP,2025-10-21 15:54:10,174.00,APPROVED_FOR_IMPORT,,EMAIL_ONLY_D2,9,0,0,0
15209,wc-completed,GBP,2025-10-21 16:04:00,58.00,APPROVED_FOR_IMPORT,,EMAIL_ONLY_D2,3,0,0,0
15210,wc-completed,GBP,2025-10-21 16:58:24,140.00,APPROVED_FOR_IMPORT,,EMAIL_ONLY_D2,3,0,0,0
15211,wc-completed,GBP,2025-10-21 17:03:43,158.99,APPROVED_FOR_IMPORT,,EMAIL_ONLY_D2,7,0,0,0
15212,wc-completed,GBP,2025-10-21 17:17:33,41.00,APPROVED_FOR_IMPORT,,EMAIL_ONLY_D2,1,0,0,0
15213,wc-completed,GBP,2025-10-21 17:41:57,63.00,APPROVED_FOR_IMPORT,,EMAIL_ONLY_D2,3,0,0,0
15214,wc-completed,GBP,2025-10-21 18:24:52,122.00,APPROVED_FOR_IMPORT,,EMAIL_ONLY_D2,4,0,0,0
15215,wc-completed,GBP,2025-10-21 19:56:46,152.00,APPROVED_FOR_IMPORT,,EMAIL_ONLY_D2,8,0,0,0
15216,wc-completed,GBP,2025-10-21 20:51:06,59.00,APPROVED_FOR_IMPORT,,ASSOCIATE_GID,1,0,0,0
15217,wc-completed,GBP,2025-10-21 21:56:37,70.00,APPROVED_FOR_IMPORT,,EMAIL_ONLY_D2,4,0,0,0
15218,wc-completed,GBP,2025-10-21 22:01:13,53.00,APPROVED_FOR_IMPORT,,EMAIL_ONLY_D2,2,0,0,0
15219,wc-completed,GBP,2025-10-21 22:06:41,45.00,APPROVED_FOR_IMPORT,,EMAIL_ONLY_D2,2,0,0,0
15220,wc-completed,GBP,2025-10-21 22:26:51,41.00,APPROVED_FOR_IMPORT,,EMAIL_ONLY_D2,4,1,1,0
15221,wc-failed,GBP,2025-10-21 23:56:19,103.00,APPROVED_FOR_IMPORT,,EMAIL_ONLY_D2,3,0,0,0
15222,wc-failed,GBP,2025-10-21 23:59:20,103.00,APPROVED_FOR_IMPORT,,ASSOCIATE_GID,3,0,0,0
15224,wc-completed,GBP,2025-10-22 00:01:07,25.00,APPROVED_FOR_IMPORT,,EMAIL_ONLY_D2,1,0,0,0
15225,wc-cancelled,GBP,2025-10-22 00:07:51,103.00,APPROVED_FOR_IMPORT,,ASSOCIATE_GID,3,0,0,0
15226,wc-completed,GBP,2025-10-22 00:08:23,103.00,APPROVED_FOR_IMPORT,,ASSOCIATE_GID,3,0,0,0
15227,wc-completed,GBP,2025-10-22 04:18:36,45.00,APPROVED_FOR_IMPORT,,EMAIL_ONLY_D2,2,0,0,0
15230,wc-completed,GBP,2025-10-22 09:15:43,45.00,APPROVED_FOR_IMPORT,,EMAIL_ONLY_D2,2,0,0,0
15231,wc-completed,GBP,2025-10-22 11:11:52,41.00,APPROVED_FOR_IMPORT,,EMAIL_ONLY_D2,2,0,0,0
15232,wc-failed,GBP,2025-10-22 11:13:25,61.00,APPROVED_FOR_IMPORT,,EMAIL_ONLY_D2,3,0,0,0
15234,wc-completed,GBP,2025-10-22 12:04:46,55.00,APPROVED_FOR_IMPORT,,EMAIL_ONLY_D2,1,0,0,0
15235,wc-completed,GBP,2025-10-22 12:25:09,21.00,APPROVED_FOR_IMPORT,,EMAIL_ONLY_D2,1,0,0,0
15245,wc-completed,GBP,2025-10-22 13:14:34,47.00,APPROVED_FOR_IMPORT,,EMAIL_ONLY_D2,2,0,0,0
15261,wc-completed,GBP,2025-10-22 15:22:16,47.00,APPROVED_FOR_IMPORT,,EMAIL_ONLY_D2,2,0,0,0
15262,wc-completed,GBP,2025-10-22 17:04:12,71.00,APPROVED_FOR_IMPORT,,ASSOCIATE_GID,3,0,0,0
15263,wc-completed,GBP,2025-10-22 18:32:07,56.83,APPROVED_FOR_IMPORT,,EMAIL_ONLY_D2,3,0,0,0
15264,wc-completed,GBP,2025-10-22 18:46:14,77.00,APPROVED_FOR_IMPORT,,EMAIL_ONLY_D2,2,0,0,0
15265,wc-cancelled,GBP,2025-10-22 19:28:54,76.00,APPROVED_FOR_IMPORT,,ASSOCIATE_GID,5,0,0,0
15266,wc-completed,GBP,2025-10-22 20:01:34,108.00,APPROVED_FOR_IMPORT,,EMAIL_ONLY_D2,5,0,0,0
15267,wc-completed,GBP,2025-10-22 20:49:13,21.00,APPROVED_FOR_IMPORT,,EMAIL_ONLY_D2,1,0,0,0
15268,wc-completed,GBP,2025-10-22 21:45:53,63.00,APPROVED_FOR_IMPORT,,ASSOCIATE_GID,3,0,0,0
15269,wc-completed,GBP,2025-10-22 22:03:21,41.00,APPROVED_FOR_IMPORT,,EMAIL_ONLY_D2,1,0,0,0
15270,wc-completed,GBP,2025-10-23 03:09:49,107.00,APPROVED_FOR_IMPORT,,EMAIL_ONLY_D2,5,1,1,0
15271,wc-completed,GBP,2025-10-23 06:09:19,25.00,APPROVED_FOR_IMPORT,,EMAIL_ONLY_D2,1,0,0,0
15272,wc-completed,GBP,2025-10-23 06:19:49,42.00,APPROVED_FOR_IMPORT,,EMAIL_ONLY_D2,3,0,0,0
15273,wc-completed,GBP,2025-10-23 06:24:47,35.00,APPROVED_FOR_IMPORT,,EMAIL_ONLY_D2,1,0,0,0
15274,wc-completed,GBP,2025-10-23 07:19:03,23.00,APPROVED_FOR_IMPORT,,EMAIL_ONLY_D2,1,0,0,0
15275,wc-completed,GBP,2025-10-23 09:36:20,41.00,APPROVED_FOR_IMPORT,,EMAIL_ONLY_D2,1,0,0,0
15276,wc-completed,GBP,2025-10-23 10:17:35,61.00,APPROVED_FOR_IMPORT,,EMAIL_ONLY_D2,2,0,0,0
15277,wc-completed,GBP,2025-10-23 11:51:28,83.99,APPROVED_FOR_IMPORT,,EMAIL_ONLY_D2,3,0,0,0
15278,wc-completed,GBP,2025-10-23 12:14:48,21.00,APPROVED_FOR_IMPORT,,EMAIL_ONLY_D2,1,0,0,0
15279,wc-completed,GBP,2025-10-23 12:23:30,124.00,APPROVED_FOR_IMPORT,,EMAIL_ONLY_D2,3,0,0,0
15281,wc-completed,GBP,2025-10-23 13:08:00,167.00,APPROVED_FOR_IMPORT,,EMAIL_ONLY_D2,8,0,0,0
15282,wc-completed,GBP,2025-10-23 13:32:26,63.00,APPROVED_FOR_IMPORT,,EMAIL_ONLY_D2,3,0,0,0
15283,wc-failed,GBP,2025-10-23 15:37:56,75.00,APPROVED_FOR_IMPORT,,EMAIL_ONLY_D2,1,0,0,0
15284,wc-completed,GBP,2025-10-23 15:47:54,75.00,APPROVED_FOR_IMPORT,,EMAIL_ONLY_D2,1,0,0,0
15285,wc-completed,GBP,2025-10-23 16:15:57,65.00,APPROVED_FOR_IMPORT,,ASSOCIATE_GID,2,0,0,0
15286,wc-completed,GBP,2025-10-23 16:55:17,124.00,APPROVED_FOR_IMPORT,,EMAIL_ONLY_D2,5,0,0,0
15288,wc-completed,GBP,2025-10-23 20:50:56,49.00,APPROVED_FOR_IMPORT,,EMAIL_ONLY_D2,1,0,0,0
15289,wc-completed,GBP,2025-10-23 21:24:36,110.00,APPROVED_FOR_IMPORT,,EMAIL_ONLY_D2,5,0,0,0
15290,wc-completed,GBP,2025-10-23 21:43:50,20.00,APPROVED_FOR_IMPORT,,EMAIL_ONLY_D2,1,0,0,0
15291,wc-completed,GBP,2025-10-23 22:38:42,58.00,APPROVED_FOR_IMPORT,,EMAIL_ONLY_D2,2,0,0,0
15292,wc-completed,GBP,2025-10-24 05:04:33,51.99,APPROVED_FOR_IMPORT,,EMAIL_ONLY_D2,2,0,0,0
15293,wc-completed,GBP,2025-10-24 06:09:20,41.00,APPROVED_FOR_IMPORT,,EMAIL_ONLY_D2,2,0,0,0
15295,wc-failed,GBP,2025-10-24 06:36:11,23.00,APPROVED_FOR_IMPORT,,EMAIL_ONLY_D2,1,0,0,0
15296,wc-completed,GBP,2025-10-24 06:37:50,23.00,APPROVED_FOR_IMPORT,,EMAIL_ONLY_D2,1,0,0,0
15297,wc-completed,GBP,2025-10-24 06:43:41,34.00,APPROVED_FOR_IMPORT,,EMAIL_ONLY_D2,2,0,0,0
15299,wc-completed,GBP,2025-10-24 08:45:37,75.00,APPROVED_FOR_IMPORT,,ASSOCIATE_GID,3,0,0,0
15300,wc-completed,GBP,2025-10-24 09:33:47,47.00,APPROVED_FOR_IMPORT,,EMAIL_ONLY_D2,2,0,0,0
15303,wc-completed,GBP,2025-10-24 11:03:54,69.00,APPROVED_FOR_IMPORT,,EMAIL_ONLY_D2,4,0,0,0
15304,wc-completed,GBP,2025-10-24 12:33:03,64.00,APPROVED_FOR_IMPORT,,EMAIL_ONLY_D2,3,0,0,0
15305,wc-completed,GBP,2025-10-24 12:34:55,25.00,APPROVED_FOR_IMPORT,,EMAIL_ONLY_D2,1,0,0,0
15306,wc-completed,GBP,2025-10-24 13:46:18,85.00,APPROVED_FOR_IMPORT,,EMAIL_ONLY_D2,5,0,0,0
15307,wc-completed,GBP,2025-10-24 15:03:03,42.00,APPROVED_FOR_IMPORT,,EMAIL_ONLY_D2,2,0,0,0
15308,wc-completed,GBP,2025-10-24 17:21:46,24.33,APPROVED_FOR_IMPORT,,EMAIL_ONLY_D2,1,0,0,0
15309,wc-completed,GBP,2025-10-24 18:01:23,46.83,APPROVED_FOR_IMPORT,,EMAIL_ONLY_D2,3,0,0,0
15310,wc-completed,GBP,2025-10-24 18:40:38,98.00,APPROVED_FOR_IMPORT,,EMAIL_ONLY_D2,6,0,0,0
15311,wc-completed,GBP,2025-10-24 18:56:03,64.00,APPROVED_FOR_IMPORT,,EMAIL_ONLY_D2,3,0,0,0
15312,wc-completed,GBP,2025-10-24 19:27:45,35.00,APPROVED_FOR_IMPORT,,EMAIL_ONLY_D2,1,0,0,0
15313,wc-completed,GBP,2025-10-24 20:29:50,60.00,APPROVED_FOR_IMPORT,,EMAIL_ONLY_D2,4,0,0,0
15314,wc-cancelled,GBP,2025-10-24 20:55:11,105.00,APPROVED_FOR_IMPORT,,ASSOCIATE_GID,6,0,0,0
15315,wc-completed,GBP,2025-10-24 20:57:18,105.00,APPROVED_FOR_IMPORT,,ASSOCIATE_GID,6,0,0,0
15316,wc-completed,GBP,2025-10-24 21:02:27,20.00,APPROVED_FOR_IMPORT,,EMAIL_ONLY_D2,1,0,0,0
15317,wc-completed,GBP,2025-10-24 21:04:14,105.00,APPROVED_FOR_IMPORT,,EMAIL_ONLY_D2,2,0,0,0
15318,wc-completed,GBP,2025-10-24 21:31:06,76.00,APPROVED_FOR_IMPORT,,EMAIL_ONLY_D2,4,0,0,0
15319,wc-completed,GBP,2025-10-24 21:37:03,162.87,APPROVED_FOR_IMPORT,,EMAIL_ONLY_D2,9,0,0,0
15321,wc-completed,GBP,2025-10-25 07:15:11,23.00,APPROVED_FOR_IMPORT,,EMAIL_ONLY_D2,2,0,0,0
15322,wc-completed,GBP,2025-10-25 08:42:50,50.00,APPROVED_FOR_IMPORT,,EMAIL_ONLY_D2,3,0,0,0
15323,wc-completed,GBP,2025-10-25 09:04:10,25.00,APPROVED_FOR_IMPORT,,EMAIL_ONLY_D2,1,0,0,0
15324,wc-completed,GBP,2025-10-25 09:26:01,45.00,APPROVED_FOR_IMPORT,,EMAIL_ONLY_D2,1,0,0,0
15325,wc-completed,GBP,2025-10-25 10:00:19,52.00,APPROVED_FOR_IMPORT,,EMAIL_ONLY_D2,3,0,0,0
15326,wc-completed,GBP,2025-10-25 10:25:32,89.00,APPROVED_FOR_IMPORT,,EMAIL_ONLY_D2,5,0,0,0
15327,wc-completed,GBP,2025-10-25 11:37:53,63.00,APPROVED_FOR_IMPORT,,EMAIL_ONLY_D2,3,0,0,0
15328,wc-completed,GBP,2025-10-25 13:08:45,121.00,APPROVED_FOR_IMPORT,,EMAIL_ONLY_D2,5,0,0,0
15329,wc-completed,GBP,2025-10-25 13:53:54,60.99,PENDING_DECISION,D-3_unmapped_customer,UNMAPPED,2,0,0,0
15330,wc-refunded,GBP,2025-10-25 14:18:05,39.00,APPROVED_FOR_IMPORT,,EMAIL_ONLY_D2,2,0,0,1
15331,wc-completed,GBP,2025-10-25 16:57:51,23.00,APPROVED_FOR_IMPORT,,EMAIL_ONLY_D2,1,0,0,0
15332,wc-completed,GBP,2025-10-25 17:19:34,105.00,APPROVED_FOR_IMPORT,,EMAIL_ONLY_D2,6,0,0,0
15333,wc-completed,GBP,2025-10-25 17:29:17,35.00,APPROVED_FOR_IMPORT,,EMAIL_ONLY_D2,1,0,0,0
15334,wc-completed,GBP,2025-10-25 17:35:14,53.00,APPROVED_FOR_IMPORT,,EMAIL_ONLY_D2,1,0,0,0
15335,wc-completed,GBP,2025-10-25 18:18:32,59.00,APPROVED_FOR_IMPORT,,ASSOCIATE_GID,3,0,0,0
15336,wc-completed,GBP,2025-10-25 18:49:33,25.00,APPROVED_FOR_IMPORT,,EMAIL_ONLY_D2,1,0,0,0
15337,wc-completed,GBP,2025-10-25 22:47:26,23.00,APPROVED_FOR_IMPORT,,EMAIL_ONLY_D2,1,0,0,0
15338,wc-completed,GBP,2025-10-25 22:59:17,23.00,APPROVED_FOR_IMPORT,,EMAIL_ONLY_D2,1,0,0,0
15339,wc-failed,GBP,2025-10-26 01:20:49,25.00,APPROVED_FOR_IMPORT,,EMAIL_ONLY_D2,1,0,0,0
15340,wc-failed,GBP,2025-10-26 03:50:29,25.00,APPROVED_FOR_IMPORT,,EMAIL_ONLY_D2,1,0,0,0
15341,wc-failed,GBP,2025-10-26 03:56:15,25.00,APPROVED_FOR_IMPORT,,EMAIL_ONLY_D2,1,0,0,0
15342,wc-failed,GBP,2025-10-26 03:58:28,25.00,APPROVED_FOR_IMPORT,,EMAIL_ONLY_D2,1,0,0,0
15343,wc-failed,GBP,2025-10-26 04:05:32,25.00,APPROVED_FOR_IMPORT,,EMAIL_ONLY_D2,1,0,0,0
15344,wc-failed,GBP,2025-10-26 04:13:14,25.00,APPROVED_FOR_IMPORT,,EMAIL_ONLY_D2,1,0,0,0
15345,wc-failed,GBP,2025-10-26 04:20:24,25.00,APPROVED_FOR_IMPORT,,EMAIL_ONLY_D2,1,0,0,0
15346,wc-failed,GBP,2025-10-26 04:28:16,25.00,APPROVED_FOR_IMPORT,,EMAIL_ONLY_D2,1,0,0,0
15347,wc-failed,GBP,2025-10-26 04:35:33,25.00,APPROVED_FOR_IMPORT,,EMAIL_ONLY_D2,1,0,0,0
15348,wc-failed,GBP,2025-10-26 04:42:22,25.00,APPROVED_FOR_IMPORT,,EMAIL_ONLY_D2,1,0,0,0
15349,wc-failed,GBP,2025-10-26 06:48:36,27.00,APPROVED_FOR_IMPORT,,EMAIL_ONLY_D2,1,0,0,0
15350,wc-failed,GBP,2025-10-26 06:50:53,27.00,APPROVED_FOR_IMPORT,,EMAIL_ONLY_D2,1,0,0,0
15351,wc-completed,GBP,2025-10-26 08:07:44,67.00,APPROVED_FOR_IMPORT,,ASSOCIATE_GID,3,0,0,0
15352,wc-completed,GBP,2025-10-26 08:13:19,100.00,APPROVED_FOR_IMPORT,,EMAIL_ONLY_D2,5,0,0,0
15354,wc-completed,GBP,2025-10-26 14:37:39,23.00,APPROVED_FOR_IMPORT,,EMAIL_ONLY_D2,1,0,0,0
15355,wc-completed,GBP,2025-10-26 14:39:58,21.00,APPROVED_FOR_IMPORT,,EMAIL_ONLY_D2,1,0,0,0
15356,wc-completed,GBP,2025-10-26 16:46:15,21.00,APPROVED_FOR_IMPORT,,EMAIL_ONLY_D2,1,0,0,0
15357,wc-completed,GBP,2025-10-26 17:12:07,146.00,APPROVED_FOR_IMPORT,,EMAIL_ONLY_D2,2,0,0,0
15358,wc-failed,GBP,2025-10-26 17:47:19,25.00,APPROVED_FOR_IMPORT,,EMAIL_ONLY_D2,1,0,0,0
15359,wc-failed,GBP,2025-10-26 17:54:38,25.00,APPROVED_FOR_IMPORT,,EMAIL_ONLY_D2,1,0,0,0
15360,wc-failed,GBP,2025-10-26 18:02:09,25.00,APPROVED_FOR_IMPORT,,EMAIL_ONLY_D2,1,0,0,0
15361,wc-failed,GBP,2025-10-26 18:09:19,25.00,APPROVED_FOR_IMPORT,,EMAIL_ONLY_D2,1,0,0,0
15362,wc-failed,GBP,2025-10-26 18:18:23,25.00,APPROVED_FOR_IMPORT,,EMAIL_ONLY_D2,1,0,0,0
15363,wc-failed,GBP,2025-10-26 18:26:02,25.00,APPROVED_FOR_IMPORT,,EMAIL_ONLY_D2,1,0,0,0
15364,wc-failed,GBP,2025-10-26 18:33:53,25.00,APPROVED_FOR_IMPORT,,EMAIL_ONLY_D2,1,0,0,0
15365,wc-failed,GBP,2025-10-26 18:40:37,25.00,APPROVED_FOR_IMPORT,,EMAIL_ONLY_D2,1,0,0,0
15366,wc-failed,GBP,2025-10-26 18:47:48,25.00,APPROVED_FOR_IMPORT,,EMAIL_ONLY_D2,1,0,0,0
15367,wc-completed,GBP,2025-10-26 18:50:31,135.00,APPROVED_FOR_IMPORT,,EMAIL_ONLY_D2,4,0,0,0
15368,wc-failed,GBP,2025-10-26 18:55:26,25.00,APPROVED_FOR_IMPORT,,EMAIL_ONLY_D2,1,0,0,0
15370,wc-failed,GBP,2025-10-26 19:26:12,25.00,APPROVED_FOR_IMPORT,,EMAIL_ONLY_D2,1,0,0,0
15371,wc-failed,GBP,2025-10-26 19:40:20,25.00,APPROVED_FOR_IMPORT,,EMAIL_ONLY_D2,1,0,0,0
15372,wc-failed,GBP,2025-10-26 19:47:39,25.00,APPROVED_FOR_IMPORT,,EMAIL_ONLY_D2,1,0,0,0
15373,wc-failed,GBP,2025-10-26 19:54:16,25.00,APPROVED_FOR_IMPORT,,EMAIL_ONLY_D2,1,0,0,0
15374,wc-failed,GBP,2025-10-26 20:07:28,25.00,APPROVED_FOR_IMPORT,,EMAIL_ONLY_D2,1,0,0,0
15375,wc-completed,GBP,2025-10-26 20:08:48,41.00,APPROVED_FOR_IMPORT,,EMAIL_ONLY_D2,2,0,0,0
15376,wc-completed,GBP,2025-10-26 20:42:49,21.00,APPROVED_FOR_IMPORT,,EMAIL_ONLY_D2,1,0,0,0
15377,wc-cancelled,GBP,2025-10-26 21:08:19,25.00,APPROVED_FOR_IMPORT,,EMAIL_ONLY_D2,1,0,0,0
15378,wc-completed,GBP,2025-10-26 21:13:28,24.00,APPROVED_FOR_IMPORT,,EMAIL_ONLY_D2,1,0,0,0
15379,wc-completed,GBP,2025-10-26 21:51:35,45.00,APPROVED_FOR_IMPORT,,EMAIL_ONLY_D2,2,0,0,0
15380,wc-completed,GBP,2025-10-26 22:42:18,21.00,APPROVED_FOR_IMPORT,,EMAIL_ONLY_D2,1,0,0,0
15381,wc-completed,GBP,2025-10-27 00:05:50,25.00,APPROVED_FOR_IMPORT,,EMAIL_ONLY_D2,1,0,0,0
15382,wc-completed,GBP,2025-10-27 02:12:50,106.00,APPROVED_FOR_IMPORT,,ASSOCIATE_GID,2,0,0,0
15384,wc-completed,GBP,2025-10-27 10:35:26,51.00,APPROVED_FOR_IMPORT,,ASSOCIATE_GID,3,0,0,0
15385,wc-failed,GBP,2025-10-27 12:38:07,17.00,APPROVED_FOR_IMPORT,,EMAIL_ONLY_D2,1,0,0,0
15386,wc-completed,GBP,2025-10-27 13:34:52,129.00,APPROVED_FOR_IMPORT,,EMAIL_ONLY_D2,5,0,0,0
15388,wc-completed,GBP,2025-10-27 13:52:51,52.00,APPROVED_FOR_IMPORT,,EMAIL_ONLY_D2,3,0,0,0
15389,wc-completed,GBP,2025-10-27 15:46:59,23.00,APPROVED_FOR_IMPORT,,EMAIL_ONLY_D2,1,0,0,0
15390,wc-completed,GBP,2025-10-27 16:04:48,35.00,APPROVED_FOR_IMPORT,,EMAIL_ONLY_D2,1,0,0,0
15391,wc-completed,GBP,2025-10-27 17:59:17,111.00,APPROVED_FOR_IMPORT,,EMAIL_ONLY_D2,3,0,0,0
15392,wc-completed,GBP,2025-10-27 18:21:34,21.00,APPROVED_FOR_IMPORT,,EMAIL_ONLY_D2,1,0,0,0
15393,wc-completed,GBP,2025-10-27 18:34:19,62.00,APPROVED_FOR_IMPORT,,EMAIL_ONLY_D2,3,0,0,0
15394,wc-completed,GBP,2025-10-27 19:56:00,136.00,APPROVED_FOR_IMPORT,,EMAIL_ONLY_D2,6,0,0,0
15395,wc-completed,GBP,2025-10-27 20:21:11,32.00,APPROVED_FOR_IMPORT,,EMAIL_ONLY_D2,1,0,0,0
15396,wc-completed,GBP,2025-10-27 20:22:21,129.00,APPROVED_FOR_IMPORT,,EMAIL_ONLY_D2,6,0,0,0
15397,wc-completed,GBP,2025-10-27 21:29:26,59.00,APPROVED_FOR_IMPORT,,EMAIL_ONLY_D2,3,0,0,0
15398,wc-completed,GBP,2025-10-27 22:17:18,56.99,APPROVED_FOR_IMPORT,,EMAIL_ONLY_D2,4,0,0,0
15399,wc-completed,GBP,2025-10-28 02:44:10,23.00,APPROVED_FOR_IMPORT,,EMAIL_ONLY_D2,1,0,0,0
15400,wc-completed,GBP,2025-10-28 03:40:53,25.00,APPROVED_FOR_IMPORT,,EMAIL_ONLY_D2,1,0,0,0
15401,wc-completed,GBP,2025-10-28 09:25:29,23.00,APPROVED_FOR_IMPORT,,EMAIL_ONLY_D2,1,0,0,0
15402,wc-completed,GBP,2025-10-28 09:38:16,21.00,APPROVED_FOR_IMPORT,,EMAIL_ONLY_D2,1,0,0,0
15403,wc-completed,GBP,2025-10-28 10:47:38,37.00,APPROVED_FOR_IMPORT,,EMAIL_ONLY_D2,2,0,0,0
15404,wc-completed,GBP,2025-10-28 12:00:39,153.00,APPROVED_FOR_IMPORT,,EMAIL_ONLY_D2,8,0,0,0
15405,wc-completed,GBP,2025-10-28 12:06:21,59.00,APPROVED_FOR_IMPORT,,EMAIL_ONLY_D2,3,0,0,0
15408,wc-completed,GBP,2025-10-28 16:44:50,41.00,APPROVED_FOR_IMPORT,,EMAIL_ONLY_D2,2,0,0,0
15409,wc-completed,GBP,2025-10-28 17:41:52,59.00,APPROVED_FOR_IMPORT,,EMAIL_ONLY_D2,3,0,0,0
15410,wc-completed,GBP,2025-10-28 17:45:45,38.00,APPROVED_FOR_IMPORT,,EMAIL_ONLY_D2,2,0,0,0
15411,wc-completed,GBP,2025-10-28 18:21:12,103.00,APPROVED_FOR_IMPORT,,EMAIL_ONLY_D2,3,0,0,0
15412,wc-completed,GBP,2025-10-28 18:25:14,21.00,APPROVED_FOR_IMPORT,,EMAIL_ONLY_D2,1,0,0,0
15415,wc-completed,GBP,2025-10-29 00:13:46,68.99,APPROVED_FOR_IMPORT,,ASSOCIATE_GID,4,0,0,0
15416,wc-completed,GBP,2025-10-29 01:48:15,30.00,APPROVED_FOR_IMPORT,,EMAIL_ONLY_D2,1,0,0,0
15417,wc-completed,GBP,2025-10-29 09:19:52,67.99,APPROVED_FOR_IMPORT,,ASSOCIATE_GID,3,0,0,0
15419,wc-completed,GBP,2025-10-29 11:53:45,97.00,APPROVED_FOR_IMPORT,,EMAIL_ONLY_D2,5,0,0,0
15420,wc-completed,GBP,2025-10-29 13:10:15,43.00,APPROVED_FOR_IMPORT,,EMAIL_ONLY_D2,2,0,0,0
15421,wc-completed,GBP,2025-10-29 14:43:47,30.00,APPROVED_FOR_IMPORT,,EMAIL_ONLY_D2,1,0,0,0
15423,wc-completed,GBP,2025-10-29 15:39:44,66.00,APPROVED_FOR_IMPORT,,EMAIL_ONLY_D2,3,0,0,0
15424,wc-completed,GBP,2025-10-29 16:54:37,43.00,APPROVED_FOR_IMPORT,,EMAIL_ONLY_D2,2,0,0,0
15425,wc-completed,GBP,2025-10-29 17:32:20,120.00,APPROVED_FOR_IMPORT,,ASSOCIATE_GID,5,0,0,0
15426,wc-completed,GBP,2025-10-29 19:41:20,86.99,APPROVED_FOR_IMPORT,,EMAIL_ONLY_D2,6,0,0,0
15427,wc-cancelled,GBP,2025-10-29 20:13:22,77.00,APPROVED_FOR_IMPORT,,ASSOCIATE_GID,3,0,0,0
15428,wc-completed,GBP,2025-10-29 20:15:12,77.00,APPROVED_FOR_IMPORT,,ASSOCIATE_GID,3,0,0,0
15429,wc-completed,GBP,2025-10-29 20:16:52,106.00,APPROVED_FOR_IMPORT,,ASSOCIATE_GID,2,0,0,0
15430,wc-completed,GBP,2025-10-29 20:17:06,25.00,APPROVED_FOR_IMPORT,,EMAIL_ONLY_D2,1,0,0,0
15431,wc-completed,GBP,2025-10-29 20:20:20,57.00,APPROVED_FOR_IMPORT,,EMAIL_ONLY_D2,1,0,0,0
15432,wc-failed,GBP,2025-10-29 20:43:30,126.99,APPROVED_FOR_IMPORT,,ASSOCIATE_GID,6,0,0,0
15433,wc-cancelled,GBP,2025-10-29 20:44:36,126.99,APPROVED_FOR_IMPORT,,ASSOCIATE_GID,6,0,0,0
15434,wc-completed,GBP,2025-10-29 20:54:41,55.00,APPROVED_FOR_IMPORT,,EMAIL_ONLY_D2,3,0,0,0
15435,wc-failed,GBP,2025-10-29 21:08:32,139.99,APPROVED_FOR_IMPORT,,EMAIL_ONLY_D2,7,0,0,0
15436,wc-completed,GBP,2025-10-29 21:46:29,21.00,APPROVED_FOR_IMPORT,,EMAIL_ONLY_D2,1,0,0,0
15437,wc-completed,GBP,2025-10-29 22:57:32,70.00,APPROVED_FOR_IMPORT,,EMAIL_ONLY_D2,3,0,0,0
15438,wc-completed,GBP,2025-10-29 23:09:36,25.00,APPROVED_FOR_IMPORT,,EMAIL_ONLY_D2,1,0,0,0
15439,wc-completed,GBP,2025-10-30 10:11:49,61.00,APPROVED_FOR_IMPORT,,EMAIL_ONLY_D2,3,0,0,0
15440,wc-completed,GBP,2025-10-30 11:58:04,69.00,APPROVED_FOR_IMPORT,,EMAIL_ONLY_D2,2,0,0,0
15441,wc-completed,GBP,2025-10-30 13:59:37,21.00,APPROVED_FOR_IMPORT,,EMAIL_ONLY_D2,1,0,0,0
15442,wc-completed,GBP,2025-10-30 14:49:24,25.00,APPROVED_FOR_IMPORT,,EMAIL_ONLY_D2,1,0,0,0
15443,wc-completed,GBP,2025-10-30 15:08:22,65.00,APPROVED_FOR_IMPORT,,EMAIL_ONLY_D2,4,0,0,0
15444,wc-completed,GBP,2025-10-30 15:22:37,63.00,APPROVED_FOR_IMPORT,,EMAIL_ONLY_D2,3,0,0,0
15445,wc-completed,GBP,2025-10-30 16:06:51,22.00,APPROVED_FOR_IMPORT,,ASSOCIATE_GID,1,0,0,0
15446,wc-completed,GBP,2025-10-30 16:27:46,47.00,APPROVED_FOR_IMPORT,,EMAIL_ONLY_D2,3,0,0,0
15447,wc-completed,GBP,2025-10-30 17:49:32,138.00,APPROVED_FOR_IMPORT,,ASSOCIATE_GID,7,0,0,0
15448,wc-failed,GBP,2025-10-30 17:49:56,25.00,APPROVED_FOR_IMPORT,,EMAIL_ONLY_D2,1,0,0,0
15450,wc-failed,GBP,2025-10-30 20:33:59,30.00,APPROVED_FOR_IMPORT,,EMAIL_ONLY_D2,2,0,0,0
15451,wc-completed,GBP,2025-10-30 20:36:56,30.00,APPROVED_FOR_IMPORT,,EMAIL_ONLY_D2,2,0,0,0
15452,wc-failed,GBP,2025-10-30 20:43:43,22.00,APPROVED_FOR_IMPORT,,EMAIL_ONLY_D2,1,0,0,0
15453,wc-completed,GBP,2025-10-30 20:48:41,22.00,APPROVED_FOR_IMPORT,,EMAIL_ONLY_D2,1,0,0,0
15454,wc-completed,GBP,2025-10-30 21:46:51,25.00,APPROVED_FOR_IMPORT,,EMAIL_ONLY_D2,1,0,0,0
15455,wc-completed,GBP,2025-10-30 22:47:11,89.99,APPROVED_FOR_IMPORT,,EMAIL_ONLY_D2,5,0,0,1
15456,wc-completed,GBP,2025-10-31 00:04:55,31.00,APPROVED_FOR_IMPORT,,EMAIL_ONLY_D2,1,0,0,0
15457,wc-pending,GBP,2025-10-31 01:27:52,37.00,APPROVED_FOR_IMPORT,,EMAIL_ONLY_D2,1,0,0,0
15458,wc-failed,GBP,2025-10-31 01:32:19,37.00,APPROVED_FOR_IMPORT,,EMAIL_ONLY_D2,1,0,0,0
15459,wc-completed,GBP,2025-10-31 01:32:44,37.00,APPROVED_FOR_IMPORT,,EMAIL_ONLY_D2,1,0,0,0
15460,wc-completed,GBP,2025-10-31 05:15:11,25.00,APPROVED_FOR_IMPORT,,EMAIL_ONLY_D2,1,0,0,0
15461,wc-completed,GBP,2025-10-31 08:44:38,67.00,APPROVED_FOR_IMPORT,,EMAIL_ONLY_D2,3,0,0,0
15462,wc-completed,GBP,2025-10-31 09:39:22,49.00,APPROVED_FOR_IMPORT,,EMAIL_ONLY_D2,1,0,0,0
15463,wc-completed,GBP,2025-10-31 11:25:24,49.99,APPROVED_FOR_IMPORT,,EMAIL_ONLY_D2,3,0,0,0
15464,wc-completed,GBP,2025-10-31 12:02:54,37.00,APPROVED_FOR_IMPORT,,EMAIL_ONLY_D2,1,0,0,0
15465,wc-completed,GBP,2025-10-31 14:18:00,30.00,APPROVED_FOR_IMPORT,,EMAIL_ONLY_D2,1,0,0,0
15479,wc-completed,GBP,2025-10-31 16:57:16,55.00,APPROVED_FOR_IMPORT,,EMAIL_ONLY_D2,1,0,0,0
15480,wc-completed,GBP,2025-10-31 17:13:17,47.00,APPROVED_FOR_IMPORT,,EMAIL_ONLY_D2,2,0,0,0
15481,wc-completed,GBP,2025-10-31 17:18:29,45.00,APPROVED_FOR_IMPORT,,EMAIL_ONLY_D2,1,0,0,0
15485,wc-completed,GBP,2025-10-31 18:38:55,20.00,APPROVED_FOR_IMPORT,,ASSOCIATE_GID,1,0,0,0
15486,wc-completed,GBP,2025-10-31 18:52:11,100.00,APPROVED_FOR_IMPORT,,EMAIL_ONLY_D2,3,0,0,0
15487,wc-completed,GBP,2025-10-31 19:29:37,27.00,APPROVED_FOR_IMPORT,,EMAIL_ONLY_D2,1,0,0,0
15488,wc-completed,GBP,2025-10-31 19:40:34,51.00,APPROVED_FOR_IMPORT,,EMAIL_ONLY_D2,3,0,0,0
15489,wc-completed,GBP,2025-10-31 20:50:13,21.00,APPROVED_FOR_IMPORT,,EMAIL_ONLY_D2,1,0,0,0
15490,wc-failed,GBP,2025-10-31 21:00:40,84.00,APPROVED_FOR_IMPORT,,EMAIL_ONLY_D2,3,0,0,0
15491,wc-completed,GBP,2025-10-31 21:02:30,84.00,APPROVED_FOR_IMPORT,,EMAIL_ONLY_D2,3,0,0,0
15493,wc-completed,GBP,2025-10-31 22:22:51,62.00,APPROVED_FOR_IMPORT,,EMAIL_ONLY_D2,3,0,0,0
15494,wc-completed,GBP,2025-10-31 23:15:28,20.00,APPROVED_FOR_IMPORT,,EMAIL_ONLY_D2,1,0,0,0
15495,wc-completed,GBP,2025-10-31 23:31:36,30.00,APPROVED_FOR_IMPORT,,EMAIL_ONLY_D2,2,0,0,0
15496,wc-completed,GBP,2025-11-01 06:10:47,45.00,APPROVED_FOR_IMPORT,,EMAIL_ONLY_D2,2,0,0,0
15497,wc-completed,GBP,2025-11-01 06:15:48,45.00,APPROVED_FOR_IMPORT,,EMAIL_ONLY_D2,2,0,0,0
15499,wc-completed,GBP,2025-11-01 07:55:08,17.00,APPROVED_FOR_IMPORT,,EMAIL_ONLY_D2,1,0,0,0
15500,wc-completed,GBP,2025-11-01 09:02:51,63.00,APPROVED_FOR_IMPORT,,EMAIL_ONLY_D2,3,0,0,0
15501,wc-completed,GBP,2025-11-01 09:08:04,23.00,APPROVED_FOR_IMPORT,,EMAIL_ONLY_D2,1,0,0,0
15502,wc-completed,GBP,2025-11-01 09:19:24,150.00,APPROVED_FOR_IMPORT,,EMAIL_ONLY_D2,4,0,0,0
15503,wc-completed,GBP,2025-11-01 09:43:47,39.00,APPROVED_FOR_IMPORT,,EMAIL_ONLY_D2,2,0,0,0
15504,wc-completed,GBP,2025-11-01 10:22:13,35.00,APPROVED_FOR_IMPORT,,EMAIL_ONLY_D2,1,0,0,0
15505,wc-completed,GBP,2025-11-01 12:05:33,147.17,APPROVED_FOR_IMPORT,,EMAIL_ONLY_D2,5,0,0,0
15506,wc-completed,GBP,2025-11-01 12:55:19,41.00,APPROVED_FOR_IMPORT,,EMAIL_ONLY_D2,2,0,0,0
15507,wc-completed,GBP,2025-11-01 13:13:55,22.00,APPROVED_FOR_IMPORT,,ASSOCIATE_GID,1,0,0,0
15508,wc-completed,GBP,2025-11-01 13:31:27,44.99,APPROVED_FOR_IMPORT,,EMAIL_ONLY_D2,2,0,0,0
15509,wc-completed,GBP,2025-11-01 14:10:18,17.00,APPROVED_FOR_IMPORT,,EMAIL_ONLY_D2,1,0,0,0
15511,wc-completed,GBP,2025-11-01 15:10:50,135.00,APPROVED_FOR_IMPORT,,EMAIL_ONLY_D2,4,0,0,0
15512,wc-completed,GBP,2025-11-01 15:13:09,23.00,APPROVED_FOR_IMPORT,,ASSOCIATE_GID,1,0,0,0
15513,wc-completed,GBP,2025-11-01 15:27:36,25.00,APPROVED_FOR_IMPORT,,ASSOCIATE_GID,1,0,0,0
15515,wc-completed,GBP,2025-11-01 17:46:28,63.00,APPROVED_FOR_IMPORT,,EMAIL_ONLY_D2,2,0,0,0
15516,wc-failed,GBP,2025-11-01 19:05:41,50.60,APPROVED_FOR_IMPORT,,EMAIL_ONLY_D2,1,0,0,0
15517,wc-completed,GBP,2025-11-01 19:27:02,53.00,APPROVED_FOR_IMPORT,,EMAIL_ONLY_D2,1,0,0,0
15518,wc-completed,GBP,2025-11-01 21:48:15,77.00,APPROVED_FOR_IMPORT,,EMAIL_ONLY_D2,3,0,0,0
15519,wc-failed,GBP,2025-11-01 23:06:51,20.00,APPROVED_FOR_IMPORT,,EMAIL_ONLY_D2,1,0,0,0
15520,wc-completed,GBP,2025-11-01 23:30:53,72.00,APPROVED_FOR_IMPORT,,EMAIL_ONLY_D2,3,0,0,0
15521,wc-completed,GBP,2025-11-02 00:47:31,27.00,APPROVED_FOR_IMPORT,,EMAIL_ONLY_D2,1,0,0,0
15522,wc-completed,GBP,2025-11-02 01:27:40,45.00,APPROVED_FOR_IMPORT,,EMAIL_ONLY_D2,1,0,0,0
15523,wc-completed,GBP,2025-11-02 03:46:00,106.00,APPROVED_FOR_IMPORT,,ASSOCIATE_GID,7,0,0,0
15524,wc-completed,GBP,2025-11-02 06:28:43,70.00,APPROVED_FOR_IMPORT,,EMAIL_ONLY_D2,3,0,0,0
15525,wc-failed,GBP,2025-11-02 13:44:17,82.00,APPROVED_FOR_IMPORT,,EMAIL_ONLY_D2,4,0,0,0
15526,wc-completed,GBP,2025-11-02 13:44:33,20.00,APPROVED_FOR_IMPORT,,EMAIL_ONLY_D2,1,0,0,0
15527,wc-completed,GBP,2025-11-02 14:37:49,21.00,APPROVED_FOR_IMPORT,,EMAIL_ONLY_D2,1,0,0,0
15528,wc-failed,GBP,2025-11-02 15:29:07,30.00,APPROVED_FOR_IMPORT,,EMAIL_ONLY_D2,1,0,0,0
15529,wc-completed,GBP,2025-11-02 15:31:09,30.00,APPROVED_FOR_IMPORT,,EMAIL_ONLY_D2,1,0,0,0
15530,wc-completed,GBP,2025-11-02 15:52:56,50.00,APPROVED_FOR_IMPORT,,EMAIL_ONLY_D2,2,0,0,0
15532,wc-completed,GBP,2025-11-02 19:31:49,39.00,APPROVED_FOR_IMPORT,,ASSOCIATE_GID,2,0,0,0
15534,wc-completed,GBP,2025-11-02 20:44:40,23.00,APPROVED_FOR_IMPORT,,EMAIL_ONLY_D2,1,0,0,0
15535,wc-completed,GBP,2025-11-02 21:51:16,42.00,APPROVED_FOR_IMPORT,,EMAIL_ONLY_D2,2,0,0,0
15536,wc-cancelled,GBP,2025-11-02 23:26:17,63.00,APPROVED_FOR_IMPORT,,ASSOCIATE_GID,3,0,0,0
15537,wc-completed,GBP,2025-11-02 23:27:33,63.00,APPROVED_FOR_IMPORT,,ASSOCIATE_GID,3,0,0,0
15538,wc-completed,GBP,2025-11-02 23:46:50,61.00,APPROVED_FOR_IMPORT,,EMAIL_ONLY_D2,2,0,0,0
15539,wc-completed,GBP,2025-11-03 01:32:53,23.00,APPROVED_FOR_IMPORT,,EMAIL_ONLY_D2,1,0,0,0
15541,wc-failed,GBP,2025-11-03 11:41:45,25.00,APPROVED_FOR_IMPORT,,EMAIL_ONLY_D2,1,0,0,0
15542,wc-completed,GBP,2025-11-03 11:49:35,49.00,APPROVED_FOR_IMPORT,,EMAIL_ONLY_D2,2,0,0,0
15544,wc-completed,GBP,2025-11-03 12:20:14,24.33,APPROVED_FOR_IMPORT,,EMAIL_ONLY_D2,1,0,0,0
15545,wc-completed,GBP,2025-11-03 12:30:25,123.00,APPROVED_FOR_IMPORT,,EMAIL_ONLY_D2,3,0,0,0
15547,wc-completed,GBP,2025-11-03 13:25:12,54.84,APPROVED_FOR_IMPORT,,EMAIL_ONLY_D2,3,0,0,0
15548,wc-completed,GBP,2025-11-03 14:06:53,25.00,APPROVED_FOR_IMPORT,,ASSOCIATE_GID,1,0,0,0
15549,wc-completed,GBP,2025-11-03 15:30:00,72.00,APPROVED_FOR_IMPORT,,EMAIL_ONLY_D2,3,0,0,0
15551,wc-completed,GBP,2025-11-03 16:46:57,65.00,APPROVED_FOR_IMPORT,,EMAIL_ONLY_D2,3,0,0,0
15552,wc-completed,GBP,2025-11-03 17:39:48,23.00,APPROVED_FOR_IMPORT,,EMAIL_ONLY_D2,1,0,0,0
15553,wc-completed,GBP,2025-11-03 17:57:42,25.00,APPROVED_FOR_IMPORT,,EMAIL_ONLY_D2,1,0,0,0
15554,wc-completed,GBP,2025-11-03 19:04:45,30.00,APPROVED_FOR_IMPORT,,EMAIL_ONLY_D2,1,0,0,0
15555,wc-completed,GBP,2025-11-03 19:10:22,47.00,APPROVED_FOR_IMPORT,,EMAIL_ONLY_D2,2,0,0,0
15556,wc-completed,GBP,2025-11-03 19:41:27,68.50,APPROVED_FOR_IMPORT,,ASSOCIATE_GID,4,0,0,0
15557,wc-completed,GBP,2025-11-03 20:23:09,47.00,APPROVED_FOR_IMPORT,,EMAIL_ONLY_D2,2,0,0,0
15558,wc-completed,GBP,2025-11-03 21:04:08,30.00,APPROVED_FOR_IMPORT,,ASSOCIATE_GID,1,0,0,0
15559,wc-failed,GBP,2025-11-03 21:39:39,50.00,APPROVED_FOR_IMPORT,,EMAIL_ONLY_D2,2,0,0,0
15560,wc-completed,GBP,2025-11-03 21:51:15,50.00,APPROVED_FOR_IMPORT,,ASSOCIATE_GID,2,0,0,0
15561,wc-failed,GBP,2025-11-03 21:55:26,62.00,APPROVED_FOR_IMPORT,,ASSOCIATE_GID,3,0,0,0
15562,wc-completed,GBP,2025-11-03 22:03:57,27.00,APPROVED_FOR_IMPORT,,EMAIL_ONLY_D2,1,0,0,0
15563,wc-completed,GBP,2025-11-03 22:06:26,62.00,APPROVED_FOR_IMPORT,,ASSOCIATE_GID,3,0,0,0
15565,wc-completed,GBP,2025-11-04 04:21:41,75.00,APPROVED_FOR_IMPORT,,EMAIL_ONLY_D2,3,0,0,0
15567,wc-completed,GBP,2025-11-04 08:42:07,22.00,APPROVED_FOR_IMPORT,,ASSOCIATE_GID,1,0,0,0
15568,wc-completed,GBP,2025-11-04 08:42:57,55.00,APPROVED_FOR_IMPORT,,EMAIL_ONLY_D2,2,0,0,0
15569,wc-completed,GBP,2025-11-04 10:07:35,79.33,APPROVED_FOR_IMPORT,,EMAIL_ONLY_D2,4,0,0,0
15571,wc-completed,GBP,2025-11-04 11:34:19,25.00,APPROVED_FOR_IMPORT,,EMAIL_ONLY_D2,1,0,0,0
15572,wc-completed,GBP,2025-11-04 14:34:11,40.00,APPROVED_FOR_IMPORT,,EMAIL_ONLY_D2,2,0,0,0
15573,wc-processing,GBP,2025-11-04 15:43:10,57.00,APPROVED_FOR_IMPORT,,ASSOCIATE_GID,3,0,0,0
15574,wc-completed,GBP,2025-11-04 17:18:39,17.00,APPROVED_FOR_IMPORT,,EMAIL_ONLY_D2,1,0,0,0
15575,wc-completed,GBP,2025-11-04 17:39:09,20.00,APPROVED_FOR_IMPORT,,ASSOCIATE_GID,1,0,0,0
15576,wc-completed,GBP,2025-11-04 20:42:31,39.00,APPROVED_FOR_IMPORT,,EMAIL_ONLY_D2,2,0,0,0
15577,wc-completed,GBP,2025-11-04 21:44:05,64.99,APPROVED_FOR_IMPORT,,ASSOCIATE_GID,4,0,0,0
15580,wc-completed,GBP,2025-11-05 07:07:50,61.00,APPROVED_FOR_IMPORT,,EMAIL_ONLY_D2,2,0,0,0
15581,wc-completed,GBP,2025-11-05 08:11:04,16.00,APPROVED_FOR_IMPORT,,EMAIL_ONLY_D2,2,0,0,0
15582,wc-completed,GBP,2025-11-05 08:20:30,23.00,APPROVED_FOR_IMPORT,,EMAIL_ONLY_D2,1,0,0,0
15583,wc-completed,GBP,2025-11-05 09:38:01,38.00,APPROVED_FOR_IMPORT,,ASSOCIATE_GID,2,0,0,0
15584,wc-completed,GBP,2025-11-05 12:07:38,69.00,APPROVED_FOR_IMPORT,,ASSOCIATE_GID,3,0,0,0
15585,wc-completed,GBP,2025-11-05 12:09:08,31.00,APPROVED_FOR_IMPORT,,EMAIL_ONLY_D2,1,0,0,0
15586,wc-completed,GBP,2025-11-05 13:21:40,21.00,APPROVED_FOR_IMPORT,,EMAIL_ONLY_D2,1,0,0,0
15587,wc-completed,GBP,2025-11-05 14:09:08,32.00,APPROVED_FOR_IMPORT,,EMAIL_ONLY_D2,2,0,0,0
15588,wc-refunded,GBP,2025-11-05 14:27:49,403.50,APPROVED_FOR_IMPORT,,EMAIL_ONLY_D2,7,0,0,1
15591,wc-failed,GBP,2025-11-05 16:18:00,39.00,APPROVED_FOR_IMPORT,,EMAIL_ONLY_D2,2,0,0,0
15592,wc-failed,GBP,2025-11-05 16:23:48,42.67,APPROVED_FOR_IMPORT,,EMAIL_ONLY_D2,2,0,0,0
15593,wc-completed,GBP,2025-11-05 16:26:59,39.00,APPROVED_FOR_IMPORT,,EMAIL_ONLY_D2,2,0,0,0
15595,wc-failed,GBP,2025-11-05 16:49:17,71.00,APPROVED_FOR_IMPORT,,EMAIL_ONLY_D2,4,0,0,0
15596,wc-completed,GBP,2025-11-05 18:22:22,41.00,APPROVED_FOR_IMPORT,,EMAIL_ONLY_D2,1,0,0,0
15597,wc-completed,GBP,2025-11-05 18:26:00,33.00,APPROVED_FOR_IMPORT,,EMAIL_ONLY_D2,3,1,0,0
15598,wc-completed,GBP,2025-11-05 19:40:50,33.99,APPROVED_FOR_IMPORT,,EMAIL_ONLY_D2,1,0,0,0
15599,wc-completed,GBP,2025-11-05 20:07:29,116.00,APPROVED_FOR_IMPORT,,EMAIL_ONLY_D2,6,0,0,0
15601,wc-completed,GBP,2025-11-05 21:24:56,35.00,APPROVED_FOR_IMPORT,,EMAIL_ONLY_D2,1,0,0,0
15603,wc-completed,GBP,2025-11-05 22:56:08,25.00,APPROVED_FOR_IMPORT,,EMAIL_ONLY_D2,1,0,0,0
15604,wc-completed,GBP,2025-11-05 22:57:57,22.00,APPROVED_FOR_IMPORT,,EMAIL_ONLY_D2,1,0,0,0
15605,wc-completed,GBP,2025-11-05 23:20:37,144.98,APPROVED_FOR_IMPORT,,EMAIL_ONLY_D2,7,0,0,0
15606,wc-completed,GBP,2025-11-06 00:01:25,49.00,APPROVED_FOR_IMPORT,,ASSOCIATE_GID,1,0,0,0
15607,wc-completed,GBP,2025-11-06 01:28:13,21.00,APPROVED_FOR_IMPORT,,EMAIL_ONLY_D2,1,0,0,0
15608,wc-failed,GBP,2025-11-06 06:00:38,63.00,APPROVED_FOR_IMPORT,,EMAIL_ONLY_D2,3,0,0,0
15609,wc-completed,GBP,2025-11-06 09:54:17,43.00,APPROVED_FOR_IMPORT,,ASSOCIATE_GID,2,0,0,0
15610,wc-completed,GBP,2025-11-06 10:36:12,120.00,APPROVED_FOR_IMPORT,,EMAIL_ONLY_D2,6,0,0,0
15611,wc-completed,GBP,2025-11-06 10:36:52,61.00,APPROVED_FOR_IMPORT,,ASSOCIATE_GID,3,0,0,0
15612,wc-completed,GBP,2025-11-06 10:48:05,81.00,APPROVED_FOR_IMPORT,,EMAIL_ONLY_D2,3,0,0,0
15613,wc-completed,GBP,2025-11-06 11:46:30,125.93,APPROVED_FOR_IMPORT,,ASSOCIATE_GID,6,0,0,0
15614,wc-completed,GBP,2025-11-06 13:25:48,12.00,APPROVED_FOR_IMPORT,,EMAIL_ONLY_D2,1,0,0,0
15615,wc-completed,GBP,2025-11-06 14:17:10,45.00,APPROVED_FOR_IMPORT,,EMAIL_ONLY_D2,2,0,0,0
15616,wc-completed,GBP,2025-11-06 14:40:52,133.00,APPROVED_FOR_IMPORT,,EMAIL_ONLY_D2,7,0,0,0
15617,wc-completed,GBP,2025-11-06 15:16:48,68.00,APPROVED_FOR_IMPORT,,EMAIL_ONLY_D2,3,0,0,0
15620,wc-completed,GBP,2025-11-06 20:32:02,35.00,APPROVED_FOR_IMPORT,,EMAIL_ONLY_D2,1,0,0,0
15621,wc-cancelled,GBP,2025-11-06 21:04:01,51.00,APPROVED_FOR_IMPORT,,ASSOCIATE_GID,3,0,0,0
15622,wc-completed,GBP,2025-11-06 21:23:14,40.00,APPROVED_FOR_IMPORT,,ASSOCIATE_GID,3,0,0,0
15623,wc-failed,GBP,2025-11-06 21:37:15,159.00,APPROVED_FOR_IMPORT,,EMAIL_ONLY_D2,7,0,0,0
15624,wc-completed,GBP,2025-11-06 21:39:54,164.00,APPROVED_FOR_IMPORT,,EMAIL_ONLY_D2,7,0,0,1
15627,wc-completed,GBP,2025-11-06 22:21:31,20.00,APPROVED_FOR_IMPORT,,EMAIL_ONLY_D2,1,0,0,0
15628,wc-completed,GBP,2025-11-06 22:37:20,171.00,APPROVED_FOR_IMPORT,,ASSOCIATE_GID,8,0,0,0
15629,wc-completed,GBP,2025-11-07 00:49:02,57.67,APPROVED_FOR_IMPORT,,ASSOCIATE_GID,2,0,0,0
15634,wc-completed,GBP,2025-11-07 04:33:26,63.00,APPROVED_FOR_IMPORT,,EMAIL_ONLY_D2,3,0,0,0
15635,wc-completed,GBP,2025-11-07 05:10:09,55.00,APPROVED_FOR_IMPORT,,EMAIL_ONLY_D2,3,0,0,0
15636,wc-completed,GBP,2025-11-07 06:35:13,23.00,APPROVED_FOR_IMPORT,,EMAIL_ONLY_D2,1,0,0,0
15637,wc-completed,GBP,2025-11-07 07:37:57,166.99,APPROVED_FOR_IMPORT,,EMAIL_ONLY_D2,8,0,0,0
15638,wc-completed,GBP,2025-11-07 07:59:01,44.00,APPROVED_FOR_IMPORT,,EMAIL_ONLY_D2,2,0,0,0
15639,wc-completed,GBP,2025-11-07 08:43:42,23.00,APPROVED_FOR_IMPORT,,EMAIL_ONLY_D2,1,0,0,0
15640,wc-failed,GBP,2025-11-07 09:44:39,27.00,APPROVED_FOR_IMPORT,,EMAIL_ONLY_D2,1,0,0,0
15641,wc-completed,GBP,2025-11-07 09:46:50,61.00,APPROVED_FOR_IMPORT,,EMAIL_ONLY_D2,3,0,0,0
15642,wc-completed,GBP,2025-11-07 10:04:10,45.00,APPROVED_FOR_IMPORT,,EMAIL_ONLY_D2,1,0,0,0
15643,wc-completed,GBP,2025-11-07 10:11:25,27.00,APPROVED_FOR_IMPORT,,EMAIL_ONLY_D2,1,0,0,0
15645,wc-completed,GBP,2025-11-07 10:43:26,60.00,APPROVED_FOR_IMPORT,,EMAIL_ONLY_D2,4,0,0,0
15646,wc-completed,GBP,2025-11-07 10:50:19,47.00,APPROVED_FOR_IMPORT,,EMAIL_ONLY_D2,2,0,0,0
15647,wc-completed,GBP,2025-11-07 12:23:15,25.00,APPROVED_FOR_IMPORT,,EMAIL_ONLY_D2,1,0,0,0
15648,wc-completed,GBP,2025-11-07 15:23:03,99.99,APPROVED_FOR_IMPORT,,EMAIL_ONLY_D2,4,0,0,0
15649,wc-completed,GBP,2025-11-07 16:25:18,49.00,APPROVED_FOR_IMPORT,,EMAIL_ONLY_D2,1,0,0,0
15650,wc-cancelled,GBP,2025-11-07 18:30:21,27.00,APPROVED_FOR_IMPORT,,ASSOCIATE_GID,1,0,0,0
15651,wc-completed,GBP,2025-11-07 20:48:09,82.00,APPROVED_FOR_IMPORT,,EMAIL_ONLY_D2,4,0,0,0
15652,wc-completed,GBP,2025-11-07 21:46:45,55.00,APPROVED_FOR_IMPORT,,EMAIL_ONLY_D2,3,0,0,0
15653,wc-completed,GBP,2025-11-07 22:01:13,27.00,APPROVED_FOR_IMPORT,,ASSOCIATE_GID,1,0,0,0
15654,wc-completed,GBP,2025-11-07 22:47:16,78.00,APPROVED_FOR_IMPORT,,EMAIL_ONLY_D2,3,0,0,0
15655,wc-completed,GBP,2025-11-08 00:32:50,35.00,APPROVED_FOR_IMPORT,,EMAIL_ONLY_D2,1,0,0,0
15656,wc-completed,GBP,2025-11-08 01:56:06,39.00,APPROVED_FOR_IMPORT,,EMAIL_ONLY_D2,2,0,0,0
15657,wc-completed,GBP,2025-11-08 03:01:17,24.33,APPROVED_FOR_IMPORT,,EMAIL_ONLY_D2,1,0,0,0
15658,wc-completed,GBP,2025-11-08 08:43:25,23.00,APPROVED_FOR_IMPORT,,EMAIL_ONLY_D2,1,0,0,0
15660,wc-completed,GBP,2025-11-08 09:11:33,35.00,APPROVED_FOR_IMPORT,,EMAIL_ONLY_D2,1,0,0,0
15661,wc-completed,GBP,2025-11-08 09:25:23,67.00,APPROVED_FOR_IMPORT,,ASSOCIATE_GID,3,0,0,0
15662,wc-completed,GBP,2025-11-08 09:25:32,25.00,APPROVED_FOR_IMPORT,,EMAIL_ONLY_D2,1,0,0,0
15663,wc-processing,GBP,2025-11-08 09:39:09,67.00,APPROVED_FOR_IMPORT,,ASSOCIATE_GID,3,0,0,0
15666,wc-completed,GBP,2025-11-08 12:06:46,25.00,APPROVED_FOR_IMPORT,,EMAIL_ONLY_D2,1,0,0,0
15667,wc-failed,GBP,2025-11-08 14:50:34,47.00,APPROVED_FOR_IMPORT,,EMAIL_ONLY_D2,2,0,0,0
15668,wc-completed,GBP,2025-11-08 15:04:51,69.00,APPROVED_FOR_IMPORT,,EMAIL_ONLY_D2,3,0,0,0
15669,wc-completed,GBP,2025-11-08 15:17:22,81.00,APPROVED_FOR_IMPORT,,EMAIL_ONLY_D2,4,0,0,0
15670,wc-completed,GBP,2025-11-08 16:35:40,43.00,APPROVED_FOR_IMPORT,,ASSOCIATE_GID,2,0,0,0
15671,wc-failed,GBP,2025-11-08 16:42:08,21.00,APPROVED_FOR_IMPORT,,EMAIL_ONLY_D2,1,0,0,0
15672,wc-completed,GBP,2025-11-08 17:26:00,47.00,APPROVED_FOR_IMPORT,,EMAIL_ONLY_D2,2,0,0,0
15673,wc-completed,GBP,2025-11-08 17:39:39,35.00,APPROVED_FOR_IMPORT,,EMAIL_ONLY_D2,1,0,0,0
15674,wc-completed,GBP,2025-11-08 17:50:46,50.00,APPROVED_FOR_IMPORT,,EMAIL_ONLY_D2,2,0,0,0
15675,wc-completed,GBP,2025-11-08 18:09:53,20.00,APPROVED_FOR_IMPORT,,EMAIL_ONLY_D2,1,0,0,0
15676,wc-completed,GBP,2025-11-08 18:09:56,25.00,APPROVED_FOR_IMPORT,,EMAIL_ONLY_D2,1,0,0,0
15677,wc-completed,GBP,2025-11-08 20:08:00,45.00,APPROVED_FOR_IMPORT,,EMAIL_ONLY_D2,2,0,0,0
15678,wc-completed,GBP,2025-11-08 22:11:16,23.00,APPROVED_FOR_IMPORT,,EMAIL_ONLY_D2,1,0,0,0
15680,wc-completed,GBP,2025-11-08 22:34:50,22.00,APPROVED_FOR_IMPORT,,EMAIL_ONLY_D2,1,0,0,0
15681,wc-completed,GBP,2025-11-08 22:42:20,53.00,APPROVED_FOR_IMPORT,,EMAIL_ONLY_D2,2,0,0,0
15682,wc-completed,GBP,2025-11-08 23:09:11,45.00,APPROVED_FOR_IMPORT,,EMAIL_ONLY_D2,1,0,0,0
15684,wc-pending,GBP,2025-11-09 02:51:40,63.00,APPROVED_FOR_IMPORT,,EMAIL_ONLY_D2,3,0,0,0
15685,wc-completed,GBP,2025-11-09 02:53:32,63.00,APPROVED_FOR_IMPORT,,EMAIL_ONLY_D2,3,0,0,0
15686,wc-completed,GBP,2025-11-09 02:54:40,88.00,APPROVED_FOR_IMPORT,,EMAIL_ONLY_D2,4,0,0,0
15687,wc-completed,GBP,2025-11-09 13:05:55,15.00,APPROVED_FOR_IMPORT,,EMAIL_ONLY_D2,1,0,0,0
15688,wc-completed,GBP,2025-11-09 16:03:24,126.00,APPROVED_FOR_IMPORT,,EMAIL_ONLY_D2,7,0,0,0
15689,wc-completed,GBP,2025-11-09 18:18:09,53.00,APPROVED_FOR_IMPORT,,EMAIL_ONLY_D2,2,0,0,0
15690,wc-checkout-draft,GBP,2025-11-09 21:38:08,21.00,EXCLUDED_D1_checkout_draft,,ASSOCIATE_GID,0,0,0,0
15691,wc-completed,GBP,2025-11-09 21:38:12,35.00,APPROVED_FOR_IMPORT,,EMAIL_ONLY_D2,1,0,0,0
15692,wc-completed,GBP,2025-11-09 21:38:51,21.00,APPROVED_FOR_IMPORT,,ASSOCIATE_GID,1,0,0,0
15693,wc-completed,GBP,2025-11-10 07:11:05,59.00,APPROVED_FOR_IMPORT,,EMAIL_ONLY_D2,3,0,0,0
15694,wc-completed,GBP,2025-11-10 10:19:21,159.00,APPROVED_FOR_IMPORT,,EMAIL_ONLY_D2,8,0,0,0
15695,wc-completed,GBP,2025-11-10 13:48:03,59.99,APPROVED_FOR_IMPORT,,EMAIL_ONLY_D2,3,0,0,0
15696,wc-completed,GBP,2025-11-10 14:01:57,81.00,APPROVED_FOR_IMPORT,,EMAIL_ONLY_D2,1,0,0,0
15697,wc-completed,GBP,2025-11-10 14:09:17,120.00,APPROVED_FOR_IMPORT,,ASSOCIATE_GID,4,0,0,0
15698,wc-checkout-draft,GBP,2025-11-10 14:34:30,22.00,EXCLUDED_D1_checkout_draft,,EMAIL_ONLY_D2,0,0,0,0
15699,wc-completed,GBP,2025-11-10 14:37:58,22.00,APPROVED_FOR_IMPORT,,EMAIL_ONLY_D2,1,0,0,0
15700,wc-completed,GBP,2025-11-10 15:05:50,32.00,APPROVED_FOR_IMPORT,,EMAIL_ONLY_D2,2,0,0,0
15702,wc-completed,GBP,2025-11-10 16:01:17,21.00,APPROVED_FOR_IMPORT,,EMAIL_ONLY_D2,1,0,0,0
15703,wc-completed,GBP,2025-11-10 16:07:32,147.00,APPROVED_FOR_IMPORT,,ASSOCIATE_GID,8,0,0,0
15704,wc-processing,GBP,2025-11-10 18:25:45,47.00,APPROVED_FOR_IMPORT,,EMAIL_ONLY_D2,5,0,0,0
15705,wc-processing,GBP,2025-11-10 18:29:22,23.00,APPROVED_FOR_IMPORT,,EMAIL_ONLY_D2,1,0,0,0
15706,wc-processing,GBP,2025-11-10 20:54:32,37.00,APPROVED_FOR_IMPORT,,EMAIL_ONLY_D2,1,0,0,0
15707,wc-processing,GBP,2025-11-10 21:57:06,65.00,APPROVED_FOR_IMPORT,,EMAIL_ONLY_D2,3,0,0,0
