woo_product_id,woo_variation_id,source_url,target_filename,validation_status,conversion_required,usage_type
17,,https://wholesalebeautyhub.co.uk/wp-content/uploads/2024/04/Vee-Beauty-Second-Skin-Foundation.jpg,product-485-vee-beauty-second-skin-foundation.jpg,FOUND,False,product_featured
17,,https://wholesalebeautyhub.co.uk/wp-content/uploads/2024/04/4EC5ED2C-FE0E-4D71-B217-9BB7941FABFD.jpeg,product-5961-vee-beauty-second-skin-foundation-02.jpeg,FOUND,False,product_gallery
17,,https://wholesalebeautyhub.co.uk/wp-content/uploads/2024/04/9AE90AA7-17D9-4981-8291-B1121681AEA6.jpeg,product-5962-vee-beauty-second-skin-foundation-03.jpeg,FOUND,False,product_gallery
18,,https://wholesalebeautyhub.co.uk/wp-content/uploads/2024/04/Vee-Beauty-Total-Coverage-Foundation.jpg,product-412-vee-beauty-total-coverage-foundation.jpg,FOUND,False,product_featured
18,,https://wholesalebeautyhub.co.uk/wp-content/uploads/2024/04/Vee-Beauty-Total-Coverage-Foundation-1.jpg,product-413-vee-beauty-total-coverage-foundation-02.jpg,FOUND,False,product_gallery
18,,https://wholesalebeautyhub.co.uk/wp-content/uploads/2024/04/BDF184CE-047A-4D06-95DA-0303A4550C46.jpeg,product-5960-vee-beauty-total-coverage-foundation-03.jpeg,FOUND,False,product_gallery
19,,https://wholesalebeautyhub.co.uk/wp-content/uploads/2024/04/Vee-Beauty-Thirsty-Lip-Gloss.jpeg,product-436-vee-beauty-thirsty-lip-gloss.jpeg,FOUND,False,product_featured
19,,https://wholesalebeautyhub.co.uk/wp-content/uploads/2024/04/Vee-Beauty-Thirsty-Lip-Gloss-2.jpeg,product-484-vee-beauty-thirsty-lip-gloss-02.jpeg,FOUND,False,product_gallery
20,,https://wholesalebeautyhub.co.uk/wp-content/uploads/2024/04/Vee-Beauty-Magic-Cover-Concealer.jpg,product-517-vee-beauty-magic-cover-concealer.jpg,FOUND,False,product_featured
20,,https://wholesalebeautyhub.co.uk/wp-content/uploads/2024/04/Vee-Beauty-Magic-Cover-Concealer-1.jpg,product-522-vee-beauty-magic-cover-concealer-02.jpg,FOUND,False,product_gallery
22,,https://wholesalebeautyhub.co.uk/wp-content/uploads/2024/04/Tehila-Rosy-Cheek-Blush-Palette1.jpg,product-928-tehila-rosy-cheek-blush-palette.jpg,FOUND,False,product_featured
22,,https://wholesalebeautyhub.co.uk/wp-content/uploads/2024/04/Tehila-Rosy-Cheek-Blush-Palette1.jpg,variant-928-tehila-rosy-cheek-blush-palette-variant.jpg,FOUND,False,variant_image
22,,https://wholesalebeautyhub.co.uk/wp-content/uploads/2024/04/Tehila-Rosy-Cheek-Blush-Palatte-original-1.jpg,variant-929-tehila-rosy-cheek-blush-palette-variant-02.jpg,FOUND,False,variant_image
22,926,https://wholesalebeautyhub.co.uk/wp-content/uploads/2024/04/Tehila-Rosy-Cheek-Blush-Palette1.jpg,variant-928-tehila-rosy-cheek-blush-palette-variant.jpg,FOUND,False,variant_image
22,927,https://wholesalebeautyhub.co.uk/wp-content/uploads/2024/04/Tehila-Rosy-Cheek-Blush-Palatte-original-1.jpg,variant-929-tehila-rosy-cheek-blush-palette-variant-02.jpg,FOUND,False,variant_image
23,,https://wholesalebeautyhub.co.uk/wp-content/uploads/2024/04/Tehila-Blush-and-Highlighter-Palatte.jpg,product-921-tehila-blush-highlighter-palatte.jpg,FOUND,False,product_featured
23,,https://wholesalebeautyhub.co.uk/wp-content/uploads/2024/04/Tehila-Blush-And-Highlighter-Palette-Big-12-IN-1.jpeg,variant-924-tehila-blush-highlighter-palatte-variant.jpeg,FOUND,False,variant_image
23,,https://wholesalebeautyhub.co.uk/wp-content/uploads/2024/04/Tehila-Blush-And-Highlighter-Palette-Small-6-IN-1.webp,variant-925-tehila-blush-highlighter-palatte-variant-02.webp,FOUND,False,variant_image
23,922,https://wholesalebeautyhub.co.uk/wp-content/uploads/2024/04/Tehila-Blush-And-Highlighter-Palette-Big-12-IN-1.jpeg,variant-924-tehila-blush-highlighter-palatte-variant.jpeg,FOUND,False,variant_image
23,923,https://wholesalebeautyhub.co.uk/wp-content/uploads/2024/04/Tehila-Blush-And-Highlighter-Palette-Small-6-IN-1.webp,variant-925-tehila-blush-highlighter-palatte-variant-02.webp,FOUND,False,variant_image
24,,https://wholesalebeautyhub.co.uk/wp-content/uploads/2024/04/Tehila-Single-Compact-Blush.jpg,product-919-tehila-single-compact-blush.jpg,FOUND,False,product_featured
24,,https://wholesalebeautyhub.co.uk/wp-content/uploads/2024/04/Tehila-Single-Compact-Blush1.jpg,product-920-tehila-single-compact-blush-02.jpg,FOUND,False,product_gallery
25,,https://wholesalebeautyhub.co.uk/wp-content/uploads/2024/04/Sylvimak-Oil-Free-Foundation.jpg,product-917-sylvimak-oil-free-foundation.jpg,FOUND,False,product_featured
25,,https://wholesalebeautyhub.co.uk/wp-content/uploads/2024/04/C270E189-B9F4-487F-A6EA-4AF2FADF59DC.jpeg,product-5958-sylvimak-oil-free-foundation-02.jpeg,FOUND,False,product_gallery
25,,https://wholesalebeautyhub.co.uk/wp-content/uploads/2024/04/C270E189-B9F4-487F-A6EA-4AF2FADF59DC.jpeg,variant-5958-sylvimak-oil-free-foundation-variant.jpeg,FOUND,False,variant_image
25,,https://wholesalebeautyhub.co.uk/wp-content/uploads/2024/04/C270E189-B9F4-487F-A6EA-4AF2FADF59DC.jpeg,variant-5958-sylvimak-oil-free-foundation-variant-02.jpeg,FOUND,False,variant_image
25,,https://wholesalebeautyhub.co.uk/wp-content/uploads/2024/04/C270E189-B9F4-487F-A6EA-4AF2FADF59DC.jpeg,variant-5958-sylvimak-oil-free-foundation-variant-03.jpeg,FOUND,False,variant_image
25,,https://wholesalebeautyhub.co.uk/wp-content/uploads/2024/04/C270E189-B9F4-487F-A6EA-4AF2FADF59DC.jpeg,variant-5958-sylvimak-oil-free-foundation-variant-04.jpeg,FOUND,False,variant_image
25,,https://wholesalebeautyhub.co.uk/wp-content/uploads/2024/04/C270E189-B9F4-487F-A6EA-4AF2FADF59DC.jpeg,variant-5958-sylvimak-oil-free-foundation-variant-05.jpeg,FOUND,False,variant_image
25,,https://wholesalebeautyhub.co.uk/wp-content/uploads/2024/04/C270E189-B9F4-487F-A6EA-4AF2FADF59DC.jpeg,variant-5958-sylvimak-oil-free-foundation-variant-06.jpeg,FOUND,False,variant_image
25,,https://wholesalebeautyhub.co.uk/wp-content/uploads/2024/04/C270E189-B9F4-487F-A6EA-4AF2FADF59DC.jpeg,variant-5958-sylvimak-oil-free-foundation-variant-07.jpeg,FOUND,False,variant_image
25,,https://wholesalebeautyhub.co.uk/wp-content/uploads/2024/04/C270E189-B9F4-487F-A6EA-4AF2FADF59DC.jpeg,variant-5958-sylvimak-oil-free-foundation-variant-08.jpeg,FOUND,False,variant_image
25,909,https://wholesalebeautyhub.co.uk/wp-content/uploads/2024/04/C270E189-B9F4-487F-A6EA-4AF2FADF59DC.jpeg,variant-5958-sylvimak-oil-free-foundation-variant.jpeg,FOUND,False,variant_image
25,910,https://wholesalebeautyhub.co.uk/wp-content/uploads/2024/04/C270E189-B9F4-487F-A6EA-4AF2FADF59DC.jpeg,variant-5958-sylvimak-oil-free-foundation-variant-02.jpeg,FOUND,False,variant_image
25,911,https://wholesalebeautyhub.co.uk/wp-content/uploads/2024/04/C270E189-B9F4-487F-A6EA-4AF2FADF59DC.jpeg,variant-5958-sylvimak-oil-free-foundation-variant-03.jpeg,FOUND,False,variant_image
25,912,https://wholesalebeautyhub.co.uk/wp-content/uploads/2024/04/C270E189-B9F4-487F-A6EA-4AF2FADF59DC.jpeg,variant-5958-sylvimak-oil-free-foundation-variant-04.jpeg,FOUND,False,variant_image
25,913,https://wholesalebeautyhub.co.uk/wp-content/uploads/2024/04/C270E189-B9F4-487F-A6EA-4AF2FADF59DC.jpeg,variant-5958-sylvimak-oil-free-foundation-variant-05.jpeg,FOUND,False,variant_image
25,914,https://wholesalebeautyhub.co.uk/wp-content/uploads/2024/04/C270E189-B9F4-487F-A6EA-4AF2FADF59DC.jpeg,variant-5958-sylvimak-oil-free-foundation-variant-06.jpeg,FOUND,False,variant_image
25,915,https://wholesalebeautyhub.co.uk/wp-content/uploads/2024/04/C270E189-B9F4-487F-A6EA-4AF2FADF59DC.jpeg,variant-5958-sylvimak-oil-free-foundation-variant-07.jpeg,FOUND,False,variant_image
25,916,https://wholesalebeautyhub.co.uk/wp-content/uploads/2024/04/C270E189-B9F4-487F-A6EA-4AF2FADF59DC.jpeg,variant-5958-sylvimak-oil-free-foundation-variant-08.jpeg,FOUND,False,variant_image
28,,https://wholesalebeautyhub.co.uk/wp-content/uploads/2024/04/Tm-Essential-Bronzed-By-Tm.jpg,product-846-tm-essential-bronzed-by-tm.jpg,FOUND,False,product_featured
34,,https://wholesalebeautyhub.co.uk/wp-content/uploads/2024/04/khaki.jpg,product-762-beauty-by-ad-lip-gloss.jpg,FOUND,False,product_featured
35,,https://wholesalebeautyhub.co.uk/wp-content/uploads/2024/04/belle.jpg,product-760-beauty-by-ad-lip-stain.jpg,FOUND,False,product_featured
35,,https://wholesalebeautyhub.co.uk/wp-content/uploads/2024/04/belle.jpg,variant-760-beauty-by-ad-lip-stain-variant.jpg,FOUND,False,variant_image
35,,https://wholesalebeautyhub.co.uk/wp-content/uploads/2024/04/buff.jpg,variant-761-beauty-by-ad-lip-stain-variant-02.jpg,FOUND,False,variant_image
35,,https://wholesalebeautyhub.co.uk/wp-content/uploads/2024/04/khaki.jpg,variant-762-beauty-by-ad-lip-stain-variant-03.jpg,FOUND,False,variant_image
35,757,https://wholesalebeautyhub.co.uk/wp-content/uploads/2024/04/belle.jpg,variant-760-beauty-by-ad-lip-stain-variant.jpg,FOUND,False,variant_image
35,758,https://wholesalebeautyhub.co.uk/wp-content/uploads/2024/04/buff.jpg,variant-761-beauty-by-ad-lip-stain-variant-02.jpg,FOUND,False,variant_image
35,759,https://wholesalebeautyhub.co.uk/wp-content/uploads/2024/04/khaki.jpg,variant-762-beauty-by-ad-lip-stain-variant-03.jpg,FOUND,False,variant_image
49,,https://wholesalebeautyhub.co.uk/wp-content/uploads/2024/04/Merak-Cosmetics-Setting-Powder.jpg,product-623-merak-cosmetics-setting-powder.jpg,FOUND,False,product_featured
49,,https://wholesalebeautyhub.co.uk/wp-content/uploads/2024/04/Cinnamon.jpg,variant-624-merak-cosmetics-setting-powder-variant.jpg,FOUND,False,variant_image
49,,https://wholesalebeautyhub.co.uk/wp-content/uploads/2024/04/curry.jpg,variant-625-merak-cosmetics-setting-powder-variant-02.jpg,FOUND,False,variant_image
49,,https://wholesalebeautyhub.co.uk/wp-content/uploads/2024/04/Ginger.jpg,variant-626-merak-cosmetics-setting-powder-variant-03.jpg,FOUND,False,variant_image
49,,https://wholesalebeautyhub.co.uk/wp-content/uploads/2024/04/nutmeg.jpg,variant-627-merak-cosmetics-setting-powder-variant-04.jpg,FOUND,False,variant_image
49,619,https://wholesalebeautyhub.co.uk/wp-content/uploads/2024/04/Cinnamon.jpg,variant-624-merak-cosmetics-setting-powder-variant.jpg,FOUND,False,variant_image
49,620,https://wholesalebeautyhub.co.uk/wp-content/uploads/2024/04/curry.jpg,variant-625-merak-cosmetics-setting-powder-variant-02.jpg,FOUND,False,variant_image
49,621,https://wholesalebeautyhub.co.uk/wp-content/uploads/2024/04/Ginger.jpg,variant-626-merak-cosmetics-setting-powder-variant-03.jpg,FOUND,False,variant_image
49,622,https://wholesalebeautyhub.co.uk/wp-content/uploads/2024/04/nutmeg.jpg,variant-627-merak-cosmetics-setting-powder-variant-04.jpg,FOUND,False,variant_image
50,,https://wholesalebeautyhub.co.uk/wp-content/uploads/2024/04/Merak-Cosmetics-Pencil-Liner.jpg,product-616-merak-cosmetics-pencil-liner.jpg,FOUND,False,product_featured
51,,https://wholesalebeautyhub.co.uk/wp-content/uploads/2024/05/Yanga-Beauty-Setting-Powder.jpg,product-1831-yanga-beauty-blurfect-loose-powder.jpg,FOUND,False,product_featured
51,,https://wholesalebeautyhub.co.uk/wp-content/uploads/2024/05/Yanga-Beauty-Setting-Powder.jpg,product-1831-yanga-beauty-blurfect-loose-powder-02.jpg,FOUND,False,product_featured
51,,https://wholesalebeautyhub.co.uk/wp-content/uploads/2024/04/Cinammon1.jpg,variant-608-yanga-beauty-blurfect-loose-powder-variant.jpg,FOUND,False,variant_image
51,,https://wholesalebeautyhub.co.uk/wp-content/uploads/2024/04/Custard1.jpg,variant-609-yanga-beauty-blurfect-loose-powder-variant-02.jpg,FOUND,False,variant_image
51,,https://wholesalebeautyhub.co.uk/wp-content/uploads/2024/04/Milky1.jpg,variant-610-yanga-beauty-blurfect-loose-powder-variant-03.jpg,FOUND,False,variant_image
51,605,https://wholesalebeautyhub.co.uk/wp-content/uploads/2024/04/Cinammon1.jpg,variant-608-yanga-beauty-blurfect-loose-powder-variant.jpg,FOUND,False,variant_image
51,606,https://wholesalebeautyhub.co.uk/wp-content/uploads/2024/04/Custard1.jpg,variant-609-yanga-beauty-blurfect-loose-powder-variant-02.jpg,FOUND,False,variant_image
51,607,https://wholesalebeautyhub.co.uk/wp-content/uploads/2024/04/Milky1.jpg,variant-610-yanga-beauty-blurfect-loose-powder-variant-03.jpg,FOUND,False,variant_image
52,,https://wholesalebeautyhub.co.uk/wp-content/uploads/2024/05/Yanga-Beauty-Concealer-2.webp,product-1953-yanga-beauty-smooth-match-concealer.webp,FOUND,False,product_featured
52,,https://wholesalebeautyhub.co.uk/wp-content/uploads/2024/05/Yanga-Beauty-Concealer-2.webp,product-1953-yanga-beauty-smooth-match-concealer-02.webp,FOUND,False,product_featured
52,,https://wholesalebeautyhub.co.uk/wp-content/uploads/2024/04/Yanga-Beauty-Smooth-Match-Concealer1-1.webp,variant-597-yanga-beauty-smooth-match-concealer-variant.webp,FOUND,False,variant_image
52,,https://wholesalebeautyhub.co.uk/wp-content/uploads/2024/04/smc-2.webp,variant-598-yanga-beauty-smooth-match-concealer-variant-02.webp,FOUND,False,variant_image
52,,https://wholesalebeautyhub.co.uk/wp-content/uploads/2024/04/smc-3.webp,variant-599-yanga-beauty-smooth-match-concealer-variant-03.webp,FOUND,False,variant_image
52,,https://wholesalebeautyhub.co.uk/wp-content/uploads/2024/04/smc-4.webp,variant-600-yanga-beauty-smooth-match-concealer-variant-04.webp,FOUND,False,variant_image
52,,https://wholesalebeautyhub.co.uk/wp-content/uploads/2024/04/smc-51.webp,variant-601-yanga-beauty-smooth-match-concealer-variant-05.webp,FOUND,False,variant_image
52,,https://wholesalebeautyhub.co.uk/wp-content/uploads/2024/04/smc-61.webp,variant-602-yanga-beauty-smooth-match-concealer-variant-06.webp,FOUND,False,variant_image
52,591,https://wholesalebeautyhub.co.uk/wp-content/uploads/2024/04/Yanga-Beauty-Smooth-Match-Concealer1-1.webp,variant-597-yanga-beauty-smooth-match-concealer-variant.webp,FOUND,False,variant_image
52,592,https://wholesalebeautyhub.co.uk/wp-content/uploads/2024/04/smc-2.webp,variant-598-yanga-beauty-smooth-match-concealer-variant-02.webp,FOUND,False,variant_image
52,593,https://wholesalebeautyhub.co.uk/wp-content/uploads/2024/04/smc-3.webp,variant-599-yanga-beauty-smooth-match-concealer-variant-03.webp,FOUND,False,variant_image
52,594,https://wholesalebeautyhub.co.uk/wp-content/uploads/2024/04/smc-4.webp,variant-600-yanga-beauty-smooth-match-concealer-variant-04.webp,FOUND,False,variant_image
52,595,https://wholesalebeautyhub.co.uk/wp-content/uploads/2024/04/smc-51.webp,variant-601-yanga-beauty-smooth-match-concealer-variant-05.webp,FOUND,False,variant_image
52,596,https://wholesalebeautyhub.co.uk/wp-content/uploads/2024/04/smc-61.webp,variant-602-yanga-beauty-smooth-match-concealer-variant-06.webp,FOUND,False,variant_image
53,,https://wholesalebeautyhub.co.uk/wp-content/uploads/2024/04/Nuban-Beauty-Oil-Control-Setting-Powder.webp,product-578-nuban-beauty-oil-control-setting-powder.webp,FOUND,False,product_featured
53,,https://wholesalebeautyhub.co.uk/wp-content/uploads/2024/04/Alabaster.webp,variant-586-nuban-beauty-oil-control-setting-powder-variant.webp,FOUND,False,variant_image
53,,https://wholesalebeautyhub.co.uk/wp-content/uploads/2024/04/caramel.webp,variant-587-nuban-beauty-oil-control-setting-powder-variant-02.webp,FOUND,False,variant_image
53,,https://wholesalebeautyhub.co.uk/wp-content/uploads/2024/04/mustard.webp,variant-588-nuban-beauty-oil-control-setting-powder-variant-03.webp,FOUND,False,variant_image
53,,https://wholesalebeautyhub.co.uk/wp-content/uploads/2026/04/IMG_5532.webp,variant-20561-nuban-beauty-oil-control-setting-powder-variant-04.webp,FOUND,False,variant_image
53,20560,https://wholesalebeautyhub.co.uk/wp-content/uploads/2026/04/IMG_5532.webp,variant-20561-nuban-beauty-oil-control-setting-powder-variant-04.webp,FOUND,False,variant_image
53,583,https://wholesalebeautyhub.co.uk/wp-content/uploads/2024/04/Alabaster.webp,variant-586-nuban-beauty-oil-control-setting-powder-variant.webp,FOUND,False,variant_image
53,584,https://wholesalebeautyhub.co.uk/wp-content/uploads/2024/04/caramel.webp,variant-587-nuban-beauty-oil-control-setting-powder-variant-02.webp,FOUND,False,variant_image
53,585,https://wholesalebeautyhub.co.uk/wp-content/uploads/2024/04/mustard.webp,variant-588-nuban-beauty-oil-control-setting-powder-variant-03.webp,FOUND,False,variant_image
54,,https://wholesalebeautyhub.co.uk/wp-content/uploads/2024/04/Nuban-Beauty-Finishing-Powder.webp,product-556-nuban-beauty-finishing-powder.webp,FOUND,False,product_featured
54,,https://wholesalebeautyhub.co.uk/wp-content/uploads/2024/04/Nuban-Beauty-Finishing-Powder-01.webp,variant-568-nuban-beauty-finishing-powder-variant.webp,FOUND,False,variant_image
54,,https://wholesalebeautyhub.co.uk/wp-content/uploads/2024/04/Nuban-Beauty-Finishing-Powder-02.webp,variant-569-nuban-beauty-finishing-powder-variant-02.webp,FOUND,False,variant_image
54,,https://wholesalebeautyhub.co.uk/wp-content/uploads/2024/04/Nuban-Beauty-Finishing-Powder-03.webp,variant-570-nuban-beauty-finishing-powder-variant-03.webp,FOUND,False,variant_image
54,,https://wholesalebeautyhub.co.uk/wp-content/uploads/2024/04/Nuban-Beauty-Finishing-Powder-04.webp,variant-571-nuban-beauty-finishing-powder-variant-04.webp,FOUND,False,variant_image
54,,https://wholesalebeautyhub.co.uk/wp-content/uploads/2024/04/Nuban-Beauty-Finishing-Powder-05.webp,variant-572-nuban-beauty-finishing-powder-variant-05.webp,FOUND,False,variant_image
54,,https://wholesalebeautyhub.co.uk/wp-content/uploads/2024/04/Nuban-Beauty-Finishing-Powder-06.webp,variant-573-nuban-beauty-finishing-powder-variant-06.webp,FOUND,False,variant_image
54,,https://wholesalebeautyhub.co.uk/wp-content/uploads/2024/04/Nuban-Beauty-Finishing-Powder-07.webp,variant-574-nuban-beauty-finishing-powder-variant-07.webp,FOUND,False,variant_image
54,,https://wholesalebeautyhub.co.uk/wp-content/uploads/2024/04/Nuban-Beauty-Finishing-Powder-08.webp,variant-575-nuban-beauty-finishing-powder-variant-08.webp,FOUND,False,variant_image
54,,https://wholesalebeautyhub.co.uk/wp-content/uploads/2024/04/Nuban-Beauty-Finishing-Powder-09.webp,variant-576-nuban-beauty-finishing-powder-variant-09.webp,FOUND,False,variant_image
54,,https://wholesalebeautyhub.co.uk/wp-content/uploads/2024/04/Nuban-Beauty-Finishing-Powder-10.webp,variant-577-nuban-beauty-finishing-powder-variant-10.webp,FOUND,False,variant_image
54,558,https://wholesalebeautyhub.co.uk/wp-content/uploads/2024/04/Nuban-Beauty-Finishing-Powder-01.webp,variant-568-nuban-beauty-finishing-powder-variant.webp,FOUND,False,variant_image
54,559,https://wholesalebeautyhub.co.uk/wp-content/uploads/2024/04/Nuban-Beauty-Finishing-Powder-02.webp,variant-569-nuban-beauty-finishing-powder-variant-02.webp,FOUND,False,variant_image
54,560,https://wholesalebeautyhub.co.uk/wp-content/uploads/2024/04/Nuban-Beauty-Finishing-Powder-03.webp,variant-570-nuban-beauty-finishing-powder-variant-03.webp,FOUND,False,variant_image
54,561,https://wholesalebeautyhub.co.uk/wp-content/uploads/2024/04/Nuban-Beauty-Finishing-Powder-04.webp,variant-571-nuban-beauty-finishing-powder-variant-04.webp,FOUND,False,variant_image
54,562,https://wholesalebeautyhub.co.uk/wp-content/uploads/2024/04/Nuban-Beauty-Finishing-Powder-05.webp,variant-572-nuban-beauty-finishing-powder-variant-05.webp,FOUND,False,variant_image
54,563,https://wholesalebeautyhub.co.uk/wp-content/uploads/2024/04/Nuban-Beauty-Finishing-Powder-06.webp,variant-573-nuban-beauty-finishing-powder-variant-06.webp,FOUND,False,variant_image
54,564,https://wholesalebeautyhub.co.uk/wp-content/uploads/2024/04/Nuban-Beauty-Finishing-Powder-07.webp,variant-574-nuban-beauty-finishing-powder-variant-07.webp,FOUND,False,variant_image
54,565,https://wholesalebeautyhub.co.uk/wp-content/uploads/2024/04/Nuban-Beauty-Finishing-Powder-08.webp,variant-575-nuban-beauty-finishing-powder-variant-08.webp,FOUND,False,variant_image
54,566,https://wholesalebeautyhub.co.uk/wp-content/uploads/2024/04/Nuban-Beauty-Finishing-Powder-09.webp,variant-576-nuban-beauty-finishing-powder-variant-09.webp,FOUND,False,variant_image
54,567,https://wholesalebeautyhub.co.uk/wp-content/uploads/2024/04/Nuban-Beauty-Finishing-Powder-10.webp,variant-577-nuban-beauty-finishing-powder-variant-10.webp,FOUND,False,variant_image
55,,https://wholesalebeautyhub.co.uk/wp-content/uploads/2024/04/Nuban-Beauty-D-Glow-Loose-Highlighter.webp,product-555-nuban-beauty-d-glow-loose-highlighter.webp,FOUND,False,product_featured
55,,https://wholesalebeautyhub.co.uk/wp-content/uploads/2024/04/accolade.webp,variant-553-nuban-beauty-d-glow-loose-highlighter-variant.webp,FOUND,False,variant_image
55,,https://wholesalebeautyhub.co.uk/wp-content/uploads/2024/04/mehn.webp,variant-554-nuban-beauty-d-glow-loose-highlighter-variant-02.webp,FOUND,False,variant_image
55,551,https://wholesalebeautyhub.co.uk/wp-content/uploads/2024/04/accolade.webp,variant-553-nuban-beauty-d-glow-loose-highlighter-variant.webp,FOUND,False,variant_image
55,552,https://wholesalebeautyhub.co.uk/wp-content/uploads/2024/04/mehn.webp,variant-554-nuban-beauty-d-glow-loose-highlighter-variant-02.webp,FOUND,False,variant_image
60,,https://wholesalebeautyhub.co.uk/wp-content/uploads/2024/04/Nuban-Beauty-Concealer.webp,product-486-nuban-beauty-in-my-skin-concealer.webp,FOUND,False,product_featured
60,,https://wholesalebeautyhub.co.uk/wp-content/uploads/2024/04/041.webp,variant-498-nuban-beauty-in-my-skin-concealer-variant.webp,FOUND,False,variant_image
60,,https://wholesalebeautyhub.co.uk/wp-content/uploads/2024/04/042.webp,variant-499-nuban-beauty-in-my-skin-concealer-variant-02.webp,FOUND,False,variant_image
60,,https://wholesalebeautyhub.co.uk/wp-content/uploads/2024/04/043.webp,variant-500-nuban-beauty-in-my-skin-concealer-variant-03.webp,FOUND,False,variant_image
60,,https://wholesalebeautyhub.co.uk/wp-content/uploads/2024/04/044.webp,variant-501-nuban-beauty-in-my-skin-concealer-variant-04.webp,FOUND,False,variant_image
60,,https://wholesalebeautyhub.co.uk/wp-content/uploads/2024/04/045.webp,variant-502-nuban-beauty-in-my-skin-concealer-variant-05.webp,FOUND,False,variant_image
60,,https://wholesalebeautyhub.co.uk/wp-content/uploads/2024/04/046.webp,variant-503-nuban-beauty-in-my-skin-concealer-variant-06.webp,FOUND,False,variant_image
60,,https://wholesalebeautyhub.co.uk/wp-content/uploads/2024/04/047.webp,variant-504-nuban-beauty-in-my-skin-concealer-variant-07.webp,FOUND,False,variant_image
60,,https://wholesalebeautyhub.co.uk/wp-content/uploads/2024/04/048.webp,variant-505-nuban-beauty-in-my-skin-concealer-variant-08.webp,FOUND,False,variant_image
60,,https://wholesalebeautyhub.co.uk/wp-content/uploads/2024/04/049.webp,variant-506-nuban-beauty-in-my-skin-concealer-variant-09.webp,FOUND,False,variant_image
60,,https://wholesalebeautyhub.co.uk/wp-content/uploads/2024/04/050.webp,variant-507-nuban-beauty-in-my-skin-concealer-variant-10.webp,FOUND,False,variant_image
60,488,https://wholesalebeautyhub.co.uk/wp-content/uploads/2024/04/041.webp,variant-498-nuban-beauty-in-my-skin-concealer-variant.webp,FOUND,False,variant_image
60,489,https://wholesalebeautyhub.co.uk/wp-content/uploads/2024/04/042.webp,variant-499-nuban-beauty-in-my-skin-concealer-variant-02.webp,FOUND,False,variant_image
60,490,https://wholesalebeautyhub.co.uk/wp-content/uploads/2024/04/043.webp,variant-500-nuban-beauty-in-my-skin-concealer-variant-03.webp,FOUND,False,variant_image
60,491,https://wholesalebeautyhub.co.uk/wp-content/uploads/2024/04/044.webp,variant-501-nuban-beauty-in-my-skin-concealer-variant-04.webp,FOUND,False,variant_image
60,492,https://wholesalebeautyhub.co.uk/wp-content/uploads/2024/04/045.webp,variant-502-nuban-beauty-in-my-skin-concealer-variant-05.webp,FOUND,False,variant_image
60,493,https://wholesalebeautyhub.co.uk/wp-content/uploads/2024/04/046.webp,variant-503-nuban-beauty-in-my-skin-concealer-variant-06.webp,FOUND,False,variant_image
60,494,https://wholesalebeautyhub.co.uk/wp-content/uploads/2024/04/047.webp,variant-504-nuban-beauty-in-my-skin-concealer-variant-07.webp,FOUND,False,variant_image
60,495,https://wholesalebeautyhub.co.uk/wp-content/uploads/2024/04/048.webp,variant-505-nuban-beauty-in-my-skin-concealer-variant-08.webp,FOUND,False,variant_image
60,496,https://wholesalebeautyhub.co.uk/wp-content/uploads/2024/04/049.webp,variant-506-nuban-beauty-in-my-skin-concealer-variant-09.webp,FOUND,False,variant_image
60,497,https://wholesalebeautyhub.co.uk/wp-content/uploads/2024/04/050.webp,variant-507-nuban-beauty-in-my-skin-concealer-variant-10.webp,FOUND,False,variant_image
61,,https://wholesalebeautyhub.co.uk/wp-content/uploads/2024/04/Nuban-Beauty-In-My-Skin-Foundation.webp,product-467-nuban-beauty-in-my-skin-foundation.webp,FOUND,False,product_featured
61,,https://wholesalebeautyhub.co.uk/wp-content/uploads/2024/04/Nuban-Beauty-In-My-Skin-Foundation-D12.webp,variant-475-nuban-beauty-in-my-skin-foundation-variant.webp,FOUND,False,variant_image
61,,https://wholesalebeautyhub.co.uk/wp-content/uploads/2024/04/Nuban-Beauty-In-My-Skin-Foundation-D13.webp,variant-476-nuban-beauty-in-my-skin-foundation-variant-02.webp,FOUND,False,variant_image
61,,https://wholesalebeautyhub.co.uk/wp-content/uploads/2024/04/Nuban-Beauty-In-My-Skin-Foundation-L1.webp,variant-477-nuban-beauty-in-my-skin-foundation-variant-03.webp,FOUND,False,variant_image
61,,https://wholesalebeautyhub.co.uk/wp-content/uploads/2024/04/Nuban-Beauty-In-My-Skin-Foundation-L2.webp,variant-478-nuban-beauty-in-my-skin-foundation-variant-04.webp,FOUND,False,variant_image
61,,https://wholesalebeautyhub.co.uk/wp-content/uploads/2024/04/Nuban-Beauty-In-My-Skin-Foundation-L4.webp,variant-479-nuban-beauty-in-my-skin-foundation-variant-05.webp,FOUND,False,variant_image
61,,https://wholesalebeautyhub.co.uk/wp-content/uploads/2024/04/Nuban-Beauty-In-My-Skin-Foundation-W5.5.webp,variant-480-nuban-beauty-in-my-skin-foundation-variant-06.webp,FOUND,False,variant_image
61,,https://wholesalebeautyhub.co.uk/wp-content/uploads/2024/04/Nuban-Beauty-In-My-Skin-Foundation-W5.webp,variant-481-nuban-beauty-in-my-skin-foundation-variant-07.webp,FOUND,False,variant_image
61,468,https://wholesalebeautyhub.co.uk/wp-content/uploads/2024/04/Nuban-Beauty-In-My-Skin-Foundation-D12.webp,variant-475-nuban-beauty-in-my-skin-foundation-variant.webp,FOUND,False,variant_image
61,469,https://wholesalebeautyhub.co.uk/wp-content/uploads/2024/04/Nuban-Beauty-In-My-Skin-Foundation-D13.webp,variant-476-nuban-beauty-in-my-skin-foundation-variant-02.webp,FOUND,False,variant_image
61,470,https://wholesalebeautyhub.co.uk/wp-content/uploads/2024/04/Nuban-Beauty-In-My-Skin-Foundation-L1.webp,variant-477-nuban-beauty-in-my-skin-foundation-variant-03.webp,FOUND,False,variant_image
61,471,https://wholesalebeautyhub.co.uk/wp-content/uploads/2024/04/Nuban-Beauty-In-My-Skin-Foundation-L2.webp,variant-478-nuban-beauty-in-my-skin-foundation-variant-04.webp,FOUND,False,variant_image
61,472,https://wholesalebeautyhub.co.uk/wp-content/uploads/2024/04/Nuban-Beauty-In-My-Skin-Foundation-L4.webp,variant-479-nuban-beauty-in-my-skin-foundation-variant-05.webp,FOUND,False,variant_image
61,473,https://wholesalebeautyhub.co.uk/wp-content/uploads/2024/04/Nuban-Beauty-In-My-Skin-Foundation-W5.5.webp,variant-480-nuban-beauty-in-my-skin-foundation-variant-06.webp,FOUND,False,variant_image
61,474,https://wholesalebeautyhub.co.uk/wp-content/uploads/2024/04/Nuban-Beauty-In-My-Skin-Foundation-W5.webp,variant-481-nuban-beauty-in-my-skin-foundation-variant-07.webp,FOUND,False,variant_image
62,,https://wholesalebeautyhub.co.uk/wp-content/uploads/2024/04/Hegai-Esther-Eyebrow-Definer.jpeg,product-459-hegai-esther-eyebrow-definer.jpeg,FOUND,False,product_featured
62,,https://wholesalebeautyhub.co.uk/wp-content/uploads/2024/04/Ebony.jpeg,variant-464-hegai-esther-eyebrow-definer-variant.jpeg,FOUND,False,variant_image
62,,https://wholesalebeautyhub.co.uk/wp-content/uploads/2024/04/Nubia.jpeg,variant-465-hegai-esther-eyebrow-definer-variant-02.jpeg,FOUND,False,variant_image
62,,https://wholesalebeautyhub.co.uk/wp-content/uploads/2024/04/toffee.jpeg,variant-466-hegai-esther-eyebrow-definer-variant-03.jpeg,FOUND,False,variant_image
62,461,https://wholesalebeautyhub.co.uk/wp-content/uploads/2024/04/Ebony.jpeg,variant-464-hegai-esther-eyebrow-definer-variant.jpeg,FOUND,False,variant_image
62,462,https://wholesalebeautyhub.co.uk/wp-content/uploads/2024/04/Nubia.jpeg,variant-465-hegai-esther-eyebrow-definer-variant-02.jpeg,FOUND,False,variant_image
62,463,https://wholesalebeautyhub.co.uk/wp-content/uploads/2024/04/toffee.jpeg,variant-466-hegai-esther-eyebrow-definer-variant-03.jpeg,FOUND,False,variant_image
63,,https://wholesalebeautyhub.co.uk/wp-content/uploads/2024/04/Hegai-Esther-Lip-Gloss-2.webp,product-1961-hegai-esther-lip-gloss.webp,FOUND,False,product_featured
63,,https://wholesalebeautyhub.co.uk/wp-content/uploads/2024/04/drama-queen-1.jpg,variant-455-hegai-esther-lip-gloss-variant.jpg,FOUND,False,variant_image
63,,https://wholesalebeautyhub.co.uk/wp-content/uploads/2024/04/Like-a-girl.jpeg,variant-456-hegai-esther-lip-gloss-variant-02.jpeg,FOUND,False,variant_image
63,,https://wholesalebeautyhub.co.uk/wp-content/uploads/2024/04/mirror-mirroe-1.jpg,variant-457-hegai-esther-lip-gloss-variant-03.jpg,FOUND,False,variant_image
63,,https://wholesalebeautyhub.co.uk/wp-content/uploads/2024/04/naive.jpeg,variant-458-hegai-esther-lip-gloss-variant-04.jpeg,FOUND,False,variant_image
63,451,https://wholesalebeautyhub.co.uk/wp-content/uploads/2024/04/drama-queen-1.jpg,variant-455-hegai-esther-lip-gloss-variant.jpg,FOUND,False,variant_image
63,452,https://wholesalebeautyhub.co.uk/wp-content/uploads/2024/04/Like-a-girl.jpeg,variant-456-hegai-esther-lip-gloss-variant-02.jpeg,FOUND,False,variant_image
63,453,https://wholesalebeautyhub.co.uk/wp-content/uploads/2024/04/mirror-mirroe-1.jpg,variant-457-hegai-esther-lip-gloss-variant-03.jpg,FOUND,False,variant_image
63,454,https://wholesalebeautyhub.co.uk/wp-content/uploads/2024/04/naive.jpeg,variant-458-hegai-esther-lip-gloss-variant-04.jpeg,FOUND,False,variant_image
65,,https://wholesalebeautyhub.co.uk/wp-content/uploads/2024/04/Hegai-Esther-Matte-Liquid-Lipstick.jpg,product-438-hegai-esther-matte-liquid-lipstick.jpg,FOUND,False,product_featured
65,,https://wholesalebeautyhub.co.uk/wp-content/uploads/2024/04/butter-scotch.jpeg,variant-444-hegai-esther-matte-liquid-lipstick-variant.jpeg,FOUND,False,variant_image
65,,https://wholesalebeautyhub.co.uk/wp-content/uploads/2024/04/first-kiss.jpeg,variant-445-hegai-esther-matte-liquid-lipstick-variant-02.jpeg,FOUND,False,variant_image
65,,https://wholesalebeautyhub.co.uk/wp-content/uploads/2024/04/malty.jpeg,variant-446-hegai-esther-matte-liquid-lipstick-variant-03.jpeg,FOUND,False,variant_image
65,,https://wholesalebeautyhub.co.uk/wp-content/uploads/2024/04/Peek-a-boo.jpeg,variant-447-hegai-esther-matte-liquid-lipstick-variant-04.jpeg,FOUND,False,variant_image
65,,https://wholesalebeautyhub.co.uk/wp-content/uploads/2024/04/Church-girl.jpeg,variant-449-hegai-esther-matte-liquid-lipstick-variant-05.jpeg,FOUND,False,variant_image
65,448,https://wholesalebeautyhub.co.uk/wp-content/uploads/2024/04/Church-girl.jpeg,variant-449-hegai-esther-matte-liquid-lipstick-variant-05.jpeg,FOUND,False,variant_image
65,440,https://wholesalebeautyhub.co.uk/wp-content/uploads/2024/04/butter-scotch.jpeg,variant-444-hegai-esther-matte-liquid-lipstick-variant.jpeg,FOUND,False,variant_image
65,441,https://wholesalebeautyhub.co.uk/wp-content/uploads/2024/04/first-kiss.jpeg,variant-445-hegai-esther-matte-liquid-lipstick-variant-02.jpeg,FOUND,False,variant_image
65,442,https://wholesalebeautyhub.co.uk/wp-content/uploads/2024/04/malty.jpeg,variant-446-hegai-esther-matte-liquid-lipstick-variant-03.jpeg,FOUND,False,variant_image
65,443,https://wholesalebeautyhub.co.uk/wp-content/uploads/2024/04/Peek-a-boo.jpeg,variant-447-hegai-esther-matte-liquid-lipstick-variant-04.jpeg,FOUND,False,variant_image
66,,https://wholesalebeautyhub.co.uk/wp-content/uploads/2024/04/4B15A2D3-2014-4E61-B5FC-A66EE1E36A21.jpeg,product-3975-msmetics-glazed-dewy-balm.jpeg,FOUND,False,product_featured
66,,https://wholesalebeautyhub.co.uk/wp-content/uploads/2024/04/4B15A2D3-2014-4E61-B5FC-A66EE1E36A21.jpeg,product-3975-msmetics-glazed-dewy-balm-02.jpeg,FOUND,False,product_featured
66,,https://wholesalebeautyhub.co.uk/wp-content/uploads/2024/04/Msmetics-glazed-dew-highlighting-balm-coral-hues.jpg,variant-1629-msmetics-glazed-dewy-balm-variant.jpg,FOUND,False,variant_image
66,,https://wholesalebeautyhub.co.uk/wp-content/uploads/2024/04/Msmetics-glazed-dew-highlighting-balm-etheral.jpg,variant-1628-msmetics-glazed-dewy-balm-variant-02.jpg,FOUND,False,variant_image
66,,https://wholesalebeautyhub.co.uk/wp-content/uploads/2024/04/Msmetics-glazed-dew-highlighting-balm-flused.jpg,variant-1626-msmetics-glazed-dewy-balm-variant-03.jpg,FOUND,False,variant_image
66,,https://wholesalebeautyhub.co.uk/wp-content/uploads/2024/04/Msmetics-glazed-dew-highlighting-balm-glossed.jpg,variant-1625-msmetics-glazed-dewy-balm-variant-04.jpg,FOUND,False,variant_image
66,,https://wholesalebeautyhub.co.uk/wp-content/uploads/2024/04/Msmetics-glazed-dew-highlighting-balm-rich-cocoa.jpg,variant-1624-msmetics-glazed-dewy-balm-variant-05.jpg,FOUND,False,variant_image
66,,https://wholesalebeautyhub.co.uk/wp-content/uploads/2024/09/93262868-AC01-4345-B3E2-DFF4332D59C1.jpeg,variant-3974-msmetics-glazed-dewy-balm-variant-06.jpeg,FOUND,False,variant_image
66,3972,https://wholesalebeautyhub.co.uk/wp-content/uploads/2024/09/93262868-AC01-4345-B3E2-DFF4332D59C1.jpeg,variant-3974-msmetics-glazed-dewy-balm-variant-06.jpeg,FOUND,False,variant_image
66,1618,https://wholesalebeautyhub.co.uk/wp-content/uploads/2024/04/Msmetics-glazed-dew-highlighting-balm-coral-hues.jpg,variant-1629-msmetics-glazed-dewy-balm-variant.jpg,FOUND,False,variant_image
66,1619,https://wholesalebeautyhub.co.uk/wp-content/uploads/2024/04/Msmetics-glazed-dew-highlighting-balm-etheral.jpg,variant-1628-msmetics-glazed-dewy-balm-variant-02.jpg,FOUND,False,variant_image
66,1620,https://wholesalebeautyhub.co.uk/wp-content/uploads/2024/04/Msmetics-glazed-dew-highlighting-balm-flused.jpg,variant-1626-msmetics-glazed-dewy-balm-variant-03.jpg,FOUND,False,variant_image
66,1621,https://wholesalebeautyhub.co.uk/wp-content/uploads/2024/04/Msmetics-glazed-dew-highlighting-balm-glossed.jpg,variant-1625-msmetics-glazed-dewy-balm-variant-04.jpg,FOUND,False,variant_image
66,1622,https://wholesalebeautyhub.co.uk/wp-content/uploads/2024/04/Msmetics-glazed-dew-highlighting-balm-rich-cocoa.jpg,variant-1624-msmetics-glazed-dewy-balm-variant-05.jpg,FOUND,False,variant_image
67,,https://wholesalebeautyhub.co.uk/wp-content/uploads/2024/04/Msmetics-Sealowatt.jpg,product-1617-msmetics-sealowatt.jpg,FOUND,False,product_featured
67,,https://wholesalebeautyhub.co.uk/wp-content/uploads/2024/04/Msmetics-Sealowatt-velvet.jpg,variant-1616-msmetics-sealowatt-variant.jpg,FOUND,False,variant_image
67,1615,https://wholesalebeautyhub.co.uk/wp-content/uploads/2024/04/Msmetics-Sealowatt-velvet.jpg,variant-1616-msmetics-sealowatt-variant.jpg,FOUND,False,variant_image
68,,https://wholesalebeautyhub.co.uk/wp-content/uploads/2024/04/Msmetics-Power-Seal-Sweat-And-Oil.webp,product-1613-msmetics-power-seal-sweat-and-oil.webp,FOUND,False,product_featured
69,,https://wholesalebeautyhub.co.uk/wp-content/uploads/2024/04/Msmetics-14In1-Lash-Set-Betrothed.jpg,product-1608-msmetics-14in1-lash-set.jpg,FOUND,False,product_featured
69,,https://wholesalebeautyhub.co.uk/wp-content/uploads/2024/04/Msmetics-14In1-Lash-Set-Betrothed.jpg,variant-1608-msmetics-14in1-lash-set-variant.jpg,FOUND,False,variant_image
69,,https://wholesalebeautyhub.co.uk/wp-content/uploads/2024/04/Msmetics-14In1-Lash-Set-Bridal.jpg,variant-1609-msmetics-14in1-lash-set-variant-02.jpg,FOUND,False,variant_image
69,,https://wholesalebeautyhub.co.uk/wp-content/uploads/2024/04/Msmetics-14In1-Lash-Set-Elle.jpg,variant-1610-msmetics-14in1-lash-set-variant-03.jpg,FOUND,False,variant_image
69,,https://wholesalebeautyhub.co.uk/wp-content/uploads/2024/04/Msmetics-14In1-Lash-Set-Nyla.jpg,variant-1611-msmetics-14in1-lash-set-variant-04.jpg,FOUND,False,variant_image
69,,https://wholesalebeautyhub.co.uk/wp-content/uploads/2024/04/Msmetics-14In1-Lash-Set-The-Vow.jpg,variant-1612-msmetics-14in1-lash-set-variant-05.jpg,FOUND,False,variant_image
69,,https://wholesalebeautyhub.co.uk/wp-content/uploads/2025/09/IMG_3860.jpeg,variant-19753-msmetics-14in1-lash-set-variant-06.jpeg,FOUND,False,variant_image
69,,https://wholesalebeautyhub.co.uk/wp-content/uploads/2025/09/IMG_3859.jpeg,variant-19751-msmetics-14in1-lash-set-variant-07.jpeg,FOUND,False,variant_image
69,,https://wholesalebeautyhub.co.uk/wp-content/uploads/2026/03/IMG_3858.jpeg,variant-19748-msmetics-14in1-lash-set-variant-08.jpeg,FOUND,False,variant_image
69,,https://wholesalebeautyhub.co.uk/wp-content/uploads/2026/03/IMG_3857.jpeg,variant-19747-msmetics-14in1-lash-set-variant-09.jpeg,FOUND,False,variant_image
69,,https://wholesalebeautyhub.co.uk/wp-content/uploads/2026/03/IMG_3855.jpeg,variant-19746-msmetics-14in1-lash-set-variant-10.jpeg,FOUND,False,variant_image
69,19742,https://wholesalebeautyhub.co.uk/wp-content/uploads/2026/03/IMG_3858.jpeg,variant-19748-msmetics-14in1-lash-set-variant-08.jpeg,FOUND,False,variant_image
69,19743,https://wholesalebeautyhub.co.uk/wp-content/uploads/2026/03/IMG_3857.jpeg,variant-19747-msmetics-14in1-lash-set-variant-09.jpeg,FOUND,False,variant_image
69,19744,https://wholesalebeautyhub.co.uk/wp-content/uploads/2026/03/IMG_3855.jpeg,variant-19746-msmetics-14in1-lash-set-variant-10.jpeg,FOUND,False,variant_image
69,14142,https://wholesalebeautyhub.co.uk/wp-content/uploads/2025/09/IMG_3860.jpeg,variant-19753-msmetics-14in1-lash-set-variant-06.jpeg,FOUND,False,variant_image
69,14143,https://wholesalebeautyhub.co.uk/wp-content/uploads/2025/09/IMG_3859.jpeg,variant-19751-msmetics-14in1-lash-set-variant-07.jpeg,FOUND,False,variant_image
69,1505,https://wholesalebeautyhub.co.uk/wp-content/uploads/2024/04/Msmetics-14In1-Lash-Set-Betrothed.jpg,variant-1608-msmetics-14in1-lash-set-variant.jpg,FOUND,False,variant_image
69,1506,https://wholesalebeautyhub.co.uk/wp-content/uploads/2024/04/Msmetics-14In1-Lash-Set-Bridal.jpg,variant-1609-msmetics-14in1-lash-set-variant-02.jpg,FOUND,False,variant_image
69,1508,https://wholesalebeautyhub.co.uk/wp-content/uploads/2024/04/Msmetics-14In1-Lash-Set-Nyla.jpg,variant-1611-msmetics-14in1-lash-set-variant-04.jpg,FOUND,False,variant_image
69,1507,https://wholesalebeautyhub.co.uk/wp-content/uploads/2024/04/Msmetics-14In1-Lash-Set-Elle.jpg,variant-1610-msmetics-14in1-lash-set-variant-03.jpg,FOUND,False,variant_image
69,1509,https://wholesalebeautyhub.co.uk/wp-content/uploads/2024/04/Msmetics-14In1-Lash-Set-The-Vow.jpg,variant-1612-msmetics-14in1-lash-set-variant-05.jpg,FOUND,False,variant_image
76,,https://wholesalebeautyhub.co.uk/wp-content/uploads/2024/04/Sephora-Powder.jpg,product-1598-sephora-microsmooth-multi-tasking-baked-face-powder-foundati.jpg,FOUND,False,product_featured
76,,https://wholesalebeautyhub.co.uk/wp-content/uploads/2024/04/Sephora-Powder-shades1.jpg,product-1599-sephora-microsmooth-multi-tasking-baked-face-powder-foundati-02.jpg,FOUND,False,product_gallery
82,,https://wholesalebeautyhub.co.uk/wp-content/uploads/2024/04/Milani-Powder.png,product-1583-milani-powder.png,FOUND,False,product_featured
82,,https://wholesalebeautyhub.co.uk/wp-content/uploads/2024/04/Milani-Powder-shades1.jpg,product-1584-milani-powder-02.jpg,FOUND,False,product_gallery
84,,https://wholesalebeautyhub.co.uk/wp-content/uploads/2024/04/Soo-Pro-Seal-It-Spray.webp,product-1579-sooo-pro-seal-it-spray.webp,FOUND,False,product_featured
85,,https://wholesalebeautyhub.co.uk/wp-content/uploads/2024/04/Soo-Pro-Highlighter-shades1.jpg,product-1578-sooo-pro-highlighter.jpg,FOUND,False,product_featured
85,,https://wholesalebeautyhub.co.uk/wp-content/uploads/2024/04/Soo-Pro-Highlighter-shades1.jpg,product-1578-sooo-pro-highlighter-02.jpg,FOUND,False,product_featured
86,,https://wholesalebeautyhub.co.uk/wp-content/uploads/2024/04/Soo-Pro-Lipstain.jpg,product-1569-sooo-pro-lipstain.jpg,FOUND,False,product_featured
86,,https://wholesalebeautyhub.co.uk/wp-content/uploads/2024/04/Soo-Pro-Lipstain-Bimpe.jpg,variant-1571-sooo-pro-lipstain-variant.jpg,FOUND,False,variant_image
86,,https://wholesalebeautyhub.co.uk/wp-content/uploads/2024/04/Soo-Pro-Lipstain-Dera.jpg,variant-1572-sooo-pro-lipstain-variant-02.jpg,FOUND,False,variant_image
86,,https://wholesalebeautyhub.co.uk/wp-content/uploads/2024/04/Soo-Pro-Lipstain-Gidi.jpg,variant-1573-sooo-pro-lipstain-variant-03.jpg,FOUND,False,variant_image
86,,https://wholesalebeautyhub.co.uk/wp-content/uploads/2024/04/Soo-Pro-Lipstain-Nose.jpg,variant-1574-sooo-pro-lipstain-variant-04.jpg,FOUND,False,variant_image
86,,https://wholesalebeautyhub.co.uk/wp-content/uploads/2024/04/Soo-Pro-Lipstain-Ola.jpg,variant-1575-sooo-pro-lipstain-variant-05.jpg,FOUND,False,variant_image
86,,https://wholesalebeautyhub.co.uk/wp-content/uploads/2024/04/Soo-Pro-Lipstain-Shalewa-1.jpg,variant-1576-sooo-pro-lipstain-variant-06.jpg,FOUND,False,variant_image
86,,https://wholesalebeautyhub.co.uk/wp-content/uploads/2024/11/42B52F6B-F2E8-4DA2-B6B4-CF6D4838D08D.jpeg,variant-5929-sooo-pro-lipstain-variant-07.jpeg,FOUND,False,variant_image
86,,https://wholesalebeautyhub.co.uk/wp-content/uploads/2024/11/42B52F6B-F2E8-4DA2-B6B4-CF6D4838D08D.jpeg,variant-5929-sooo-pro-lipstain-variant-08.jpeg,FOUND,False,variant_image
86,,https://wholesalebeautyhub.co.uk/wp-content/uploads/2024/11/42B52F6B-F2E8-4DA2-B6B4-CF6D4838D08D.jpeg,variant-5929-sooo-pro-lipstain-variant-09.jpeg,FOUND,False,variant_image
86,,https://wholesalebeautyhub.co.uk/wp-content/uploads/2024/11/42B52F6B-F2E8-4DA2-B6B4-CF6D4838D08D.jpeg,variant-5929-sooo-pro-lipstain-variant-10.jpeg,FOUND,False,variant_image
86,,https://wholesalebeautyhub.co.uk/wp-content/uploads/2024/11/42B52F6B-F2E8-4DA2-B6B4-CF6D4838D08D.jpeg,variant-5929-sooo-pro-lipstain-variant-11.jpeg,FOUND,False,variant_image
86,,https://wholesalebeautyhub.co.uk/wp-content/uploads/2024/11/42B52F6B-F2E8-4DA2-B6B4-CF6D4838D08D.jpeg,variant-5929-sooo-pro-lipstain-variant-12.jpeg,FOUND,False,variant_image
86,5928,https://wholesalebeautyhub.co.uk/wp-content/uploads/2024/11/42B52F6B-F2E8-4DA2-B6B4-CF6D4838D08D.jpeg,variant-5929-sooo-pro-lipstain-variant-07.jpeg,FOUND,False,variant_image
86,5930,https://wholesalebeautyhub.co.uk/wp-content/uploads/2024/11/42B52F6B-F2E8-4DA2-B6B4-CF6D4838D08D.jpeg,variant-5929-sooo-pro-lipstain-variant-08.jpeg,FOUND,False,variant_image
86,5931,https://wholesalebeautyhub.co.uk/wp-content/uploads/2024/11/42B52F6B-F2E8-4DA2-B6B4-CF6D4838D08D.jpeg,variant-5929-sooo-pro-lipstain-variant-09.jpeg,FOUND,False,variant_image
86,5932,https://wholesalebeautyhub.co.uk/wp-content/uploads/2024/11/42B52F6B-F2E8-4DA2-B6B4-CF6D4838D08D.jpeg,variant-5929-sooo-pro-lipstain-variant-10.jpeg,FOUND,False,variant_image
86,5933,https://wholesalebeautyhub.co.uk/wp-content/uploads/2024/11/42B52F6B-F2E8-4DA2-B6B4-CF6D4838D08D.jpeg,variant-5929-sooo-pro-lipstain-variant-11.jpeg,FOUND,False,variant_image
86,5934,https://wholesalebeautyhub.co.uk/wp-content/uploads/2024/11/42B52F6B-F2E8-4DA2-B6B4-CF6D4838D08D.jpeg,variant-5929-sooo-pro-lipstain-variant-12.jpeg,FOUND,False,variant_image
86,1450,https://wholesalebeautyhub.co.uk/wp-content/uploads/2024/04/Soo-Pro-Lipstain-Gidi.jpg,variant-1573-sooo-pro-lipstain-variant-03.jpg,FOUND,False,variant_image
86,1448,https://wholesalebeautyhub.co.uk/wp-content/uploads/2024/04/Soo-Pro-Lipstain-Bimpe.jpg,variant-1571-sooo-pro-lipstain-variant.jpg,FOUND,False,variant_image
86,1449,https://wholesalebeautyhub.co.uk/wp-content/uploads/2024/04/Soo-Pro-Lipstain-Dera.jpg,variant-1572-sooo-pro-lipstain-variant-02.jpg,FOUND,False,variant_image
86,1451,https://wholesalebeautyhub.co.uk/wp-content/uploads/2024/04/Soo-Pro-Lipstain-Nose.jpg,variant-1574-sooo-pro-lipstain-variant-04.jpg,FOUND,False,variant_image
86,1452,https://wholesalebeautyhub.co.uk/wp-content/uploads/2024/04/Soo-Pro-Lipstain-Ola.jpg,variant-1575-sooo-pro-lipstain-variant-05.jpg,FOUND,False,variant_image
86,1453,https://wholesalebeautyhub.co.uk/wp-content/uploads/2024/04/Soo-Pro-Lipstain-Shalewa-1.jpg,variant-1576-sooo-pro-lipstain-variant-06.jpg,FOUND,False,variant_image
87,,https://wholesalebeautyhub.co.uk/wp-content/uploads/2024/04/Soo-Pro-Lip-Gloss.jpg,product-1563-sooo-pro-lip-gloss.jpg,FOUND,False,product_featured
87,,https://wholesalebeautyhub.co.uk/wp-content/uploads/2024/04/Soo-Pro-Lip-Gloss-Clear.jpg,variant-1564-sooo-pro-lip-gloss-variant.jpg,FOUND,False,variant_image
87,,https://wholesalebeautyhub.co.uk/wp-content/uploads/2024/04/Soo-Pro-Lip-Gloss-Flossy.jpg,variant-1565-sooo-pro-lip-gloss-variant-02.jpg,FOUND,False,variant_image
87,,https://wholesalebeautyhub.co.uk/wp-content/uploads/2024/04/Soo-Pro-Lip-Gloss-Peachy.jpg,variant-1566-sooo-pro-lip-gloss-variant-03.jpg,FOUND,False,variant_image
87,,https://wholesalebeautyhub.co.uk/wp-content/uploads/2024/04/Soo-Pro-Lip-Gloss-Vain.jpg,variant-1567-sooo-pro-lip-gloss-variant-04.jpg,FOUND,False,variant_image
87,,https://wholesalebeautyhub.co.uk/wp-content/uploads/2024/04/Soo-Pro-Lip-Gloss-Zuwa.jpg,variant-1568-sooo-pro-lip-gloss-variant-05.jpg,FOUND,False,variant_image
87,1443,https://wholesalebeautyhub.co.uk/wp-content/uploads/2024/04/Soo-Pro-Lip-Gloss-Clear.jpg,variant-1564-sooo-pro-lip-gloss-variant.jpg,FOUND,False,variant_image
87,1444,https://wholesalebeautyhub.co.uk/wp-content/uploads/2024/04/Soo-Pro-Lip-Gloss-Flossy.jpg,variant-1565-sooo-pro-lip-gloss-variant-02.jpg,FOUND,False,variant_image
87,1445,https://wholesalebeautyhub.co.uk/wp-content/uploads/2024/04/Soo-Pro-Lip-Gloss-Peachy.jpg,variant-1566-sooo-pro-lip-gloss-variant-03.jpg,FOUND,False,variant_image
87,1446,https://wholesalebeautyhub.co.uk/wp-content/uploads/2024/04/Soo-Pro-Lip-Gloss-Vain.jpg,variant-1567-sooo-pro-lip-gloss-variant-04.jpg,FOUND,False,variant_image
87,1447,https://wholesalebeautyhub.co.uk/wp-content/uploads/2024/04/Soo-Pro-Lip-Gloss-Zuwa.jpg,variant-1568-sooo-pro-lip-gloss-variant-05.jpg,FOUND,False,variant_image
90,,https://wholesalebeautyhub.co.uk/wp-content/uploads/2024/04/Omaricode-Skin-Mist-100Ml.jpg,product-1433-omaricode-skin-mist-100ml.jpg,FOUND,False,product_featured
90,,https://wholesalebeautyhub.co.uk/wp-content/uploads/2024/04/Omaricode-Skin-Mist-100Ml-matte.jpg,variant-1432-omaricode-skin-mist-100ml-variant.jpg,FOUND,False,variant_image
90,,https://wholesalebeautyhub.co.uk/wp-content/uploads/2024/04/Omaricode-Skin-Mist-100Ml.jpg,variant-1433-omaricode-skin-mist-100ml-variant-02.jpg,FOUND,False,variant_image
90,1430,https://wholesalebeautyhub.co.uk/wp-content/uploads/2024/04/Omaricode-Skin-Mist-100Ml-matte.jpg,variant-1432-omaricode-skin-mist-100ml-variant.jpg,FOUND,False,variant_image
90,1431,https://wholesalebeautyhub.co.uk/wp-content/uploads/2024/04/Omaricode-Skin-Mist-100Ml.jpg,variant-1433-omaricode-skin-mist-100ml-variant-02.jpg,FOUND,False,variant_image
91,,https://wholesalebeautyhub.co.uk/wp-content/uploads/2024/04/Omaricode-Hydrating-Face-Primer-30Ml.webp,product-1423-omaricode-hydrating-face-primer-30ml.webp,FOUND,False,product_featured
92,,https://wholesalebeautyhub.co.uk/wp-content/uploads/2024/04/Omaricode-Lip-Moisturizing-Oil1.webp,product-1427-omaricode-lip-moisturizing-oil.webp,FOUND,False,product_featured
92,,https://wholesalebeautyhub.co.uk/wp-content/uploads/2024/04/Omaricode-Lip-Moisturizing-Oil-011.webp,variant-1428-omaricode-lip-moisturizing-oil-variant.webp,FOUND,False,variant_image
92,,https://wholesalebeautyhub.co.uk/wp-content/uploads/2024/04/Omaricode-Lip-Moisturizing-Oil-021.webp,variant-1429-omaricode-lip-moisturizing-oil-variant-02.webp,FOUND,False,variant_image
92,1419,https://wholesalebeautyhub.co.uk/wp-content/uploads/2024/04/Omaricode-Lip-Moisturizing-Oil-011.webp,variant-1428-omaricode-lip-moisturizing-oil-variant.webp,FOUND,False,variant_image
92,1420,https://wholesalebeautyhub.co.uk/wp-content/uploads/2024/04/Omaricode-Lip-Moisturizing-Oil-021.webp,variant-1429-omaricode-lip-moisturizing-oil-variant-02.webp,FOUND,False,variant_image
106,,https://wholesalebeautyhub.co.uk/wp-content/uploads/2024/09/2CE7CDF4-F606-4509-8E14-362EAA8A3C4C.jpeg,product-4008-wynkkk-beauty-20-in-1-lashes.jpeg,FOUND,False,product_featured
106,,https://wholesalebeautyhub.co.uk/wp-content/uploads/2024/09/2CE7CDF4-F606-4509-8E14-362EAA8A3C4C.jpeg,product-4008-wynkkk-beauty-20-in-1-lashes-02.jpeg,FOUND,False,product_featured
106,,https://wholesalebeautyhub.co.uk/wp-content/uploads/2024/09/DC725D9D-F532-4D9D-AE68-36AE454F4B0C.jpeg,variant-4009-wynkkk-beauty-20-in-1-lashes-variant.jpeg,FOUND,False,variant_image
106,,https://wholesalebeautyhub.co.uk/wp-content/uploads/2024/09/ABC6A242-04F0-4C7D-8CA5-DBC12B0B6FB6.jpeg,variant-4007-wynkkk-beauty-20-in-1-lashes-variant-02.jpeg,FOUND,False,variant_image
106,,https://wholesalebeautyhub.co.uk/wp-content/uploads/2024/09/1254B820-2CBA-4F90-8A3D-81BF3CE5E1D7.jpeg,variant-4006-wynkkk-beauty-20-in-1-lashes-variant-03.jpeg,FOUND,False,variant_image
106,,https://wholesalebeautyhub.co.uk/wp-content/uploads/2024/09/1F6F60F9-B280-4AB2-BD83-25AFAA14276D.jpeg,variant-4010-wynkkk-beauty-20-in-1-lashes-variant-04.jpeg,FOUND,False,variant_image
106,,https://wholesalebeautyhub.co.uk/wp-content/uploads/2024/09/2E78945A-6C5F-4496-9C79-E33D60031191.jpeg,variant-4005-wynkkk-beauty-20-in-1-lashes-variant-05.jpeg,FOUND,False,variant_image
106,,https://wholesalebeautyhub.co.uk/wp-content/uploads/2024/09/894ED25B-5221-4079-B886-016DB7628E34.jpeg,product_body-4011-wynkkk-beauty-20-in-1-lashes.jpeg,FOUND,False,product_body_content
106,4001,https://wholesalebeautyhub.co.uk/wp-content/uploads/2024/09/2E78945A-6C5F-4496-9C79-E33D60031191.jpeg,variant-4005-wynkkk-beauty-20-in-1-lashes-variant-05.jpeg,FOUND,False,variant_image
106,4002,https://wholesalebeautyhub.co.uk/wp-content/uploads/2024/09/1F6F60F9-B280-4AB2-BD83-25AFAA14276D.jpeg,variant-4010-wynkkk-beauty-20-in-1-lashes-variant-04.jpeg,FOUND,False,variant_image
106,4003,https://wholesalebeautyhub.co.uk/wp-content/uploads/2024/09/1254B820-2CBA-4F90-8A3D-81BF3CE5E1D7.jpeg,variant-4006-wynkkk-beauty-20-in-1-lashes-variant-03.jpeg,FOUND,False,variant_image
106,1141,https://wholesalebeautyhub.co.uk/wp-content/uploads/2024/09/DC725D9D-F532-4D9D-AE68-36AE454F4B0C.jpeg,variant-4009-wynkkk-beauty-20-in-1-lashes-variant.jpeg,FOUND,False,variant_image
106,1142,https://wholesalebeautyhub.co.uk/wp-content/uploads/2024/09/ABC6A242-04F0-4C7D-8CA5-DBC12B0B6FB6.jpeg,variant-4007-wynkkk-beauty-20-in-1-lashes-variant-02.jpeg,FOUND,False,variant_image
107,,https://wholesalebeautyhub.co.uk/wp-content/uploads/2024/04/Wynkkk-Beauty-10In1-Bad-N-Boujee.jpg,product-1136-wynkkk-beauty-10-in-1-lashes.jpg,FOUND,False,product_featured
107,,https://wholesalebeautyhub.co.uk/wp-content/uploads/2024/09/60F77F0D-25ED-42C0-AD73-F657C52A487F.jpeg,product-3996-wynkkk-beauty-10-in-1-lashes-02.jpeg,FOUND,False,product_gallery
107,,https://wholesalebeautyhub.co.uk/wp-content/uploads/2024/09/60F77F0D-25ED-42C0-AD73-F657C52A487F.jpeg,variant-3996-wynkkk-beauty-10-in-1-lashes-variant.jpeg,FOUND,False,variant_image
107,,https://wholesalebeautyhub.co.uk/wp-content/uploads/2024/09/BE8EC5D5-6F54-4571-8CE0-33B10F93B27B.jpeg,variant-3997-wynkkk-beauty-10-in-1-lashes-variant-02.jpeg,FOUND,False,variant_image
107,3995,https://wholesalebeautyhub.co.uk/wp-content/uploads/2024/09/60F77F0D-25ED-42C0-AD73-F657C52A487F.jpeg,variant-3996-wynkkk-beauty-10-in-1-lashes-variant.jpeg,FOUND,False,variant_image
107,3999,https://wholesalebeautyhub.co.uk/wp-content/uploads/2024/09/BE8EC5D5-6F54-4571-8CE0-33B10F93B27B.jpeg,variant-3997-wynkkk-beauty-10-in-1-lashes-variant-02.jpeg,FOUND,False,variant_image
108,,https://wholesalebeautyhub.co.uk/wp-content/uploads/2024/04/Wynkkk-Beauty-16-In-1-PURRRFECT-SET.jpg,product-1133-wynkkk-beauty-16-in-1-lashes.jpg,FOUND,False,product_featured
108,,https://wholesalebeautyhub.co.uk/wp-content/uploads/2024/04/Wynkkk-Beauty-16-In-1-PURRRFECT-SET-1.jpg,variant-1134-wynkkk-beauty-16-in-1-lashes-variant.jpg,FOUND,False,variant_image
108,,https://wholesalebeautyhub.co.uk/wp-content/uploads/2024/04/Wynkkk-Beauty-16-In-1-Good-Girl-Gone-Badt.jpg,variant-1135-wynkkk-beauty-16-in-1-lashes-variant-02.jpg,FOUND,False,variant_image
108,1131,https://wholesalebeautyhub.co.uk/wp-content/uploads/2024/04/Wynkkk-Beauty-16-In-1-PURRRFECT-SET-1.jpg,variant-1134-wynkkk-beauty-16-in-1-lashes-variant.jpg,FOUND,False,variant_image
108,1132,https://wholesalebeautyhub.co.uk/wp-content/uploads/2024/04/Wynkkk-Beauty-16-In-1-Good-Girl-Gone-Badt.jpg,variant-1135-wynkkk-beauty-16-in-1-lashes-variant-02.jpg,FOUND,False,variant_image
109,,https://wholesalebeautyhub.co.uk/wp-content/uploads/2024/04/Yglam-Beauty-Pigment1.jpg,product-1129-yglam-beauty-pigment.jpg,FOUND,False,product_featured
112,,https://wholesalebeautyhub.co.uk/wp-content/uploads/2024/04/Becharm-Ageless-Skin-Booster-Concealer-Palette.jpg,product-1111-becharm-ageless-skin-booster-concealer-palette.jpg,FOUND,False,product_featured
113,,https://wholesalebeautyhub.co.uk/wp-content/uploads/2024/04/Classic-Makeup-Lip-Gloss-clear.jpg,product-1107-classic-makeup-lip-gloss-clear.jpg,FOUND,False,product_featured
117,,https://wholesalebeautyhub.co.uk/wp-content/uploads/2024/04/Paula-Beauty-Water-Proof-Eye-Liner.webp,product-1075-paula-beauty-purple-eye-pencil.webp,FOUND,False,product_featured
117,,https://wholesalebeautyhub.co.uk/wp-content/uploads/2024/04/Paula-Beauty-Water-Proof-Eye-Liner-colors.jpg,product-1074-paula-beauty-purple-eye-pencil-02.jpg,FOUND,False,product_gallery
118,,https://wholesalebeautyhub.co.uk/wp-content/uploads/2024/04/Luzta-Eye-Shadow-mint1.jpg,product-1070-luzta-eye-shadow.jpg,FOUND,False,product_featured
118,,https://wholesalebeautyhub.co.uk/wp-content/uploads/2024/04/Luzta-Eye-Shadow-mint1.jpg,variant-1070-luzta-eye-shadow-variant.jpg,FOUND,False,variant_image
118,,https://wholesalebeautyhub.co.uk/wp-content/uploads/2024/04/Luzta-Eye-Shadow-sugar1.jpg,variant-1069-luzta-eye-shadow-variant-02.jpg,FOUND,False,variant_image
118,1067,https://wholesalebeautyhub.co.uk/wp-content/uploads/2024/04/Luzta-Eye-Shadow-mint1.jpg,variant-1070-luzta-eye-shadow-variant.jpg,FOUND,False,variant_image
118,1068,https://wholesalebeautyhub.co.uk/wp-content/uploads/2024/04/Luzta-Eye-Shadow-sugar1.jpg,variant-1069-luzta-eye-shadow-variant-02.jpg,FOUND,False,variant_image
120,,https://wholesalebeautyhub.co.uk/wp-content/uploads/2024/04/Dammel-Browmate-Brow-Tamer-brown1.jpg,product-1061-dammel-browmate-brow-tamer.jpg,FOUND,False,product_featured
120,,https://wholesalebeautyhub.co.uk/wp-content/uploads/2024/04/Dammel-Browmatic-Brow-Tamer-variants.jpg,product-1063-dammel-browmate-brow-tamer-02.jpg,FOUND,False,product_gallery
123,,https://wholesalebeautyhub.co.uk/wp-content/uploads/2024/04/Vee-Beauty-Be-My-Val-Palette.webp,product-1558-vee-beauty-be-my-val-palette.webp,FOUND,False,product_featured
124,,https://wholesalebeautyhub.co.uk/wp-content/uploads/2024/04/Vee-Beauty-9-In-1-Powder-Palette.jpg,product-1557-vee-beauty-9-in-1-powder-palette.jpg,FOUND,False,product_featured
125,,https://wholesalebeautyhub.co.uk/wp-content/uploads/2024/04/Vee-Beauty-12-In-1-Powder-Palette.jpg,product-1556-vee-beauty-12-in-1-powder-palette.jpg,FOUND,False,product_featured
126,,https://wholesalebeautyhub.co.uk/wp-content/uploads/2024/04/Blossom-African-Queen-Palette.jpg,product-1555-blossom-african-queen-palette.jpg,FOUND,False,product_featured
127,,https://wholesalebeautyhub.co.uk/wp-content/uploads/2024/08/Blossommakeup-Her-nude-story.jpg,product-2729-blossom-her-nude-story-palette.jpg,FOUND,False,product_featured
128,,https://wholesalebeautyhub.co.uk/wp-content/uploads/2024/04/Blossom-35-Color-Matte-And-Cream-Eyeshadow-Palette.jpg,product-1554-blossom-35-color-matte-and-cream-eyeshadow-palette.jpg,FOUND,False,product_featured
129,,https://wholesalebeautyhub.co.uk/wp-content/uploads/2024/04/Blossom-Afro-Chic-Lip-Palette.jpg,product-1553-blossom-afro-chic-lip-palette.jpg,FOUND,False,product_featured
131,,https://wholesalebeautyhub.co.uk/wp-content/uploads/2024/04/Tehila-Black-Magic-Gel-Liner-1.webp,product-1551-tehila-black-magic-gel-liner.webp,FOUND,False,product_featured
132,,https://wholesalebeautyhub.co.uk/wp-content/uploads/2024/04/Sylvimak-Irresistible-Eyeshadow-Palette1.jpg,product-1550-sylvimak-irresistable-eyeshadow-pallatte.jpg,FOUND,False,product_featured
136,,https://wholesalebeautyhub.co.uk/wp-content/uploads/2024/04/Tm-Essentials-Cheek-Glaze-Palette1.jpg,product-1543-tm-essentials-cheek-glaze-palatte.jpg,FOUND,False,product_featured
146,,https://wholesalebeautyhub.co.uk/wp-content/uploads/2024/04/Beauty-By-Ad-Setting-Powder-Tawny.jpg,product-1534-beauty-by-ad-setting-powder.jpg,FOUND,False,product_featured
153,,https://wholesalebeautyhub.co.uk/wp-content/uploads/2024/04/Merak-Cosmetics-Angled-Brush.jpg,product-1523-merak-cosmetics-angled-brush.jpg,FOUND,False,product_featured
154,,https://wholesalebeautyhub.co.uk/wp-content/uploads/2024/04/Merak-Cosmetics-Flat-Brush.jpg,product-1522-merak-cosmetics-flat-brush.jpg,FOUND,False,product_featured
155,,https://wholesalebeautyhub.co.uk/wp-content/uploads/2024/04/Yanga-Beauty-Angled-Flat-Brush1.jpg,product-1521-yanga-beauty-angled-flat-brush.jpg,FOUND,False,product_featured
156,,https://wholesalebeautyhub.co.uk/wp-content/uploads/2024/04/Yanga-Beauty-Foundation-Brush.webp,product-1520-yanga-beauty-foundation-brush.webp,FOUND,False,product_featured
159,,https://wholesalebeautyhub.co.uk/wp-content/uploads/2024/04/Nuban-Beauty-Powder-Brush.webp,product-1518-nuban-beauty-powder-brush.webp,FOUND,False,product_featured
160,,https://wholesalebeautyhub.co.uk/wp-content/uploads/2024/04/Nuban-Beauty-11Pcs-Makeup-Brush-Set.webp,product-1517-nuban-beauty-11pcs-makeup-brush-set.webp,FOUND,False,product_featured
161,,https://wholesalebeautyhub.co.uk/wp-content/uploads/2024/04/Hegai-Esther-Flash-Pan-Highlighter-Palette.jpeg,product-1516-hegai-esther-flash-pan-highlighter-palette.jpeg,FOUND,False,product_featured
162,,https://wholesalebeautyhub.co.uk/wp-content/uploads/2024/04/Hegai-Esther-Makeup-Seal-It.jpg,product-1515-hegai-esther-makeup-seal-it.jpg,FOUND,False,product_featured
164,,https://wholesalebeautyhub.co.uk/wp-content/uploads/2024/04/Msmetics-Moisture-Bomb-50Ml.webp,product-1513-msmetics-moisture-bomb-50ml.webp,FOUND,False,product_featured
165,,https://wholesalebeautyhub.co.uk/wp-content/uploads/2024/04/Msmetics-Moisture-Potion-50Ml.webp,product-1512-msmetics-moisture-potion-50ml.webp,FOUND,False,product_featured
166,,https://wholesalebeautyhub.co.uk/wp-content/uploads/2024/04/Msmetics-Aqua-Grip-Primer-50Ml.jpg,product-1211-msmetics-aqua-grip-primer-15ml.jpg,FOUND,False,product_featured
178,,https://wholesalebeautyhub.co.uk/wp-content/uploads/2024/04/Ferrarucci-All-Nighter-Fixing-Spray-200Ml.jpg,product-1647-ferrarucci-all-nighter-fixer-spray-200ml.jpg,FOUND,False,product_featured
180,,https://wholesalebeautyhub.co.uk/wp-content/uploads/2024/04/Soo-Pro-Hydrating-Sprays-150Ml.jpg,product-1237-sooo-pro-hydrating-mist-setting-spray-150ml.jpg,FOUND,False,product_featured
182,,https://wholesalebeautyhub.co.uk/wp-content/uploads/2024/04/Juba-Cosmetics-Setting-Spray-150Ml.jpg,product-1239-juba-cosmetics-setting-spray-150ml.jpg,FOUND,False,product_featured
183,,https://wholesalebeautyhub.co.uk/wp-content/uploads/2024/04/Omaricode-Bedew-Hydrating-Serum-30Ml.jpeg,product-1240-omaricode-bedew-hydrating-serum-30ml.jpeg,FOUND,False,product_featured
184,,https://wholesalebeautyhub.co.uk/wp-content/uploads/2024/04/Omaricode-Hydrating-Moisture-Maximize-50Ml.jpg,product-1241-omaricode-hydrating-moisture-maximize-50ml.jpg,FOUND,False,product_featured
186,,https://wholesalebeautyhub.co.uk/wp-content/uploads/2024/04/OCosmetics-Brush-Bath.jpg,product-1646-o-cosmetics-brush-bath.jpg,FOUND,False,product_featured
187,,https://wholesalebeautyhub.co.uk/wp-content/uploads/2024/04/Rummel-Stay-Matte-Spray.jpg,product-1243-rummel-stay-matte-spray.jpg,FOUND,False,product_featured
188,,https://wholesalebeautyhub.co.uk/wp-content/uploads/2024/04/Rummel-Stay-Matte-Primer.webp,product-1244-rimmel-stay-matte-primer.webp,FOUND,False,product_featured
189,,https://wholesalebeautyhub.co.uk/wp-content/uploads/2024/04/Skin-By-Zaron-Vitamin-C-Brightening-Body-Wash.jpg,product-1245-skin-by-zaron-vitamin-c-brightening-body-wash.jpg,FOUND,False,product_featured
190,,https://wholesalebeautyhub.co.uk/wp-content/uploads/2024/04/Skin-By-Zaron-Micellar-Cleansing-Water.jpg,product-1246-skin-by-zaron-micellar-cleansing-water.jpg,FOUND,False,product_featured
191,,https://wholesalebeautyhub.co.uk/wp-content/uploads/2024/04/Skin-By-Zaron-Papaya-Brightening-Body-Wash.jpg,product-1247-skin-by-zaron-papaya-brightening-body-wash.jpg,FOUND,False,product_featured
192,,https://wholesalebeautyhub.co.uk/wp-content/uploads/2024/04/main-product-50-1725059610365.webp,product-13900-skin-by-zaron-brightening-toner.webp,FOUND,False,product_featured
193,,https://wholesalebeautyhub.co.uk/wp-content/uploads/2024/04/Skin-By-Zaron-Vitamin-Brightening-Lotion.jpg,product-1249-skin-by-zaron-vitamin-brightening-lotion.jpg,FOUND,False,product_featured
194,,https://wholesalebeautyhub.co.uk/wp-content/uploads/2024/04/Skin-By-Zaron-Retinol-Serum.jpg,product-1250-skin-by-zaron-retinol-serum.jpg,FOUND,False,product_featured
195,,https://wholesalebeautyhub.co.uk/wp-content/uploads/2024/04/Skin-By-Zaron-Vitamin-Serum.jpg,product-1251-skin-by-zaron-vitamin-c-serum.jpg,FOUND,False,product_featured
196,,https://wholesalebeautyhub.co.uk/wp-content/uploads/2024/04/IMG-0020.webp,product-7780-skin-by-zaron-exfoliating-amp-brightening-face-wash.webp,FOUND,False,product_featured
197,,https://wholesalebeautyhub.co.uk/wp-content/uploads/2024/04/Skin-By-Zaron-Acne-Control-Glow-Wash.webp,product-1253-skin-by-zaron-acne-control-glow-wash.webp,FOUND,False,product_featured
199,,https://wholesalebeautyhub.co.uk/wp-content/uploads/2024/04/Zaron-Long-Wear-Gel-Eyeliner.jpg,product-1254-zaron-long-wear-gel-eyeliner.jpg,FOUND,False,product_featured
200,,https://wholesalebeautyhub.co.uk/wp-content/uploads/2024/04/Zaron-Slain-Regenerating-Hydrating-Serum.jpg,product-1255-zaron-slain-regenerating-hydrating-serum.jpg,FOUND,False,product_featured
201,,https://wholesalebeautyhub.co.uk/wp-content/uploads/2024/04/Zaron-Lengthening-Mascara.jpg,product-1256-zaron-lengthening-mascara.jpg,FOUND,False,product_featured
202,,https://wholesalebeautyhub.co.uk/wp-content/uploads/2024/04/Zaron-4In1Mascara.jpg,product-1257-zaron-4in1mascara.jpg,FOUND,False,product_featured
203,,https://wholesalebeautyhub.co.uk/wp-content/uploads/2024/04/Zaron-Liquid-Eyeliner.jpg,product-1273-zaron-liquid-eyeliner.jpg,FOUND,False,product_featured
204,,https://wholesalebeautyhub.co.uk/wp-content/uploads/2024/04/Zaron-Sheer-Powder-Brush.jpg,product-1267-zaron-sheer-powder-brush.jpg,FOUND,False,product_featured
207,,https://wholesalebeautyhub.co.uk/wp-content/uploads/2024/04/Wynkkk-Beauty-Single-Lashes.jpg,product-1259-wynkkk-beauty-single-lashes.jpg,FOUND,False,product_featured
208,,https://wholesalebeautyhub.co.uk/wp-content/uploads/2024/04/Wynkkk-Beauty-Lashes-At-First-Sight-16Ml.jpg,product-1258-wynkkk-beauty-lashes-at-first-sight-16ml.jpg,FOUND,False,product_featured
209,,https://wholesalebeautyhub.co.uk/wp-content/uploads/2024/04/Wynkkk-Beauty-Alabaster-Box-16Ml1.jpg,product-1643-wynkk-beauty-alabaster-box-16ml.jpg,FOUND,False,product_featured
213,,https://wholesalebeautyhub.co.uk/wp-content/uploads/2024/04/Yn216-Led-Light.jpg,product-1263-yn216-led-light.jpg,FOUND,False,product_featured
214,,https://wholesalebeautyhub.co.uk/wp-content/uploads/2024/04/Led-600-Pro.webp,product-1262-led-600-pro-with-tripod-stand.webp,FOUND,False,product_featured
218,,https://wholesalebeautyhub.co.uk/wp-content/uploads/2024/04/Pvc-Bag.jpg,product-1269-pvc-bag.jpg,FOUND,False,product_featured
220,,https://wholesalebeautyhub.co.uk/wp-content/uploads/2024/04/Olay-Itch-Dry-Skin-Body-Wash-20Fl-Oz-591Ml.jpg,product-1232-olay-itch-dry-skin-body-wash-20fl-oz-591ml.jpg,FOUND,False,product_featured
223,,https://wholesalebeautyhub.co.uk/wp-content/uploads/2024/04/Olay-Shea-Butter-Body-Wash-17Floz-502Ml.jpg,product-1229-olay-shea-butter-body-wash-17floz-502ml.jpg,FOUND,False,product_featured
224,,https://wholesalebeautyhub.co.uk/wp-content/uploads/2024/04/Olay-Vitamin-C-Hydrating-Body-Wash-20Fl-Oz-591Ml.jpg,product-1228-olay-vitamin-c-hydrating-body-wash-20fl-oz-591ml.jpg,FOUND,False,product_featured
226,,https://wholesalebeautyhub.co.uk/wp-content/uploads/2024/04/IMG_3895.webp,product-19761-olay-retinol-body-wash-20floz-591ml.webp,FOUND,False,product_featured
227,,https://wholesalebeautyhub.co.uk/wp-content/uploads/2024/04/IMG_0609.jpeg,product-8667-olay-vitamin-c-brightening-lotion-17floz-502ml.jpeg,FOUND,False,product_featured
227,,https://wholesalebeautyhub.co.uk/wp-content/uploads/2024/04/IMG_0607.jpeg,product-8666-olay-vitamin-c-brightening-lotion-17floz-502ml-02.jpeg,FOUND,False,product_gallery
227,,https://wholesalebeautyhub.co.uk/wp-content/uploads/2024/04/IMG_0608.jpeg,product-8668-olay-vitamin-c-brightening-lotion-17floz-502ml-03.jpeg,FOUND,False,product_gallery
231,,https://wholesalebeautyhub.co.uk/wp-content/uploads/2024/04/Touch-Kp-Exfoliating-Wash-8Floz-237Ml.png,product-1221-touch-kp-exfoliating-wash-8floz-237ml.png,FOUND,False,product_featured
232,,https://wholesalebeautyhub.co.uk/wp-content/uploads/2024/04/Touch-Kp-Exfoliating-Lotion.webp,product-1220-touch-kp-exfoliating-lotion.webp,FOUND,False,product_featured
233,,https://wholesalebeautyhub.co.uk/wp-content/uploads/2024/04/Touch-Acne-Treatment-Gel.jpg,product-1219-touch-acne-treatment-gel.jpg,FOUND,False,product_featured
234,,https://wholesalebeautyhub.co.uk/wp-content/uploads/2024/04/Touch-Bright-And-Clear-Cream-2-Oz-56.7.webp,product-1218-touch-bright-and-clear-cream-2-oz-56-7.webp,FOUND,False,product_featured
235,,https://wholesalebeautyhub.co.uk/wp-content/uploads/2024/04/Touch-Ingrown-Hair-Roll-On.webp,product-1217-touch-ingrown-hair-roll-on.webp,FOUND,False,product_featured
236,,https://wholesalebeautyhub.co.uk/wp-content/uploads/2024/04/Dr-TealS-Vitamin-C-Lotion-18Fl-Oz-532Ml.jpg,product-1216-dr-teals-vitamin-c-lotion-18fl-oz-532ml.jpg,FOUND,False,product_featured
237,,https://wholesalebeautyhub.co.uk/wp-content/uploads/2024/04/Dr-TealS-Vitamin-C-Body-Wash-24Fl-710Ml.jpg,product-1215-dr-teals-vitamin-c-body-wash-24fl-710ml.jpg,FOUND,False,product_featured
239,,https://wholesalebeautyhub.co.uk/wp-content/uploads/2024/04/Dr-TealS-Citrus-Sugar-Scrub-19Oz-538Ml.jpg,product-1209-dr-teals-citrus-sugar-scrub-19oz-538ml.jpg,FOUND,False,product_featured
240,,https://wholesalebeautyhub.co.uk/wp-content/uploads/2024/04/Dr-TealS-Elderberry-Scrub-19Oz-538Ml.jpg,product-1210-dr-teals-shea-butter-almond-oil-scrub-19oz-538ml.jpg,FOUND,False,product_featured
242,,https://wholesalebeautyhub.co.uk/wp-content/uploads/2024/06/Dr-Teals-Bath-Body-coconut-Oil.jpg,product-1825-dr-teals-bath-amp-amp-body-coconut-oil-8-7fl.jpg,FOUND,False,product_featured
243,,https://wholesalebeautyhub.co.uk/wp-content/uploads/2024/04/Medi-Peel-Vitamin-C-Lotion.jpg,product-1207-medi-peel-vitamin-c-lotion.jpg,FOUND,False,product_featured
244,,https://wholesalebeautyhub.co.uk/wp-content/uploads/2024/04/amlactin.webp,product-15179-amlactin-intensive-healing-lotion.webp,FOUND,False,product_featured
244,,https://wholesalebeautyhub.co.uk/wp-content/uploads/2024/04/amlactin.webp,variant-15179-amlactin-intensive-healing-lotion-variant.webp,FOUND,False,variant_image
244,,https://wholesalebeautyhub.co.uk/wp-content/uploads/2025/10/WhatsApp-Image-2025-10-22-at-13.50.24.jpeg,variant-15239-amlactin-intensive-healing-lotion-variant-02.jpeg,FOUND,False,variant_image
244,15236,https://wholesalebeautyhub.co.uk/wp-content/uploads/2024/04/amlactin.webp,variant-15179-amlactin-intensive-healing-lotion-variant.webp,FOUND,False,variant_image
244,15237,https://wholesalebeautyhub.co.uk/wp-content/uploads/2025/10/WhatsApp-Image-2025-10-22-at-13.50.24.jpeg,variant-15239-amlactin-intensive-healing-lotion-variant-02.jpeg,FOUND,False,variant_image
246,,https://wholesalebeautyhub.co.uk/wp-content/uploads/2024/04/IMG_0411.jpg,product-7790-amlactin-daily-moisturizing-improved-formula-scent-free.jpg,FOUND,False,product_featured
246,,https://wholesalebeautyhub.co.uk/wp-content/uploads/2025/10/WhatsApp-Image-2025-10-22-at-14.05.42.jpeg,variant-15242-amlactin-daily-moisturizing-improved-formula-scent-free-vari.jpeg,FOUND,False,variant_image
246,,https://wholesalebeautyhub.co.uk/wp-content/uploads/2025/10/WhatsApp-Image-2025-10-22-at-14.05.43.jpeg,variant-15241-amlactin-daily-moisturizing-improved-formula-scent-free-vari-02.jpeg,FOUND,False,variant_image
246,,https://wholesalebeautyhub.co.uk/wp-content/uploads/2025/10/WhatsApp-Image-2025-10-22-at-14.05.41.jpeg,variant-15243-amlactin-daily-moisturizing-improved-formula-scent-free-vari-03.jpeg,FOUND,False,variant_image
246,15240,https://wholesalebeautyhub.co.uk/wp-content/uploads/2025/10/WhatsApp-Image-2025-10-22-at-14.05.41.jpeg,variant-15243-amlactin-daily-moisturizing-improved-formula-scent-free-vari-03.jpeg,FOUND,False,variant_image
246,13744,https://wholesalebeautyhub.co.uk/wp-content/uploads/2025/10/WhatsApp-Image-2025-10-22-at-14.05.43.jpeg,variant-15241-amlactin-daily-moisturizing-improved-formula-scent-free-vari-02.jpeg,FOUND,False,variant_image
246,13742,https://wholesalebeautyhub.co.uk/wp-content/uploads/2025/10/WhatsApp-Image-2025-10-22-at-14.05.42.jpeg,variant-15242-amlactin-daily-moisturizing-improved-formula-scent-free-vari.jpeg,FOUND,False,variant_image
247,,https://wholesalebeautyhub.co.uk/wp-content/uploads/2024/04/IMG_2707-1-1.jpg,product-8681-amlactin-daily-moisturizing-lotion-567g.jpg,FOUND,False,product_featured
248,,https://wholesalebeautyhub.co.uk/wp-content/uploads/2024/04/94DC0B42-003B-4835-9444-F86E122F3C71.jpeg,product-4726-medix-5-5-vitamin-c-cream-15floz-144.jpeg,FOUND,False,product_featured
249,,https://wholesalebeautyhub.co.uk/wp-content/uploads/2024/04/Medix-5.5-Vitamin-C-Serum.jpg,product-1201-medix-5-5-vitamin-c-serum.jpg,FOUND,False,product_featured
250,,https://wholesalebeautyhub.co.uk/wp-content/uploads/2024/04/Medix-5.5-Retinol-Cream-15Floz-144Ml.webp,product-1199-medix-5-5-retinol-cream-15floz-144m.webp,FOUND,False,product_featured
251,,https://wholesalebeautyhub.co.uk/wp-content/uploads/2024/04/Hatomugi-Sunscreen-250Ml.jpg,product-1200-hatomugi-sunscreen-250ml.jpg,FOUND,False,product_featured
252,,https://wholesalebeautyhub.co.uk/wp-content/uploads/2024/04/Nivea-Uv-Water-Gel-140G.webp,product-1198-nivea-uv-water-gel-sunscreen-140g.webp,FOUND,False,product_featured
253,,https://wholesalebeautyhub.co.uk/wp-content/uploads/2024/04/Good-Molecules-Daily-Brightening-Serum-30Ml.jpg,product-1197-good-molecules-daily-brightening-serum-30ml.jpg,FOUND,False,product_featured
254,,https://wholesalebeautyhub.co.uk/wp-content/uploads/2024/04/Good-Molecules-Niacinamide-Serum-30Ml.jpg,product-1196-good-molecules-niacinamide-serum-30ml.jpg,FOUND,False,product_featured
255,,https://wholesalebeautyhub.co.uk/wp-content/uploads/2024/04/Good-Molecules-Overnight-Treatment-30Ml.jpg,product-1195-good-molecules-overnight-treatment-30ml.jpg,FOUND,False,product_featured
256,,https://wholesalebeautyhub.co.uk/wp-content/uploads/2024/04/Good-Molecules-Gentle-Retinol-Cream-30G.webp,product-1194-good-molecules-gentle-retinol-cream-30ml.webp,FOUND,False,product_featured
257,,https://wholesalebeautyhub.co.uk/wp-content/uploads/2024/04/Good-Molecules-Niacinamide-Brightening-Toner-120Ml.jpg,product-1193-good-molecules-niacinamide-brightening-toner-120ml.jpg,FOUND,False,product_featured
258,,https://wholesalebeautyhub.co.uk/wp-content/uploads/2024/04/Good-Molecules-Niacinamide-Brightening-Toner-30Ml.webp,product-1192-good-molecules-niacinamide-brightening-toner-30ml.webp,FOUND,False,product_featured
259,,https://wholesalebeautyhub.co.uk/wp-content/uploads/2024/04/Good-Molecules-Discoloration-Serum-30Ml.jpg,product-1190-good-molecules-discoloration-serum-30ml.jpg,FOUND,False,product_featured
260,,https://wholesalebeautyhub.co.uk/wp-content/uploads/2024/04/Cosrx-Propolis-Synergy-Toner-150Ml.jpg,product-1189-cosrx-propolis-synergy-toner-150ml.jpg,FOUND,False,product_featured
261,,https://wholesalebeautyhub.co.uk/wp-content/uploads/2024/04/Cosrx-Dual-Essence.jpg,product-1188-cosrx-dual-essence.jpg,FOUND,False,product_featured
262,,https://wholesalebeautyhub.co.uk/wp-content/uploads/2024/04/Cosrx-Snail-Mucin-Essence-100Ml.jpg,product-1187-cosrx-snail-mucin-essence-100ml.jpg,FOUND,False,product_featured
263,,https://wholesalebeautyhub.co.uk/wp-content/uploads/2024/04/Cosrx-Snail-92-All-In-One-Cream-100G.jpg,product-1186-cosrx-snail-92-all-in-one-cream-100g.jpg,FOUND,False,product_featured
265,,https://wholesalebeautyhub.co.uk/wp-content/uploads/2024/04/Cosrx-Bha-Black-Head-Power-Liquid-100Ml.webp,product-1184-cosrx-bha-black-head-power-liquid-100ml.webp,FOUND,False,product_featured
268,,https://wholesalebeautyhub.co.uk/wp-content/uploads/2024/04/Cosrx-Salicylic-Gentle-Cleanser-150Ml.jpg,product-1160-cosrx-salicylic-gentle-cleanser-150ml.jpg,FOUND,False,product_featured
269,,https://wholesalebeautyhub.co.uk/wp-content/uploads/2024/04/Cosrx-Low-Ph-Gel-Cleanser-150Ml.jpg,product-1161-cosrx-low-ph-gel-cleanser-150ml.jpg,FOUND,False,product_featured
271,,https://wholesalebeautyhub.co.uk/wp-content/uploads/2024/04/Cosrx-Oil-Free-Moisturizer-100Ml.jpg,product-1163-cosrx-oil-free-moisturizer-100ml.jpg,FOUND,False,product_featured
277,,https://wholesalebeautyhub.co.uk/wp-content/uploads/2024/08/Skin-Aqua-new-package-110g.jpg,product-2754-skin-aqua-sunscreen-110g.jpg,FOUND,False,product_featured
278,,https://wholesalebeautyhub.co.uk/wp-content/uploads/2024/08/Skin-Aqua-Sunscreen-140G.jpg,product-2753-skin-aqua-sunscreen-140g.jpg,FOUND,False,product_featured
280,,https://wholesalebeautyhub.co.uk/wp-content/uploads/2024/04/Isntree-Hyaluronic-Watery-Sun-Gel-50Ml.jpg,product-1183-isntree-hyaluronic-watery-sun-gel-50ml.jpg,FOUND,False,product_featured
281,,https://wholesalebeautyhub.co.uk/wp-content/uploads/2024/04/Isntree-Hyaluronic-Acid-Toner.webp,product-1182-isntree-hyaluronic-acid-toner.webp,FOUND,False,product_featured
282,,https://wholesalebeautyhub.co.uk/wp-content/uploads/2024/04/Isntree-Hyaluronic-Acid-Toner-Plus.jpg,product-1181-isntree-hyaluronic-acid-toner-plus.jpg,FOUND,False,product_featured
283,,https://wholesalebeautyhub.co.uk/wp-content/uploads/2024/04/Isntree-Green-Tea-Fresh-Toner.webp,product-1180-isntree-green-tea-fresh-toner.webp,FOUND,False,product_featured
284,,https://wholesalebeautyhub.co.uk/wp-content/uploads/2024/04/Isntree-Hyaluronic-Sunstick.jpg,product-1179-isntree-hyaluronic-sunstick.jpg,FOUND,False,product_featured
285,,https://wholesalebeautyhub.co.uk/wp-content/uploads/2024/04/Isntree-Fresh-Emulsion.webp,product-1178-isntree-fresh-emulsion.webp,FOUND,False,product_featured
286,,https://wholesalebeautyhub.co.uk/wp-content/uploads/2024/04/Axis-Y-Blemish-Treatment.webp,product-1959-axis-y-spot-the-difference-blemish-treatment.webp,FOUND,False,product_featured
287,,https://wholesalebeautyhub.co.uk/wp-content/uploads/2024/04/Axis-Y-Dark-Spot-Correcting-Serum.jpg,product-1177-axis-y-dark-spot-correcting-serum.jpg,FOUND,False,product_featured
288,,https://wholesalebeautyhub.co.uk/wp-content/uploads/2024/04/Missha-Aqua-Sunscreen-30Ml-1.jpeg,product-1960-missha-aqua-sunscreen-50ml.jpeg,FOUND,False,product_featured
289,,https://wholesalebeautyhub.co.uk/wp-content/uploads/2024/04/Missha-Essence-Sunscreen-50Ml.webp,product-1176-missha-essence-sunscreen-50ml.webp,FOUND,False,product_featured
290,,https://wholesalebeautyhub.co.uk/wp-content/uploads/2024/04/Beauty-Of-Joseon-Glow-Serum-30Ml.webp,product-1175-beauty-of-joseon-glow-serum-30ml.webp,FOUND,False,product_featured
291,,https://wholesalebeautyhub.co.uk/wp-content/uploads/2024/04/Beauty-Of-Joseon-Cleansing-Oil-210Ml.jpg,product-1171-beauty-of-joseon-cleansing-oil-210ml.jpg,FOUND,False,product_featured
292,,https://wholesalebeautyhub.co.uk/wp-content/uploads/2024/04/Beauty-Of-Joseon-Sunscreen-50Ml.jpg,product-1106-beauty-of-joseon-sunscreen-50ml.jpg,FOUND,False,product_featured
293,,https://wholesalebeautyhub.co.uk/wp-content/uploads/2024/04/Beauty-Of-Joseon-Radiance-Cleansing-Balm-100Ml.jpg,product-1105-beauty-of-joseon-radiance-cleansing-balm-100ml.jpg,FOUND,False,product_featured
294,,https://wholesalebeautyhub.co.uk/wp-content/uploads/2024/04/Beauty-Of-Joseon-Glow-Deep-Serum-30Ml.jpg,product-1104-beauty-of-joseon-glow-deep-serum-30ml.jpg,FOUND,False,product_featured
295,,https://wholesalebeautyhub.co.uk/wp-content/uploads/2024/04/Blackgirl-Sunscreen-Spf-30.webp,product-1103-blackgirl-sunscreen-spf-30.webp,FOUND,False,product_featured
296,,https://wholesalebeautyhub.co.uk/wp-content/uploads/2024/04/Blackgirl-Sunscreen-Make-It-Glow-Spray.webp,product-1102-blackgirl-sunscreen-make-it-glow-spray.webp,FOUND,False,product_featured
297,,https://wholesalebeautyhub.co.uk/wp-content/uploads/2024/04/Blackgirl-Sunscreen-Kids.jpg,product-1101-blackgirl-sunscreen-kids.jpg,FOUND,False,product_featured
298,,https://wholesalebeautyhub.co.uk/wp-content/uploads/2024/04/Blackgirl-Sunscreen-Kids-Spray.webp,product-1100-blackgirl-sunscreen-kids-spray.webp,FOUND,False,product_featured
303,,https://wholesalebeautyhub.co.uk/wp-content/uploads/2024/04/Koji-San-Soap-100G-3In1.webp,product-1086-koji-san-soap-100g-3in1.webp,FOUND,False,product_featured
306,,https://wholesalebeautyhub.co.uk/wp-content/uploads/2024/04/Koji-San-Soap-135G.jpg,product-1071-koji-san-soap-135g.jpg,FOUND,False,product_featured
307,,https://wholesalebeautyhub.co.uk/wp-content/uploads/2024/04/Koji-San-135G-2In1-Soap.jpg,product-1062-koji-san-135g-2in1-soap.jpg,FOUND,False,product_featured
315,,https://wholesalebeautyhub.co.uk/wp-content/uploads/2024/04/Hadalabo-Premium-Gold-170Ml.jpg,product-1044-hadalabo-premium-gold-170ml.jpg,FOUND,False,product_featured
316,,https://wholesalebeautyhub.co.uk/wp-content/uploads/2024/04/Hadalabo-Premium-Blue-170Ml.jpg,product-1043-hadalabo-premium-blue-170ml.jpg,FOUND,False,product_featured
317,,https://wholesalebeautyhub.co.uk/wp-content/uploads/2024/04/Timeless-Vitamin-C-Serum-20.jpg,product-1042-timeless-vitamin-c-serum-20.jpg,FOUND,False,product_featured
318,,https://wholesalebeautyhub.co.uk/wp-content/uploads/2024/04/E45-Cream.jpeg,product-1032-e45-cream.jpeg,FOUND,False,product_featured
319,,https://wholesalebeautyhub.co.uk/wp-content/uploads/2024/04/E45-Lotion.png,product-1031-e45-lotion.png,FOUND,False,product_featured
320,,https://wholesalebeautyhub.co.uk/wp-content/uploads/2024/04/Heimish-Marine-Care-Face-Oil.jpg,product-992-heimish-marine-care-face-oil.jpg,FOUND,False,product_featured
321,,https://wholesalebeautyhub.co.uk/wp-content/uploads/2024/04/Helmish-All-Clean-Balm-1.jpg,product-970-heimish-all-clean-balm.jpg,FOUND,False,product_featured
322,,https://wholesalebeautyhub.co.uk/wp-content/uploads/2024/04/Some-By-Mi-Miracle-Acne-Clear-Body-Cleanser.webp,product-960-some-by-mi-miracle-acne-clear-body-cleanser.webp,FOUND,False,product_featured
323,,https://wholesalebeautyhub.co.uk/wp-content/uploads/2024/04/Some-By-Mi-Miracle-Cream.webp,product-957-some-by-mi-miracle-cream.webp,FOUND,False,product_featured
324,,https://wholesalebeautyhub.co.uk/wp-content/uploads/2024/04/Some-By-Mi-Miracle-Serum-50Ml.webp,product-932-some-by-mi-miracle-serum-50ml.webp,FOUND,False,product_featured
327,,https://wholesalebeautyhub.co.uk/wp-content/uploads/2024/04/The-Ordinary-Caffine-Solution-30Ml-1.jpg,product-582-the-ordinary-caffine-solution-30ml.jpg,FOUND,False,product_featured
329,,https://wholesalebeautyhub.co.uk/wp-content/uploads/2024/04/FY25-D41247-ORD-Web-Alp-Arb-2pct-30ml-1x1-EN-1.webp,product-13894-the-ordinary-alpha-arbutin-30ml.webp,FOUND,False,product_featured
331,,https://wholesalebeautyhub.co.uk/wp-content/uploads/2024/04/51fzAcW78WL._SL1500_.jpg,product-3866-the-ordinary-lactic-acid.jpg,FOUND,False,product_featured
331,,https://wholesalebeautyhub.co.uk/wp-content/uploads/2024/04/51fzAcW78WL._SL1500_.jpg,product-3866-the-ordinary-lactic-acid-02.jpg,FOUND,False,product_featured
332,,https://wholesalebeautyhub.co.uk/wp-content/uploads/2024/04/The-Ordinary-Retinol-Serum-30Ml.jpg,product-432-the-ordinary-retinol-serum-30ml.jpg,FOUND,False,product_featured
333,,https://wholesalebeautyhub.co.uk/wp-content/uploads/2024/04/Dr-Jart-Hyaluronic-Face-Mask.avif,product-431-dr-jart-hyaluronic-face-mask.webp,FOUND,True,product_featured
334,,https://wholesalebeautyhub.co.uk/wp-content/uploads/2024/04/Dr-Jart-Vitamin-C-Face-Mask.avif,product-430-dr-jart-vitamin-c-face-mask.webp,FOUND,True,product_featured
335,,https://wholesalebeautyhub.co.uk/wp-content/uploads/2024/04/neutrogena-oil-fragrance-free.jpg,product-18508-neutrogena-body-oil-fragrance-free.jpg,FOUND,False,product_featured
336,,https://wholesalebeautyhub.co.uk/wp-content/uploads/2024/04/Yglam-Beauty-Blender.jpg,product-428-yglam-beauty-blender.jpg,FOUND,False,product_featured
337,,https://wholesalebeautyhub.co.uk/wp-content/uploads/2024/04/Yglam-Grey-Face-Expert-Brushes.jpg,product-427-yglam-grey-face-expert-brushes.jpg,FOUND,False,product_featured
338,,https://wholesalebeautyhub.co.uk/wp-content/uploads/2024/04/Yglam-Eye-Essential-Brush.jpg,product-426-yglam-eye-essential-brush.jpg,FOUND,False,product_featured
341,,https://wholesalebeautyhub.co.uk/wp-content/uploads/2024/04/Viccabel-Deluxe-Pro-Brush-Set.jpg,product-418-viccabel-deluxe-pro-brush-set.jpg,FOUND,False,product_featured
349,,https://wholesalebeautyhub.co.uk/wp-content/uploads/2024/04/Beauty-Line-By-Didi-Brow-Gasm-Eye-Brow-Pencil.webp,product-397-beauty-line-by-didi-brow-gasm-eye-brow-pencil.webp,FOUND,False,product_featured
351,,https://wholesalebeautyhub.co.uk/wp-content/uploads/2024/04/Beauty-Line-By-Didi-Inked-Liquid-Liner.webp,product-394-beauty-line-by-didi-inked-liquid-liner.webp,FOUND,False,product_featured
352,,https://wholesalebeautyhub.co.uk/wp-content/uploads/2024/04/Beauty-Line-By-Didi-Liquid-Pen-Eyeliner.jpg,product-393-beauty-line-by-didi-liquid-pen-eyeliner.jpg,FOUND,False,product_featured
354,,https://wholesalebeautyhub.co.uk/wp-content/uploads/2024/04/Beauty-Line-By-Didi-Ultra-Matte-Brow-Gel.jpg,product-391-beauty-line-by-didi-ultra-matte-brow-gel.jpg,FOUND,False,product_featured
355,,https://wholesalebeautyhub.co.uk/wp-content/uploads/2024/04/Beauty-Line-By-Didi-Sharpner.jpg,product-390-beauty-line-by-didi-sharpner.jpg,FOUND,False,product_featured
356,,https://wholesalebeautyhub.co.uk/wp-content/uploads/2024/04/Beauty-Line-By-Didi-Mascare-Shield.webp,product-389-beauty-line-by-didi-mascare-shield.webp,FOUND,False,product_featured
357,,https://wholesalebeautyhub.co.uk/wp-content/uploads/2024/04/Becharm-Clown-White.jpg,product-388-becharm-clown-white.jpg,FOUND,False,product_featured
359,,https://wholesalebeautyhub.co.uk/wp-content/uploads/2024/04/Mabrook-Brow-Pencil.png,product-386-mabrook-brow-pencil.png,FOUND,False,product_featured
360,,https://wholesalebeautyhub.co.uk/wp-content/uploads/2024/04/Paula-Beauty-Gel-Eye-Liner-1.webp,product-1951-paula-beauty-gel-eye-liner.webp,FOUND,False,product_featured
362,,https://wholesalebeautyhub.co.uk/wp-content/uploads/2024/04/Luzta-Eye-Shadow-Bougie-Palette.jpg,product-384-luzta-eye-shadow-bougie-palette.jpg,FOUND,False,product_featured
365,,https://wholesalebeautyhub.co.uk/wp-content/uploads/2024/04/Razor-Blade-1.webp,product-933-razor-blade.webp,FOUND,False,product_featured
1424,,https://wholesalebeautyhub.co.uk/wp-content/uploads/2024/04/Omaricode-Matte-O-Clock-Primer-30Ml1.webp,product-1426-omaricode-matte-o-clock-primer-30ml.webp,FOUND,False,product_featured
1682,,https://wholesalebeautyhub.co.uk/wp-content/uploads/2024/05/Acwell-5.5-Licorice-Ph-Balancing-Advance-Serum.webp,product-1932-acwell-5-5-licorice-ph-balancing-advance-serum.webp,FOUND,False,product_featured
1683,,https://wholesalebeautyhub.co.uk/wp-content/uploads/2024/05/FF211E21-8763-4C6A-8D2B-816F1323091F.jpeg,product-4732-acwell-5-5-licorice-ph-balancing-cleansing-toner.jpeg,FOUND,False,product_featured
1684,,https://wholesalebeautyhub.co.uk/wp-content/uploads/2024/05/Advanced-Clinicals-1.75Oz-Vitamin-C-Serum.webp,product-1929-advanced-clinicals-1-75oz-vitamin-c-face-serum.webp,FOUND,False,product_featured
1685,,https://wholesalebeautyhub.co.uk/wp-content/uploads/2024/05/Advanced-Clinicals-16Oz-Hyaluronic-Acid-Skin-Hydrating-Lotion.webp,product-1928-advanced-clinicals-16oz-hyaluronic-acid-skin-hydrating-lotio.webp,FOUND,False,product_featured
1686,,https://wholesalebeautyhub.co.uk/wp-content/uploads/2024/05/Advanced-Clinicals-16Oz-Retinol-Lotion.webp,product-1927-advanced-clinicals-16oz-retinol-lotion.webp,FOUND,False,product_featured
1687,,https://wholesalebeautyhub.co.uk/wp-content/uploads/2024/05/7E3F263C-D076-42A7-B4D4-B9E67DF97E2A.jpeg,product-5925-advanced-clinicals-16oz-vit-c-brightening-body-cream.jpeg,FOUND,False,product_featured
1687,,https://wholesalebeautyhub.co.uk/wp-content/uploads/2024/05/7E3F263C-D076-42A7-B4D4-B9E67DF97E2A.jpeg,product-5925-advanced-clinicals-16oz-vit-c-brightening-body-cream-02.jpeg,FOUND,False,product_featured
1687,,https://wholesalebeautyhub.co.uk/wp-content/uploads/2024/05/E96BFEA1-B788-4294-9DAF-B576691EC3AB.jpeg,product-5926-advanced-clinicals-16oz-vit-c-brightening-body-cream-03.jpeg,FOUND,False,product_gallery
1687,,https://wholesalebeautyhub.co.uk/wp-content/uploads/2024/05/6DE6D398-E109-4AF3-BB75-3F8030F8C1A8.jpeg,product-5927-advanced-clinicals-16oz-vit-c-brightening-body-cream-04.jpeg,FOUND,False,product_gallery
1688,,https://wholesalebeautyhub.co.uk/wp-content/uploads/2024/05/Advanced-Clinicals-2Oz-Vitamin-C-Face-Brightening-Gel-Cream.jpg,product-1926-advanced-clinicals-2oz-vitamin-c-face-brightening-gel-cream.jpg,FOUND,False,product_featured
1689,,https://wholesalebeautyhub.co.uk/wp-content/uploads/2024/05/Advanced-Clinicals-3.8Oz.Vitamin-C-Body-Oil.webp,product-1941-advanced-clinicals-3-8oz-vitamin-c-body-oil.webp,FOUND,False,product_featured
1690,,https://wholesalebeautyhub.co.uk/wp-content/uploads/2024/05/Advanced-Clinicals-Colagen-Lotion.jpg,product-1943-advanced-clinicals-colagen-lotion-16oz-454g.jpg,FOUND,False,product_featured
1691,,https://wholesalebeautyhub.co.uk/wp-content/uploads/2024/05/Amlactin-Daily-Moisturizing-225G-Vit-C-7-Lactic-Acid.webp,product-1944-amlactin-daily-moisturizing-225g-vit-c-amp-7-lactic-acid.webp,FOUND,False,product_featured
1692,,https://wholesalebeautyhub.co.uk/wp-content/uploads/2024/05/Aveeno-Baby-Daily-Moisture-Cream.avif,product-1945-aveeno-baby-daily-moisture-body-lotion-for-delicate-skin-nat.webp,FOUND,True,product_featured
1693,,https://wholesalebeautyhub.co.uk/wp-content/uploads/2024/05/Balance-Active-Vitamin-C-Serum-30Ml.webp,product-1946-balance-active-vitamin-c-serum-30ml.webp,FOUND,False,product_featured
1694,,https://wholesalebeautyhub.co.uk/wp-content/uploads/2024/05/Beauty-Line-By-Didi-Lip-Gloss.jpg,product-1947-beauty-line-by-didi-lip-gloss.jpg,FOUND,False,product_featured
1695,,https://wholesalebeautyhub.co.uk/wp-content/uploads/2024/05/Beauty-Line-By-Didi-Lip-Liner.webp,product-1948-beauty-line-by-didi-lip-liner.webp,FOUND,False,product_featured
1696,,https://wholesalebeautyhub.co.uk/wp-content/uploads/2024/05/Beauty-Line-By-Didi-Velvet-Matte-Lip-Stain.webp,product-1949-beauty-line-by-didi-velvet-matte-lip-stain.webp,FOUND,False,product_featured
1697,,https://wholesalebeautyhub.co.uk/wp-content/uploads/2024/05/Beautyby-Ad-Lippie-1.webp,product-1935-beautyby-ad-lippie.webp,FOUND,False,product_featured
1698,,https://wholesalebeautyhub.co.uk/wp-content/uploads/2024/05/Beautyby-Ad-Loose-Setting-Powder-1.webp,product-1933-beautyby-ad-loose-setting-powder.webp,FOUND,False,product_featured
1699,,https://wholesalebeautyhub.co.uk/wp-content/uploads/2024/08/Becharm-ageless-face-assurance.jpg,product-2728-becharm-ageless-powder-palette.jpg,FOUND,False,product_featured
1699,,https://wholesalebeautyhub.co.uk/wp-content/uploads/2024/05/WhatsApp-Image-2025-08-26-at-22.50.56.jpeg,product-13933-becharm-ageless-powder-palette-02.jpeg,FOUND,False,product_gallery
1699,,https://wholesalebeautyhub.co.uk/wp-content/uploads/2025/08/IMG_5533.jpeg,variant-20563-becharm-ageless-powder-palette-variant.jpeg,FOUND,False,variant_image
1699,,https://wholesalebeautyhub.co.uk/wp-content/uploads/2024/05/WhatsApp-Image-2025-08-26-at-22.50.56.jpeg,variant-13933-becharm-ageless-powder-palette-variant-02.jpeg,FOUND,False,variant_image
1699,13935,https://wholesalebeautyhub.co.uk/wp-content/uploads/2025/08/IMG_5533.jpeg,variant-20563-becharm-ageless-powder-palette-variant.jpeg,FOUND,False,variant_image
1699,13936,https://wholesalebeautyhub.co.uk/wp-content/uploads/2024/05/WhatsApp-Image-2025-08-26-at-22.50.56.jpeg,variant-13933-becharm-ageless-powder-palette-variant-02.jpeg,FOUND,False,variant_image
1700,,https://wholesalebeautyhub.co.uk/wp-content/uploads/2024/05/Becharm-Ageless-18In1-Matte-Lip-Paint-1.jpg,product-1938-becharm-ageless-18-in-1-matte-lip-paint-dream.jpg,FOUND,False,product_featured
1702,,https://wholesalebeautyhub.co.uk/wp-content/uploads/2024/05/B64325DE-CD7F-490F-9C37-909E405C8117.jpeg,product-2774-becharm-ageless-concealer-palette.jpeg,FOUND,False,product_featured
1703,,https://wholesalebeautyhub.co.uk/wp-content/uploads/2024/05/Boj-Cosmetics-Eye-Brush-Set.jpg,product-1956-boj-cosmetics-eye-brush-set.jpg,FOUND,False,product_featured
1707,,https://wholesalebeautyhub.co.uk/wp-content/uploads/2024/05/Candybeauty-Line-Pigment.jpeg,product-1922-candybeauty-line-pigment.jpeg,FOUND,False,product_featured
1708,,https://wholesalebeautyhub.co.uk/wp-content/uploads/2024/05/Candybeauty-Line-Pigment-Glue-1.jpeg,product-1921-candybeauty-line-pigment-glue.jpeg,FOUND,False,product_featured
1709,,https://wholesalebeautyhub.co.uk/wp-content/uploads/2024/05/Classic-Super-Hold-Lash-Glue.jpg,product-1920-classic-super-hold-lash-glue.jpg,FOUND,False,product_featured
1711,,https://wholesalebeautyhub.co.uk/wp-content/uploads/2024/05/Cpd-Cream-Blush-Palette.jpg,product-1918-cpd-cream-blush-palette.jpg,FOUND,False,product_featured
1712,,https://wholesalebeautyhub.co.uk/wp-content/uploads/2024/05/DAlba-First-Spray-Serum-100Ml.webp,product-1917-d-alba-first-spray-serum-100ml.webp,FOUND,False,product_featured
1713,,https://wholesalebeautyhub.co.uk/wp-content/uploads/2024/05/Davies-Brow-Pencil-03-Pack-Of-12.jpg,product-1916-davies-brow-pencil-03-pack-of-12.jpg,FOUND,False,product_featured
1714,,https://wholesalebeautyhub.co.uk/wp-content/uploads/2024/05/Davies-Brow-Pencil-Colour-18-Pack-Of-12.jpg,product-1915-davies-brow-pencil-colour-18-pack-of-12.jpg,FOUND,False,product_featured
1715,,https://wholesalebeautyhub.co.uk/wp-content/uploads/2024/05/Elastalift-1.75Oz-Vitamin-C-Turmeric-Face-Cream.jpg,product-1914-elastalift-1-75oz-vitamin-c-turmeric-face-cream.jpg,FOUND,False,product_featured
1716,,https://wholesalebeautyhub.co.uk/wp-content/uploads/2024/05/Elastalift-1.75Oz.-Brightening-Vitamin-C-Anti-Aging-Face-Serum.webp,product-1913-elastalift-1-75oz-brightening-vitamin-c-anti-aging-face-seru.webp,FOUND,False,product_featured
1717,,https://wholesalebeautyhub.co.uk/wp-content/uploads/2024/05/Elastalift-15Oz-Vitamin-C-Cream.jpg,product-1912-elastalift-15oz-vitamin-c-cream.jpg,FOUND,False,product_featured
1718,,https://wholesalebeautyhub.co.uk/wp-content/uploads/2024/05/Eos-Body-Lotion-Jasmine-Peach.webp,product-1911-eos-body-lotion-jasmine-peach-16fl-473ml.webp,FOUND,False,product_featured
1719,,https://wholesalebeautyhub.co.uk/wp-content/uploads/2024/05/Eos-Body-Lotion-Pomegranate-Raspberry-1.jpg,product-1910-eos-body-lotion-pomegranate-raspberry-16fl-473ml.jpg,FOUND,False,product_featured
1720,,https://wholesalebeautyhub.co.uk/wp-content/uploads/2024/05/Eos-Body-Lotion-Vanilla.jpg,product-1909-eos-body-lotion-vanilla-cashmere.jpg,FOUND,False,product_featured
1720,,https://wholesalebeautyhub.co.uk/wp-content/uploads/2025/10/eos-Travel-Body-Lotion-Vanilla-Cashmere-1.webp,variant-14781-eos-body-lotion-vanilla-cashmere-variant.webp,FOUND,False,variant_image
1720,14780,https://wholesalebeautyhub.co.uk/wp-content/uploads/2025/10/eos-Travel-Body-Lotion-Vanilla-Cashmere-1.webp,variant-14781-eos-body-lotion-vanilla-cashmere-variant.webp,FOUND,False,variant_image
1721,,https://wholesalebeautyhub.co.uk/wp-content/uploads/2024/05/Ezanic-Azelaic-Acid-Gel.jpg,product-1908-ezanic-azelaic-acid-gel-w-w-15g.jpg,FOUND,False,product_featured
1722,,https://wholesalebeautyhub.co.uk/wp-content/uploads/2024/05/C5C87A60-C0B5-49AE-AD69-37C1D44A9A3C.jpeg,product-4720-topicals-faded-brightening-and-clearing-serum-30ml.jpeg,FOUND,False,product_featured
1723,,https://wholesalebeautyhub.co.uk/wp-content/uploads/2024/05/Faded-Topicals-Brightening-And-Clearing-Serum-50Ml.jpg,product-1906-topicals-faded-brightening-and-clearing-serum.jpg,FOUND,False,product_featured
1724,,https://wholesalebeautyhub.co.uk/wp-content/uploads/2024/05/3536362E-152D-4A8C-B271-31E288D7AAB4.jpeg,product-2773-flat-red-multipurpose-brush.jpeg,FOUND,False,product_featured
1725,,https://wholesalebeautyhub.co.uk/wp-content/uploads/2024/05/Frudia-Ultra-Uv-Shield-Essence-50.avif,product-1905-frudia-ultra-uv-shield-essence-50.webp,FOUND,True,product_featured
1726,,https://wholesalebeautyhub.co.uk/wp-content/uploads/2024/05/Gele-Pin-Office-Pin.jpg,product-1904-gele-pin-office-pin.jpg,FOUND,False,product_featured
1727,,https://wholesalebeautyhub.co.uk/wp-content/uploads/2024/05/Good-Molecules-Discoloration-Correcting-Body-Treatment120Ml.jpg,product-1903-good-molecules-discoloration-correcting-body-treatment120ml.jpg,FOUND,False,product_featured
1728,,https://wholesalebeautyhub.co.uk/wp-content/uploads/2024/05/Good-Molecules-Discoloration-Serum-75Ml.webp,product-1902-good-molecules-discoloration-serum-75ml.webp,FOUND,False,product_featured
1729,,https://wholesalebeautyhub.co.uk/wp-content/uploads/2024/05/Good-Molecules-Hydrating-Facial-Cleansing-Gel-200Ml.webp,product-1901-good-molecules-hydrating-facial-cleansing-gel-200ml.webp,FOUND,False,product_featured
1730,,https://wholesalebeautyhub.co.uk/wp-content/uploads/2024/05/Good-Molecules-Light-Weight-Daily-Moisturizer-100Ml.webp,product-1899-good-molecules-light-weight-daily-moisturizer-100ml.webp,FOUND,False,product_featured
1731,,https://wholesalebeautyhub.co.uk/wp-content/uploads/2024/05/Good-Molecules-Yerba-Mate-Wake-Up-Eye-Gel-15Ml.jpg,product-1900-good-molecules-yerba-mate-wake-up-eye-gel-15ml.jpg,FOUND,False,product_featured
1732,,https://wholesalebeautyhub.co.uk/wp-content/uploads/2024/05/Haruharu-Wonder-Black-Rice-Hyaluronic-Anti-Wrinkle-Serum-50Ml.webp,product-1897-haruharu-wonder-black-rice-hyaluronic-anti-wrinkle-serum-50m.webp,FOUND,False,product_featured
1733,,https://wholesalebeautyhub.co.uk/wp-content/uploads/2024/05/Heimish-All-Clean-Balm.jpg,product-1898-heimish-all-clean-balm.jpg,FOUND,False,product_featured
1734,,https://wholesalebeautyhub.co.uk/wp-content/uploads/2024/05/kiss-beauty-spray.jpg,product-1896-kiss-beauty-spray.jpg,FOUND,False,product_featured
1735,,https://wholesalebeautyhub.co.uk/wp-content/uploads/2024/05/La-Roche-Posay-Anthelios-Uvmune-400-Spf-50-50Ml.webp,product-1894-la-roche-posay-anthelios-uvmune-400-invisible-fluid-spf-50-5.webp,FOUND,False,product_featured
1736,,https://wholesalebeautyhub.co.uk/wp-content/uploads/2024/05/Mabrook-Black-Pencil.jpg,product-1893-mabrook-black-pencil.jpg,FOUND,False,product_featured
1737,,https://wholesalebeautyhub.co.uk/wp-content/uploads/2024/05/Mario-Badescu-Facial-Spray-Rosewater-236Ml.webp,product-1891-mario-badescu-facial-spray-rosewater-236ml.webp,FOUND,False,product_featured
1738,,https://wholesalebeautyhub.co.uk/wp-content/uploads/2024/05/Medix-15Oz.Glycolic-Lactic-Acid-Body-Wash.jpg,product-1890-medix-15oz-glycolic-amp-lactic-acid-body-wash.jpg,FOUND,False,product_featured
1739,,https://wholesalebeautyhub.co.uk/wp-content/uploads/2024/05/Mehron-Skin-Prep.jpeg,product-1889-mehron-skin-prep.jpeg,FOUND,False,product_featured
1745,,https://wholesalebeautyhub.co.uk/wp-content/uploads/2024/05/Merak-Pencil-1.jpeg,product-1880-merak-blue-pencil.jpeg,FOUND,False,product_featured
1746,,https://wholesalebeautyhub.co.uk/wp-content/uploads/2024/05/Merak-Green-Pencil-1.jpg,product-1879-merak-green-pencil.jpg,FOUND,False,product_featured
1750,,https://wholesalebeautyhub.co.uk/wp-content/uploads/2024/05/Msmetics-Aqua-Grip-Primer-15Ml-Matte.jpg,product-1878-msmetics-aqua-grip-primer-50ml-matte.jpg,FOUND,False,product_featured
1752,,https://wholesalebeautyhub.co.uk/wp-content/uploads/2024/05/Msmetics-Power-Seal-150Ml.jpg,product-1875-msmetics-power-seal-150ml.jpg,FOUND,False,product_featured
1753,,https://wholesalebeautyhub.co.uk/wp-content/uploads/2024/05/Msmetics-Sealowatte-Spray-Matte.jpg,product-1874-msmetics-sealowatte-spray-matte.jpg,FOUND,False,product_featured
1754,,https://wholesalebeautyhub.co.uk/wp-content/uploads/2024/05/Msmetics-Sealowatte-Spray-Velvet.jpg,product-1873-msmetics-sealowatte-spray-velvet.jpg,FOUND,False,product_featured
1755,,https://wholesalebeautyhub.co.uk/wp-content/uploads/2024/05/Naturium-Bio-Lipid-Restoring-Body-Lotion-414Ml.jpg,product-1872-naturium-bio-lipid-restoring-body-lotion-414ml.jpg,FOUND,False,product_featured
1756,,https://wholesalebeautyhub.co.uk/wp-content/uploads/2024/05/Naturium-Glow-Getter-Multi-Oil-Body-Butter-232Ml.jpg,product-1871-naturium-glow-getter-multi-oil-body-butter-232ml.jpg,FOUND,False,product_featured
1757,,https://wholesalebeautyhub.co.uk/wp-content/uploads/2024/05/Naturium-Glow-Getter-Multi-Oil-Body-Wash-500Ml.jpg,product-1870-naturium-glow-getter-multi-oil-body-wash-500ml.jpg,FOUND,False,product_featured
1758,,https://wholesalebeautyhub.co.uk/wp-content/uploads/2024/05/Naturium-The-Brightener-Vitamin-C-Body-Wash-500Ml.webp,product-1869-naturium-the-brightener-vitamin-c-body-wash-500ml.webp,FOUND,False,product_featured
1759,,https://wholesalebeautyhub.co.uk/wp-content/uploads/2024/05/Naturium-The-Perfector-Salicylic-Acid-Body-Wash-500Ml.webp,product-1867-naturium-the-perfector-salicylic-acid-body-wash-500ml.webp,FOUND,False,product_featured
1760,,https://wholesalebeautyhub.co.uk/wp-content/uploads/2024/05/Naturium-The-Smoother-Glycolic-Acid-Body-Lotion-234Ml.webp,product-1865-naturium-the-smoother-glycolic-acid-body-lotion-234ml.webp,FOUND,False,product_featured
1761,,https://wholesalebeautyhub.co.uk/wp-content/uploads/2024/05/Naturium-The-Smoother-Glycolic-Acid-Body-Wash-500Ml.webp,product-1864-naturium-the-smoother-glycolic-acid-body-wash-500ml.webp,FOUND,False,product_featured
1762,,https://wholesalebeautyhub.co.uk/wp-content/uploads/2024/05/Naturium-Vit-C-Complex-Cleanser-210.webp,product-1863-naturium-vit-c-complex-face-cleanser-210.webp,FOUND,False,product_featured
1763,,https://wholesalebeautyhub.co.uk/wp-content/uploads/2024/05/Naturium-Vit-C-Complex-Serum-30Ml.webp,product-1862-naturium-vit-c-complex-face-serum.webp,FOUND,False,product_featured
1770,,https://wholesalebeautyhub.co.uk/wp-content/uploads/2024/05/Olay-Niacinamide-Body-Lotion.jpg,product-1859-olay-niacinamide-body-lotion-17floz-502ml.jpg,FOUND,False,product_featured
1771,,https://wholesalebeautyhub.co.uk/wp-content/uploads/2024/05/Olay-Niacinamide-Body-Wash.jpg,product-1858-olay-niacinamide-body-wash-20floz-591ml.jpg,FOUND,False,product_featured
1772,,https://wholesalebeautyhub.co.uk/wp-content/uploads/2024/08/Olay-Retinol-Body-Lotion.webp,product-2425-olay-retinol-body-lotion-17floz-502ml.webp,FOUND,False,product_featured
1772,,https://wholesalebeautyhub.co.uk/wp-content/uploads/2024/04/IMG_0611.jpeg,product-8669-olay-retinol-body-lotion-17floz-502ml-02.jpeg,FOUND,False,product_gallery
1772,,https://wholesalebeautyhub.co.uk/wp-content/uploads/2024/04/IMG_0612.jpeg,product-8670-olay-retinol-body-lotion-17floz-502ml-03.jpeg,FOUND,False,product_gallery
1773,,https://wholesalebeautyhub.co.uk/wp-content/uploads/2024/05/Omaricode-Skin-Mist-Matte-2.webp,product-1855-omaricode-skin-mist-matte.webp,FOUND,False,product_featured
1774,,https://wholesalebeautyhub.co.uk/wp-content/uploads/2024/05/Panoxyl-Acne-Creamy-Wash-10-Benzoyl-Peroxide-170G.jpg,product-1854-panoxyl-acne-foaming-wash-10-benzoyl-peroxide.jpg,FOUND,False,product_featured
1775,,https://wholesalebeautyhub.co.uk/wp-content/uploads/2024/05/Panoxyl-Acne-Creamy-Wash-4-Benzoyl-Peroxide-170G.jpg,product-1853-panoxyl-acne-creamy-wash-4-benzoyl-peroxide.jpg,FOUND,False,product_featured
1776,,https://wholesalebeautyhub.co.uk/wp-content/uploads/2024/05/paulabeautyblack-600x600-1.jpg,product-1852-paula-beauty-black-pencil.jpg,FOUND,False,product_featured
1777,,https://wholesalebeautyhub.co.uk/wp-content/uploads/2024/05/Paula-Beauty-Blue-Pencil.jpg,product-1851-paula-beauty-blue-pencil.jpg,FOUND,False,product_featured
1778,,https://wholesalebeautyhub.co.uk/wp-content/uploads/2024/05/Paula-Beauty-Green-Pencil.jpg,product-1850-paula-beauty-green-pencil.jpg,FOUND,False,product_featured
1780,,https://wholesalebeautyhub.co.uk/wp-content/uploads/2024/05/Simple-Hydrating-Light-Moisturizer-125Ml.jpg,product-1848-simple-replenishing-rich-moisturizer-125ml.jpg,FOUND,False,product_featured
1793,,https://wholesalebeautyhub.co.uk/wp-content/uploads/2024/05/The-Ordinary-Glycolic-Acid-100Ml.webp,product-1847-the-ordinary-glycolic-acid-toner-240ml.webp,FOUND,False,product_featured
1794,,https://wholesalebeautyhub.co.uk/wp-content/uploads/2024/05/The-Ordinary-Multi-Peptide-Eye-Serum-15Ml.jpg,product-1846-the-ordinary-multi-peptide-eye-serum-15ml.jpg,FOUND,False,product_featured
1795,,https://wholesalebeautyhub.co.uk/wp-content/uploads/2024/05/The-Ordinary-Retinol-Serum-1-30Ml.avif,product-1845-the-ordinary-retinol-serum-0-5-30ml.webp,FOUND,True,product_featured
1796,,https://wholesalebeautyhub.co.uk/wp-content/uploads/2024/05/Tiam-Snail-Azulence-Water-Essence-180Ml.jpg,product-1844-tiam-snail-azulence-water-essence-180ml.jpg,FOUND,False,product_featured
1797,,https://wholesalebeautyhub.co.uk/wp-content/uploads/2024/05/tiam-vita-b3-new.jpg,product-1843-tiam-vita-b3-source-40ml.jpg,FOUND,False,product_featured
1798,,https://wholesalebeautyhub.co.uk/wp-content/uploads/2024/05/Traingle-Powder-Puff.webp,product-1842-triangle-powder-puff.webp,FOUND,False,product_featured
1799,,https://wholesalebeautyhub.co.uk/wp-content/uploads/2024/05/71FXbkVhMkL._AC_SX679_-1.jpg,product-11824-vaseline-glutha-hya-dewy-radiance-200ml.jpg,FOUND,False,product_featured
1800,,https://wholesalebeautyhub.co.uk/wp-content/uploads/2024/06/Vaseline-Gluta-Hya-Flawless-Glow-300Ml.jpg,product-1829-vaseline-glutha-hya-flawless-glow-200ml.jpg,FOUND,False,product_featured
1801,,https://wholesalebeautyhub.co.uk/wp-content/uploads/2024/05/Vee-Beauty-6In1-Powder-Palette.jpg,product-1839-vee-beauty-6in1-powder-palette.jpg,FOUND,False,product_featured
1802,,https://wholesalebeautyhub.co.uk/wp-content/uploads/2024/05/Vee-Beauty-8In1-Powder-Palette.jpg,product-1838-vee-beauty-8in1-powder-palette.jpg,FOUND,False,product_featured
1803,,https://wholesalebeautyhub.co.uk/wp-content/uploads/2024/05/Vee-Beauty-Girls-Night-Out-2-Blush-Palette.jpg,product-1837-vee-beauty-girls-night-out-2-blush-palette.jpg,FOUND,False,product_featured
1804,,https://wholesalebeautyhub.co.uk/wp-content/uploads/2024/05/IMG_7611.webp,product-24659-vee-beauty-paint-my-world-lip-palette-warm.webp,FOUND,False,product_featured
1805,,https://wholesalebeautyhub.co.uk/wp-content/uploads/2024/05/Vee-Beauty-Magic-Cover-Concealer.jpg,product-1835-vee-beauty-magic-cover-concealer.jpg,FOUND,False,product_featured
1806,,https://wholesalebeautyhub.co.uk/wp-content/uploads/2024/05/Viange-Eyeshadow-Base.webp,product-1833-viange-eyeshadow-base.webp,FOUND,False,product_featured
1809,,https://wholesalebeautyhub.co.uk/wp-content/uploads/2024/05/Yglam-Brown-Brush-Set-1.webp,product-1885-yglam-brown-brush-set.webp,FOUND,False,product_featured
1813,,https://wholesalebeautyhub.co.uk/wp-content/uploads/2024/04/Zaron-Luxurious-Lip-Gloss.jpeg,product-1417-zaron-luxurious-lip-gloss.jpeg,FOUND,False,product_featured
1813,,https://wholesalebeautyhub.co.uk/wp-content/uploads/2024/06/Zaron-Lip-Gloss-edit.jpg,variant-1817-zaron-luxurious-lip-gloss-variant.jpg,FOUND,False,variant_image
1813,,https://wholesalebeautyhub.co.uk/wp-content/uploads/2024/04/Zaron-Luxurious-Gloss-24-Karat.jpg,variant-1414-zaron-luxurious-lip-gloss-variant-02.jpg,FOUND,False,variant_image
1813,4669,https://wholesalebeautyhub.co.uk/wp-content/uploads/2024/04/Zaron-Luxurious-Gloss-24-Karat.jpg,variant-1414-zaron-luxurious-lip-gloss-variant-02.jpg,FOUND,False,variant_image
1813,4668,https://wholesalebeautyhub.co.uk/wp-content/uploads/2024/06/Zaron-Lip-Gloss-edit.jpg,variant-1817-zaron-luxurious-lip-gloss-variant.jpg,FOUND,False,variant_image
1814,,https://wholesalebeautyhub.co.uk/wp-content/uploads/2024/06/Zaron-Powder-Brush.jpg,product-1828-zaron-powder-brush.jpg,FOUND,False,product_featured
1819,,https://wholesalebeautyhub.co.uk/wp-content/uploads/2024/06/Dr-Teals-Bath-Body-lavender-Oil.jpg,product-1827-dr-teals-bath-amp-body-lavender-oil-8-7fl.jpg,FOUND,False,product_featured
1820,,https://wholesalebeautyhub.co.uk/wp-content/uploads/2024/06/Dr-Teals-Bath-Body-Shea-Butter-and-Almond-Oil.webp,product-1826-dr-teals-bath-amp-body-shea-butter-and-almond-oil-8-7fl.webp,FOUND,False,product_featured
1821,,https://wholesalebeautyhub.co.uk/wp-content/uploads/2024/06/Dr-Teals-Bath-Body-Oil-Eucalyptus.webp,product-1824-dr-teals-bath-amp-body-eucalyptus-and-spearmint-oil-8-7fl.webp,FOUND,False,product_featured
2317,,https://wholesalebeautyhub.co.uk/wp-content/uploads/2024/08/IMG_0600.jpeg,product-8662-alpha-skin-care-renewal-body-lotion-12-glycolic-aha-12fl-oz.jpeg,FOUND,False,product_featured
2317,,https://wholesalebeautyhub.co.uk/wp-content/uploads/2024/08/IMG_0602.jpeg,product-8663-alpha-skin-care-renewal-body-lotion-12-glycolic-aha-12fl-oz-02.jpeg,FOUND,False,product_gallery
2317,,https://wholesalebeautyhub.co.uk/wp-content/uploads/2024/08/IMG_0601.jpeg,product-8664-alpha-skin-care-renewal-body-lotion-12-glycolic-aha-12fl-oz-03.jpeg,FOUND,False,product_gallery
2317,,https://wholesalebeautyhub.co.uk/wp-content/uploads/2024/08/IMG_0604.jpeg,product-8665-alpha-skin-care-renewal-body-lotion-12-glycolic-aha-12fl-oz-04.jpeg,FOUND,False,product_gallery
2318,,https://wholesalebeautyhub.co.uk/wp-content/uploads/2024/08/Alpha-Skin-care-Moisturizing-Body-Wash-Sea-Mist-340g.jpg,product-2424-alpha-skin-care-moisturizing-body-wash-sea-mist-340g.jpg,FOUND,False,product_featured
2319,,https://wholesalebeautyhub.co.uk/wp-content/uploads/2024/08/Anua-Heartleaf-77-Soothing-Toner-250ml.webp,product-2388-anua-heartleaf-77-soothing-toner-250ml.webp,FOUND,False,product_featured
2320,,https://wholesalebeautyhub.co.uk/wp-content/uploads/2024/08/Anua-Heartleaf-70-intense-Calming-Cream-50ml.webp,product-2387-anua-heartleaf-70-intense-calming-cream-50ml.webp,FOUND,False,product_featured
2321,,https://wholesalebeautyhub.co.uk/wp-content/uploads/2024/08/Anua-Niacinamide-10-x-TXA-4-30ml.webp,product-2386-anua-niacinamide-10-x-txa-4-30ml.webp,FOUND,False,product_featured
2322,,https://wholesalebeautyhub.co.uk/wp-content/uploads/2024/08/s-l1600.webp,product-7787-aveeno-moisturizing-body-oil-mist-us-version.webp,FOUND,False,product_featured
2322,,https://wholesalebeautyhub.co.uk/wp-content/uploads/2024/08/s-l1600.webp,product-7787-aveeno-moisturizing-body-oil-mist-us-version-02.webp,FOUND,False,product_featured
2322,,https://wholesalebeautyhub.co.uk/wp-content/uploads/2024/08/aveeno-oil.png,product-7786-aveeno-moisturizing-body-oil-mist-us-version-03.png,FOUND,False,product_gallery
2322,,https://wholesalebeautyhub.co.uk/wp-content/uploads/2024/08/ave_381371192731_transnc-min-en-us.png,product-7785-aveeno-moisturizing-body-oil-mist-us-version-04.png,FOUND,False,product_gallery
2322,,https://wholesalebeautyhub.co.uk/wp-content/uploads/2024/08/7oz_00180-min-en-us.png,product-7784-aveeno-moisturizing-body-oil-mist-us-version-05.png,FOUND,False,product_gallery
2323,,https://wholesalebeautyhub.co.uk/wp-content/uploads/2024/08/BEAUTY-OF-JOSEON-DYNASTY-FACE-CREAM-MOISTURIZER.jpg,product-2422-beauty-of-joseon-dynasty-face-cream-moisturizer.jpg,FOUND,False,product_featured
2324,,https://wholesalebeautyhub.co.uk/wp-content/uploads/2024/08/Becharm-Ageless-18-in-1-Matte-Lip-Paint-GLAMOUR-Pink-.jpeg,product-2420-becharm-ageless-18-in-1-matte-lip-paint-glamour.jpeg,FOUND,False,product_featured
2325,,https://wholesalebeautyhub.co.uk/wp-content/uploads/2024/08/boj-vogue.jpg,product-2421-boj-cosmetics-luxe-eye-lashes-5-in-1-vogue.jpg,FOUND,False,product_featured
2326,,https://wholesalebeautyhub.co.uk/wp-content/uploads/2024/08/Posh-set-3.jpg,product-2733-boj-cosmeticslux-eye-lashes-5-in-1-posh-set-3.jpg,FOUND,False,product_featured
2327,,https://wholesalebeautyhub.co.uk/wp-content/uploads/2024/08/posh-set-2.jpg,product-2732-boj-cosmeticslux-eye-lashes-5-in-1-posh-set-2.jpg,FOUND,False,product_featured
2328,,https://wholesalebeautyhub.co.uk/wp-content/uploads/2024/08/queen.jpg,product-2734-boj-cosmetics-lux-eye-lashes-14-in-1-queen.jpg,FOUND,False,product_featured
2329,,https://wholesalebeautyhub.co.uk/wp-content/uploads/2024/08/lady.jpg,product-2731-boj-cosmetics-lux-eye-lashes-14-in-1-lady.jpg,FOUND,False,product_featured
2332,,https://wholesalebeautyhub.co.uk/wp-content/uploads/2024/08/Cosrx-Salicylic-Gentle-Cleanser-50ML.jpg,product-2408-cosrx-salicylic-gentle-cleanser-50ml.jpg,FOUND,False,product_featured
2334,,https://wholesalebeautyhub.co.uk/wp-content/uploads/2024/08/Dr-Teals-Foaming-Bath-Vitamin-c-1000ml.jpg,product-2410-dr-teals-foaming-bath-vit-c-glow-radiance-1000ml.jpg,FOUND,False,product_featured
2335,,https://wholesalebeautyhub.co.uk/wp-content/uploads/2024/08/Dr-Teals-Body-Wash-Ceramides-Avocado-oil-710ml.jpg,product-2419-dr-teals-body-wash-ceramides-avocado-oil-710ml.jpg,FOUND,False,product_featured
2336,,https://wholesalebeautyhub.co.uk/wp-content/uploads/2024/08/Dr-Teals-Body-Wash-Prebiotic-lemon-Balm-710ml.jpg,product-2411-dr-teals-body-wash-prebiotic-lemon-balm-710ml.jpg,FOUND,False,product_featured
2337,,https://wholesalebeautyhub.co.uk/wp-content/uploads/2024/08/dr-teals-avocado-lotion-1.jpg,product-2418-dr-teals-body-lotion-ceramides-avocado-oil.jpg,FOUND,False,product_featured
2338,,https://wholesalebeautyhub.co.uk/wp-content/uploads/2024/08/Embryolisse.jpg,product-2730-embryolisse-lait-cream-moisturizer-75-ml.jpg,FOUND,False,product_featured
2339,,https://wholesalebeautyhub.co.uk/wp-content/uploads/2024/08/Good-Molecules-Glycolic-Exfoliating-Toner-120ml.webp,product-2412-good-molecules-glycolic-exfoliating-toner-120ml.webp,FOUND,False,product_featured
2340,,https://wholesalebeautyhub.co.uk/wp-content/uploads/2024/08/Good-Molecules-Super-peptides-Serum-30ml.webp,product-2414-good-moleculs-super-peptides-serum-30ml.webp,FOUND,False,product_featured
2341,,https://wholesalebeautyhub.co.uk/wp-content/uploads/2024/08/Good-Molecules-Vitamin-C-serum-with-oryzanol-30ml.webp,product-2413-good-molecules-vitamin-c-serum-with-oryzanol-30ml.webp,FOUND,False,product_featured
2343,,https://wholesalebeautyhub.co.uk/wp-content/uploads/2024/08/kojivit-Ultra-gel-30g.webp,product-2416-kojivit-ultra-gel-30g.webp,FOUND,False,product_featured
2345,,https://wholesalebeautyhub.co.uk/wp-content/uploads/2024/08/Merak-Beauty-Blender.jpg,product-2735-merak-beauty-blender.jpg,FOUND,False,product_featured
2346,,https://wholesalebeautyhub.co.uk/wp-content/uploads/2024/08/Merak-PRO-Ultimate-Brush-Set.webp,product-2721-merak-pro-ultimate-brush-set.webp,FOUND,False,product_featured
2347,,https://wholesalebeautyhub.co.uk/wp-content/uploads/2024/08/Msmetics-Blot-sticks-oil-Eraser.webp,product-2736-msmetics-blot-sticks-oil-eraser.webp,FOUND,False,product_featured
2348,,https://wholesalebeautyhub.co.uk/wp-content/uploads/2024/08/merak.jpg,product-2406-merak-face-sculpt-glow-6-in-1-pallete.jpg,FOUND,False,product_featured
2349,,https://wholesalebeautyhub.co.uk/wp-content/uploads/2024/08/Naturium-KP-Body-Scrub-Mask-226-g.png,product-2404-naturium-kp-body-scrub-amp-mask-226-g.png,FOUND,False,product_featured
2350,,https://wholesalebeautyhub.co.uk/wp-content/uploads/2024/08/WhatsApp-Image-2024-08-23-at-01.25.19.jpeg,product-3018-naturium-the-glow-getter-body-oil-100ml.jpeg,FOUND,False,product_featured
2352,,https://wholesalebeautyhub.co.uk/wp-content/uploads/2024/08/Naturium-Tranexamic-Topical-Acid-5-30ml.webp,product-2400-naturium-tranexamic-topical-acid-5-30ml.webp,FOUND,False,product_featured
2353,,https://wholesalebeautyhub.co.uk/wp-content/uploads/2024/08/Naturium-UV-Reflect-Antioxidant-SPF-50.webp,product-2401-naturium-uv-reflect-antioxidant-spf-50.webp,FOUND,False,product_featured
2354,,https://wholesalebeautyhub.co.uk/wp-content/uploads/2024/08/Naturium-BHA-Liquid-Exfoliant-2.jpg,product-2399-naturium-bha-liquid-exfoliant-2.jpg,FOUND,False,product_featured
2355,,https://wholesalebeautyhub.co.uk/wp-content/uploads/2024/08/Naturium-Multi-Tranexamic-Acid-Treatment-5-30ml.webp,product-2398-naturium-multi-bright-tranexamic-acid-treatment-5-30ml.webp,FOUND,False,product_featured
2357,,https://wholesalebeautyhub.co.uk/wp-content/uploads/2024/08/Nip-Fab-illuminate-Vitamin-C-Fix-Serum-1.webp,product-2390-nip-fab-vitamin-c-fix-serum-5.webp,FOUND,False,product_featured
2358,,https://wholesalebeautyhub.co.uk/wp-content/uploads/2024/08/Panoxyl-balancing-repair-moisturizer-with-niacinamide-85g.webp,product-2391-panoxyl-balancing-repair-moisturizer-with-naicinamide-85g.webp,FOUND,False,product_featured
2359,,https://wholesalebeautyhub.co.uk/wp-content/uploads/2024/08/Panoxyl-acne-treatment-BAR-113g.webp,product-2393-panoxyl-acne-treatment-bar-113g.webp,FOUND,False,product_featured
2360,,https://wholesalebeautyhub.co.uk/wp-content/uploads/2024/08/Panoxyl-Adapalene-gel-usp-0.1-acne-treatment.webp,product-2402-panoxyl-adapalene-gel-usp-0-1-acne-treatment.webp,FOUND,False,product_featured
2361,,https://wholesalebeautyhub.co.uk/wp-content/uploads/2024/08/Panoxyl-Clarifying-exfoliant-2-salicylic-acid-118g.jpg,product-2394-panoxyl-clarifying-exfoliant-2-salicylic-acid.jpg,FOUND,False,product_featured
2362,,https://wholesalebeautyhub.co.uk/wp-content/uploads/2024/08/palmers-cocoa-butter-massage-lotion-for-stretch-marks-250ml.webp,product-2395-palmers-cocoa-butter-massage-lotion-for-stretch-marks-250ml.webp,FOUND,False,product_featured
2363,,https://wholesalebeautyhub.co.uk/wp-content/uploads/2024/08/IM-FROM-Rice-Toner-150ml.webp,product-2396-i-m-from-rice-toner-150ml.webp,FOUND,False,product_featured
2364,,https://wholesalebeautyhub.co.uk/wp-content/uploads/2025/03/IMG_0978.jpeg,product-8644-elf-holy-hydration-face-cream-moisturizer-with-broad-spectru.jpeg,FOUND,False,product_featured
2364,,https://wholesalebeautyhub.co.uk/wp-content/uploads/2025/03/IMG_0980.jpeg,product-8646-elf-holy-hydration-face-cream-moisturizer-with-broad-spectru-02.jpeg,FOUND,False,product_gallery
2366,,https://wholesalebeautyhub.co.uk/wp-content/uploads/2024/08/zaron-cappuccino-lip-pencil.jpg,product-2726-zaron-lip-liner-cappuccino.jpg,FOUND,False,product_featured
2367,,https://wholesalebeautyhub.co.uk/wp-content/uploads/2024/08/Absolute-lip-gloss-clear.png,product-2389-absolute-lip-gloss-clear.png,FOUND,False,product_featured
2368,,https://wholesalebeautyhub.co.uk/wp-content/uploads/2024/08/IMG_26241.jpg,product-2432-bs-mall-brush-set.jpg,FOUND,False,product_featured
2369,,https://wholesalebeautyhub.co.uk/wp-content/uploads/2024/08/1.jpg,product-2427-led-660-pro-sutefoto-light-with-tripod-stand.jpg,FOUND,False,product_featured
2370,,https://wholesalebeautyhub.co.uk/wp-content/uploads/2024/08/2.jpg,product-2428-panel-light-l-3560.jpg,FOUND,False,product_featured
2371,,https://wholesalebeautyhub.co.uk/wp-content/uploads/2024/08/4.jpg,product-2430-telescopic-makeup-chair-foldable.jpg,FOUND,False,product_featured
2372,,https://wholesalebeautyhub.co.uk/wp-content/uploads/2024/08/5.jpg,product-2431-tripod-stand.jpg,FOUND,False,product_featured
2376,,https://wholesalebeautyhub.co.uk/wp-content/uploads/2024/08/Ben-Nye-Clown-White-cw2.jpg,product-2380-ben-nye-clown-white.jpg,FOUND,False,product_featured
2376,,https://wholesalebeautyhub.co.uk/wp-content/uploads/2024/08/Ben-Nye-Clown-White-cw2.jpg,variant-2380-ben-nye-clown-white-variant.jpg,FOUND,False,variant_image
2376,,https://wholesalebeautyhub.co.uk/wp-content/uploads/2024/08/Ben-Nye-Clown-White-cw1.jpg,variant-2379-ben-nye-clown-white-variant-02.jpg,FOUND,False,variant_image
2376,2377,https://wholesalebeautyhub.co.uk/wp-content/uploads/2024/08/Ben-Nye-Clown-White-cw1.jpg,variant-2379-ben-nye-clown-white-variant-02.jpg,FOUND,False,variant_image
2376,2378,https://wholesalebeautyhub.co.uk/wp-content/uploads/2024/08/Ben-Nye-Clown-White-cw2.jpg,variant-2380-ben-nye-clown-white-variant.jpg,FOUND,False,variant_image
2740,,https://wholesalebeautyhub.co.uk/wp-content/uploads/2024/08/laneige-lip-mask.jpg,product-2755-laneige-lip-mask.jpg,FOUND,False,product_featured
2746,,https://wholesalebeautyhub.co.uk/wp-content/uploads/2024/08/2-1.jpg,product-2747-yglam-blush-palette-bloom.jpg,FOUND,False,product_featured
2751,,https://wholesalebeautyhub.co.uk/wp-content/uploads/2024/08/rouge.jpg,product-2749-yglam-blush-palette-rouge.jpg,FOUND,False,product_featured
3571,,https://wholesalebeautyhub.co.uk/wp-content/uploads/2024/09/WONDER-CERAMIDEMOCHITONER.webp,product-3573-tonymoly-wonder-ceramide-mochi-toner-500ml.webp,FOUND,False,product_featured
3571,,https://wholesalebeautyhub.co.uk/wp-content/uploads/2024/09/WONDER-CERAMIDEMOCHITONER.png,product_body-3572-tonymoly-wonder-ceramide-mochi-toner-500ml.png,FOUND,False,product_body_content
3608,,https://wholesalebeautyhub.co.uk/wp-content/uploads/2024/09/frudia-pomegranate-honey-3in1-lip-balm-10ml-743.jpg,product-3609-frudia-pomegranate-honey-3in1-lip-balm-10ml.jpg,FOUND,False,product_featured
3608,,https://wholesalebeautyhub.co.uk/wp-content/uploads/2024/09/frudia-pomegranate-honey-3in1-lip-balm-10ml-743.jpg,product-3609-frudia-pomegranate-honey-3in1-lip-balm-10ml-02.jpg,FOUND,False,product_featured
3610,,https://wholesalebeautyhub.co.uk/wp-content/uploads/2024/09/frudia-my-orchard-hand-cream-30g-pineapple-893.jpg,product-3611-frudia-my-orchard-hand-cream-pineapple-30g.jpg,FOUND,False,product_featured
3610,,https://wholesalebeautyhub.co.uk/wp-content/uploads/2024/09/frudia-my-orchard-hand-cream-30g-pineapple-893.jpg,product-3611-frudia-my-orchard-hand-cream-pineapple-30g-02.jpg,FOUND,False,product_featured
3614,,https://wholesalebeautyhub.co.uk/wp-content/uploads/2024/09/frudia-my-orchard-hand-cream-30g-dragon-fruit-503.jpg,product-3615-frudia-my-orchard-hand-cream-dragon-fruit-30g.jpg,FOUND,False,product_featured
3614,,https://wholesalebeautyhub.co.uk/wp-content/uploads/2024/09/frudia-my-orchard-hand-cream-30g-dragon-fruit-503.jpg,product-3615-frudia-my-orchard-hand-cream-dragon-fruit-30g-02.jpg,FOUND,False,product_featured
3619,,https://wholesalebeautyhub.co.uk/wp-content/uploads/2024/09/WhatsApp-Image-2024-09-12-at-20.05.26.jpeg,product-3621-illiyoon-hyaluronic-moisture-cream-100ml.jpeg,FOUND,False,product_featured
3619,,https://wholesalebeautyhub.co.uk/wp-content/uploads/2024/09/WhatsApp-Image-2024-09-12-at-20.05.26.jpeg,product-3621-illiyoon-hyaluronic-moisture-cream-100ml-02.jpeg,FOUND,False,product_featured
3629,,https://wholesalebeautyhub.co.uk/wp-content/uploads/2024/09/cosrx-acne-pimple-master-patch-52.jpg,product-3628-cosrx-acne-pimple-master-patch.jpg,FOUND,False,product_featured
3629,,https://wholesalebeautyhub.co.uk/wp-content/uploads/2024/09/cosrx-acne-pimple-master-patch-52.jpg,product-3628-cosrx-acne-pimple-master-patch-02.jpg,FOUND,False,product_featured
3631,,https://wholesalebeautyhub.co.uk/wp-content/uploads/2024/09/cosrx-aha-bha-clarifying-treatment-toner-150ml-644.jpg,product-3633-cosrx-aha-bha-clarifying-treatment-toner-150ml.jpg,FOUND,False,product_featured
3635,,https://wholesalebeautyhub.co.uk/wp-content/uploads/2024/09/Vaseline-Cocoa-Radiant-Oil-Gel-200ml-309900.avif,product-3636-vaseline-cocoa-radiant-oil-gel-200ml.webp,FOUND,True,product_featured
3639,,https://wholesalebeautyhub.co.uk/wp-content/uploads/2024/09/olay-H.webp,product-3645-olay-cleansing-amp-nourishing-body-wash-with-hyaluronic-acid.webp,FOUND,False,product_featured
3639,,https://wholesalebeautyhub.co.uk/wp-content/uploads/2024/09/s-l960.webp,product-3646-olay-cleansing-amp-nourishing-body-wash-with-hyaluronic-acid-02.webp,FOUND,False,product_gallery
3648,,https://wholesalebeautyhub.co.uk/wp-content/uploads/2024/09/IMG_3896.jpeg,product-19762-olay-collagen-peptide-b3-firming-hydrating-body-lotion-502ml.jpeg,FOUND,False,product_featured
3652,,https://wholesalebeautyhub.co.uk/wp-content/uploads/2024/09/IMG_3898.webp,product-19765-olay-elasticity-boosting-collagen-peptide-body-wash.webp,FOUND,False,product_featured
3656,,https://wholesalebeautyhub.co.uk/wp-content/uploads/2024/09/OLY-TONE-EVENING.webp,product-3658-olay-tone-evening-and-hydrating-body-lotion-deep-moisture-17.webp,FOUND,False,product_featured
3659,,https://wholesalebeautyhub.co.uk/wp-content/uploads/2024/09/OLAY-SHEA-BUTTER.jpg,product-3660-olay-daily-recovery-hydration-body-lotion-with-shea-butter-1.jpg,FOUND,False,product_featured
3661,,https://wholesalebeautyhub.co.uk/wp-content/uploads/2024/09/glove-sponge.jpg,product-3662-exfoliating-bath-glove-sponge.jpg,FOUND,False,product_featured
3663,,https://wholesalebeautyhub.co.uk/wp-content/uploads/2024/09/biore-sunscreen.webp,product-3665-biore-uv-aqua-rich-watery-essence-spf-50-pa-70g-sunscreen.webp,FOUND,False,product_featured
3666,,https://wholesalebeautyhub.co.uk/wp-content/uploads/2024/09/kose-sunscreen.jpg,product-3667-kose-suncut-uv-perfect-gel-spf-50-pa-80g-sunscreen.jpg,FOUND,False,product_featured
3689,,https://wholesalebeautyhub.co.uk/wp-content/uploads/2024/09/240723_TOPICALS_Faded_Cleansing_Bar_ECOM_750x.webp,product-3691-topicals-faded-brightening-cleansing-bar-for-dark-spots-disc.webp,FOUND,False,product_featured
3689,,https://wholesalebeautyhub.co.uk/wp-content/uploads/2024/09/240723_TOPICALS_Faded_Cleansing_Bar_Ecom_4_4_11zon_750x.webp,product_body-3690-topicals-faded-brightening-cleansing-bar-for-dark-spots-disc.webp,FOUND,False,product_body_content
3693,,https://wholesalebeautyhub.co.uk/wp-content/uploads/2024/09/240623_TOPICALS_Faded_Eye_Ppage_Image_6_6_11zon_750x.webp,product-3694-topicals-faded-under-eye-masks-brightening-eye-masks.webp,FOUND,False,product_featured
3693,,https://wholesalebeautyhub.co.uk/wp-content/uploads/2024/09/240623_TOPICALS_Faded_Eye_Ppage_Image_2_2_11zon_375x.webp,product_body-3695-topicals-faded-under-eye-masks-brightening-eye-masks.webp,FOUND,False,product_body_content
3693,,https://wholesalebeautyhub.co.uk/wp-content/uploads/2024/09/240623_TOPICALS_Faded_Eye_Ppage_Image_4_4_11zon_375x.webp,product_body-3696-topicals-faded-under-eye-masks-brightening-eye-masks-02.webp,FOUND,False,product_body_content
3698,,https://wholesalebeautyhub.co.uk/wp-content/uploads/2024/09/BC466A2C-4E80-4369-BAA1-670726EE9709.jpeg,product-4716-eos-lip-balm.jpeg,FOUND,False,product_featured
3840,,https://wholesalebeautyhub.co.uk/wp-content/uploads/2024/09/NATR_TheEnergizer_bonebkgd_front_700x.webp,product-3841-naturium-the-energizer-mandelic-acid-body-wash-500ml.webp,FOUND,False,product_featured
3840,,https://wholesalebeautyhub.co.uk/wp-content/uploads/2024/09/NATR_TheEnergizer_bonebkgd_front_700x.webp,product-3841-naturium-the-energizer-mandelic-acid-body-wash-500ml-02.webp,FOUND,False,product_featured
3843,,https://wholesalebeautyhub.co.uk/wp-content/uploads/2024/09/Naturium_Mandelic_Acid_Front_CapOn_Bone_1_700x.webp,product-3844-naturium-mandelic-topical-acid-12-face-serum-30ml.webp,FOUND,False,product_featured
3843,,https://wholesalebeautyhub.co.uk/wp-content/uploads/2024/09/Naturium_Mandelic_Acid_Front_CapOn_Bone_1_700x.webp,product-3844-naturium-mandelic-topical-acid-12-face-serum-30ml-02.webp,FOUND,False,product_featured
3845,,https://wholesalebeautyhub.co.uk/wp-content/uploads/2024/09/Naturium_Azaleic_Acid_Front_CapOn_Bone_1_700x.webp,product-3846-naturium-azelaic-topical-acid-10-face-serum-30ml.webp,FOUND,False,product_featured
3845,,https://wholesalebeautyhub.co.uk/wp-content/uploads/2024/09/Naturium_Azaleic_Acid_Front_CapOn_Bone_1_700x.webp,product-3846-naturium-azelaic-topical-acid-10-face-serum-30ml-02.webp,FOUND,False,product_featured
3848,,https://wholesalebeautyhub.co.uk/wp-content/uploads/2024/09/anua-cleansing-oil.jpg,product-3849-anua-heartleaf-pore-control-cleansing-oil-200ml.jpg,FOUND,False,product_featured
3848,,https://wholesalebeautyhub.co.uk/wp-content/uploads/2024/09/anua-cleansing-oil.jpg,product-3849-anua-heartleaf-pore-control-cleansing-oil-200ml-02.jpg,FOUND,False,product_featured
3848,,https://wholesalebeautyhub.co.uk/wp-content/uploads/2024/09/51JS2lgk5FL._SL1080_.jpg,product-3850-anua-heartleaf-pore-control-cleansing-oil-200ml-03.jpg,FOUND,False,product_gallery
3851,,https://wholesalebeautyhub.co.uk/wp-content/uploads/2024/09/41zTfqwVqJL._SL1000_.jpg,product-3852-anua-heartleaf-lha-moisture-peeling-gel-gentle-face-cleanser.jpg,FOUND,False,product_featured
3851,,https://wholesalebeautyhub.co.uk/wp-content/uploads/2024/09/41zTfqwVqJL._SL1000_.jpg,product-3852-anua-heartleaf-lha-moisture-peeling-gel-gentle-face-cleanser-02.jpg,FOUND,False,product_featured
3853,,https://wholesalebeautyhub.co.uk/wp-content/uploads/2024/09/41-YpT9x1zL._AC_SL1000_.jpg,product-3855-anua-bha-2-gentle-exfoliating-toner-150ml.jpg,FOUND,False,product_featured
3853,,https://wholesalebeautyhub.co.uk/wp-content/uploads/2024/09/41-YpT9x1zL._AC_SL1000_.jpg,product-3855-anua-bha-2-gentle-exfoliating-toner-150ml-02.jpg,FOUND,False,product_featured
3856,,https://wholesalebeautyhub.co.uk/wp-content/uploads/2024/09/41UsAM1r9bL._SL1000_.jpg,product-3861-anua-peach-70-niacinamide-serum-30ml-brightening-hydrating-f.jpg,FOUND,False,product_featured
3856,,https://wholesalebeautyhub.co.uk/wp-content/uploads/2024/09/41UsAM1r9bL._SL1000_.jpg,product-3861-anua-peach-70-niacinamide-serum-30ml-brightening-hydrating-f-02.jpg,FOUND,False,product_featured
3867,,https://wholesalebeautyhub.co.uk/wp-content/uploads/2024/09/61cqYjrfmgL._SL1500_.jpg,product-3868-eos-body-lotion-pink-champagne-16fl-473ml.jpg,FOUND,False,product_featured
3867,,https://wholesalebeautyhub.co.uk/wp-content/uploads/2024/09/61cqYjrfmgL._SL1500_.jpg,product-3868-eos-body-lotion-pink-champagne-16fl-473ml-02.jpg,FOUND,False,product_featured
3869,,https://wholesalebeautyhub.co.uk/wp-content/uploads/2024/09/61pZYk39BL._SL1500_.jpg,product-3870-eos-body-lotion-fresh-cozy-16fl-473ml.jpg,FOUND,False,product_featured
3869,,https://wholesalebeautyhub.co.uk/wp-content/uploads/2024/09/61pZYk39BL._SL1500_.jpg,product-3870-eos-body-lotion-fresh-cozy-16fl-473ml-02.jpg,FOUND,False,product_featured
3871,,https://wholesalebeautyhub.co.uk/wp-content/uploads/2024/09/716eYR4n-qL._SL1500_.jpg,product-3874-topicals-high-roller-ingrown-hair-serum-roll-on-tonic-50ml.jpg,FOUND,False,product_featured
3871,,https://wholesalebeautyhub.co.uk/wp-content/uploads/2024/09/716eYR4n-qL._SL1500_.jpg,product-3874-topicals-high-roller-ingrown-hair-serum-roll-on-tonic-50ml-02.jpg,FOUND,False,product_featured
3876,,https://wholesalebeautyhub.co.uk/wp-content/uploads/2024/09/710HqR5DfSL._SL1500_.jpg,product-3877-advanced-clinicals-5-in-1-multi-correction-anti-aging-eye-se.jpg,FOUND,False,product_featured
3876,,https://wholesalebeautyhub.co.uk/wp-content/uploads/2024/09/710HqR5DfSL._SL1500_.jpg,product-3877-advanced-clinicals-5-in-1-multi-correction-anti-aging-eye-se-02.jpg,FOUND,False,product_featured
3878,,https://wholesalebeautyhub.co.uk/wp-content/uploads/2024/09/81ZCXGWw-VL._SL1500_.jpg,product-3881-advanced-clinicals-dark-spot-brightening-face-moisturizer-lo.jpg,FOUND,False,product_featured
3878,,https://wholesalebeautyhub.co.uk/wp-content/uploads/2024/09/81ZCXGWw-VL._SL1500_.jpg,product-3881-advanced-clinicals-dark-spot-brightening-face-moisturizer-lo-02.jpg,FOUND,False,product_featured
3885,,https://wholesalebeautyhub.co.uk/wp-content/uploads/2024/09/61hWvsTXqBL._AC_SL1500_.jpg,product-3886-advanced-clinicals-vitamin-c-glow-facial-mist-toner.jpg,FOUND,False,product_featured
3885,,https://wholesalebeautyhub.co.uk/wp-content/uploads/2024/09/61hWvsTXqBL._AC_SL1500_.jpg,product-3886-advanced-clinicals-vitamin-c-glow-facial-mist-toner-02.jpg,FOUND,False,product_featured
3887,,https://wholesalebeautyhub.co.uk/wp-content/uploads/2024/09/81-eXZo212L._AC_SL1500_.jpg,product-3888-advanced-clinicals-vitamin-c-face-toner-w-ferulic-acid-rosew.jpg,FOUND,False,product_featured
3887,,https://wholesalebeautyhub.co.uk/wp-content/uploads/2024/09/81-eXZo212L._AC_SL1500_.jpg,product-3888-advanced-clinicals-vitamin-c-face-toner-w-ferulic-acid-rosew-02.jpg,FOUND,False,product_featured
4013,,https://wholesalebeautyhub.co.uk/wp-content/uploads/2024/09/CBE1C014-7128-4FB4-B2BB-9E00DB6E2394.jpeg,product-4014-facefacts-ceramide-repairing-serum-cream-30ml.jpeg,FOUND,False,product_featured
4013,,https://wholesalebeautyhub.co.uk/wp-content/uploads/2024/09/CBE1C014-7128-4FB4-B2BB-9E00DB6E2394.jpeg,product-4014-facefacts-ceramide-repairing-serum-cream-30ml-02.jpeg,FOUND,False,product_featured
4015,,https://wholesalebeautyhub.co.uk/wp-content/uploads/2024/09/6BB39F7A-67BB-41E1-8437-5E2FD677182D.jpeg,product-4016-facefacts-vitamin-c-brightening-facial-serum-30ml.jpeg,FOUND,False,product_featured
4015,,https://wholesalebeautyhub.co.uk/wp-content/uploads/2024/09/6BB39F7A-67BB-41E1-8437-5E2FD677182D.jpeg,product-4016-facefacts-vitamin-c-brightening-facial-serum-30ml-02.jpeg,FOUND,False,product_featured
4020,,https://wholesalebeautyhub.co.uk/wp-content/uploads/2024/09/D42F2130-0FE0-422C-BC15-9401AE6DCD95.jpeg,product-4021-facefacts-ceramide-hydrating-gentle-cleanser-140ml.jpeg,FOUND,False,product_featured
4020,,https://wholesalebeautyhub.co.uk/wp-content/uploads/2024/09/D42F2130-0FE0-422C-BC15-9401AE6DCD95.jpeg,product-4021-facefacts-ceramide-hydrating-gentle-cleanser-140ml-02.jpeg,FOUND,False,product_featured
4022,,https://wholesalebeautyhub.co.uk/wp-content/uploads/2024/09/5F83FC9D-2CA3-45A2-B2D6-3745B55734A7.jpeg,product-4023-facefacts-collagen-amp-q10-replenishing-facial-serum.jpeg,FOUND,False,product_featured
4022,,https://wholesalebeautyhub.co.uk/wp-content/uploads/2024/09/5F83FC9D-2CA3-45A2-B2D6-3745B55734A7.jpeg,product-4023-facefacts-collagen-amp-q10-replenishing-facial-serum-02.jpeg,FOUND,False,product_featured
4022,,https://wholesalebeautyhub.co.uk/wp-content/uploads/2024/09/565A2EAB-4CD1-4999-B4E5-55B3498D0B19.jpeg,product-4024-facefacts-collagen-amp-q10-replenishing-facial-serum-03.jpeg,FOUND,False,product_gallery
4025,,https://wholesalebeautyhub.co.uk/wp-content/uploads/2024/09/34772B1A-B2AC-4A63-93A8-86CE894247AD.jpeg,product-4026-baby-dove-lotion-fragrance-free-moisture-200ml.jpeg,FOUND,False,product_featured
4025,,https://wholesalebeautyhub.co.uk/wp-content/uploads/2024/09/34772B1A-B2AC-4A63-93A8-86CE894247AD.jpeg,product-4026-baby-dove-lotion-fragrance-free-moisture-200ml-02.jpeg,FOUND,False,product_featured
4027,,https://wholesalebeautyhub.co.uk/wp-content/uploads/2024/09/E337812A-9E1E-44FC-8A4B-31CE3ABB36EA.png,product-4028-dove-shower-gel-nurturing-cocoa-butter-hibiscus-body-wash-22.png,FOUND,False,product_featured
4027,,https://wholesalebeautyhub.co.uk/wp-content/uploads/2024/09/E337812A-9E1E-44FC-8A4B-31CE3ABB36EA.png,product-4028-dove-shower-gel-nurturing-cocoa-butter-hibiscus-body-wash-22-02.png,FOUND,False,product_featured
4030,,https://wholesalebeautyhub.co.uk/wp-content/uploads/2024/09/D38EDC7B-AE28-4A1E-B132-6E593956F825.jpeg,product-4031-dove-revitalising-body-wash-225ml.jpeg,FOUND,False,product_featured
4030,,https://wholesalebeautyhub.co.uk/wp-content/uploads/2024/09/D38EDC7B-AE28-4A1E-B132-6E593956F825.jpeg,product-4031-dove-revitalising-body-wash-225ml-02.jpeg,FOUND,False,product_featured
4032,,https://wholesalebeautyhub.co.uk/wp-content/uploads/2024/09/AD6633E9-D0FC-42CE-8005-2C73E4AC80B1.jpeg,product-4033-dove-pampering-body-wash-shea-butter-vanilla-225ml.jpeg,FOUND,False,product_featured
4032,,https://wholesalebeautyhub.co.uk/wp-content/uploads/2024/09/AD6633E9-D0FC-42CE-8005-2C73E4AC80B1.jpeg,product-4033-dove-pampering-body-wash-shea-butter-vanilla-225ml-02.jpeg,FOUND,False,product_featured
4034,,https://wholesalebeautyhub.co.uk/wp-content/uploads/2024/09/78EDE118-6A8F-4FCC-A1A1-A5D0716B2084.jpeg,product-4035-dove-almond-cream-hibiscus-body-wash-500ml.jpeg,FOUND,False,product_featured
4034,,https://wholesalebeautyhub.co.uk/wp-content/uploads/2024/09/78EDE118-6A8F-4FCC-A1A1-A5D0716B2084.jpeg,product-4035-dove-almond-cream-hibiscus-body-wash-500ml-02.jpeg,FOUND,False,product_featured
4036,,https://wholesalebeautyhub.co.uk/wp-content/uploads/2024/09/FEEA483A-F959-4B87-A9A7-66FC73216414.png,product-4037-dove-indulging-bath-wash-500ml.png,FOUND,False,product_featured
4036,,https://wholesalebeautyhub.co.uk/wp-content/uploads/2024/09/FEEA483A-F959-4B87-A9A7-66FC73216414.png,product-4037-dove-indulging-bath-wash-500ml-02.png,FOUND,False,product_featured
4038,,https://wholesalebeautyhub.co.uk/wp-content/uploads/2024/09/9A4EB1F8-1A2E-494F-B485-320B9E38D77C.png,product-4039-sooo-pro-extra-dimensions-highlighter-compact.png,FOUND,False,product_featured
4038,,https://wholesalebeautyhub.co.uk/wp-content/uploads/2024/09/9A4EB1F8-1A2E-494F-B485-320B9E38D77C.png,product-4039-sooo-pro-extra-dimensions-highlighter-compact-02.png,FOUND,False,product_featured
4038,,https://wholesalebeautyhub.co.uk/wp-content/uploads/2024/09/8AE7EA31-2177-4D7D-82C2-FCF02211E7EC.jpeg,variant-4042-sooo-pro-extra-dimensions-highlighter-compact-variant.jpeg,FOUND,False,variant_image
4038,,https://wholesalebeautyhub.co.uk/wp-content/uploads/2024/09/8597D6C6-FE8F-422E-972F-6B3BECEF9920.jpeg,variant-4043-sooo-pro-extra-dimensions-highlighter-compact-variant-02.jpeg,FOUND,False,variant_image
4038,4040,https://wholesalebeautyhub.co.uk/wp-content/uploads/2024/09/8AE7EA31-2177-4D7D-82C2-FCF02211E7EC.jpeg,variant-4042-sooo-pro-extra-dimensions-highlighter-compact-variant.jpeg,FOUND,False,variant_image
4038,4041,https://wholesalebeautyhub.co.uk/wp-content/uploads/2024/09/8597D6C6-FE8F-422E-972F-6B3BECEF9920.jpeg,variant-4043-sooo-pro-extra-dimensions-highlighter-compact-variant-02.jpeg,FOUND,False,variant_image
4673,,https://wholesalebeautyhub.co.uk/wp-content/uploads/2024/10/3EBBB768-2EDB-407E-90EB-06B60A0377BE.jpeg,product-4674-annies-beauty-meet-the-brown-eyeshadow-palette.jpeg,FOUND,False,product_featured
4673,,https://wholesalebeautyhub.co.uk/wp-content/uploads/2025/08/214DB40E-AB50-4B3F-8B70-00E3C1F8BD67.webp,variant-13911-annies-beauty-meet-the-brown-eyeshadow-palette-variant.webp,FOUND,False,variant_image
4673,,https://wholesalebeautyhub.co.uk/wp-content/uploads/2025/08/214DB40E-AB50-4B3F-8B70-00E3C1F8BD67.webp,variant-13911-annies-beauty-meet-the-brown-eyeshadow-palette-variant-02.webp,FOUND,False,variant_image
4673,13914,https://wholesalebeautyhub.co.uk/wp-content/uploads/2025/08/214DB40E-AB50-4B3F-8B70-00E3C1F8BD67.webp,variant-13911-annies-beauty-meet-the-brown-eyeshadow-palette-variant.webp,FOUND,False,variant_image
4673,13915,https://wholesalebeautyhub.co.uk/wp-content/uploads/2025/08/214DB40E-AB50-4B3F-8B70-00E3C1F8BD67.webp,variant-13911-annies-beauty-meet-the-brown-eyeshadow-palette-variant-02.webp,FOUND,False,variant_image
4680,,https://wholesalebeautyhub.co.uk/wp-content/uploads/2024/10/B0958B1A-3098-4594-9FBB-C557FCEEAF86.jpeg,product-4677-annies-beauty-party-girl-eyeshadow-palette.jpeg,FOUND,False,product_featured
4681,,https://wholesalebeautyhub.co.uk/wp-content/uploads/2024/10/C4ADFB30-43FA-4868-B94B-8D866E4A6C11.jpeg,product-4675-annies-beauty-cheek-orgasm-blush-palette-vol-1.jpeg,FOUND,False,product_featured
4681,,https://wholesalebeautyhub.co.uk/wp-content/uploads/2024/10/003615CD-82E2-45FB-B67B-CDE9D0B6B4EB.jpeg,product_body-4676-annies-beauty-cheek-orgasm-blush-palette-vol-1.jpeg,FOUND,False,product_body_content
4682,,https://wholesalebeautyhub.co.uk/wp-content/uploads/2024/10/BB8D2533-BEF9-4C40-A7A7-6D208015B6EB.jpeg,product-4684-tree-hut-foaming-gel-wash.jpeg,FOUND,False,product_featured
4682,,https://wholesalebeautyhub.co.uk/wp-content/uploads/2024/10/7879EA43-FF01-49AB-AAB2-772D9F6BC8F5.jpeg,variant-4678-tree-hut-foaming-gel-wash-variant.jpeg,FOUND,False,variant_image
4682,,https://wholesalebeautyhub.co.uk/wp-content/uploads/2024/10/7A5F282B-A2E4-43BE-9EDD-077317D4F794.jpeg,variant-4691-tree-hut-foaming-gel-wash-variant-02.jpeg,FOUND,False,variant_image
4682,,https://wholesalebeautyhub.co.uk/wp-content/uploads/2024/10/49EE211D-63CF-4EA1-943A-3EC21C7E90E0.jpeg,variant-4692-tree-hut-foaming-gel-wash-variant-03.jpeg,FOUND,False,variant_image
4682,,https://wholesalebeautyhub.co.uk/wp-content/uploads/2024/10/B5E99038-2FD3-45E6-92A8-E3DE7A8C2829.jpeg,variant-4686-tree-hut-foaming-gel-wash-variant-04.jpeg,FOUND,False,variant_image
4682,4694,https://wholesalebeautyhub.co.uk/wp-content/uploads/2024/10/7A5F282B-A2E4-43BE-9EDD-077317D4F794.jpeg,variant-4691-tree-hut-foaming-gel-wash-variant-02.jpeg,FOUND,False,variant_image
4682,4695,https://wholesalebeautyhub.co.uk/wp-content/uploads/2024/10/49EE211D-63CF-4EA1-943A-3EC21C7E90E0.jpeg,variant-4692-tree-hut-foaming-gel-wash-variant-03.jpeg,FOUND,False,variant_image
4682,4696,https://wholesalebeautyhub.co.uk/wp-content/uploads/2024/10/B5E99038-2FD3-45E6-92A8-E3DE7A8C2829.jpeg,variant-4686-tree-hut-foaming-gel-wash-variant-04.jpeg,FOUND,False,variant_image
4682,4693,https://wholesalebeautyhub.co.uk/wp-content/uploads/2024/10/7879EA43-FF01-49AB-AAB2-772D9F6BC8F5.jpeg,variant-4678-tree-hut-foaming-gel-wash-variant.jpeg,FOUND,False,variant_image
4697,,https://wholesalebeautyhub.co.uk/wp-content/uploads/2024/10/A3EE647A-74C1-4BF2-BE15-FA2845E445AB.jpeg,product-4689-tree-hut-whipped-body-butter.jpeg,FOUND,False,product_featured
4697,,https://wholesalebeautyhub.co.uk/wp-content/uploads/2024/10/FDFCB2ED-6AD0-4A63-A9AD-5907E746F13E.jpeg,variant-4687-tree-hut-whipped-body-butter-variant.jpeg,FOUND,False,variant_image
4697,,https://wholesalebeautyhub.co.uk/wp-content/uploads/2024/10/A3EE647A-74C1-4BF2-BE15-FA2845E445AB.jpeg,variant-4689-tree-hut-whipped-body-butter-variant-02.jpeg,FOUND,False,variant_image
4697,4698,https://wholesalebeautyhub.co.uk/wp-content/uploads/2024/10/FDFCB2ED-6AD0-4A63-A9AD-5907E746F13E.jpeg,variant-4687-tree-hut-whipped-body-butter-variant.jpeg,FOUND,False,variant_image
4697,4699,https://wholesalebeautyhub.co.uk/wp-content/uploads/2024/10/A3EE647A-74C1-4BF2-BE15-FA2845E445AB.jpeg,variant-4689-tree-hut-whipped-body-butter-variant-02.jpeg,FOUND,False,variant_image
4702,,https://wholesalebeautyhub.co.uk/wp-content/uploads/2024/10/1F4AB2EC-AB02-4032-A781-20AD361C5B73.jpeg,product-4703-aveeno-baby-daily-moisturizing-cream-with-prebiotic-oat-with.jpeg,FOUND,False,product_featured
4702,,https://wholesalebeautyhub.co.uk/wp-content/uploads/2024/10/CAC88F36-076E-4908-93F8-A0D2B69258FF.jpeg,product_body-4704-aveeno-baby-daily-moisturizing-cream-with-prebiotic-oat-with.jpeg,FOUND,False,product_body_content
4702,,https://wholesalebeautyhub.co.uk/wp-content/uploads/2024/10/B5955814-7D18-46A9-9179-594E31FBB60A.jpeg,product_body-4705-aveeno-baby-daily-moisturizing-cream-with-prebiotic-oat-with-02.jpeg,FOUND,False,product_body_content
4706,,https://wholesalebeautyhub.co.uk/wp-content/uploads/2024/10/647A6ED3-6F25-4133-9257-06B935F16994.jpeg,product-4707-aveeno-baby-daily-care-gift-set-with-oat-extract-prebiotic-o.jpeg,FOUND,False,product_featured
4706,,https://wholesalebeautyhub.co.uk/wp-content/uploads/2024/10/C61CCFFF-E7B4-4E2F-A71A-8E60AE7CE730.jpeg,product_body-4708-aveeno-baby-daily-care-gift-set-with-oat-extract-prebiotic-o.jpeg,FOUND,False,product_body_content
4706,,https://wholesalebeautyhub.co.uk/wp-content/uploads/2024/10/94BCB217-42F5-40AD-9DB5-AD47F7CFF686.jpeg,product_body-4709-aveeno-baby-daily-care-gift-set-with-oat-extract-prebiotic-o-02.jpeg,FOUND,False,product_body_content
4711,,https://wholesalebeautyhub.co.uk/wp-content/uploads/2024/10/A6A1C497-1A23-4A1A-8CC2-57008E98939C.jpeg,product-4712-timeless-skin-care-vitamin-c-serum-with-vitamin-e-amp-feruli.jpeg,FOUND,False,product_featured
4711,,https://wholesalebeautyhub.co.uk/wp-content/uploads/2024/10/A6A1C497-1A23-4A1A-8CC2-57008E98939C.jpeg,product-4712-timeless-skin-care-vitamin-c-serum-with-vitamin-e-amp-feruli-02.jpeg,FOUND,False,product_featured
4711,,https://wholesalebeautyhub.co.uk/wp-content/uploads/2024/10/FB3B6953-250E-43E2-9EE7-71262E53C256.jpeg,product_body-4713-timeless-skin-care-vitamin-c-serum-with-vitamin-e-amp-feruli.jpeg,FOUND,False,product_body_content
4711,,https://wholesalebeautyhub.co.uk/wp-content/uploads/2024/10/078A8819-6A30-4485-8AEE-F2B917242F67.jpeg,product_body-4714-timeless-skin-care-vitamin-c-serum-with-vitamin-e-amp-feruli-02.jpeg,FOUND,False,product_body_content
4711,,https://wholesalebeautyhub.co.uk/wp-content/uploads/2024/10/9E96E38F-0DAA-4E5C-89D4-F21653A42635.jpeg,product_body-4715-timeless-skin-care-vitamin-c-serum-with-vitamin-e-amp-feruli-03.jpeg,FOUND,False,product_body_content
5103,,https://wholesalebeautyhub.co.uk/wp-content/uploads/2024/10/WhatsApp-Image-2025-10-10-at-16.55.21.jpeg,product-14962-vaseline-vitamin-b3-body-oil-200ml.jpeg,FOUND,False,product_featured
5110,,https://wholesalebeautyhub.co.uk/wp-content/uploads/2024/10/AB5AA5D3-A661-4B35-BB05-CC576E0FFE99.jpeg,product-5106-vaseline-healthy-plus-bar-soap-vit-b3-healthy-bright-3x75g.jpeg,FOUND,False,product_featured
5111,,https://wholesalebeautyhub.co.uk/wp-content/uploads/2024/10/5B0251FB-BD36-461D-AA0C-F8E6ADC16ACA.webp,product-5109-cosrx-advanced-snail-92-all-in-one-cream-tube-100g.webp,FOUND,False,product_featured
5111,,https://wholesalebeautyhub.co.uk/wp-content/uploads/2024/10/705FCCC7-CFDF-4090-B67F-42EB0FEFCA33.jpeg,product_body-5107-cosrx-advanced-snail-92-all-in-one-cream-tube-100g.jpeg,FOUND,False,product_body_content
5111,,https://wholesalebeautyhub.co.uk/wp-content/uploads/2024/10/A99C4C30-20B6-4F40-B1A8-9BC02B29D953.webp,product_body-5108-cosrx-advanced-snail-92-all-in-one-cream-tube-100g-02.webp,FOUND,False,product_body_content
5112,,https://wholesalebeautyhub.co.uk/wp-content/uploads/2024/10/275F130E-5DC0-478A-BACA-CDB1306ABF76.jpeg,product-5114-zapzyt-acne-treatment-gel.jpeg,FOUND,False,product_featured
5115,,https://wholesalebeautyhub.co.uk/wp-content/uploads/2024/10/15C891E3-D1AB-4B20-AD80-1EAFEFEBBE71.webp,product-5116-missha-vita-c-plus-brightening-toner-200ml.webp,FOUND,False,product_featured
5115,,https://wholesalebeautyhub.co.uk/wp-content/uploads/2024/10/4E7FF3F9-1D3F-4F11-BE27-E470023EC054.webp,product_body-5117-missha-vita-c-plus-brightening-toner-200ml.webp,FOUND,False,product_body_content
5115,,https://wholesalebeautyhub.co.uk/wp-content/uploads/2024/10/32536F18-F501-494A-9832-6CC2AF10730B.webp,product_body-5118-missha-vita-c-plus-brightening-toner-200ml-02.webp,FOUND,False,product_body_content
5119,,https://wholesalebeautyhub.co.uk/wp-content/uploads/2024/10/9CE7CA83-CCE4-40C6-AC6B-43C5B75BBA28.png,product-5123-mary-amp-may-tranexamic-eye-cream-special-set-pack-of-2.png,FOUND,False,product_featured
5355,,https://wholesalebeautyhub.co.uk/wp-content/uploads/2024/11/843D0E85-E8E6-4719-BD22-86D307A4E2B8.jpeg,product-5356-tola-banks-easy-blend-beauty-sponge-pack-of-4.jpeg,FOUND,False,product_featured
5362,,https://wholesalebeautyhub.co.uk/wp-content/uploads/2024/11/A3F8DC8C-36CA-4F8C-821F-D2612ED89DCD.jpeg,product-5363-flawless-stay-on-spray-150ml.jpeg,FOUND,False,product_featured
5911,,https://wholesalebeautyhub.co.uk/wp-content/uploads/2024/11/690EB7EF-E4DF-4812-ADE0-E2A085B22A6C.jpeg,product-5913-good-molecules-brightening-amp-dark-spots-bar-85g.jpeg,FOUND,False,product_featured
5911,,https://wholesalebeautyhub.co.uk/wp-content/uploads/2024/11/7530AB32-3357-4082-980C-644B8EFCEBB5.jpeg,product-5912-good-molecules-brightening-amp-dark-spots-bar-85g-02.jpeg,FOUND,False,product_gallery
5911,,https://wholesalebeautyhub.co.uk/wp-content/uploads/2024/11/690EB7EF-E4DF-4812-ADE0-E2A085B22A6C.jpeg,product-5913-good-molecules-brightening-amp-dark-spots-bar-85g-03.jpeg,FOUND,False,product_featured
5911,,https://wholesalebeautyhub.co.uk/wp-content/uploads/2024/11/A4D29429-6B40-4EED-AC80-F95C5DE077AD.jpeg,product-5914-good-molecules-brightening-amp-dark-spots-bar-85g-04.jpeg,FOUND,False,product_gallery
5915,,https://wholesalebeautyhub.co.uk/wp-content/uploads/2024/11/63C47D94-E559-4BC8-8AD3-E4E3B949C7FC.png,product-5916-nip-fab-retinol-fix-overnight-cream-50ml.png,FOUND,False,product_featured
5915,,https://wholesalebeautyhub.co.uk/wp-content/uploads/2024/11/63C47D94-E559-4BC8-8AD3-E4E3B949C7FC.png,product-5916-nip-fab-retinol-fix-overnight-cream-50ml-02.png,FOUND,False,product_featured
5915,,https://wholesalebeautyhub.co.uk/wp-content/uploads/2024/11/8E9DD605-8C85-4C89-AA5D-F0585A537000.png,product-5917-nip-fab-retinol-fix-overnight-cream-50ml-03.png,FOUND,False,product_gallery
5918,,https://wholesalebeautyhub.co.uk/wp-content/uploads/2024/11/D1E45FD9-6C99-4CBB-9AB4-3D28717C8E3B.jpeg,product-5919-nip-fab-vitamin-c-fix-cleanser.jpeg,FOUND,False,product_featured
5918,,https://wholesalebeautyhub.co.uk/wp-content/uploads/2024/11/D1E45FD9-6C99-4CBB-9AB4-3D28717C8E3B.jpeg,product-5919-nip-fab-vitamin-c-fix-cleanser-02.jpeg,FOUND,False,product_featured
5921,,https://wholesalebeautyhub.co.uk/wp-content/uploads/2024/11/1EB1BC9C-B7E7-48BB-8C93-D0841FC9CB0D.jpeg,product-5922-tiam-ac-fighting-aha-bha-pha-toner.jpeg,FOUND,False,product_featured
5921,,https://wholesalebeautyhub.co.uk/wp-content/uploads/2024/11/1EB1BC9C-B7E7-48BB-8C93-D0841FC9CB0D.jpeg,product-5922-tiam-ac-fighting-aha-bha-pha-toner-02.jpeg,FOUND,False,product_featured
5921,,https://wholesalebeautyhub.co.uk/wp-content/uploads/2024/11/B0C50021-1E5E-45F1-BCD1-061844112869.jpeg,product-5923-tiam-ac-fighting-aha-bha-pha-toner-03.jpeg,FOUND,False,product_gallery
5921,,https://wholesalebeautyhub.co.uk/wp-content/uploads/2024/11/E86162BF-6324-48DA-BB58-6C76B826BBEA.jpeg,product-5924-tiam-ac-fighting-aha-bha-pha-toner-04.jpeg,FOUND,False,product_gallery
5935,,https://wholesalebeautyhub.co.uk/wp-content/uploads/2024/11/96DAFD88-6100-436D-BC41-E1323EE27A28.jpeg,product-5936-naturium-barrier-bounce-50ml.jpeg,FOUND,False,product_featured
5935,,https://wholesalebeautyhub.co.uk/wp-content/uploads/2024/11/96DAFD88-6100-436D-BC41-E1323EE27A28.jpeg,product-5936-naturium-barrier-bounce-50ml-02.jpeg,FOUND,False,product_featured
5935,,https://wholesalebeautyhub.co.uk/wp-content/uploads/2024/11/CC40ED31-5D2D-4935-8E0B-13CA11692055.jpeg,product-5937-naturium-barrier-bounce-50ml-03.jpeg,FOUND,False,product_gallery
5935,,https://wholesalebeautyhub.co.uk/wp-content/uploads/2024/11/F2EABDE2-2057-42BB-983A-5DB1E30538D4.jpeg,product-5938-naturium-barrier-bounce-50ml-04.jpeg,FOUND,False,product_gallery
5935,,https://wholesalebeautyhub.co.uk/wp-content/uploads/2024/11/33994C6F-578E-4555-8BE1-20A3AD45F096.jpeg,product-5939-naturium-barrier-bounce-50ml-05.jpeg,FOUND,False,product_gallery
5940,,https://wholesalebeautyhub.co.uk/wp-content/uploads/2024/11/141CD9ED-ED6D-4B80-AB70-4C49A3AEE129.jpeg,product-5942-naturium-aha-exfoliating-mask-10.jpeg,FOUND,False,product_featured
5940,,https://wholesalebeautyhub.co.uk/wp-content/uploads/2024/11/660120DA-D752-4114-9B52-D3A9286E169C.jpeg,product-5941-naturium-aha-exfoliating-mask-10-02.jpeg,FOUND,False,product_gallery
5940,,https://wholesalebeautyhub.co.uk/wp-content/uploads/2024/11/141CD9ED-ED6D-4B80-AB70-4C49A3AEE129.jpeg,product-5942-naturium-aha-exfoliating-mask-10-03.jpeg,FOUND,False,product_featured
5940,,https://wholesalebeautyhub.co.uk/wp-content/uploads/2024/11/F009BD92-089F-4741-82F3-886B7C7D2BDD.jpeg,product-5943-naturium-aha-exfoliating-mask-10-04.jpeg,FOUND,False,product_gallery
5940,,https://wholesalebeautyhub.co.uk/wp-content/uploads/2024/11/AAD64469-AC08-4866-84E2-E8A88C468D5E.jpeg,product-5944-naturium-aha-exfoliating-mask-10-05.jpeg,FOUND,False,product_gallery
5945,,https://wholesalebeautyhub.co.uk/wp-content/uploads/2024/11/6C65D7F6-7C7A-453D-84F7-C8A484A57EC7.jpeg,product-5956-sylvimak-concealer.jpeg,FOUND,False,product_featured
5945,,https://wholesalebeautyhub.co.uk/wp-content/uploads/2024/11/6C65D7F6-7C7A-453D-84F7-C8A484A57EC7.jpeg,product-5956-sylvimak-concealer-02.jpeg,FOUND,False,product_featured
5945,,https://wholesalebeautyhub.co.uk/wp-content/uploads/2024/11/2613B357-0985-42F9-B5A6-B8105D3268D7.jpeg,product-5957-sylvimak-concealer-03.jpeg,FOUND,False,product_gallery
5945,,https://wholesalebeautyhub.co.uk/wp-content/uploads/2024/11/AE67A433-1491-4BAE-BDB4-2D6BDB4D0F83.jpeg,variant-5948-sylvimak-concealer-variant.jpeg,FOUND,False,variant_image
5945,,https://wholesalebeautyhub.co.uk/wp-content/uploads/2024/11/AE67A433-1491-4BAE-BDB4-2D6BDB4D0F83.jpeg,variant-5948-sylvimak-concealer-variant-02.jpeg,FOUND,False,variant_image
5945,,https://wholesalebeautyhub.co.uk/wp-content/uploads/2024/11/AE67A433-1491-4BAE-BDB4-2D6BDB4D0F83.jpeg,variant-5948-sylvimak-concealer-variant-03.jpeg,FOUND,False,variant_image
5945,,https://wholesalebeautyhub.co.uk/wp-content/uploads/2024/11/AE67A433-1491-4BAE-BDB4-2D6BDB4D0F83.jpeg,variant-5948-sylvimak-concealer-variant-04.jpeg,FOUND,False,variant_image
5945,,https://wholesalebeautyhub.co.uk/wp-content/uploads/2024/11/AE67A433-1491-4BAE-BDB4-2D6BDB4D0F83.jpeg,variant-5948-sylvimak-concealer-variant-05.jpeg,FOUND,False,variant_image
5945,,https://wholesalebeautyhub.co.uk/wp-content/uploads/2024/11/AE67A433-1491-4BAE-BDB4-2D6BDB4D0F83.jpeg,variant-5948-sylvimak-concealer-variant-06.jpeg,FOUND,False,variant_image
5945,,https://wholesalebeautyhub.co.uk/wp-content/uploads/2024/11/AE67A433-1491-4BAE-BDB4-2D6BDB4D0F83.jpeg,variant-5948-sylvimak-concealer-variant-07.jpeg,FOUND,False,variant_image
5945,,https://wholesalebeautyhub.co.uk/wp-content/uploads/2024/11/AE67A433-1491-4BAE-BDB4-2D6BDB4D0F83.jpeg,variant-5948-sylvimak-concealer-variant-08.jpeg,FOUND,False,variant_image
5945,5946,https://wholesalebeautyhub.co.uk/wp-content/uploads/2024/11/AE67A433-1491-4BAE-BDB4-2D6BDB4D0F83.jpeg,variant-5948-sylvimak-concealer-variant.jpeg,FOUND,False,variant_image
5945,5949,https://wholesalebeautyhub.co.uk/wp-content/uploads/2024/11/AE67A433-1491-4BAE-BDB4-2D6BDB4D0F83.jpeg,variant-5948-sylvimak-concealer-variant-02.jpeg,FOUND,False,variant_image
5945,5950,https://wholesalebeautyhub.co.uk/wp-content/uploads/2024/11/AE67A433-1491-4BAE-BDB4-2D6BDB4D0F83.jpeg,variant-5948-sylvimak-concealer-variant-03.jpeg,FOUND,False,variant_image
5945,5951,https://wholesalebeautyhub.co.uk/wp-content/uploads/2024/11/AE67A433-1491-4BAE-BDB4-2D6BDB4D0F83.jpeg,variant-5948-sylvimak-concealer-variant-04.jpeg,FOUND,False,variant_image
5945,5952,https://wholesalebeautyhub.co.uk/wp-content/uploads/2024/11/AE67A433-1491-4BAE-BDB4-2D6BDB4D0F83.jpeg,variant-5948-sylvimak-concealer-variant-05.jpeg,FOUND,False,variant_image
5945,5953,https://wholesalebeautyhub.co.uk/wp-content/uploads/2024/11/AE67A433-1491-4BAE-BDB4-2D6BDB4D0F83.jpeg,variant-5948-sylvimak-concealer-variant-06.jpeg,FOUND,False,variant_image
5945,5954,https://wholesalebeautyhub.co.uk/wp-content/uploads/2024/11/AE67A433-1491-4BAE-BDB4-2D6BDB4D0F83.jpeg,variant-5948-sylvimak-concealer-variant-07.jpeg,FOUND,False,variant_image
5945,5955,https://wholesalebeautyhub.co.uk/wp-content/uploads/2024/11/AE67A433-1491-4BAE-BDB4-2D6BDB4D0F83.jpeg,variant-5948-sylvimak-concealer-variant-08.jpeg,FOUND,False,variant_image
5989,,https://wholesalebeautyhub.co.uk/wp-content/uploads/2024/11/7D6511DE-A5C2-463A-9007-A138AABDD188.png,product-5991-tree-hut-vitamin-c-shea-sugar-scrub.png,FOUND,False,product_featured
5989,,https://wholesalebeautyhub.co.uk/wp-content/uploads/2024/11/026E181D-A2AE-4DB7-9B8F-A028A135251B.png,product-5990-tree-hut-vitamin-c-shea-sugar-scrub-02.png,FOUND,False,product_gallery
5989,,https://wholesalebeautyhub.co.uk/wp-content/uploads/2024/11/7D6511DE-A5C2-463A-9007-A138AABDD188.png,product-5991-tree-hut-vitamin-c-shea-sugar-scrub-03.png,FOUND,False,product_featured
6565,,https://wholesalebeautyhub.co.uk/wp-content/uploads/2024/12/D833060B-06D1-45A7-9E90-9E00AB085BDA.jpeg,product-6566-olay-hyaluronic-acid-body-lotion.jpeg,FOUND,False,product_featured
7309,,https://wholesalebeautyhub.co.uk/wp-content/uploads/2025/01/EOS-COCONUT.jpg,product-7314-eos-body-lotion-coconut-waters-16-fl-oz-473ml.jpg,FOUND,False,product_featured
7309,,https://wholesalebeautyhub.co.uk/wp-content/uploads/2025/01/EOS-COCONUT.jpg,product-7314-eos-body-lotion-coconut-waters-16-fl-oz-473ml-02.jpg,FOUND,False,product_featured
7309,,https://wholesalebeautyhub.co.uk/wp-content/uploads/2025/01/EOS-COCONUT-4.jpg,product-7313-eos-body-lotion-coconut-waters-16-fl-oz-473ml-03.jpg,FOUND,False,product_gallery
7309,,https://wholesalebeautyhub.co.uk/wp-content/uploads/2025/01/EOS-COCONUT-3.jpg,product-7312-eos-body-lotion-coconut-waters-16-fl-oz-473ml-04.jpg,FOUND,False,product_gallery
7309,,https://wholesalebeautyhub.co.uk/wp-content/uploads/2025/01/EOS-COCONUT-2.jpg,product-7311-eos-body-lotion-coconut-waters-16-fl-oz-473ml-05.jpg,FOUND,False,product_gallery
7323,,https://wholesalebeautyhub.co.uk/wp-content/uploads/2025/01/dr-teals-scrub.webp,product-7326-dr-teals-shea-sugar-prebiotic-lemon-balm-scrub.webp,FOUND,False,product_featured
7323,,https://wholesalebeautyhub.co.uk/wp-content/uploads/2025/01/dr-teals.webp,product-7327-dr-teals-shea-sugar-prebiotic-lemon-balm-scrub-02.webp,FOUND,False,product_gallery
7323,,https://wholesalebeautyhub.co.uk/wp-content/uploads/2025/01/dr-teals-scrub.webp,product-7326-dr-teals-shea-sugar-prebiotic-lemon-balm-scrub-03.webp,FOUND,False,product_featured
7323,,https://wholesalebeautyhub.co.uk/wp-content/uploads/2025/01/dr-teals-3.webp,product-7325-dr-teals-shea-sugar-prebiotic-lemon-balm-scrub-04.webp,FOUND,False,product_gallery
7323,,https://wholesalebeautyhub.co.uk/wp-content/uploads/2025/01/dr-teal-2.webp,product-7324-dr-teals-shea-sugar-prebiotic-lemon-balm-scrub-05.webp,FOUND,False,product_gallery
7328,,https://wholesalebeautyhub.co.uk/wp-content/uploads/2025/01/469946345_585473460801661_2312417212183625562_n-1.jpg,product-7333-yglam-beauty-bronzer-pallete-bronzey.jpg,FOUND,False,product_featured
7328,,https://wholesalebeautyhub.co.uk/wp-content/uploads/2025/01/469719328_1301901797827444_2981701555243887840_n.jpg,product-7334-yglam-beauty-bronzer-pallete-bronzey-02.jpg,FOUND,False,product_gallery
7328,,https://wholesalebeautyhub.co.uk/wp-content/uploads/2025/01/469956939_1075191140756590_9029233993407018320_n.jpg,product-7335-yglam-beauty-bronzer-pallete-bronzey-03.jpg,FOUND,False,product_gallery
7515,,https://wholesalebeautyhub.co.uk/wp-content/uploads/2025/01/IMG_0224.png,product-7498-skincare-essentials-combo-deal-valentine-combo-deals.png,FOUND,False,product_featured
7515,,https://wholesalebeautyhub.co.uk/wp-content/uploads/2025/01/60762943-59d4-47ff-ad09-3a50278321c3-1.jpg,product-7517-skincare-essentials-combo-deal-valentine-combo-deals-02.jpg,FOUND,False,product_gallery
7534,,https://wholesalebeautyhub.co.uk/wp-content/uploads/2025/01/IMG_0222.png,product-7500-hydartion-barrier-repair-combo-valentine-combo-deals.png,FOUND,False,product_featured
7534,,https://wholesalebeautyhub.co.uk/wp-content/uploads/2025/01/Untitled-design.jpg,product-7532-hydartion-barrier-repair-combo-valentine-combo-deals-02.jpg,FOUND,False,product_gallery
7535,,https://wholesalebeautyhub.co.uk/wp-content/uploads/2025/01/IMG_0215.png,product-7497-acne-blemish-fighter-set-valentine-combo-deals.png,FOUND,False,product_featured
7535,,https://wholesalebeautyhub.co.uk/wp-content/uploads/2025/01/c9b06bc5-b34e-43eb-90fb-a87d9d60b47f.jpg,product-7526-acne-blemish-fighter-set-valentine-combo-deals-02.jpg,FOUND,False,product_gallery
7537,,https://wholesalebeautyhub.co.uk/wp-content/uploads/2025/01/IMG_0231.png,product-7494-exfoliating-and-moisturizing-body-combo-valentine-combo-deal.png,FOUND,False,product_featured
7537,,https://wholesalebeautyhub.co.uk/wp-content/uploads/2025/01/185c3354-7316-4d39-b3ed-cc30f37b28a1.jpg,product-7522-exfoliating-and-moisturizing-body-combo-valentine-combo-deal-02.jpg,FOUND,False,product_gallery
7539,,https://wholesalebeautyhub.co.uk/wp-content/uploads/2025/01/WhatsApp-Image-2025-02-01-at-18.16.38.jpeg,product-7605-body-glow-brightening-combo-3-valentine-combo-deals.jpeg,FOUND,False,product_featured
7539,,https://wholesalebeautyhub.co.uk/wp-content/uploads/2025/01/a24b8460-0b1a-47a3-926c-a4df08a9e03b.jpg,product-7523-body-glow-brightening-combo-3-valentine-combo-deals-02.jpg,FOUND,False,product_gallery
7542,,https://wholesalebeautyhub.co.uk/wp-content/uploads/2025/01/IMG_0230.png,product-7492-body-glow-brightening-combo-2-valentine-combo-deals.png,FOUND,False,product_featured
7542,,https://wholesalebeautyhub.co.uk/wp-content/uploads/2025/01/b103e54e-654c-4aac-9a79-5ccb1eaf1230.jpg,product-7525-body-glow-brightening-combo-2-valentine-combo-deals-02.jpg,FOUND,False,product_gallery
7543,,https://wholesalebeautyhub.co.uk/wp-content/uploads/2025/01/IMG_0214.png,product-7499-body-glow-brightening-combo-1-bundle-deal.png,FOUND,False,product_featured
7543,,https://wholesalebeautyhub.co.uk/wp-content/uploads/2025/01/dcab134f-34a6-4b1b-bb55-7e587fbcc2f7.jpg,product-7524-body-glow-brightening-combo-1-bundle-deal-02.jpg,FOUND,False,product_gallery
7544,,https://wholesalebeautyhub.co.uk/wp-content/uploads/2025/01/IMG_0223-1.png,product-7496-glow-radiance-bundle-for-hyperpigmentation-brightening-valen.png,FOUND,False,product_featured
7544,,https://wholesalebeautyhub.co.uk/wp-content/uploads/2025/01/30ccee14-8a41-4d5d-a134-bed8cb6f53e7-1.jpg,product-7529-glow-radiance-bundle-for-hyperpigmentation-brightening-valen-02.jpg,FOUND,False,product_gallery
7880,,https://wholesalebeautyhub.co.uk/wp-content/uploads/2025/02/IMG_0530.jpg,product-7883-eos-pink-champagne-body-wash.jpg,FOUND,False,product_featured
7885,,https://wholesalebeautyhub.co.uk/wp-content/uploads/2025/02/UK200036497_NATURIUM_3.jpg,product-7886-naturium-alpha-arbutin-serum-2-30ml.jpg,FOUND,False,product_featured
7885,,https://wholesalebeautyhub.co.uk/wp-content/uploads/2025/02/UK200036497_NATURIUM.jpg,product-7887-naturium-alpha-arbutin-serum-2-30ml-02.jpg,FOUND,False,product_gallery
7885,,https://wholesalebeautyhub.co.uk/wp-content/uploads/2025/02/UK200036497_NATURIUM_1.jpg,product-7888-naturium-alpha-arbutin-serum-2-30ml-03.jpg,FOUND,False,product_gallery
7885,,https://wholesalebeautyhub.co.uk/wp-content/uploads/2025/02/UK200036497_NATURIUM_3-1.jpg,product-7889-naturium-alpha-arbutin-serum-2-30ml-04.jpg,FOUND,False,product_gallery
7890,,https://wholesalebeautyhub.co.uk/wp-content/uploads/2025/02/6654.webp,product-7928-tiam-vita-b3-mist-toner-6-76-fl-oz-200-ml.webp,FOUND,False,product_featured
7895,,https://wholesalebeautyhub.co.uk/wp-content/uploads/2025/02/IMG_0541.jpg,product-7897-vee-beauty-eyeshadow-palette-naked.jpg,FOUND,False,product_featured
7895,,https://wholesalebeautyhub.co.uk/wp-content/uploads/2025/02/IMG_0541-1.jpg,product-7898-vee-beauty-eyeshadow-palette-naked-02.jpg,FOUND,False,product_gallery
7899,,https://wholesalebeautyhub.co.uk/wp-content/uploads/2025/02/IMG_0538.jpg,product-7901-vee-beauty-eyeshadow-palette-nudes.jpg,FOUND,False,product_featured
7902,,https://wholesalebeautyhub.co.uk/wp-content/uploads/2025/02/IMG_0533.jpg,product-7909-eos-fresh-cozy-body-wash.jpg,FOUND,False,product_featured
7911,,https://wholesalebeautyhub.co.uk/wp-content/uploads/2025/02/IMG_0536-1.jpg,product-7906-eos-coconut-waters-body-wash.jpg,FOUND,False,product_featured
7912,,https://wholesalebeautyhub.co.uk/wp-content/uploads/2025/02/eos-hand-cream-Vanilla-Cashmere_c947d859-7062-49f8-832f-682693751f55-1.webp,product-7919-eos-shea-better-hand-cream.webp,FOUND,False,product_featured
7912,,https://wholesalebeautyhub.co.uk/wp-content/uploads/2025/10/WhatsApp-Image-2025-10-22-at-14.16.48.jpeg,variant-15248-eos-shea-better-hand-cream-variant.jpeg,FOUND,False,variant_image
7912,15247,https://wholesalebeautyhub.co.uk/wp-content/uploads/2025/10/WhatsApp-Image-2025-10-22-at-14.16.48.jpeg,variant-15248-eos-shea-better-hand-cream-variant.jpeg,FOUND,False,variant_image
7920,,https://wholesalebeautyhub.co.uk/wp-content/uploads/2025/02/eos-body-lotion-Strawberry-Dream_56a5056d-aff5-4396-8e87-556d79a003a4.webp,product-7922-eos-strawberry-dream-body-lotion.webp,FOUND,False,product_featured
7924,,https://wholesalebeautyhub.co.uk/wp-content/uploads/2025/02/d251276e-9a56-4310-b11f-9f5cb9cb7481.6c6f222e01d32920676c011a460d069a.webp,product-7926-tree-hut-shea-sugar-scrub-vanilla-510g.webp,FOUND,False,product_featured
7924,,https://wholesalebeautyhub.co.uk/wp-content/uploads/2025/02/tree.webp,product-7927-tree-hut-shea-sugar-scrub-vanilla-510g-02.webp,FOUND,False,product_gallery
7924,,https://wholesalebeautyhub.co.uk/wp-content/uploads/2025/02/IMG_20240509_163027.jpg,product-7925-tree-hut-shea-sugar-scrub-vanilla-510g-03.jpg,FOUND,False,product_gallery
8533,,https://wholesalebeautyhub.co.uk/wp-content/uploads/2025/03/IMG_0924.jpeg,product-8534-elastalift-dark-circle-eye-cream-collagen-peptide.jpeg,FOUND,False,product_featured
8618,,https://wholesalebeautyhub.co.uk/wp-content/uploads/2025/03/IMG_0909.jpeg,product-8621-vee-beauty-concealer-palette.jpeg,FOUND,False,product_featured
8618,,https://wholesalebeautyhub.co.uk/wp-content/uploads/2025/03/IMG_0908.jpeg,product-8622-vee-beauty-concealer-palette-02.jpeg,FOUND,False,product_gallery
8628,,https://wholesalebeautyhub.co.uk/wp-content/uploads/2025/03/IMG_0981.jpeg,product-8630-eucerin-baby-eczema-relief-cream-body-wash-fragrance-free.jpeg,FOUND,False,product_featured
8628,,https://wholesalebeautyhub.co.uk/wp-content/uploads/2025/03/IMG_0984.jpeg,product-8633-eucerin-baby-eczema-relief-cream-body-wash-fragrance-free-02.jpeg,FOUND,False,product_gallery
8628,,https://wholesalebeautyhub.co.uk/wp-content/uploads/2025/03/IMG_0983.jpeg,product-8632-eucerin-baby-eczema-relief-cream-body-wash-fragrance-free-03.jpeg,FOUND,False,product_gallery
8628,,https://wholesalebeautyhub.co.uk/wp-content/uploads/2025/03/IMG_0982.jpeg,product-8631-eucerin-baby-eczema-relief-cream-body-wash-fragrance-free-04.jpeg,FOUND,False,product_gallery
8634,,https://wholesalebeautyhub.co.uk/wp-content/uploads/2025/03/WhatsApp-Image-2025-06-13-at-00.05.11.jpeg,product-11234-olay-super-serum-body-wash.jpeg,FOUND,False,product_featured
8634,,https://wholesalebeautyhub.co.uk/wp-content/uploads/2025/03/IMG_0975.jpeg,product-8636-olay-super-serum-body-wash-02.jpeg,FOUND,False,product_gallery
8634,,https://wholesalebeautyhub.co.uk/wp-content/uploads/2025/03/IMG_0976.jpeg,product-8637-olay-super-serum-body-wash-03.jpeg,FOUND,False,product_gallery
8634,,https://wholesalebeautyhub.co.uk/wp-content/uploads/2025/03/IMG_0977.jpeg,product-8638-olay-super-serum-body-wash-04.jpeg,FOUND,False,product_gallery
8634,,https://wholesalebeautyhub.co.uk/wp-content/uploads/2025/06/WhatsApp-Image-2025-06-13-at-00.05.11-1.jpeg,variant-11232-olay-super-serum-body-wash-variant.jpeg,FOUND,False,variant_image
8634,,https://wholesalebeautyhub.co.uk/wp-content/uploads/2025/06/WhatsApp-Image-2025-06-13-at-00.05.12.jpeg,variant-11233-olay-super-serum-body-wash-variant-02.jpeg,FOUND,False,variant_image
8634,11229,https://wholesalebeautyhub.co.uk/wp-content/uploads/2025/06/WhatsApp-Image-2025-06-13-at-00.05.11-1.jpeg,variant-11232-olay-super-serum-body-wash-variant.jpeg,FOUND,False,variant_image
8634,11230,https://wholesalebeautyhub.co.uk/wp-content/uploads/2025/06/WhatsApp-Image-2025-06-13-at-00.05.12.jpeg,variant-11233-olay-super-serum-body-wash-variant-02.jpeg,FOUND,False,variant_image
8647,,https://wholesalebeautyhub.co.uk/wp-content/uploads/2025/03/IMG_0972.jpeg,product-8643-la-roche-posay-lipikar-ap-triple-repair-moisturizing-cream.jpeg,FOUND,False,product_featured
8647,,https://wholesalebeautyhub.co.uk/wp-content/uploads/2025/03/IMG_0970.jpeg,product-8641-la-roche-posay-lipikar-ap-triple-repair-moisturizing-cream-02.jpeg,FOUND,False,product_gallery
8647,,https://wholesalebeautyhub.co.uk/wp-content/uploads/2025/03/IMG_0969.jpeg,product-8640-la-roche-posay-lipikar-ap-triple-repair-moisturizing-cream-03.jpeg,FOUND,False,product_gallery
8647,,https://wholesalebeautyhub.co.uk/wp-content/uploads/2025/03/IMG_0971.jpeg,product-8642-la-roche-posay-lipikar-ap-triple-repair-moisturizing-cream-04.jpeg,FOUND,False,product_gallery
8648,,https://wholesalebeautyhub.co.uk/wp-content/uploads/2025/03/IMG_1003.jpeg,product-8650-eos-vanilla-cashmere-body-wash.jpeg,FOUND,False,product_featured
8648,,https://wholesalebeautyhub.co.uk/wp-content/uploads/2025/03/IMG_1004.jpeg,product-8651-eos-vanilla-cashmere-body-wash-02.jpeg,FOUND,False,product_gallery
8653,,https://wholesalebeautyhub.co.uk/wp-content/uploads/2025/03/IMG_0992.jpeg,product-8655-eos-vanilla-cashmere-body-oil.jpeg,FOUND,False,product_featured
8659,,https://wholesalebeautyhub.co.uk/wp-content/uploads/2025/03/IMG_0993.jpeg,product-8656-eos-vanilla-cashmere-whipped-oil-body-butter.jpeg,FOUND,False,product_featured
8659,,https://wholesalebeautyhub.co.uk/wp-content/uploads/2025/03/IMG_0994.jpeg,product-8657-eos-vanilla-cashmere-whipped-oil-body-butter-02.jpeg,FOUND,False,product_gallery
8981,,https://wholesalebeautyhub.co.uk/wp-content/uploads/2025/03/11-8.jpg,product-8982-kiss-beauty-makeup-fix-spray-green-tea.jpg,FOUND,False,product_featured
9187,,https://wholesalebeautyhub.co.uk/wp-content/uploads/2025/04/IMG_3892.png,product-19759-olay-tone-brightening-vitamin-c-serum-complex-body-wash.png,FOUND,False,product_featured
9678,,https://wholesalebeautyhub.co.uk/wp-content/uploads/2025/04/IMG_1459.jpeg,product-10191-bm-pro-full-filter-foundation.jpeg,FOUND,False,product_featured
9678,,https://wholesalebeautyhub.co.uk/wp-content/uploads/2025/05/e51f9873-0220-49bc-b068-14b996278ffb.jpeg,variant-10194-bm-pro-full-filter-foundation-variant.jpeg,FOUND,False,variant_image
9678,,https://wholesalebeautyhub.co.uk/wp-content/uploads/2025/05/4ab0cd42-2e0e-4baf-b255-e6d04a92883d.jpeg,variant-10196-bm-pro-full-filter-foundation-variant-02.jpeg,FOUND,False,variant_image
9678,,https://wholesalebeautyhub.co.uk/wp-content/uploads/2025/05/4b219c07-65bc-4dd1-be85-6c5eb95c1b04.jpeg,variant-10198-bm-pro-full-filter-foundation-variant-03.jpeg,FOUND,False,variant_image
9678,,https://wholesalebeautyhub.co.uk/wp-content/uploads/2025/05/a0192a17-d4fd-4141-b22b-4f840b8ecf6c.jpeg,variant-10200-bm-pro-full-filter-foundation-variant-04.jpeg,FOUND,False,variant_image
9678,,https://wholesalebeautyhub.co.uk/wp-content/uploads/2025/05/4fc45945-164a-4e21-b490-1859e63e4f5f.jpeg,variant-10202-bm-pro-full-filter-foundation-variant-05.jpeg,FOUND,False,variant_image
9678,,https://wholesalebeautyhub.co.uk/wp-content/uploads/2025/05/6eeee9b8-127e-4a86-9d99-77cef6600afa.jpeg,variant-10204-bm-pro-full-filter-foundation-variant-06.jpeg,FOUND,False,variant_image
9678,,https://wholesalebeautyhub.co.uk/wp-content/uploads/2025/05/c3f43c16-f9de-4744-9c30-f41ccba58e5d.jpeg,variant-10206-bm-pro-full-filter-foundation-variant-07.jpeg,FOUND,False,variant_image
9678,,https://wholesalebeautyhub.co.uk/wp-content/uploads/2025/05/f2c2079c-0516-42a5-9b5f-1ae1845cbfb8.jpeg,variant-10209-bm-pro-full-filter-foundation-variant-08.jpeg,FOUND,False,variant_image
9678,,https://wholesalebeautyhub.co.uk/wp-content/uploads/2025/05/3651c71c-5a1c-4d5c-9f8c-5fa76653dcec.jpeg,variant-10211-bm-pro-full-filter-foundation-variant-09.jpeg,FOUND,False,variant_image
9678,,https://wholesalebeautyhub.co.uk/wp-content/uploads/2025/05/31c7831c-e43b-45b1-981a-d5b31a9fd9f1.jpeg,variant-10213-bm-pro-full-filter-foundation-variant-10.jpeg,FOUND,False,variant_image
9678,,https://wholesalebeautyhub.co.uk/wp-content/uploads/2025/05/86ab6414-7a91-4f42-8b1b-4bcd43ec98fe.jpeg,variant-10215-bm-pro-full-filter-foundation-variant-11.jpeg,FOUND,False,variant_image
9678,10193,https://wholesalebeautyhub.co.uk/wp-content/uploads/2025/05/e51f9873-0220-49bc-b068-14b996278ffb.jpeg,variant-10194-bm-pro-full-filter-foundation-variant.jpeg,FOUND,False,variant_image
9678,10197,https://wholesalebeautyhub.co.uk/wp-content/uploads/2025/05/4b219c07-65bc-4dd1-be85-6c5eb95c1b04.jpeg,variant-10198-bm-pro-full-filter-foundation-variant-03.jpeg,FOUND,False,variant_image
9678,10199,https://wholesalebeautyhub.co.uk/wp-content/uploads/2025/05/a0192a17-d4fd-4141-b22b-4f840b8ecf6c.jpeg,variant-10200-bm-pro-full-filter-foundation-variant-04.jpeg,FOUND,False,variant_image
9678,10201,https://wholesalebeautyhub.co.uk/wp-content/uploads/2025/05/4fc45945-164a-4e21-b490-1859e63e4f5f.jpeg,variant-10202-bm-pro-full-filter-foundation-variant-05.jpeg,FOUND,False,variant_image
9678,10203,https://wholesalebeautyhub.co.uk/wp-content/uploads/2025/05/6eeee9b8-127e-4a86-9d99-77cef6600afa.jpeg,variant-10204-bm-pro-full-filter-foundation-variant-06.jpeg,FOUND,False,variant_image
9678,10205,https://wholesalebeautyhub.co.uk/wp-content/uploads/2025/05/c3f43c16-f9de-4744-9c30-f41ccba58e5d.jpeg,variant-10206-bm-pro-full-filter-foundation-variant-07.jpeg,FOUND,False,variant_image
9678,10208,https://wholesalebeautyhub.co.uk/wp-content/uploads/2025/05/f2c2079c-0516-42a5-9b5f-1ae1845cbfb8.jpeg,variant-10209-bm-pro-full-filter-foundation-variant-08.jpeg,FOUND,False,variant_image
9678,10210,https://wholesalebeautyhub.co.uk/wp-content/uploads/2025/05/3651c71c-5a1c-4d5c-9f8c-5fa76653dcec.jpeg,variant-10211-bm-pro-full-filter-foundation-variant-09.jpeg,FOUND,False,variant_image
9678,10212,https://wholesalebeautyhub.co.uk/wp-content/uploads/2025/05/31c7831c-e43b-45b1-981a-d5b31a9fd9f1.jpeg,variant-10213-bm-pro-full-filter-foundation-variant-10.jpeg,FOUND,False,variant_image
9678,10214,https://wholesalebeautyhub.co.uk/wp-content/uploads/2025/05/86ab6414-7a91-4f42-8b1b-4bcd43ec98fe.jpeg,variant-10215-bm-pro-full-filter-foundation-variant-11.jpeg,FOUND,False,variant_image
9678,10195,https://wholesalebeautyhub.co.uk/wp-content/uploads/2025/05/4ab0cd42-2e0e-4baf-b255-e6d04a92883d.jpeg,variant-10196-bm-pro-full-filter-foundation-variant-02.jpeg,FOUND,False,variant_image
10216,,https://wholesalebeautyhub.co.uk/wp-content/uploads/2025/05/IMG_1476.jpeg,product-10217-bm-pro-full-filter-pressed-powder.jpeg,FOUND,False,product_featured
10216,,https://wholesalebeautyhub.co.uk/wp-content/uploads/2025/05/4241e801-61af-44df-9e45-ffc4440a9d55.jpeg,variant-10238-bm-pro-full-filter-pressed-powder-variant.jpeg,FOUND,False,variant_image
10216,,https://wholesalebeautyhub.co.uk/wp-content/uploads/2025/05/7e35120b-59ac-4d30-990f-7720bd705cd2.jpeg,variant-10237-bm-pro-full-filter-pressed-powder-variant-02.jpeg,FOUND,False,variant_image
10216,,https://wholesalebeautyhub.co.uk/wp-content/uploads/2025/05/ff99c622-972f-4799-9fb2-7285dd02bcaa.jpeg,variant-10239-bm-pro-full-filter-pressed-powder-variant-03.jpeg,FOUND,False,variant_image
10216,,https://wholesalebeautyhub.co.uk/wp-content/uploads/2025/05/WhatsApp-Image-2025-05-14-at-16.49.26.jpeg,variant-10487-bm-pro-full-filter-pressed-powder-variant-04.jpeg,FOUND,False,variant_image
10216,,https://wholesalebeautyhub.co.uk/wp-content/uploads/2025/05/WhatsApp-Image-2025-05-14-at-16.51.14.jpeg,variant-10488-bm-pro-full-filter-pressed-powder-variant-05.jpeg,FOUND,False,variant_image
10216,,https://wholesalebeautyhub.co.uk/wp-content/uploads/2025/05/3150ccd8-f5f6-4b56-90d8-d27931c0ef5d.jpeg,variant-10240-bm-pro-full-filter-pressed-powder-variant-06.jpeg,FOUND,False,variant_image
10216,,https://wholesalebeautyhub.co.uk/wp-content/uploads/2025/05/79b46b1b-b3fe-4c26-9bbe-e486bba940ab.jpeg,variant-10242-bm-pro-full-filter-pressed-powder-variant-07.jpeg,FOUND,False,variant_image
10216,,https://wholesalebeautyhub.co.uk/wp-content/uploads/2025/05/802df8c1-40ba-4765-9fdb-af8f60a2fb9a.jpeg,variant-10244-bm-pro-full-filter-pressed-powder-variant-08.jpeg,FOUND,False,variant_image
10216,,https://wholesalebeautyhub.co.uk/wp-content/uploads/2025/05/WhatsApp-Image-2025-05-14-at-16.50.49.jpeg,variant-10489-bm-pro-full-filter-pressed-powder-variant-09.jpeg,FOUND,False,variant_image
10216,,https://wholesalebeautyhub.co.uk/wp-content/uploads/2025/05/b42fc62e-4f63-4d4b-abba-818d5cd4c790.jpeg,variant-10246-bm-pro-full-filter-pressed-powder-variant-10.jpeg,FOUND,False,variant_image
10216,,https://wholesalebeautyhub.co.uk/wp-content/uploads/2025/05/e4ad19fa-9a15-440c-b8a4-39a514919a9d.jpeg,variant-10247-bm-pro-full-filter-pressed-powder-variant-11.jpeg,FOUND,False,variant_image
10216,,https://wholesalebeautyhub.co.uk/wp-content/uploads/2025/05/7a6cde92-7720-4d5e-b355-77d864ecc2a7.jpeg,variant-10245-bm-pro-full-filter-pressed-powder-variant-12.jpeg,FOUND,False,variant_image
10216,,https://wholesalebeautyhub.co.uk/wp-content/uploads/2025/05/ff99c622-972f-4799-9fb2-7285dd02bcaa-1.jpeg,variant-10248-bm-pro-full-filter-pressed-powder-variant-13.jpeg,FOUND,False,variant_image
10216,,https://wholesalebeautyhub.co.uk/wp-content/uploads/2025/05/8ee4d10d-402c-453f-9ea6-489bb91e83db.jpeg,variant-10249-bm-pro-full-filter-pressed-powder-variant-14.jpeg,FOUND,False,variant_image
10216,,https://wholesalebeautyhub.co.uk/wp-content/uploads/2025/05/WhatsApp-Image-2025-05-14-at-16.50.31.jpeg,variant-10490-bm-pro-full-filter-pressed-powder-variant-15.jpeg,FOUND,False,variant_image
10216,,https://wholesalebeautyhub.co.uk/wp-content/uploads/2025/05/WhatsApp-Image-2025-05-14-at-16.49.45.jpeg,variant-10492-bm-pro-full-filter-pressed-powder-variant-16.jpeg,FOUND,False,variant_image
10216,,https://wholesalebeautyhub.co.uk/wp-content/uploads/2025/05/b5758afe-2758-46f1-9f4d-88f746330e24.jpeg,variant-10251-bm-pro-full-filter-pressed-powder-variant-17.jpeg,FOUND,False,variant_image
10216,,https://wholesalebeautyhub.co.uk/wp-content/uploads/2025/05/WhatsApp-Image-2025-05-14-at-16.50.10.jpeg,variant-10491-bm-pro-full-filter-pressed-powder-variant-18.jpeg,FOUND,False,variant_image
10216,,https://wholesalebeautyhub.co.uk/wp-content/uploads/2025/05/ae0a2459-0a28-442d-85f3-b89dc0e6fed1.jpeg,variant-10250-bm-pro-full-filter-pressed-powder-variant-19.jpeg,FOUND,False,variant_image
10216,10218,https://wholesalebeautyhub.co.uk/wp-content/uploads/2025/05/4241e801-61af-44df-9e45-ffc4440a9d55.jpeg,variant-10238-bm-pro-full-filter-pressed-powder-variant.jpeg,FOUND,False,variant_image
10216,10219,https://wholesalebeautyhub.co.uk/wp-content/uploads/2025/05/7e35120b-59ac-4d30-990f-7720bd705cd2.jpeg,variant-10237-bm-pro-full-filter-pressed-powder-variant-02.jpeg,FOUND,False,variant_image
10216,10220,https://wholesalebeautyhub.co.uk/wp-content/uploads/2025/05/ff99c622-972f-4799-9fb2-7285dd02bcaa.jpeg,variant-10239-bm-pro-full-filter-pressed-powder-variant-03.jpeg,FOUND,False,variant_image
10216,10221,https://wholesalebeautyhub.co.uk/wp-content/uploads/2025/05/WhatsApp-Image-2025-05-14-at-16.49.26.jpeg,variant-10487-bm-pro-full-filter-pressed-powder-variant-04.jpeg,FOUND,False,variant_image
10216,10222,https://wholesalebeautyhub.co.uk/wp-content/uploads/2025/05/WhatsApp-Image-2025-05-14-at-16.51.14.jpeg,variant-10488-bm-pro-full-filter-pressed-powder-variant-05.jpeg,FOUND,False,variant_image
10216,10223,https://wholesalebeautyhub.co.uk/wp-content/uploads/2025/05/3150ccd8-f5f6-4b56-90d8-d27931c0ef5d.jpeg,variant-10240-bm-pro-full-filter-pressed-powder-variant-06.jpeg,FOUND,False,variant_image
10216,10225,https://wholesalebeautyhub.co.uk/wp-content/uploads/2025/05/802df8c1-40ba-4765-9fdb-af8f60a2fb9a.jpeg,variant-10244-bm-pro-full-filter-pressed-powder-variant-08.jpeg,FOUND,False,variant_image
10216,10224,https://wholesalebeautyhub.co.uk/wp-content/uploads/2025/05/79b46b1b-b3fe-4c26-9bbe-e486bba940ab.jpeg,variant-10242-bm-pro-full-filter-pressed-powder-variant-07.jpeg,FOUND,False,variant_image
10216,10226,https://wholesalebeautyhub.co.uk/wp-content/uploads/2025/05/WhatsApp-Image-2025-05-14-at-16.50.49.jpeg,variant-10489-bm-pro-full-filter-pressed-powder-variant-09.jpeg,FOUND,False,variant_image
10216,10229,https://wholesalebeautyhub.co.uk/wp-content/uploads/2025/05/7a6cde92-7720-4d5e-b355-77d864ecc2a7.jpeg,variant-10245-bm-pro-full-filter-pressed-powder-variant-12.jpeg,FOUND,False,variant_image
10216,10227,https://wholesalebeautyhub.co.uk/wp-content/uploads/2025/05/b42fc62e-4f63-4d4b-abba-818d5cd4c790.jpeg,variant-10246-bm-pro-full-filter-pressed-powder-variant-10.jpeg,FOUND,False,variant_image
10216,10228,https://wholesalebeautyhub.co.uk/wp-content/uploads/2025/05/e4ad19fa-9a15-440c-b8a4-39a514919a9d.jpeg,variant-10247-bm-pro-full-filter-pressed-powder-variant-11.jpeg,FOUND,False,variant_image
10216,10230,https://wholesalebeautyhub.co.uk/wp-content/uploads/2025/05/ff99c622-972f-4799-9fb2-7285dd02bcaa-1.jpeg,variant-10248-bm-pro-full-filter-pressed-powder-variant-13.jpeg,FOUND,False,variant_image
10216,10231,https://wholesalebeautyhub.co.uk/wp-content/uploads/2025/05/8ee4d10d-402c-453f-9ea6-489bb91e83db.jpeg,variant-10249-bm-pro-full-filter-pressed-powder-variant-14.jpeg,FOUND,False,variant_image
10216,10232,https://wholesalebeautyhub.co.uk/wp-content/uploads/2025/05/WhatsApp-Image-2025-05-14-at-16.50.31.jpeg,variant-10490-bm-pro-full-filter-pressed-powder-variant-15.jpeg,FOUND,False,variant_image
10216,10233,https://wholesalebeautyhub.co.uk/wp-content/uploads/2025/05/ae0a2459-0a28-442d-85f3-b89dc0e6fed1.jpeg,variant-10250-bm-pro-full-filter-pressed-powder-variant-19.jpeg,FOUND,False,variant_image
10216,10234,https://wholesalebeautyhub.co.uk/wp-content/uploads/2025/05/WhatsApp-Image-2025-05-14-at-16.50.10.jpeg,variant-10491-bm-pro-full-filter-pressed-powder-variant-18.jpeg,FOUND,False,variant_image
10216,10235,https://wholesalebeautyhub.co.uk/wp-content/uploads/2025/05/b5758afe-2758-46f1-9f4d-88f746330e24.jpeg,variant-10251-bm-pro-full-filter-pressed-powder-variant-17.jpeg,FOUND,False,variant_image
10216,10236,https://wholesalebeautyhub.co.uk/wp-content/uploads/2025/05/WhatsApp-Image-2025-05-14-at-16.49.45.jpeg,variant-10492-bm-pro-full-filter-pressed-powder-variant-16.jpeg,FOUND,False,variant_image
10415,,https://wholesalebeautyhub.co.uk/wp-content/uploads/2025/05/IMG_1657.jpeg,product-10416-anua-azelaic-acid-10-hyaluron.jpeg,FOUND,False,product_featured
10415,,https://wholesalebeautyhub.co.uk/wp-content/uploads/2025/05/IMG_1660.jpeg,product-10418-anua-azelaic-acid-10-hyaluron-02.jpeg,FOUND,False,product_gallery
10419,,https://wholesalebeautyhub.co.uk/wp-content/uploads/2025/05/IMG_1666.webp,product-10421-jumiso-brightening-balancing-facial-serum.webp,FOUND,False,product_featured
10419,,https://wholesalebeautyhub.co.uk/wp-content/uploads/2025/05/IMG_1664.webp,product-10423-jumiso-brightening-balancing-facial-serum-02.webp,FOUND,False,product_gallery
10419,,https://wholesalebeautyhub.co.uk/wp-content/uploads/2025/05/IMG_1665.webp,product-10422-jumiso-brightening-balancing-facial-serum-03.webp,FOUND,False,product_gallery
10476,,https://wholesalebeautyhub.co.uk/wp-content/uploads/2025/05/olay-aha-bha-wash.jpg,product-10483-olay-aha-bha-body-wash.jpg,FOUND,False,product_featured
10476,,https://wholesalebeautyhub.co.uk/wp-content/uploads/2025/05/SS_AHA_BHA_-_Front__50122.jpg,product-10482-olay-aha-bha-body-wash-02.jpg,FOUND,False,product_gallery
10476,,https://wholesalebeautyhub.co.uk/wp-content/uploads/2025/05/SS_AHA_BHA_-_Claims__47844.jpg,product-10480-olay-aha-bha-body-wash-03.jpg,FOUND,False,product_gallery
10476,,https://wholesalebeautyhub.co.uk/wp-content/uploads/2025/05/SS_AHA_BHA_-_VitB3__80742.jpg,product-10479-olay-aha-bha-body-wash-04.jpg,FOUND,False,product_gallery
10476,,https://wholesalebeautyhub.co.uk/wp-content/uploads/2025/05/SS_AHA_BHA_-_Exfoliates__74898.jpg,product-10478-olay-aha-bha-body-wash-05.jpg,FOUND,False,product_gallery
10476,,https://wholesalebeautyhub.co.uk/wp-content/uploads/2025/05/51947_OLAY_IM_SS_SS_03_011824__44538.jpg,product-10477-olay-aha-bha-body-wash-06.jpg,FOUND,False,product_gallery
10500,,https://wholesalebeautyhub.co.uk/wp-content/uploads/2025/05/BASE_MATTIFIANT.avif,product-10503-bm-pro-24hrs-mattifying-makeup-primer.webp,FOUND,True,product_featured
10504,,https://wholesalebeautyhub.co.uk/wp-content/uploads/2025/05/WhatsApp-Image-2025-05-10-at-14.58.19.jpeg,product-10510-bm-pro-gel-eyeliner-black-blue-green-wine.jpeg,FOUND,False,product_featured
10504,,https://wholesalebeautyhub.co.uk/wp-content/uploads/2025/05/WhatsApp-Image-2025-05-10-at-14.57.17.jpeg,product-10514-bm-pro-gel-eyeliner-black-blue-green-wine-02.jpeg,FOUND,False,product_gallery
10504,,https://wholesalebeautyhub.co.uk/wp-content/uploads/2025/05/WhatsApp-Image-2025-05-10-at-14.57.54.jpeg,product-10513-bm-pro-gel-eyeliner-black-blue-green-wine-03.jpeg,FOUND,False,product_gallery
10504,,https://wholesalebeautyhub.co.uk/wp-content/uploads/2025/05/WhatsApp-Image-2025-05-10-at-14.56.11.jpeg,product-10512-bm-pro-gel-eyeliner-black-blue-green-wine-04.jpeg,FOUND,False,product_gallery
10504,,https://wholesalebeautyhub.co.uk/wp-content/uploads/2025/05/WhatsApp-Image-2025-05-10-at-14.55.20.jpeg,product-10511-bm-pro-gel-eyeliner-black-blue-green-wine-05.jpeg,FOUND,False,product_gallery
10504,,https://wholesalebeautyhub.co.uk/wp-content/uploads/2025/05/WhatsApp-Image-2025-05-10-at-14.58.19.jpeg,variant-10510-bm-pro-gel-eyeliner-black-blue-green-wine-variant.jpeg,FOUND,False,variant_image
10504,,https://wholesalebeautyhub.co.uk/wp-content/uploads/2025/05/WhatsApp-Image-2025-05-10-at-14.55.20.jpeg,variant-10511-bm-pro-gel-eyeliner-black-blue-green-wine-variant-02.jpeg,FOUND,False,variant_image
10504,,https://wholesalebeautyhub.co.uk/wp-content/uploads/2025/05/WhatsApp-Image-2025-05-10-at-14.56.11.jpeg,variant-10512-bm-pro-gel-eyeliner-black-blue-green-wine-variant-03.jpeg,FOUND,False,variant_image
10504,,https://wholesalebeautyhub.co.uk/wp-content/uploads/2025/05/WhatsApp-Image-2025-05-10-at-14.57.54.jpeg,variant-10513-bm-pro-gel-eyeliner-black-blue-green-wine-variant-04.jpeg,FOUND,False,variant_image
10504,,https://wholesalebeautyhub.co.uk/wp-content/uploads/2025/05/WhatsApp-Image-2025-05-10-at-14.57.17.jpeg,variant-10514-bm-pro-gel-eyeliner-black-blue-green-wine-variant-05.jpeg,FOUND,False,variant_image
10504,10505,https://wholesalebeautyhub.co.uk/wp-content/uploads/2025/05/WhatsApp-Image-2025-05-10-at-14.58.19.jpeg,variant-10510-bm-pro-gel-eyeliner-black-blue-green-wine-variant.jpeg,FOUND,False,variant_image
10504,10506,https://wholesalebeautyhub.co.uk/wp-content/uploads/2025/05/WhatsApp-Image-2025-05-10-at-14.55.20.jpeg,variant-10511-bm-pro-gel-eyeliner-black-blue-green-wine-variant-02.jpeg,FOUND,False,variant_image
10504,10507,https://wholesalebeautyhub.co.uk/wp-content/uploads/2025/05/WhatsApp-Image-2025-05-10-at-14.56.11.jpeg,variant-10512-bm-pro-gel-eyeliner-black-blue-green-wine-variant-03.jpeg,FOUND,False,variant_image
10504,10508,https://wholesalebeautyhub.co.uk/wp-content/uploads/2025/05/WhatsApp-Image-2025-05-10-at-14.57.54.jpeg,variant-10513-bm-pro-gel-eyeliner-black-blue-green-wine-variant-04.jpeg,FOUND,False,variant_image
10504,10509,https://wholesalebeautyhub.co.uk/wp-content/uploads/2025/05/WhatsApp-Image-2025-05-10-at-14.57.17.jpeg,variant-10514-bm-pro-gel-eyeliner-black-blue-green-wine-variant-05.jpeg,FOUND,False,variant_image
10515,,https://wholesalebeautyhub.co.uk/wp-content/uploads/2025/05/WhatsApp-Image-2025-05-10-at-15.00.56.jpeg,product-10517-bm-pro-volumizing-mascara.jpeg,FOUND,False,product_featured
10518,,https://wholesalebeautyhub.co.uk/wp-content/uploads/2025/05/WhatsApp-Image-2025-05-10-at-15.00.39.jpeg,product-10519-bm-pro-vavavoom-mascara.jpeg,FOUND,False,product_featured
10522,,https://wholesalebeautyhub.co.uk/wp-content/uploads/2025/05/image_e2ade602-ab57-4201-be86-1eac44d35662.webp,product-10523-bm-pro-brow-shader-pencil.webp,FOUND,False,product_featured
10524,,https://wholesalebeautyhub.co.uk/wp-content/uploads/2025/05/WhatsApp-Image-2025-05-10-at-14.59.26.jpeg,product-10525-bm-pro-coal-black-eye-pencil.jpeg,FOUND,False,product_featured
10532,,https://wholesalebeautyhub.co.uk/wp-content/uploads/2025/05/IMG_1781.jpeg,product-10540-bm-pro-matte-lipstick.jpeg,FOUND,False,product_featured
10532,,https://wholesalebeautyhub.co.uk/wp-content/uploads/2025/05/IMG_1784.jpeg,product-10542-bm-pro-matte-lipstick-02.jpeg,FOUND,False,product_gallery
10532,,https://wholesalebeautyhub.co.uk/wp-content/uploads/2025/05/IMG_1783.jpeg,product-10541-bm-pro-matte-lipstick-03.jpeg,FOUND,False,product_gallery
10532,,https://wholesalebeautyhub.co.uk/wp-content/uploads/2025/05/WhatsApp-Image-2025-05-10-at-14.21.20.jpeg,variant-10867-bm-pro-matte-lipstick-variant.jpeg,FOUND,False,variant_image
10532,,https://wholesalebeautyhub.co.uk/wp-content/uploads/2025/05/WhatsApp-Image-2025-05-10-at-14.20.56.jpeg,variant-10866-bm-pro-matte-lipstick-variant-02.jpeg,FOUND,False,variant_image
10532,,https://wholesalebeautyhub.co.uk/wp-content/uploads/2025/05/WhatsApp-Image-2025-05-10-at-14.20.31.jpeg,variant-10865-bm-pro-matte-lipstick-variant-03.jpeg,FOUND,False,variant_image
10532,,https://wholesalebeautyhub.co.uk/wp-content/uploads/2025/05/WhatsApp-Image-2025-05-10-at-14.20.10.jpeg,variant-10864-bm-pro-matte-lipstick-variant-04.jpeg,FOUND,False,variant_image
10532,,https://wholesalebeautyhub.co.uk/wp-content/uploads/2025/05/WhatsApp-Image-2025-05-10-at-14.19.45.jpeg,variant-10863-bm-pro-matte-lipstick-variant-05.jpeg,FOUND,False,variant_image
10532,,https://wholesalebeautyhub.co.uk/wp-content/uploads/2025/05/WhatsApp-Image-2025-05-10-at-14.19.02.jpeg,variant-10862-bm-pro-matte-lipstick-variant-06.jpeg,FOUND,False,variant_image
10532,,https://wholesalebeautyhub.co.uk/wp-content/uploads/2025/05/WhatsApp-Image-2025-05-10-at-14.18.38.jpeg,variant-10861-bm-pro-matte-lipstick-variant-07.jpeg,FOUND,False,variant_image
10532,,https://wholesalebeautyhub.co.uk/wp-content/uploads/2025/05/WhatsApp-Image-2025-05-10-at-14.18.09.jpeg,variant-10860-bm-pro-matte-lipstick-variant-08.jpeg,FOUND,False,variant_image
10532,,https://wholesalebeautyhub.co.uk/wp-content/uploads/2025/05/WhatsApp-Image-2025-05-10-at-14.17.39.jpeg,variant-10859-bm-pro-matte-lipstick-variant-09.jpeg,FOUND,False,variant_image
10532,,https://wholesalebeautyhub.co.uk/wp-content/uploads/2025/05/WhatsApp-Image-2025-05-10-at-14.17.17.jpeg,variant-10858-bm-pro-matte-lipstick-variant-10.jpeg,FOUND,False,variant_image
10532,,https://wholesalebeautyhub.co.uk/wp-content/uploads/2025/05/WhatsApp-Image-2025-05-10-at-14.16.54.jpeg,variant-10857-bm-pro-matte-lipstick-variant-11.jpeg,FOUND,False,variant_image
10532,,https://wholesalebeautyhub.co.uk/wp-content/uploads/2025/05/WhatsApp-Image-2025-05-10-at-14.15.34.jpeg,variant-10856-bm-pro-matte-lipstick-variant-12.jpeg,FOUND,False,variant_image
10532,,https://wholesalebeautyhub.co.uk/wp-content/uploads/2025/05/WhatsApp-Image-2025-05-10-at-14.15.04.jpeg,variant-10855-bm-pro-matte-lipstick-variant-13.jpeg,FOUND,False,variant_image
10532,10543,https://wholesalebeautyhub.co.uk/wp-content/uploads/2025/05/WhatsApp-Image-2025-05-10-at-14.15.04.jpeg,variant-10855-bm-pro-matte-lipstick-variant-13.jpeg,FOUND,False,variant_image
10532,10544,https://wholesalebeautyhub.co.uk/wp-content/uploads/2025/05/WhatsApp-Image-2025-05-10-at-14.15.34.jpeg,variant-10856-bm-pro-matte-lipstick-variant-12.jpeg,FOUND,False,variant_image
10532,10546,https://wholesalebeautyhub.co.uk/wp-content/uploads/2025/05/WhatsApp-Image-2025-05-10-at-14.16.54.jpeg,variant-10857-bm-pro-matte-lipstick-variant-11.jpeg,FOUND,False,variant_image
10532,10547,https://wholesalebeautyhub.co.uk/wp-content/uploads/2025/05/WhatsApp-Image-2025-05-10-at-14.17.17.jpeg,variant-10858-bm-pro-matte-lipstick-variant-10.jpeg,FOUND,False,variant_image
10532,10549,https://wholesalebeautyhub.co.uk/wp-content/uploads/2025/05/WhatsApp-Image-2025-05-10-at-14.17.39.jpeg,variant-10859-bm-pro-matte-lipstick-variant-09.jpeg,FOUND,False,variant_image
10532,10550,https://wholesalebeautyhub.co.uk/wp-content/uploads/2025/05/WhatsApp-Image-2025-05-10-at-14.18.09.jpeg,variant-10860-bm-pro-matte-lipstick-variant-08.jpeg,FOUND,False,variant_image
10532,10551,https://wholesalebeautyhub.co.uk/wp-content/uploads/2025/05/WhatsApp-Image-2025-05-10-at-14.18.38.jpeg,variant-10861-bm-pro-matte-lipstick-variant-07.jpeg,FOUND,False,variant_image
10532,10553,https://wholesalebeautyhub.co.uk/wp-content/uploads/2025/05/WhatsApp-Image-2025-05-10-at-14.19.02.jpeg,variant-10862-bm-pro-matte-lipstick-variant-06.jpeg,FOUND,False,variant_image
10532,10554,https://wholesalebeautyhub.co.uk/wp-content/uploads/2025/05/WhatsApp-Image-2025-05-10-at-14.19.45.jpeg,variant-10863-bm-pro-matte-lipstick-variant-05.jpeg,FOUND,False,variant_image
10532,10555,https://wholesalebeautyhub.co.uk/wp-content/uploads/2025/05/WhatsApp-Image-2025-05-10-at-14.20.10.jpeg,variant-10864-bm-pro-matte-lipstick-variant-04.jpeg,FOUND,False,variant_image
10532,10556,https://wholesalebeautyhub.co.uk/wp-content/uploads/2025/05/WhatsApp-Image-2025-05-10-at-14.20.31.jpeg,variant-10865-bm-pro-matte-lipstick-variant-03.jpeg,FOUND,False,variant_image
10532,10557,https://wholesalebeautyhub.co.uk/wp-content/uploads/2025/05/WhatsApp-Image-2025-05-10-at-14.20.56.jpeg,variant-10866-bm-pro-matte-lipstick-variant-02.jpeg,FOUND,False,variant_image
10532,10558,https://wholesalebeautyhub.co.uk/wp-content/uploads/2025/05/WhatsApp-Image-2025-05-10-at-14.21.20.jpeg,variant-10867-bm-pro-matte-lipstick-variant.jpeg,FOUND,False,variant_image
10559,,https://wholesalebeautyhub.co.uk/wp-content/uploads/2025/05/IMG_1778.jpeg,product-10560-bm-pro-creme-lipgloss.jpeg,FOUND,False,product_featured
10559,,https://wholesalebeautyhub.co.uk/wp-content/uploads/2025/05/WhatsApp-Image-2025-05-10-at-14.53.13.jpeg,variant-10853-bm-pro-creme-lipgloss-variant.jpeg,FOUND,False,variant_image
10559,,https://wholesalebeautyhub.co.uk/wp-content/uploads/2025/05/WhatsApp-Image-2025-05-10-at-14.49.33.jpeg,variant-10848-bm-pro-creme-lipgloss-variant-02.jpeg,FOUND,False,variant_image
10559,,https://wholesalebeautyhub.co.uk/wp-content/uploads/2025/05/WhatsApp-Image-2025-05-10-at-14.50.03.jpeg,variant-10849-bm-pro-creme-lipgloss-variant-03.jpeg,FOUND,False,variant_image
10559,,https://wholesalebeautyhub.co.uk/wp-content/uploads/2025/05/WhatsApp-Image-2025-05-10-at-14.50.28.jpeg,variant-10850-bm-pro-creme-lipgloss-variant-04.jpeg,FOUND,False,variant_image
10559,,https://wholesalebeautyhub.co.uk/wp-content/uploads/2025/05/WhatsApp-Image-2025-05-10-at-14.50.53.jpeg,variant-10851-bm-pro-creme-lipgloss-variant-05.jpeg,FOUND,False,variant_image
10559,,https://wholesalebeautyhub.co.uk/wp-content/uploads/2025/05/WhatsApp-Image-2025-05-10-at-14.51.32.jpeg,variant-10852-bm-pro-creme-lipgloss-variant-06.jpeg,FOUND,False,variant_image
10559,,https://wholesalebeautyhub.co.uk/wp-content/uploads/2025/05/WhatsApp-Image-2025-05-10-at-14.48.59.jpeg,variant-10847-bm-pro-creme-lipgloss-variant-07.jpeg,FOUND,False,variant_image
10559,,https://wholesalebeautyhub.co.uk/wp-content/uploads/2025/05/WhatsApp-Image-2025-05-10-at-14.48.31.jpeg,variant-10846-bm-pro-creme-lipgloss-variant-08.jpeg,FOUND,False,variant_image
10559,,https://wholesalebeautyhub.co.uk/wp-content/uploads/2025/05/WhatsApp-Image-2025-05-10-at-14.44.53.jpeg,variant-10841-bm-pro-creme-lipgloss-variant-09.jpeg,FOUND,False,variant_image
10559,,https://wholesalebeautyhub.co.uk/wp-content/uploads/2025/05/WhatsApp-Image-2025-05-10-at-14.45.19.jpeg,variant-10842-bm-pro-creme-lipgloss-variant-10.jpeg,FOUND,False,variant_image
10559,,https://wholesalebeautyhub.co.uk/wp-content/uploads/2025/05/WhatsApp-Image-2025-05-10-at-14.45.49.jpeg,variant-10843-bm-pro-creme-lipgloss-variant-11.jpeg,FOUND,False,variant_image
10559,,https://wholesalebeautyhub.co.uk/wp-content/uploads/2025/05/WhatsApp-Image-2025-05-10-at-14.46.20.jpeg,variant-10844-bm-pro-creme-lipgloss-variant-12.jpeg,FOUND,False,variant_image
10559,,https://wholesalebeautyhub.co.uk/wp-content/uploads/2025/05/WhatsApp-Image-2025-05-10-at-14.46.46.jpeg,variant-10845-bm-pro-creme-lipgloss-variant-13.jpeg,FOUND,False,variant_image
10559,,https://wholesalebeautyhub.co.uk/wp-content/uploads/2025/05/WhatsApp-Image-2025-05-10-at-14.44.25.jpeg,variant-10840-bm-pro-creme-lipgloss-variant-14.jpeg,FOUND,False,variant_image
10559,,https://wholesalebeautyhub.co.uk/wp-content/uploads/2025/05/WhatsApp-Image-2025-05-10-at-14.54.57.jpeg,variant-10838-bm-pro-creme-lipgloss-variant-15.jpeg,FOUND,False,variant_image
10559,,https://wholesalebeautyhub.co.uk/wp-content/uploads/2025/05/WhatsApp-Image-2025-05-10-at-14.43.52.jpeg,variant-10839-bm-pro-creme-lipgloss-variant-16.jpeg,FOUND,False,variant_image
10559,10562,https://wholesalebeautyhub.co.uk/wp-content/uploads/2025/05/WhatsApp-Image-2025-05-10-at-14.54.57.jpeg,variant-10838-bm-pro-creme-lipgloss-variant-15.jpeg,FOUND,False,variant_image
10559,10561,https://wholesalebeautyhub.co.uk/wp-content/uploads/2025/05/WhatsApp-Image-2025-05-10-at-14.43.52.jpeg,variant-10839-bm-pro-creme-lipgloss-variant-16.jpeg,FOUND,False,variant_image
10559,10564,https://wholesalebeautyhub.co.uk/wp-content/uploads/2025/05/WhatsApp-Image-2025-05-10-at-14.44.25.jpeg,variant-10840-bm-pro-creme-lipgloss-variant-14.jpeg,FOUND,False,variant_image
10559,10565,https://wholesalebeautyhub.co.uk/wp-content/uploads/2025/05/WhatsApp-Image-2025-05-10-at-14.44.53.jpeg,variant-10841-bm-pro-creme-lipgloss-variant-09.jpeg,FOUND,False,variant_image
10559,10566,https://wholesalebeautyhub.co.uk/wp-content/uploads/2025/05/WhatsApp-Image-2025-05-10-at-14.45.19.jpeg,variant-10842-bm-pro-creme-lipgloss-variant-10.jpeg,FOUND,False,variant_image
10559,10567,https://wholesalebeautyhub.co.uk/wp-content/uploads/2025/05/WhatsApp-Image-2025-05-10-at-14.45.49.jpeg,variant-10843-bm-pro-creme-lipgloss-variant-11.jpeg,FOUND,False,variant_image
10559,10568,https://wholesalebeautyhub.co.uk/wp-content/uploads/2025/05/WhatsApp-Image-2025-05-10-at-14.46.20.jpeg,variant-10844-bm-pro-creme-lipgloss-variant-12.jpeg,FOUND,False,variant_image
10559,10569,https://wholesalebeautyhub.co.uk/wp-content/uploads/2025/05/WhatsApp-Image-2025-05-10-at-14.46.46.jpeg,variant-10845-bm-pro-creme-lipgloss-variant-13.jpeg,FOUND,False,variant_image
10559,10570,https://wholesalebeautyhub.co.uk/wp-content/uploads/2025/05/WhatsApp-Image-2025-05-10-at-14.48.31.jpeg,variant-10846-bm-pro-creme-lipgloss-variant-08.jpeg,FOUND,False,variant_image
10559,10571,https://wholesalebeautyhub.co.uk/wp-content/uploads/2025/05/WhatsApp-Image-2025-05-10-at-14.48.59.jpeg,variant-10847-bm-pro-creme-lipgloss-variant-07.jpeg,FOUND,False,variant_image
10559,10572,https://wholesalebeautyhub.co.uk/wp-content/uploads/2025/05/WhatsApp-Image-2025-05-10-at-14.49.33.jpeg,variant-10848-bm-pro-creme-lipgloss-variant-02.jpeg,FOUND,False,variant_image
10559,10573,https://wholesalebeautyhub.co.uk/wp-content/uploads/2025/05/WhatsApp-Image-2025-05-10-at-14.50.03.jpeg,variant-10849-bm-pro-creme-lipgloss-variant-03.jpeg,FOUND,False,variant_image
10559,10574,https://wholesalebeautyhub.co.uk/wp-content/uploads/2025/05/WhatsApp-Image-2025-05-10-at-14.50.28.jpeg,variant-10850-bm-pro-creme-lipgloss-variant-04.jpeg,FOUND,False,variant_image
10559,10575,https://wholesalebeautyhub.co.uk/wp-content/uploads/2025/05/WhatsApp-Image-2025-05-10-at-14.50.53.jpeg,variant-10851-bm-pro-creme-lipgloss-variant-05.jpeg,FOUND,False,variant_image
10559,10576,https://wholesalebeautyhub.co.uk/wp-content/uploads/2025/05/WhatsApp-Image-2025-05-10-at-14.51.32.jpeg,variant-10852-bm-pro-creme-lipgloss-variant-06.jpeg,FOUND,False,variant_image
10559,10580,https://wholesalebeautyhub.co.uk/wp-content/uploads/2025/05/WhatsApp-Image-2025-05-10-at-14.53.13.jpeg,variant-10853-bm-pro-creme-lipgloss-variant.jpeg,FOUND,False,variant_image
10581,,https://wholesalebeautyhub.co.uk/wp-content/uploads/2025/05/IMG_1780.jpeg,product-10582-bm-pro-longlasting-lipgloss.jpeg,FOUND,False,product_featured
10581,,https://wholesalebeautyhub.co.uk/wp-content/uploads/2025/05/WhatsApp-Image-2025-05-10-at-14.36.05.jpeg,variant-10832-bm-pro-longlasting-lipgloss-variant.jpeg,FOUND,False,variant_image
10581,,https://wholesalebeautyhub.co.uk/wp-content/uploads/2025/05/WhatsApp-Image-2025-05-10-at-14.37.09.jpeg,variant-10834-bm-pro-longlasting-lipgloss-variant-02.jpeg,FOUND,False,variant_image
10581,,https://wholesalebeautyhub.co.uk/wp-content/uploads/2025/05/WhatsApp-Image-2025-05-10-at-14.37.32.jpeg,variant-10835-bm-pro-longlasting-lipgloss-variant-03.jpeg,FOUND,False,variant_image
10581,,https://wholesalebeautyhub.co.uk/wp-content/uploads/2025/05/WhatsApp-Image-2025-05-10-at-14.37.50.jpeg,variant-10836-bm-pro-longlasting-lipgloss-variant-04.jpeg,FOUND,False,variant_image
10581,,https://wholesalebeautyhub.co.uk/wp-content/uploads/2025/05/WhatsApp-Image-2025-05-10-at-14.38.14.jpeg,variant-10837-bm-pro-longlasting-lipgloss-variant-05.jpeg,FOUND,False,variant_image
10581,,https://wholesalebeautyhub.co.uk/wp-content/uploads/2025/05/WhatsApp-Image-2025-05-10-at-14.35.20.jpeg,variant-10831-bm-pro-longlasting-lipgloss-variant-06.jpeg,FOUND,False,variant_image
10581,,https://wholesalebeautyhub.co.uk/wp-content/uploads/2025/05/WhatsApp-Image-2025-05-10-at-14.34.55.jpeg,variant-10830-bm-pro-longlasting-lipgloss-variant-07.jpeg,FOUND,False,variant_image
10581,,https://wholesalebeautyhub.co.uk/wp-content/uploads/2025/05/WhatsApp-Image-2025-05-10-at-14.34.31.jpeg,variant-10829-bm-pro-longlasting-lipgloss-variant-08.jpeg,FOUND,False,variant_image
10581,,https://wholesalebeautyhub.co.uk/wp-content/uploads/2025/05/WhatsApp-Image-2025-05-10-at-14.33.41.jpeg,variant-10828-bm-pro-longlasting-lipgloss-variant-09.jpeg,FOUND,False,variant_image
10581,,https://wholesalebeautyhub.co.uk/wp-content/uploads/2025/05/WhatsApp-Image-2025-05-10-at-14.33.09.jpeg,variant-10827-bm-pro-longlasting-lipgloss-variant-10.jpeg,FOUND,False,variant_image
10581,,https://wholesalebeautyhub.co.uk/wp-content/uploads/2025/05/WhatsApp-Image-2025-05-10-at-14.24.08.jpeg,variant-10821-bm-pro-longlasting-lipgloss-variant-11.jpeg,FOUND,False,variant_image
10581,,https://wholesalebeautyhub.co.uk/wp-content/uploads/2025/05/WhatsApp-Image-2025-05-10-at-14.29.33.jpeg,variant-10822-bm-pro-longlasting-lipgloss-variant-12.jpeg,FOUND,False,variant_image
10581,,https://wholesalebeautyhub.co.uk/wp-content/uploads/2025/05/WhatsApp-Image-2025-05-10-at-14.29.53.jpeg,variant-10823-bm-pro-longlasting-lipgloss-variant-13.jpeg,FOUND,False,variant_image
10581,,https://wholesalebeautyhub.co.uk/wp-content/uploads/2025/05/WhatsApp-Image-2025-05-10-at-14.30.15.jpeg,variant-10824-bm-pro-longlasting-lipgloss-variant-14.jpeg,FOUND,False,variant_image
10581,,https://wholesalebeautyhub.co.uk/wp-content/uploads/2025/05/WhatsApp-Image-2025-05-10-at-14.30.38.jpeg,variant-10825-bm-pro-longlasting-lipgloss-variant-15.jpeg,FOUND,False,variant_image
10581,,https://wholesalebeautyhub.co.uk/wp-content/uploads/2025/05/WhatsApp-Image-2025-05-10-at-14.32.32.jpeg,variant-10826-bm-pro-longlasting-lipgloss-variant-16.jpeg,FOUND,False,variant_image
10581,,https://wholesalebeautyhub.co.uk/wp-content/uploads/2025/05/WhatsApp-Image-2025-05-10-at-14.23.42.jpeg,variant-10820-bm-pro-longlasting-lipgloss-variant-17.jpeg,FOUND,False,variant_image
10581,,https://wholesalebeautyhub.co.uk/wp-content/uploads/2025/05/WhatsApp-Image-2025-05-10-at-14.23.15.jpeg,variant-10819-bm-pro-longlasting-lipgloss-variant-18.jpeg,FOUND,False,variant_image
10581,,https://wholesalebeautyhub.co.uk/wp-content/uploads/2025/05/WhatsApp-Image-2025-05-10-at-14.22.45.jpeg,variant-10818-bm-pro-longlasting-lipgloss-variant-19.jpeg,FOUND,False,variant_image
10581,,https://wholesalebeautyhub.co.uk/wp-content/uploads/2025/05/WhatsApp-Image-2025-05-10-at-14.22.18.jpeg,variant-10817-bm-pro-longlasting-lipgloss-variant-20.jpeg,FOUND,False,variant_image
10581,10583,https://wholesalebeautyhub.co.uk/wp-content/uploads/2025/05/WhatsApp-Image-2025-05-10-at-14.22.18.jpeg,variant-10817-bm-pro-longlasting-lipgloss-variant-20.jpeg,FOUND,False,variant_image
10581,10584,https://wholesalebeautyhub.co.uk/wp-content/uploads/2025/05/WhatsApp-Image-2025-05-10-at-14.22.45.jpeg,variant-10818-bm-pro-longlasting-lipgloss-variant-19.jpeg,FOUND,False,variant_image
10581,10585,https://wholesalebeautyhub.co.uk/wp-content/uploads/2025/05/WhatsApp-Image-2025-05-10-at-14.23.15.jpeg,variant-10819-bm-pro-longlasting-lipgloss-variant-18.jpeg,FOUND,False,variant_image
10581,10586,https://wholesalebeautyhub.co.uk/wp-content/uploads/2025/05/WhatsApp-Image-2025-05-10-at-14.23.42.jpeg,variant-10820-bm-pro-longlasting-lipgloss-variant-17.jpeg,FOUND,False,variant_image
10581,10588,https://wholesalebeautyhub.co.uk/wp-content/uploads/2025/05/WhatsApp-Image-2025-05-10-at-14.24.08.jpeg,variant-10821-bm-pro-longlasting-lipgloss-variant-11.jpeg,FOUND,False,variant_image
10581,10589,https://wholesalebeautyhub.co.uk/wp-content/uploads/2025/05/WhatsApp-Image-2025-05-10-at-14.29.33.jpeg,variant-10822-bm-pro-longlasting-lipgloss-variant-12.jpeg,FOUND,False,variant_image
10581,10590,https://wholesalebeautyhub.co.uk/wp-content/uploads/2025/05/WhatsApp-Image-2025-05-10-at-14.29.53.jpeg,variant-10823-bm-pro-longlasting-lipgloss-variant-13.jpeg,FOUND,False,variant_image
10581,10592,https://wholesalebeautyhub.co.uk/wp-content/uploads/2025/05/WhatsApp-Image-2025-05-10-at-14.30.15.jpeg,variant-10824-bm-pro-longlasting-lipgloss-variant-14.jpeg,FOUND,False,variant_image
10581,10593,https://wholesalebeautyhub.co.uk/wp-content/uploads/2025/05/WhatsApp-Image-2025-05-10-at-14.30.38.jpeg,variant-10825-bm-pro-longlasting-lipgloss-variant-15.jpeg,FOUND,False,variant_image
10581,10594,https://wholesalebeautyhub.co.uk/wp-content/uploads/2025/05/WhatsApp-Image-2025-05-10-at-14.32.32.jpeg,variant-10826-bm-pro-longlasting-lipgloss-variant-16.jpeg,FOUND,False,variant_image
10581,10595,https://wholesalebeautyhub.co.uk/wp-content/uploads/2025/05/WhatsApp-Image-2025-05-10-at-14.33.09.jpeg,variant-10827-bm-pro-longlasting-lipgloss-variant-10.jpeg,FOUND,False,variant_image
10581,10596,https://wholesalebeautyhub.co.uk/wp-content/uploads/2025/05/WhatsApp-Image-2025-05-10-at-14.33.41.jpeg,variant-10828-bm-pro-longlasting-lipgloss-variant-09.jpeg,FOUND,False,variant_image
10581,10598,https://wholesalebeautyhub.co.uk/wp-content/uploads/2025/05/WhatsApp-Image-2025-05-10-at-14.34.31.jpeg,variant-10829-bm-pro-longlasting-lipgloss-variant-08.jpeg,FOUND,False,variant_image
10581,10599,https://wholesalebeautyhub.co.uk/wp-content/uploads/2025/05/WhatsApp-Image-2025-05-10-at-14.34.55.jpeg,variant-10830-bm-pro-longlasting-lipgloss-variant-07.jpeg,FOUND,False,variant_image
10581,10601,https://wholesalebeautyhub.co.uk/wp-content/uploads/2025/05/WhatsApp-Image-2025-05-10-at-14.35.20.jpeg,variant-10831-bm-pro-longlasting-lipgloss-variant-06.jpeg,FOUND,False,variant_image
10581,10602,https://wholesalebeautyhub.co.uk/wp-content/uploads/2025/05/WhatsApp-Image-2025-05-10-at-14.36.05.jpeg,variant-10832-bm-pro-longlasting-lipgloss-variant.jpeg,FOUND,False,variant_image
10581,10603,https://wholesalebeautyhub.co.uk/wp-content/uploads/2025/05/WhatsApp-Image-2025-05-10-at-14.37.09.jpeg,variant-10834-bm-pro-longlasting-lipgloss-variant-02.jpeg,FOUND,False,variant_image
10581,10604,https://wholesalebeautyhub.co.uk/wp-content/uploads/2025/05/WhatsApp-Image-2025-05-10-at-14.37.32.jpeg,variant-10835-bm-pro-longlasting-lipgloss-variant-03.jpeg,FOUND,False,variant_image
10581,10605,https://wholesalebeautyhub.co.uk/wp-content/uploads/2025/05/WhatsApp-Image-2025-05-10-at-14.37.50.jpeg,variant-10836-bm-pro-longlasting-lipgloss-variant-04.jpeg,FOUND,False,variant_image
10581,10607,https://wholesalebeautyhub.co.uk/wp-content/uploads/2025/05/WhatsApp-Image-2025-05-10-at-14.38.14.jpeg,variant-10837-bm-pro-longlasting-lipgloss-variant-05.jpeg,FOUND,False,variant_image
10888,,https://wholesalebeautyhub.co.uk/wp-content/uploads/2025/05/WhatsApp-Image-2025-05-31-at-17.10.26.jpeg,product-10893-medix-vitamin-c-niacinamide-body-wash.jpeg,FOUND,False,product_featured
10888,,https://wholesalebeautyhub.co.uk/wp-content/uploads/2025/05/MDX31_Vit_C-Body_Wash_Slide_2_Key_Ingredients_NO_LOGO_040125.webp,product-10891-medix-vitamin-c-niacinamide-body-wash-02.webp,FOUND,False,product_gallery
10888,,https://wholesalebeautyhub.co.uk/wp-content/uploads/2025/05/WhatsApp-Image-2025-05-31-at-17.10.26-1.jpeg,product-10894-medix-vitamin-c-niacinamide-body-wash-03.jpeg,FOUND,False,product_gallery
10888,,https://wholesalebeautyhub.co.uk/wp-content/uploads/2025/05/WhatsApp-Image-2025-05-31-at-17.10.27.jpeg,product-10896-medix-vitamin-c-niacinamide-body-wash-04.jpeg,FOUND,False,product_gallery
10888,,https://wholesalebeautyhub.co.uk/wp-content/uploads/2025/05/WhatsApp-Image-2025-05-31-at-17.10.26-2.jpeg,product-10895-medix-vitamin-c-niacinamide-body-wash-05.jpeg,FOUND,False,product_gallery
11227,,https://wholesalebeautyhub.co.uk/wp-content/uploads/2025/03/IMG_0628.jpeg,product-8635-olay-super-serum-body-wash-for.jpeg,FOUND,False,product_featured
11227,,https://wholesalebeautyhub.co.uk/wp-content/uploads/2025/03/IMG_0975.jpeg,product-8636-olay-super-serum-body-wash-for-02.jpeg,FOUND,False,product_gallery
11227,,https://wholesalebeautyhub.co.uk/wp-content/uploads/2025/03/IMG_0976.jpeg,product-8637-olay-super-serum-body-wash-for-03.jpeg,FOUND,False,product_gallery
11227,,https://wholesalebeautyhub.co.uk/wp-content/uploads/2025/03/IMG_0977.jpeg,product-8638-olay-super-serum-body-wash-for-04.jpeg,FOUND,False,product_gallery
11341,,https://wholesalebeautyhub.co.uk/wp-content/uploads/2025/06/IMG_2662.jpeg,product-11342-nineless-b-boost-1-kojic-acid-serum-30ml.jpeg,FOUND,False,product_featured
11341,,https://wholesalebeautyhub.co.uk/wp-content/uploads/2025/06/IMG_2659.jpeg,product-11343-nineless-b-boost-1-kojic-acid-serum-30ml-02.jpeg,FOUND,False,product_gallery
11341,,https://wholesalebeautyhub.co.uk/wp-content/uploads/2025/06/IMG_2661.jpeg,product-11344-nineless-b-boost-1-kojic-acid-serum-30ml-03.jpeg,FOUND,False,product_gallery
11341,,https://wholesalebeautyhub.co.uk/wp-content/uploads/2025/06/IMG_2660.jpeg,product-11345-nineless-b-boost-1-kojic-acid-serum-30ml-04.jpeg,FOUND,False,product_gallery
11341,,https://wholesalebeautyhub.co.uk/wp-content/uploads/2025/06/IMG_2653.jpeg,product-11346-nineless-b-boost-1-kojic-acid-serum-30ml-05.jpeg,FOUND,False,product_gallery
11348,,https://wholesalebeautyhub.co.uk/wp-content/uploads/2025/06/IMG_2665.jpeg,product-11349-nineless-a-control-10-azelaic-acid-serum-30ml.jpeg,FOUND,False,product_featured
11348,,https://wholesalebeautyhub.co.uk/wp-content/uploads/2025/06/IMG_2654.jpeg,product-11350-nineless-a-control-10-azelaic-acid-serum-30ml-02.jpeg,FOUND,False,product_gallery
11348,,https://wholesalebeautyhub.co.uk/wp-content/uploads/2025/06/IMG_2667.jpeg,product-11351-nineless-a-control-10-azelaic-acid-serum-30ml-03.jpeg,FOUND,False,product_gallery
11348,,https://wholesalebeautyhub.co.uk/wp-content/uploads/2025/06/IMG_2668.jpeg,product-11352-nineless-a-control-10-azelaic-acid-serum-30ml-04.jpeg,FOUND,False,product_gallery
11348,,https://wholesalebeautyhub.co.uk/wp-content/uploads/2025/06/IMG_2666.jpeg,product-11353-nineless-a-control-10-azelaic-acid-serum-30ml-05.jpeg,FOUND,False,product_gallery
11698,,https://wholesalebeautyhub.co.uk/wp-content/uploads/2025/07/IMG_3893.jpeg,product-19760-olay-vitamin-c-brightening-body-lotion.jpeg,FOUND,False,product_featured
11698,,https://wholesalebeautyhub.co.uk/wp-content/uploads/2024/04/IMG_0608.jpeg,product-8668-olay-vitamin-c-brightening-body-lotion-02.jpeg,FOUND,False,product_gallery
11698,,https://wholesalebeautyhub.co.uk/wp-content/uploads/2024/04/IMG_0609.jpeg,product-8667-olay-vitamin-c-brightening-body-lotion-03.jpeg,FOUND,False,product_gallery
11698,,https://wholesalebeautyhub.co.uk/wp-content/uploads/2024/04/IMG_0607.jpeg,product-8666-olay-vitamin-c-brightening-body-lotion-04.jpeg,FOUND,False,product_gallery
11897,,https://wholesalebeautyhub.co.uk/wp-content/uploads/2025/07/WhatsApp-Image-2025-07-11-at-23.42.19.jpeg,product-11899-viccabel-deluxe-pro-21-piece-makeup-brush-set.jpeg,FOUND,False,product_featured
11897,,https://wholesalebeautyhub.co.uk/wp-content/uploads/2025/07/WhatsApp-Image-2025-07-11-at-23.42.19-1.jpeg,product-11898-viccabel-deluxe-pro-21-piece-makeup-brush-set-02.jpeg,FOUND,False,product_gallery
11901,,https://wholesalebeautyhub.co.uk/wp-content/uploads/2025/07/1_52632941-c63d-4549-a7fd-e405968ec15e_1024x1024@2x.webp,product-11902-nineless-mela-pro-5-tranexamic-acid-serum-30ml.webp,FOUND,False,product_featured
11901,,https://wholesalebeautyhub.co.uk/wp-content/uploads/2025/07/4_931847f2-40e6-405a-9cd8-07fa1fd9cf98_1024x1024@2x.webp,product-11903-nineless-mela-pro-5-tranexamic-acid-serum-30ml-02.webp,FOUND,False,product_gallery
11901,,https://wholesalebeautyhub.co.uk/wp-content/uploads/2025/07/3_da29ebfe-d4e2-425e-b139-61cc48ed0e2c_1024x1024@2x.webp,product-11904-nineless-mela-pro-5-tranexamic-acid-serum-30ml-03.webp,FOUND,False,product_gallery
11901,,https://wholesalebeautyhub.co.uk/wp-content/uploads/2025/07/2_6dbc60e1-71ce-46ca-bfc6-bc22537fd0f3_1024x1024@2x.webp,product-11905-nineless-mela-pro-5-tranexamic-acid-serum-30ml-04.webp,FOUND,False,product_gallery
12980,,https://wholesalebeautyhub.co.uk/wp-content/uploads/2025/07/AdobeExpress-file-2025-07-17T082340.539.webp,product-12981-eos-body-lotion-cr-me-de-pistachio.webp,FOUND,False,product_featured
13301,,https://wholesalebeautyhub.co.uk/wp-content/uploads/2025/08/WhatsApp-Image-2025-09-15-at-13.26.53.jpeg,product-14506-skin-by-zaron-combo-deal.jpeg,FOUND,False,product_featured
13314,,https://wholesalebeautyhub.co.uk/wp-content/uploads/2025/08/WhatsApp-Image-2025-09-22-at-12.09.44.jpeg,product-14515-dark-spots-hyperpigmentation-face-combo-deal-bundle.jpeg,FOUND,False,product_featured
13317,,https://wholesalebeautyhub.co.uk/wp-content/uploads/2025/08/WhatsApp-Image-2025-09-15-at-13.23.14.jpeg,product-14511-medix-5-5-glow-bright-combo-deal.jpeg,FOUND,False,product_featured
13318,,https://wholesalebeautyhub.co.uk/wp-content/uploads/2025/08/WhatsApp-Image-2025-09-15-at-13.23.15-1.jpeg,product-14509-acne-amp-blemish-fighter-combo-deal.jpeg,FOUND,False,product_featured
13319,,https://wholesalebeautyhub.co.uk/wp-content/uploads/2025/08/WhatsApp-Image-2025-09-15-at-13.23.15.jpeg,product-14510-acne-amp-blemish-fighter-combo-deal-2.jpeg,FOUND,False,product_featured
13321,,https://wholesalebeautyhub.co.uk/wp-content/uploads/2025/08/WhatsApp-Image-2025-08-04-at-22.48.58.jpeg,product-13322-eos-body-lotion-combo-deal.jpeg,FOUND,False,product_featured
13321,,https://wholesalebeautyhub.co.uk/wp-content/uploads/2025/08/WhatsApp-Image-2025-08-04-at-22.48.58.jpeg,product-13322-eos-body-lotion-combo-deal-02.jpeg,FOUND,False,product_featured
13323,,https://wholesalebeautyhub.co.uk/wp-content/uploads/2025/08/WhatsApp-Image-2025-09-15-at-13.23.15-2.jpeg,product-14508-good-molecules-blemish-discolouration-combo-deal-bundle.jpeg,FOUND,False,product_featured
13324,,https://wholesalebeautyhub.co.uk/wp-content/uploads/2025/08/WhatsApp-Image-2025-09-15-at-13.23.16.jpeg,product-14507-hyperpigmentation-brightening-combo-deal-bundle.jpeg,FOUND,False,product_featured
13326,,https://wholesalebeautyhub.co.uk/wp-content/uploads/2025/08/WhatsApp-Image-2025-09-22-at-12.09.44-1.jpeg,product-14514-hyperpigmentation-brightening-combo-deal-bundle.jpeg,FOUND,False,product_featured
13327,,https://wholesalebeautyhub.co.uk/wp-content/uploads/2025/08/WhatsApp-Image-2025-11-14-at-10.51.15.jpeg,product-15777-olay-body-glow-combo-deal.jpeg,FOUND,False,product_featured
13327,,https://wholesalebeautyhub.co.uk/wp-content/uploads/2025/08/WhatsApp-Image-2025-08-04-at-19.53.26-3.jpeg,product-13308-olay-body-glow-combo-deal-02.jpeg,FOUND,False,product_gallery
13887,,https://wholesalebeautyhub.co.uk/wp-content/uploads/2025/08/Olay_BrighteningExfoliatingCleanser_MOI_WMT__38454.jpg,product-13889-olay-brightening-exfoliating-face-cleanser-with-vitamin-c.jpg,FOUND,False,product_featured
13887,,https://wholesalebeautyhub.co.uk/wp-content/uploads/2025/08/Olay_SI01_BrighteningExfoliatingCleanser_Product__47915-1.jpg,product-13891-olay-brightening-exfoliating-face-cleanser-with-vitamin-c-02.jpg,FOUND,False,product_gallery
13887,,https://wholesalebeautyhub.co.uk/wp-content/uploads/2025/08/Olay_SI03_BrighteningExfoliatingCleanser_Ingredients__35164.jpg,product-13890-olay-brightening-exfoliating-face-cleanser-with-vitamin-c-03.jpg,FOUND,False,product_gallery
13887,,https://wholesalebeautyhub.co.uk/wp-content/uploads/2025/08/Olay_BrighteningExfoliatingCleanser_MOI_WMT__38454-1.jpg,product-13892-olay-brightening-exfoliating-face-cleanser-with-vitamin-c-04.jpg,FOUND,False,product_gallery
13887,,https://wholesalebeautyhub.co.uk/wp-content/uploads/2025/08/Olay_BrighteningExfoliatingCleanser_MOI__00373.jpg,product-13893-olay-brightening-exfoliating-face-cleanser-with-vitamin-c-05.jpg,FOUND,False,product_gallery
13895,,https://wholesalebeautyhub.co.uk/wp-content/uploads/2025/08/1733748427.webp,product-13897-skin-by-zaron-vitamin-c-face-cream.webp,FOUND,False,product_featured
13895,,https://wholesalebeautyhub.co.uk/wp-content/uploads/2025/08/1733746622.webp,product-13896-skin-by-zaron-vitamin-c-face-cream-02.webp,FOUND,False,product_gallery
13895,,https://wholesalebeautyhub.co.uk/wp-content/uploads/2025/08/1733748427.webp,product-13897-skin-by-zaron-vitamin-c-face-cream-03.webp,FOUND,False,product_featured
13901,,https://wholesalebeautyhub.co.uk/wp-content/uploads/2025/08/main-product-55-1725059731924.webp,product-13902-skin-by-zaron-2-alpha-arbutin-serum.webp,FOUND,False,product_featured
13903,,https://wholesalebeautyhub.co.uk/wp-content/uploads/2025/08/main-product-266-1725059746055.webp,product-13905-skin-by-zaron-7-glycolic-acid.webp,FOUND,False,product_featured
13903,,https://wholesalebeautyhub.co.uk/wp-content/uploads/2025/08/main-product-266-1725059746055.webp,product-13905-skin-by-zaron-7-glycolic-acid-02.webp,FOUND,False,product_featured
13903,,https://wholesalebeautyhub.co.uk/wp-content/uploads/2025/08/alt-product-266-1725059748261.webp,product-13906-skin-by-zaron-7-glycolic-acid-03.webp,FOUND,False,product_gallery
13908,,https://wholesalebeautyhub.co.uk/wp-content/uploads/2025/08/main-product-267-1725059804509.webp,product-13909-skin-by-zaron-2-salicylic-acid-toner.webp,FOUND,False,product_featured
13917,,https://wholesalebeautyhub.co.uk/wp-content/uploads/2025/08/WhatsApp-Image-2025-08-26-at-22.28.04.jpeg,product-13922-annies-beauty-eyeshadow-palettes.jpeg,FOUND,False,product_featured
13917,,https://wholesalebeautyhub.co.uk/wp-content/uploads/2025/08/WhatsApp-Image-2025-08-26-at-22.23.22-1.jpeg,product-13923-annies-beauty-eyeshadow-palettes-02.jpeg,FOUND,False,product_gallery
13917,,https://wholesalebeautyhub.co.uk/wp-content/uploads/2025/08/WhatsApp-Image-2025-08-26-at-22.28.04.jpeg,product-13922-annies-beauty-eyeshadow-palettes-03.jpeg,FOUND,False,product_featured
13917,,https://wholesalebeautyhub.co.uk/wp-content/uploads/2025/08/WhatsApp-Image-2025-08-26-at-22.28.04-1.jpeg,product-13921-annies-beauty-eyeshadow-palettes-04.jpeg,FOUND,False,product_gallery
13917,,https://wholesalebeautyhub.co.uk/wp-content/uploads/2025/08/WhatsApp-Image-2025-08-26-at-22.20.00-3.jpeg,product-13926-annies-beauty-eyeshadow-palettes-05.jpeg,FOUND,False,product_gallery
13917,,https://wholesalebeautyhub.co.uk/wp-content/uploads/2025/08/WhatsApp-Image-2025-08-26-at-22.20.01.jpeg,product-13925-annies-beauty-eyeshadow-palettes-06.jpeg,FOUND,False,product_gallery
13917,,https://wholesalebeautyhub.co.uk/wp-content/uploads/2025/08/WhatsApp-Image-2025-08-26-at-22.23.22.jpeg,product-13924-annies-beauty-eyeshadow-palettes-07.jpeg,FOUND,False,product_gallery
13917,,https://wholesalebeautyhub.co.uk/wp-content/uploads/2025/08/WhatsApp-Image-2025-08-26-at-22.20.00-2.jpeg,product-13927-annies-beauty-eyeshadow-palettes-08.jpeg,FOUND,False,product_gallery
13917,,https://wholesalebeautyhub.co.uk/wp-content/uploads/2025/08/WhatsApp-Image-2025-08-26-at-22.20.00-1.jpeg,product-13928-annies-beauty-eyeshadow-palettes-09.jpeg,FOUND,False,product_gallery
13917,,https://wholesalebeautyhub.co.uk/wp-content/uploads/2025/08/WhatsApp-Image-2025-08-26-at-22.20.01.jpeg,variant-13925-annies-beauty-eyeshadow-palettes-variant.jpeg,FOUND,False,variant_image
13917,,https://wholesalebeautyhub.co.uk/wp-content/uploads/2025/08/WhatsApp-Image-2025-08-26-at-22.20.00-1.jpeg,variant-13928-annies-beauty-eyeshadow-palettes-variant-02.jpeg,FOUND,False,variant_image
13917,,https://wholesalebeautyhub.co.uk/wp-content/uploads/2025/08/WhatsApp-Image-2025-08-26-at-22.20.00.jpeg,variant-13929-annies-beauty-eyeshadow-palettes-variant-03.jpeg,FOUND,False,variant_image
13917,13918,https://wholesalebeautyhub.co.uk/wp-content/uploads/2025/08/WhatsApp-Image-2025-08-26-at-22.20.01.jpeg,variant-13925-annies-beauty-eyeshadow-palettes-variant.jpeg,FOUND,False,variant_image
13917,13919,https://wholesalebeautyhub.co.uk/wp-content/uploads/2025/08/WhatsApp-Image-2025-08-26-at-22.20.00-1.jpeg,variant-13928-annies-beauty-eyeshadow-palettes-variant-02.jpeg,FOUND,False,variant_image
13917,13920,https://wholesalebeautyhub.co.uk/wp-content/uploads/2025/08/WhatsApp-Image-2025-08-26-at-22.20.00.jpeg,variant-13929-annies-beauty-eyeshadow-palettes-variant-03.jpeg,FOUND,False,variant_image
14352,,https://wholesalebeautyhub.co.uk/wp-content/uploads/2025/09/skin1004-toner-210ml-tone-brightening-boosting-toner-38642937135350_1440x.webp,product-14354-skin1004-madagascar-centella-tone-brightening-boosting-toner.webp,FOUND,False,product_featured
14352,,https://wholesalebeautyhub.co.uk/wp-content/uploads/2025/09/skin1004-toner-210ml-madagascar-centella-tone-brightening-boosting-toner-36440310350070_1440x.webp,product-14353-skin1004-madagascar-centella-tone-brightening-boosting-toner-02.webp,FOUND,False,product_gallery
15129,,https://wholesalebeautyhub.co.uk/wp-content/uploads/2025/10/WhatsApp-Image-2025-10-18-at-17.52.23.jpeg,product-15132-olay-dark-spot-correcting-body-lotion-aha-vitamin-c.jpeg,FOUND,False,product_featured
15129,,https://wholesalebeautyhub.co.uk/wp-content/uploads/2025/10/WhatsApp-Image-2025-10-18-at-17.52.24.jpeg,product-15131-olay-dark-spot-correcting-body-lotion-aha-vitamin-c-02.jpeg,FOUND,False,product_gallery
15129,,https://wholesalebeautyhub.co.uk/wp-content/uploads/2025/10/WhatsApp-Image-2025-10-18-at-17.52.24-1.jpeg,product-15130-olay-dark-spot-correcting-body-lotion-aha-vitamin-c-03.jpeg,FOUND,False,product_gallery
15249,,https://wholesalebeautyhub.co.uk/wp-content/uploads/2025/10/WhatsApp-Image-2025-10-22-at-14.22.40.jpeg,product-15252-la-roche-posay-effaclar-dual-acne-face-wash-with-4-benzoyl-p.jpeg,FOUND,False,product_featured
15249,,https://wholesalebeautyhub.co.uk/wp-content/uploads/2025/10/WhatsApp-Image-2025-10-22-at-14.22.40-2.jpeg,product-15250-la-roche-posay-effaclar-dual-acne-face-wash-with-4-benzoyl-p-02.jpeg,FOUND,False,product_gallery
15249,,https://wholesalebeautyhub.co.uk/wp-content/uploads/2025/10/WhatsApp-Image-2025-10-22-at-14.22.40-1.jpeg,product-15251-la-roche-posay-effaclar-dual-acne-face-wash-with-4-benzoyl-p-03.jpeg,FOUND,False,product_gallery
15249,,https://wholesalebeautyhub.co.uk/wp-content/uploads/2025/10/WhatsApp-Image-2025-10-22-at-14.22.40.jpeg,product-15252-la-roche-posay-effaclar-dual-acne-face-wash-with-4-benzoyl-p-04.jpeg,FOUND,False,product_featured
15253,,https://wholesalebeautyhub.co.uk/wp-content/uploads/2025/10/WhatsApp-Image-2025-10-22-at-14.31.16-3.jpeg,product-15254-la-roche-posay-lipikar-ap-gentle-foaming-moisturizing-wash.jpeg,FOUND,False,product_featured
15253,,https://wholesalebeautyhub.co.uk/wp-content/uploads/2025/10/WhatsApp-Image-2025-10-22-at-14.31.16-3.jpeg,product-15254-la-roche-posay-lipikar-ap-gentle-foaming-moisturizing-wash-02.jpeg,FOUND,False,product_featured
15253,,https://wholesalebeautyhub.co.uk/wp-content/uploads/2025/10/WhatsApp-Image-2025-10-22-at-14.31.16-2.jpeg,product-15255-la-roche-posay-lipikar-ap-gentle-foaming-moisturizing-wash-03.jpeg,FOUND,False,product_gallery
15253,,https://wholesalebeautyhub.co.uk/wp-content/uploads/2025/10/WhatsApp-Image-2025-10-22-at-14.31.16-1.jpeg,product-15256-la-roche-posay-lipikar-ap-gentle-foaming-moisturizing-wash-04.jpeg,FOUND,False,product_gallery
15253,,https://wholesalebeautyhub.co.uk/wp-content/uploads/2025/10/WhatsApp-Image-2025-10-22-at-14.31.16.jpeg,product-15257-la-roche-posay-lipikar-ap-gentle-foaming-moisturizing-wash-05.jpeg,FOUND,False,product_gallery
15253,,https://wholesalebeautyhub.co.uk/wp-content/uploads/2025/10/WhatsApp-Image-2025-10-22-at-14.31.15-1.jpeg,product-15258-la-roche-posay-lipikar-ap-gentle-foaming-moisturizing-wash-06.jpeg,FOUND,False,product_gallery
15253,,https://wholesalebeautyhub.co.uk/wp-content/uploads/2025/10/WhatsApp-Image-2025-10-22-at-14.31.15.jpeg,product-15259-la-roche-posay-lipikar-ap-gentle-foaming-moisturizing-wash-07.jpeg,FOUND,False,product_gallery
15466,,https://wholesalebeautyhub.co.uk/wp-content/uploads/2025/10/WhatsApp-Image-2025-11-12-at-13.57.44-2.jpeg,product-15747-25pskyn-liqueur-1-69fl-oz-50ml.jpeg,FOUND,False,product_featured
15466,,https://wholesalebeautyhub.co.uk/wp-content/uploads/2025/10/WhatsApp-Image-2025-11-12-at-13.57.44-3.jpeg,product-15746-25pskyn-liqueur-1-69fl-oz-50ml-02.jpeg,FOUND,False,product_gallery
15466,,https://wholesalebeautyhub.co.uk/wp-content/uploads/2025/10/WhatsApp-Image-2025-11-12-at-13.57.48-1.jpeg,product-15742-25pskyn-liqueur-1-69fl-oz-50ml-03.jpeg,FOUND,False,product_gallery
15467,,https://wholesalebeautyhub.co.uk/wp-content/uploads/2025/10/AdobeExpress-file-2025-09-22T145945.146.webp,product-15474-eos-cashmere-body-mist.webp,FOUND,False,product_featured
15467,,https://wholesalebeautyhub.co.uk/wp-content/uploads/2025/10/eos-Holiday-2025-COcoa-Cashmere-Body-Mist.webp,product-15478-eos-cashmere-body-mist-02.webp,FOUND,False,product_gallery
15467,,https://wholesalebeautyhub.co.uk/wp-content/uploads/2025/10/AdobeExpress-file-2025-09-22T153948.869.webp,product-15477-eos-cashmere-body-mist-03.webp,FOUND,False,product_gallery
15467,,https://wholesalebeautyhub.co.uk/wp-content/uploads/2025/10/AdobeExpress-file-2025-09-22T154010.389.webp,product-15476-eos-cashmere-body-mist-04.webp,FOUND,False,product_gallery
15467,,https://wholesalebeautyhub.co.uk/wp-content/uploads/2025/10/eos-Holiday-2025-Vanilla-Cashmere-Body-Mist.webp,product-15475-eos-cashmere-body-mist-05.webp,FOUND,False,product_gallery
15467,,https://wholesalebeautyhub.co.uk/wp-content/uploads/2025/10/AdobeExpress-file-2025-09-22T145945.146.webp,product-15474-eos-cashmere-body-mist-06.webp,FOUND,False,product_featured
15467,,https://wholesalebeautyhub.co.uk/wp-content/uploads/2025/10/AdobeExpress-file-2025-09-22T150108.547.webp,product-15473-eos-cashmere-body-mist-07.webp,FOUND,False,product_gallery
15467,,https://wholesalebeautyhub.co.uk/wp-content/uploads/2025/10/eos-Holiday-2025-Caramel-Cashmere-Body-Mist.webp,product-15472-eos-cashmere-body-mist-08.webp,FOUND,False,product_gallery
15467,,https://wholesalebeautyhub.co.uk/wp-content/uploads/2025/10/AdobeExpress-file-2025-09-22T154737.569.webp,product-15471-eos-cashmere-body-mist-09.webp,FOUND,False,product_gallery
15467,,https://wholesalebeautyhub.co.uk/wp-content/uploads/2025/10/AdobeExpress-file-2025-09-22T145945.146.webp,variant-15474-eos-cashmere-body-mist-variant.webp,FOUND,False,variant_image
15467,,https://wholesalebeautyhub.co.uk/wp-content/uploads/2025/10/AdobeExpress-file-2025-09-22T153948.869.webp,variant-15477-eos-cashmere-body-mist-variant-02.webp,FOUND,False,variant_image
15467,,https://wholesalebeautyhub.co.uk/wp-content/uploads/2025/10/AdobeExpress-file-2025-09-22T154737.569.webp,variant-15471-eos-cashmere-body-mist-variant-03.webp,FOUND,False,variant_image
15467,,https://wholesalebeautyhub.co.uk/wp-content/uploads/2025/12/PEPPERMINT-BODY-MIST-EOS.webp,variant-16501-eos-cashmere-body-mist-variant-04.webp,FOUND,False,variant_image
15467,,https://wholesalebeautyhub.co.uk/wp-content/uploads/2026/01/IMG_3929.jpeg,variant-19869-eos-cashmere-body-mist-variant-05.jpeg,FOUND,False,variant_image
15467,,https://wholesalebeautyhub.co.uk/wp-content/uploads/2026/03/IMG_3926.jpeg,variant-19866-eos-cashmere-body-mist-variant-06.jpeg,FOUND,False,variant_image
15467,,https://wholesalebeautyhub.co.uk/wp-content/uploads/2026/03/IMG_3927.jpeg,variant-19867-eos-cashmere-body-mist-variant-07.jpeg,FOUND,False,variant_image
15467,,https://wholesalebeautyhub.co.uk/wp-content/uploads/2026/03/IMG_3925.jpeg,variant-19865-eos-cashmere-body-mist-variant-08.jpeg,FOUND,False,variant_image
15467,,https://wholesalebeautyhub.co.uk/wp-content/uploads/2026/03/IMG_3928.jpeg,variant-19868-eos-cashmere-body-mist-variant-09.jpeg,FOUND,False,variant_image
15467,19793,https://wholesalebeautyhub.co.uk/wp-content/uploads/2026/03/IMG_3926.jpeg,variant-19866-eos-cashmere-body-mist-variant-06.jpeg,FOUND,False,variant_image
15467,19794,https://wholesalebeautyhub.co.uk/wp-content/uploads/2026/03/IMG_3927.jpeg,variant-19867-eos-cashmere-body-mist-variant-07.jpeg,FOUND,False,variant_image
15467,19795,https://wholesalebeautyhub.co.uk/wp-content/uploads/2026/03/IMG_3925.jpeg,variant-19865-eos-cashmere-body-mist-variant-08.jpeg,FOUND,False,variant_image
15467,19796,https://wholesalebeautyhub.co.uk/wp-content/uploads/2026/03/IMG_3928.jpeg,variant-19868-eos-cashmere-body-mist-variant-09.jpeg,FOUND,False,variant_image
15467,17559,https://wholesalebeautyhub.co.uk/wp-content/uploads/2026/01/IMG_3929.jpeg,variant-19869-eos-cashmere-body-mist-variant-05.jpeg,FOUND,False,variant_image
15467,16500,https://wholesalebeautyhub.co.uk/wp-content/uploads/2025/12/PEPPERMINT-BODY-MIST-EOS.webp,variant-16501-eos-cashmere-body-mist-variant-04.webp,FOUND,False,variant_image
15467,15468,https://wholesalebeautyhub.co.uk/wp-content/uploads/2025/10/AdobeExpress-file-2025-09-22T145945.146.webp,variant-15474-eos-cashmere-body-mist-variant.webp,FOUND,False,variant_image
15467,15469,https://wholesalebeautyhub.co.uk/wp-content/uploads/2025/10/AdobeExpress-file-2025-09-22T153948.869.webp,variant-15477-eos-cashmere-body-mist-variant-02.webp,FOUND,False,variant_image
15467,15470,https://wholesalebeautyhub.co.uk/wp-content/uploads/2025/10/AdobeExpress-file-2025-09-22T154737.569.webp,variant-15471-eos-cashmere-body-mist-variant-03.webp,FOUND,False,variant_image
15752,,https://wholesalebeautyhub.co.uk/wp-content/uploads/2025/10/WhatsApp-Image-2025-11-12-at-13.57.48.jpeg,product-15743-25pskyn-mandelactone-50ml.jpeg,FOUND,False,product_featured
15752,,https://wholesalebeautyhub.co.uk/wp-content/uploads/2025/10/WhatsApp-Image-2025-11-12-at-13.57.44-1.jpeg,product-15749-25pskyn-mandelactone-50ml-02.jpeg,FOUND,False,product_gallery
15752,,https://wholesalebeautyhub.co.uk/wp-content/uploads/2025/10/WhatsApp-Image-2025-11-12-at-13.57.48-1.jpeg,product-15742-25pskyn-mandelactone-50ml-03.jpeg,FOUND,False,product_gallery
15865,,https://wholesalebeautyhub.co.uk/wp-content/uploads/2024/08/Embryolisse.jpg,product-2730-embryolisse-lait-cream-moisturizer-30-ml.jpg,FOUND,False,product_featured
16331,,https://wholesalebeautyhub.co.uk/wp-content/uploads/2025/12/IMG_9109.webp,product-16333-bolden-dark-spot-fix.webp,FOUND,False,product_featured
16438,,https://wholesalebeautyhub.co.uk/wp-content/uploads/2025/12/IMG_9302.webp,product-16439-bolden-skin-clarifying-cleanser.webp,FOUND,False,product_featured
16438,,https://wholesalebeautyhub.co.uk/wp-content/uploads/2025/12/Bolden_Clarifying_Cleanser_for_Oily_Skin_800x.webp,product-16845-bolden-skin-clarifying-cleanser-02.webp,FOUND,False,product_gallery
16438,,https://wholesalebeautyhub.co.uk/wp-content/uploads/2025/12/Bolden_Skin_Clarifying_Cleanser_Lifestyle_V_800x.webp,product-16846-bolden-skin-clarifying-cleanser-03.webp,FOUND,False,product_gallery
16438,,https://wholesalebeautyhub.co.uk/wp-content/uploads/2025/12/Bolden_Skin_Clarifying_Cleanser_Lifestyle_VII_800x.webp,product-16847-bolden-skin-clarifying-cleanser-04.webp,FOUND,False,product_gallery
16438,,https://wholesalebeautyhub.co.uk/wp-content/uploads/2025/12/Bolden_Skin_Clarifying_Cleanser_Lifestyle_III_800x.webp,product-16848-bolden-skin-clarifying-cleanser-05.webp,FOUND,False,product_gallery
16438,,https://wholesalebeautyhub.co.uk/wp-content/uploads/2025/12/Bolden_Skin_Clarifying_Cleanser_Front_800x.webp,product-16849-bolden-skin-clarifying-cleanser-06.webp,FOUND,False,product_gallery
16441,,https://wholesalebeautyhub.co.uk/wp-content/uploads/2025/12/Bolden_Sunscreen_Moisturizer-WBH.webp,product-16789-bolden-brightening-moisturizer-spf-30-with-vitamin-c.webp,FOUND,False,product_featured
16441,,https://wholesalebeautyhub.co.uk/wp-content/uploads/2025/12/Bolden_Sunscreen_Main_Benefit.webp,product-16790-bolden-brightening-moisturizer-spf-30-with-vitamin-c-02.webp,FOUND,False,product_gallery
16441,,https://wholesalebeautyhub.co.uk/wp-content/uploads/2025/12/Bolden_Sunscreen_Moisturizer.webp,product-16792-bolden-brightening-moisturizer-spf-30-with-vitamin-c-03.webp,FOUND,False,product_gallery
16441,,https://wholesalebeautyhub.co.uk/wp-content/uploads/2025/12/Bolden_Sunscreen_Powerful_Ingredients.webp,product-16791-bolden-brightening-moisturizer-spf-30-with-vitamin-c-04.webp,FOUND,False,product_gallery
16443,,https://wholesalebeautyhub.co.uk/wp-content/uploads/2025/12/Bolden_Toner_For_All_Skin.webp,product-16843-bolden-skin-brightening-toner.webp,FOUND,False,product_featured
16443,,https://wholesalebeautyhub.co.uk/wp-content/uploads/2025/12/best_exfoliating_toner_800x.webp,product-16841-bolden-skin-brightening-toner-02.webp,FOUND,False,product_gallery
16443,,https://wholesalebeautyhub.co.uk/wp-content/uploads/2025/12/Bolden_Toner_Fade_Dark_Spots_800x.webp,product-16842-bolden-skin-brightening-toner-03.webp,FOUND,False,product_gallery
16443,,https://wholesalebeautyhub.co.uk/wp-content/uploads/2025/12/Bolden_Toner_For_All_Skin.webp,product-16843-bolden-skin-brightening-toner-04.webp,FOUND,False,product_featured
16443,,https://wholesalebeautyhub.co.uk/wp-content/uploads/2025/12/Bolden_Toner_Ingredients_800x.webp,product-16844-bolden-skin-brightening-toner-05.webp,FOUND,False,product_gallery
16445,,https://wholesalebeautyhub.co.uk/wp-content/uploads/2025/12/Sylvimak-Smooth-Affair-6-in-1-Powder-Palette_3.jpg.webp,product-16852-sylvimak-smooth-affair-finishing-powder-palette.webp,FOUND,False,product_featured
16445,,https://wholesalebeautyhub.co.uk/wp-content/uploads/2025/12/sylvimak-12-in-1-powder-palete.jpg,product-16853-sylvimak-smooth-affair-finishing-powder-palette-02.jpg,FOUND,False,product_gallery
16445,,https://wholesalebeautyhub.co.uk/wp-content/uploads/2025/12/Sylvimak-Smooth-Affair-6-in-1-Powder-Palette_3.jpg.webp,product-16852-sylvimak-smooth-affair-finishing-powder-palette-03.webp,FOUND,False,product_featured
16445,,https://wholesalebeautyhub.co.uk/wp-content/uploads/2025/12/Sylvimak-Smooth-Affair-6-in-1-Powder-Palette_3.jpg.webp,variant-16852-sylvimak-smooth-affair-finishing-powder-palette-variant.webp,FOUND,False,variant_image
16445,,https://wholesalebeautyhub.co.uk/wp-content/uploads/2025/12/sylvimak-12-in-1-powder-palete.jpg,variant-16853-sylvimak-smooth-affair-finishing-powder-palette-variant-02.jpg,FOUND,False,variant_image
16445,,https://wholesalebeautyhub.co.uk/wp-content/uploads/2025/12/IMG_9306.jpeg,product_body-16446-sylvimak-smooth-affair-finishing-powder-palette.webp,FOUND,False,product_body_content
16445,16850,https://wholesalebeautyhub.co.uk/wp-content/uploads/2025/12/Sylvimak-Smooth-Affair-6-in-1-Powder-Palette_3.jpg.webp,variant-16852-sylvimak-smooth-affair-finishing-powder-palette-variant.webp,FOUND,False,variant_image
16445,16851,https://wholesalebeautyhub.co.uk/wp-content/uploads/2025/12/sylvimak-12-in-1-powder-palete.jpg,variant-16853-sylvimak-smooth-affair-finishing-powder-palette-variant-02.jpg,FOUND,False,variant_image
16460,,https://wholesalebeautyhub.co.uk/wp-content/uploads/2025/12/IMG_9312.webp,product-16461-hegai-esther-photo-perfect-pressed-powder.webp,FOUND,False,product_featured
16460,,https://wholesalebeautyhub.co.uk/wp-content/uploads/2025/12/IMG_0776.jpeg,variant-17379-hegai-esther-photo-perfect-pressed-powder-variant.jpeg,FOUND,False,variant_image
16460,,,product_body-16460-hegai-esther-photo-perfect-pressed-powder.jpeg,BROKEN,False,product_body_content
16460,16463,https://wholesalebeautyhub.co.uk/wp-content/uploads/2025/12/IMG_0776.jpeg,variant-17379-hegai-esther-photo-perfect-pressed-powder-variant.jpeg,FOUND,False,variant_image
16464,,https://wholesalebeautyhub.co.uk/wp-content/uploads/2025/12/IMG_9308.jpeg,product-16453-hegai-esther-lipgloss.webp,FOUND,False,product_featured
16464,,https://wholesalebeautyhub.co.uk/wp-content/uploads/2025/12/IMG_3872.jpeg,variant-17061-hegai-esther-lipgloss-variant.jpeg,FOUND,False,variant_image
16464,,https://wholesalebeautyhub.co.uk/wp-content/uploads/2025/12/IMG_3873.jpeg,variant-17062-hegai-esther-lipgloss-variant-02.jpeg,FOUND,False,variant_image
16464,,https://wholesalebeautyhub.co.uk/wp-content/uploads/2025/12/IMG_3874.jpeg,variant-17063-hegai-esther-lipgloss-variant-03.jpeg,FOUND,False,variant_image
16464,,https://wholesalebeautyhub.co.uk/wp-content/uploads/2025/12/IMG_9808.jpeg,variant-17064-hegai-esther-lipgloss-variant-04.jpeg,FOUND,False,variant_image
16464,,https://wholesalebeautyhub.co.uk/wp-content/uploads/2025/12/IMG_9807.jpeg,variant-17065-hegai-esther-lipgloss-variant-05.jpeg,FOUND,False,variant_image
16464,,https://wholesalebeautyhub.co.uk/wp-content/uploads/2025/12/IMG_9811.jpeg,variant-17066-hegai-esther-lipgloss-variant-06.jpeg,FOUND,False,variant_image
16464,,https://wholesalebeautyhub.co.uk/wp-content/uploads/2025/12/IMG_9810.jpeg,variant-17068-hegai-esther-lipgloss-variant-07.jpeg,FOUND,False,variant_image
16464,,https://wholesalebeautyhub.co.uk/wp-content/uploads/2025/12/IMG_9809.jpeg,variant-17067-hegai-esther-lipgloss-variant-08.jpeg,FOUND,False,variant_image
16464,,https://wholesalebeautyhub.co.uk/wp-content/uploads/2025/12/IMG_9812.jpeg,variant-17069-hegai-esther-lipgloss-variant-09.jpeg,FOUND,False,variant_image
16464,,https://wholesalebeautyhub.co.uk/wp-content/uploads/2025/12/IMG_9813.jpeg,variant-17070-hegai-esther-lipgloss-variant-10.jpeg,FOUND,False,variant_image
16464,,https://wholesalebeautyhub.co.uk/wp-content/uploads/2025/12/IMG_9814.jpeg,variant-17071-hegai-esther-lipgloss-variant-11.jpeg,FOUND,False,variant_image
16464,,https://wholesalebeautyhub.co.uk/wp-content/uploads/2025/12/IMG_9815.jpeg,variant-17072-hegai-esther-lipgloss-variant-12.jpeg,FOUND,False,variant_image
16464,,https://wholesalebeautyhub.co.uk/wp-content/uploads/2026/03/IMG_9891-2.png,variant-19737-hegai-esther-lipgloss-variant-13.png,FOUND,False,variant_image
16464,,https://wholesalebeautyhub.co.uk/wp-content/uploads/2026/03/IMG_9890.png,variant-19736-hegai-esther-lipgloss-variant-14.png,FOUND,False,variant_image
16464,,https://wholesalebeautyhub.co.uk/wp-content/uploads/2026/03/IMG_9889-1.png,variant-19735-hegai-esther-lipgloss-variant-15.png,FOUND,False,variant_image
16464,,https://wholesalebeautyhub.co.uk/wp-content/uploads/2026/03/IMG_9888.png,variant-19733-hegai-esther-lipgloss-variant-16.png,FOUND,False,variant_image
16464,,https://wholesalebeautyhub.co.uk/wp-content/uploads/2026/03/IMG_9887-1.png,variant-19732-hegai-esther-lipgloss-variant-17.png,FOUND,False,variant_image
16464,,https://wholesalebeautyhub.co.uk/wp-content/uploads/2026/04/IMG_4733.png,variant-20190-hegai-esther-lipgloss-variant-18.png,FOUND,False,variant_image
16464,,https://wholesalebeautyhub.co.uk/wp-content/uploads/2026/04/IMG_4735.jpeg,variant-20191-hegai-esther-lipgloss-variant-19.jpeg,FOUND,False,variant_image
16464,,https://wholesalebeautyhub.co.uk/wp-content/uploads/2026/04/IMG_4737.jpeg,variant-20193-hegai-esther-lipgloss-variant-20.jpeg,FOUND,False,variant_image
16464,,https://wholesalebeautyhub.co.uk/wp-content/uploads/2026/04/IMG_4736.jpeg,variant-20192-hegai-esther-lipgloss-variant-21.jpeg,FOUND,False,variant_image
16464,,https://wholesalebeautyhub.co.uk/wp-content/uploads/2026/04/IMG_4738.jpeg,variant-20194-hegai-esther-lipgloss-variant-22.jpeg,FOUND,False,variant_image
16464,19991,https://wholesalebeautyhub.co.uk/wp-content/uploads/2026/04/IMG_4733.png,variant-20190-hegai-esther-lipgloss-variant-18.png,FOUND,False,variant_image
16464,19992,https://wholesalebeautyhub.co.uk/wp-content/uploads/2026/04/IMG_4735.jpeg,variant-20191-hegai-esther-lipgloss-variant-19.jpeg,FOUND,False,variant_image
16464,19993,https://wholesalebeautyhub.co.uk/wp-content/uploads/2026/04/IMG_4737.jpeg,variant-20193-hegai-esther-lipgloss-variant-20.jpeg,FOUND,False,variant_image
16464,19994,https://wholesalebeautyhub.co.uk/wp-content/uploads/2026/04/IMG_4736.jpeg,variant-20192-hegai-esther-lipgloss-variant-21.jpeg,FOUND,False,variant_image
16464,19995,https://wholesalebeautyhub.co.uk/wp-content/uploads/2026/04/IMG_4738.jpeg,variant-20194-hegai-esther-lipgloss-variant-22.jpeg,FOUND,False,variant_image
16464,19723,https://wholesalebeautyhub.co.uk/wp-content/uploads/2026/03/IMG_9887-1.png,variant-19732-hegai-esther-lipgloss-variant-17.png,FOUND,False,variant_image
16464,19724,https://wholesalebeautyhub.co.uk/wp-content/uploads/2026/03/IMG_9888.png,variant-19733-hegai-esther-lipgloss-variant-16.png,FOUND,False,variant_image
16464,19725,https://wholesalebeautyhub.co.uk/wp-content/uploads/2026/03/IMG_9889-1.png,variant-19735-hegai-esther-lipgloss-variant-15.png,FOUND,False,variant_image
16464,19726,https://wholesalebeautyhub.co.uk/wp-content/uploads/2026/03/IMG_9890.png,variant-19736-hegai-esther-lipgloss-variant-14.png,FOUND,False,variant_image
16464,19727,https://wholesalebeautyhub.co.uk/wp-content/uploads/2026/03/IMG_9891-2.png,variant-19737-hegai-esther-lipgloss-variant-13.png,FOUND,False,variant_image
16464,16983,https://wholesalebeautyhub.co.uk/wp-content/uploads/2025/12/IMG_3872.jpeg,variant-17061-hegai-esther-lipgloss-variant.jpeg,FOUND,False,variant_image
16464,16984,https://wholesalebeautyhub.co.uk/wp-content/uploads/2025/12/IMG_3873.jpeg,variant-17062-hegai-esther-lipgloss-variant-02.jpeg,FOUND,False,variant_image
16464,16985,https://wholesalebeautyhub.co.uk/wp-content/uploads/2025/12/IMG_3874.jpeg,variant-17063-hegai-esther-lipgloss-variant-03.jpeg,FOUND,False,variant_image
16464,16986,https://wholesalebeautyhub.co.uk/wp-content/uploads/2025/12/IMG_9808.jpeg,variant-17064-hegai-esther-lipgloss-variant-04.jpeg,FOUND,False,variant_image
16464,16987,https://wholesalebeautyhub.co.uk/wp-content/uploads/2025/12/IMG_9807.jpeg,variant-17065-hegai-esther-lipgloss-variant-05.jpeg,FOUND,False,variant_image
16464,16988,https://wholesalebeautyhub.co.uk/wp-content/uploads/2025/12/IMG_9811.jpeg,variant-17066-hegai-esther-lipgloss-variant-06.jpeg,FOUND,False,variant_image
16464,16989,https://wholesalebeautyhub.co.uk/wp-content/uploads/2025/12/IMG_9810.jpeg,variant-17068-hegai-esther-lipgloss-variant-07.jpeg,FOUND,False,variant_image
16464,16990,https://wholesalebeautyhub.co.uk/wp-content/uploads/2025/12/IMG_9809.jpeg,variant-17067-hegai-esther-lipgloss-variant-08.jpeg,FOUND,False,variant_image
16464,16991,https://wholesalebeautyhub.co.uk/wp-content/uploads/2025/12/IMG_9812.jpeg,variant-17069-hegai-esther-lipgloss-variant-09.jpeg,FOUND,False,variant_image
16464,16992,https://wholesalebeautyhub.co.uk/wp-content/uploads/2025/12/IMG_9813.jpeg,variant-17070-hegai-esther-lipgloss-variant-10.jpeg,FOUND,False,variant_image
16464,16993,https://wholesalebeautyhub.co.uk/wp-content/uploads/2025/12/IMG_9814.jpeg,variant-17071-hegai-esther-lipgloss-variant-11.jpeg,FOUND,False,variant_image
16464,16994,https://wholesalebeautyhub.co.uk/wp-content/uploads/2025/12/IMG_9815.jpeg,variant-17072-hegai-esther-lipgloss-variant-12.jpeg,FOUND,False,variant_image
16467,,https://wholesalebeautyhub.co.uk/wp-content/uploads/2025/12/IMG_9315.jpeg,product-16468-hegai-esther-artstick-matte-liquid-lipstick.webp,FOUND,False,product_featured
16467,,https://wholesalebeautyhub.co.uk/wp-content/uploads/2025/12/IMG_9817.jpeg,variant-17073-hegai-esther-artstick-matte-liquid-lipstick-variant.jpeg,FOUND,False,variant_image
16467,,https://wholesalebeautyhub.co.uk/wp-content/uploads/2025/12/IMG_9820.jpeg,variant-17075-hegai-esther-artstick-matte-liquid-lipstick-variant-02.jpeg,FOUND,False,variant_image
16467,,https://wholesalebeautyhub.co.uk/wp-content/uploads/2025/12/IMG_9818.jpeg,variant-17076-hegai-esther-artstick-matte-liquid-lipstick-variant-03.jpeg,FOUND,False,variant_image
16467,,https://wholesalebeautyhub.co.uk/wp-content/uploads/2025/12/IMG_9819.jpeg,variant-17077-hegai-esther-artstick-matte-liquid-lipstick-variant-04.jpeg,FOUND,False,variant_image
16467,,https://wholesalebeautyhub.co.uk/wp-content/uploads/2025/12/IMG_9822.jpeg,variant-17078-hegai-esther-artstick-matte-liquid-lipstick-variant-05.jpeg,FOUND,False,variant_image
16467,,https://wholesalebeautyhub.co.uk/wp-content/uploads/2025/12/IMG_9823.jpeg,variant-17079-hegai-esther-artstick-matte-liquid-lipstick-variant-06.jpeg,FOUND,False,variant_image
16467,,https://wholesalebeautyhub.co.uk/wp-content/uploads/2025/12/IMG_9825.jpeg,variant-17080-hegai-esther-artstick-matte-liquid-lipstick-variant-07.jpeg,FOUND,False,variant_image
16467,,https://wholesalebeautyhub.co.uk/wp-content/uploads/2025/12/IMG_9826.jpeg,variant-17081-hegai-esther-artstick-matte-liquid-lipstick-variant-08.jpeg,FOUND,False,variant_image
16467,,https://wholesalebeautyhub.co.uk/wp-content/uploads/2025/12/IMG_9816.jpeg,variant-17074-hegai-esther-artstick-matte-liquid-lipstick-variant-09.jpeg,FOUND,False,variant_image
16467,,https://wholesalebeautyhub.co.uk/wp-content/uploads/2025/12/IMG_9314.jpeg,product_body-16469-hegai-esther-artstick-matte-liquid-lipstick.webp,FOUND,False,product_body_content
16467,16974,https://wholesalebeautyhub.co.uk/wp-content/uploads/2025/12/IMG_9817.jpeg,variant-17073-hegai-esther-artstick-matte-liquid-lipstick-variant.jpeg,FOUND,False,variant_image
16467,16975,https://wholesalebeautyhub.co.uk/wp-content/uploads/2025/12/IMG_9820.jpeg,variant-17075-hegai-esther-artstick-matte-liquid-lipstick-variant-02.jpeg,FOUND,False,variant_image
16467,16976,https://wholesalebeautyhub.co.uk/wp-content/uploads/2025/12/IMG_9818.jpeg,variant-17076-hegai-esther-artstick-matte-liquid-lipstick-variant-03.jpeg,FOUND,False,variant_image
16467,16977,https://wholesalebeautyhub.co.uk/wp-content/uploads/2025/12/IMG_9819.jpeg,variant-17077-hegai-esther-artstick-matte-liquid-lipstick-variant-04.jpeg,FOUND,False,variant_image
16467,16978,https://wholesalebeautyhub.co.uk/wp-content/uploads/2025/12/IMG_9822.jpeg,variant-17078-hegai-esther-artstick-matte-liquid-lipstick-variant-05.jpeg,FOUND,False,variant_image
16467,16979,https://wholesalebeautyhub.co.uk/wp-content/uploads/2025/12/IMG_9823.jpeg,variant-17079-hegai-esther-artstick-matte-liquid-lipstick-variant-06.jpeg,FOUND,False,variant_image
16467,16980,https://wholesalebeautyhub.co.uk/wp-content/uploads/2025/12/IMG_9825.jpeg,variant-17080-hegai-esther-artstick-matte-liquid-lipstick-variant-07.jpeg,FOUND,False,variant_image
16467,16981,https://wholesalebeautyhub.co.uk/wp-content/uploads/2025/12/IMG_9826.jpeg,variant-17081-hegai-esther-artstick-matte-liquid-lipstick-variant-08.jpeg,FOUND,False,variant_image
16467,16982,https://wholesalebeautyhub.co.uk/wp-content/uploads/2025/12/IMG_9816.jpeg,variant-17074-hegai-esther-artstick-matte-liquid-lipstick-variant-09.jpeg,FOUND,False,variant_image
16482,,https://wholesalebeautyhub.co.uk/wp-content/uploads/2025/12/Nav-Holiday_Collection_EOS.webp,product-16498-eos-cashmere-body-lotion-holiday-collection.webp,FOUND,False,product_featured
16482,,https://wholesalebeautyhub.co.uk/wp-content/uploads/2025/12/WhatsApp-Image-2025-12-03-at-23.40.43.webp,product-16499-eos-cashmere-body-lotion-holiday-collection-02.webp,FOUND,False,product_gallery
16482,,https://wholesalebeautyhub.co.uk/wp-content/uploads/2025/12/CocoaCashmere-EOS.webp,product-16496-eos-cashmere-body-lotion-holiday-collection-03.webp,FOUND,False,product_gallery
16482,,https://wholesalebeautyhub.co.uk/wp-content/uploads/2025/12/CaramelCashmereBL-Allure.webp,product-16495-eos-cashmere-body-lotion-holiday-collection-04.webp,FOUND,False,product_gallery
16482,,https://wholesalebeautyhub.co.uk/wp-content/uploads/2025/12/CARAMEL-CASHMERE-EOS.webp,product-16494-eos-cashmere-body-lotion-holiday-collection-05.webp,FOUND,False,product_gallery
16482,,https://wholesalebeautyhub.co.uk/wp-content/uploads/2025/12/COCOA-CASHMERE-EOS.webp,product-16493-eos-cashmere-body-lotion-holiday-collection-06.webp,FOUND,False,product_gallery
16482,,https://wholesalebeautyhub.co.uk/wp-content/uploads/2025/12/PeppermintCashmereBL-Allure.webp,product-16492-eos-cashmere-body-lotion-holiday-collection-07.webp,FOUND,False,product_gallery
16482,,https://wholesalebeautyhub.co.uk/wp-content/uploads/2025/12/PEPPERMINT-CASHMERE-EOS.webp,product-16491-eos-cashmere-body-lotion-holiday-collection-08.webp,FOUND,False,product_gallery
16482,,https://wholesalebeautyhub.co.uk/wp-content/uploads/2025/12/PeppermintCashmereMiniBL-EOS.webp,product-16490-eos-cashmere-body-lotion-holiday-collection-09.webp,FOUND,False,product_gallery
16482,,https://wholesalebeautyhub.co.uk/wp-content/uploads/2025/12/PeppermintCashmereMiniBL-EOS.webp,variant-16490-eos-cashmere-body-lotion-holiday-collection-variant.webp,FOUND,False,variant_image
16482,,https://wholesalebeautyhub.co.uk/wp-content/uploads/2025/12/COCOA-CASHMERE-EOS.webp,variant-16493-eos-cashmere-body-lotion-holiday-collection-variant-02.webp,FOUND,False,variant_image
16482,,https://wholesalebeautyhub.co.uk/wp-content/uploads/2025/12/CARAMEL-CASHMERE-EOS.webp,variant-16494-eos-cashmere-body-lotion-holiday-collection-variant-03.webp,FOUND,False,variant_image
16482,,https://wholesalebeautyhub.co.uk/wp-content/uploads/2025/12/PEPPERMINT-CASHMERE-EOS.webp,variant-16491-eos-cashmere-body-lotion-holiday-collection-variant-04.webp,FOUND,False,variant_image
16482,16497,https://wholesalebeautyhub.co.uk/wp-content/uploads/2025/12/PeppermintCashmereMiniBL-EOS.webp,variant-16490-eos-cashmere-body-lotion-holiday-collection-variant.webp,FOUND,False,variant_image
16482,16484,https://wholesalebeautyhub.co.uk/wp-content/uploads/2025/12/COCOA-CASHMERE-EOS.webp,variant-16493-eos-cashmere-body-lotion-holiday-collection-variant-02.webp,FOUND,False,variant_image
16482,16485,https://wholesalebeautyhub.co.uk/wp-content/uploads/2025/12/CARAMEL-CASHMERE-EOS.webp,variant-16494-eos-cashmere-body-lotion-holiday-collection-variant-03.webp,FOUND,False,variant_image
16482,16486,https://wholesalebeautyhub.co.uk/wp-content/uploads/2025/12/PEPPERMINT-CASHMERE-EOS.webp,variant-16491-eos-cashmere-body-lotion-holiday-collection-variant-04.webp,FOUND,False,variant_image
16519,,https://wholesalebeautyhub.co.uk/wp-content/uploads/2025/12/21A8F85F-3AF6-47DF-BC88-66E5C7A8B85E_4_5005_c.jpeg,product-16520-hegai-esther-powder-foundation.webp,FOUND,False,product_featured
16519,,https://wholesalebeautyhub.co.uk/wp-content/uploads/2025/12/IMG_0768.jpeg,variant-17370-hegai-esther-powder-foundation-variant.jpeg,FOUND,False,variant_image
16519,,https://wholesalebeautyhub.co.uk/wp-content/uploads/2025/12/IMG_0769.jpeg,variant-17371-hegai-esther-powder-foundation-variant-02.jpeg,FOUND,False,variant_image
16519,,https://wholesalebeautyhub.co.uk/wp-content/uploads/2025/12/IMG_0770.jpeg,variant-17373-hegai-esther-powder-foundation-variant-03.jpeg,FOUND,False,variant_image
16519,,https://wholesalebeautyhub.co.uk/wp-content/uploads/2025/12/IMG_0771.jpeg,variant-17374-hegai-esther-powder-foundation-variant-04.jpeg,FOUND,False,variant_image
16519,,https://wholesalebeautyhub.co.uk/wp-content/uploads/2025/12/IMG_0772.jpeg,variant-17375-hegai-esther-powder-foundation-variant-05.jpeg,FOUND,False,variant_image
16519,,https://wholesalebeautyhub.co.uk/wp-content/uploads/2025/12/IMG_0773.jpeg,variant-17376-hegai-esther-powder-foundation-variant-06.jpeg,FOUND,False,variant_image
16519,,https://wholesalebeautyhub.co.uk/wp-content/uploads/2025/12/IMG_0774.jpeg,variant-17378-hegai-esther-powder-foundation-variant-07.jpeg,FOUND,False,variant_image
16519,,https://wholesalebeautyhub.co.uk/wp-content/uploads/2025/12/567C1AE5-DB42-448A-B15D-5885A3EA18C5_4_5005_c.jpeg,product_body-16521-hegai-esther-powder-foundation.webp,FOUND,False,product_body_content
16519,16522,https://wholesalebeautyhub.co.uk/wp-content/uploads/2025/12/IMG_0768.jpeg,variant-17370-hegai-esther-powder-foundation-variant.jpeg,FOUND,False,variant_image
16519,16523,https://wholesalebeautyhub.co.uk/wp-content/uploads/2025/12/IMG_0769.jpeg,variant-17371-hegai-esther-powder-foundation-variant-02.jpeg,FOUND,False,variant_image
16519,16524,https://wholesalebeautyhub.co.uk/wp-content/uploads/2025/12/IMG_0770.jpeg,variant-17373-hegai-esther-powder-foundation-variant-03.jpeg,FOUND,False,variant_image
16519,16525,https://wholesalebeautyhub.co.uk/wp-content/uploads/2025/12/IMG_0771.jpeg,variant-17374-hegai-esther-powder-foundation-variant-04.jpeg,FOUND,False,variant_image
16519,16526,https://wholesalebeautyhub.co.uk/wp-content/uploads/2025/12/IMG_0772.jpeg,variant-17375-hegai-esther-powder-foundation-variant-05.jpeg,FOUND,False,variant_image
16519,16527,https://wholesalebeautyhub.co.uk/wp-content/uploads/2025/12/IMG_0773.jpeg,variant-17376-hegai-esther-powder-foundation-variant-06.jpeg,FOUND,False,variant_image
16519,16528,https://wholesalebeautyhub.co.uk/wp-content/uploads/2025/12/IMG_0774.jpeg,variant-17378-hegai-esther-powder-foundation-variant-07.jpeg,FOUND,False,variant_image
16529,,https://wholesalebeautyhub.co.uk/wp-content/uploads/2025/12/C187E91A-0A8E-4EDA-BD94-041C61445588_4_5005_c.webp,product-16530-hegai-esther-photo-perfect-liquid-foundation.webp,FOUND,False,product_featured
16529,,https://wholesalebeautyhub.co.uk/wp-content/uploads/2025/12/IMG_0760.jpeg,variant-17360-hegai-esther-photo-perfect-liquid-foundation-variant.jpeg,FOUND,False,variant_image
16529,,https://wholesalebeautyhub.co.uk/wp-content/uploads/2025/12/IMG_0749.jpeg,variant-17349-hegai-esther-photo-perfect-liquid-foundation-variant-02.jpeg,FOUND,False,variant_image
16529,,https://wholesalebeautyhub.co.uk/wp-content/uploads/2025/12/IMG_0751.jpeg,variant-17351-hegai-esther-photo-perfect-liquid-foundation-variant-03.jpeg,FOUND,False,variant_image
16529,,https://wholesalebeautyhub.co.uk/wp-content/uploads/2025/12/IMG_0752.jpeg,variant-17352-hegai-esther-photo-perfect-liquid-foundation-variant-04.jpeg,FOUND,False,variant_image
16529,,https://wholesalebeautyhub.co.uk/wp-content/uploads/2025/12/IMG_0753.jpeg,variant-17353-hegai-esther-photo-perfect-liquid-foundation-variant-05.jpeg,FOUND,False,variant_image
16529,,https://wholesalebeautyhub.co.uk/wp-content/uploads/2025/12/IMG_0754.jpeg,variant-17354-hegai-esther-photo-perfect-liquid-foundation-variant-06.jpeg,FOUND,False,variant_image
16529,,https://wholesalebeautyhub.co.uk/wp-content/uploads/2025/12/IMG_0755.jpeg,variant-17355-hegai-esther-photo-perfect-liquid-foundation-variant-07.jpeg,FOUND,False,variant_image
16529,,https://wholesalebeautyhub.co.uk/wp-content/uploads/2025/12/IMG_0756.jpeg,variant-17356-hegai-esther-photo-perfect-liquid-foundation-variant-08.jpeg,FOUND,False,variant_image
16529,,https://wholesalebeautyhub.co.uk/wp-content/uploads/2025/12/IMG_0757.jpeg,variant-17357-hegai-esther-photo-perfect-liquid-foundation-variant-09.jpeg,FOUND,False,variant_image
16529,,https://wholesalebeautyhub.co.uk/wp-content/uploads/2025/12/IMG_0758.jpeg,variant-17358-hegai-esther-photo-perfect-liquid-foundation-variant-10.jpeg,FOUND,False,variant_image
16529,,https://wholesalebeautyhub.co.uk/wp-content/uploads/2025/12/IMG_0759.jpeg,variant-17359-hegai-esther-photo-perfect-liquid-foundation-variant-11.jpeg,FOUND,False,variant_image
16529,,,product_body-16529-hegai-esther-photo-perfect-liquid-foundation.jpeg,BROKEN,False,product_body_content
16529,,https://wholesalebeautyhub.co.uk/wp-content/uploads/2025/12/A24B0AB6-C21D-4C49-BCFB-4A85969CE5BF_4_5005_c.jpeg,product_body-16531-hegai-esther-photo-perfect-liquid-foundation-02.webp,FOUND,False,product_body_content
16529,16934,https://wholesalebeautyhub.co.uk/wp-content/uploads/2025/12/IMG_0760.jpeg,variant-17360-hegai-esther-photo-perfect-liquid-foundation-variant.jpeg,FOUND,False,variant_image
16529,16936,https://wholesalebeautyhub.co.uk/wp-content/uploads/2025/12/IMG_0759.jpeg,variant-17359-hegai-esther-photo-perfect-liquid-foundation-variant-11.jpeg,FOUND,False,variant_image
16529,16937,https://wholesalebeautyhub.co.uk/wp-content/uploads/2025/12/IMG_0758.jpeg,variant-17358-hegai-esther-photo-perfect-liquid-foundation-variant-10.jpeg,FOUND,False,variant_image
16529,16938,https://wholesalebeautyhub.co.uk/wp-content/uploads/2025/12/IMG_0757.jpeg,variant-17357-hegai-esther-photo-perfect-liquid-foundation-variant-09.jpeg,FOUND,False,variant_image
16529,16939,https://wholesalebeautyhub.co.uk/wp-content/uploads/2025/12/IMG_0756.jpeg,variant-17356-hegai-esther-photo-perfect-liquid-foundation-variant-08.jpeg,FOUND,False,variant_image
16529,16940,https://wholesalebeautyhub.co.uk/wp-content/uploads/2025/12/IMG_0755.jpeg,variant-17355-hegai-esther-photo-perfect-liquid-foundation-variant-07.jpeg,FOUND,False,variant_image
16529,16941,https://wholesalebeautyhub.co.uk/wp-content/uploads/2025/12/IMG_0754.jpeg,variant-17354-hegai-esther-photo-perfect-liquid-foundation-variant-06.jpeg,FOUND,False,variant_image
16529,16942,https://wholesalebeautyhub.co.uk/wp-content/uploads/2025/12/IMG_0753.jpeg,variant-17353-hegai-esther-photo-perfect-liquid-foundation-variant-05.jpeg,FOUND,False,variant_image
16529,16943,https://wholesalebeautyhub.co.uk/wp-content/uploads/2025/12/IMG_0752.jpeg,variant-17352-hegai-esther-photo-perfect-liquid-foundation-variant-04.jpeg,FOUND,False,variant_image
16529,16944,https://wholesalebeautyhub.co.uk/wp-content/uploads/2025/12/IMG_0751.jpeg,variant-17351-hegai-esther-photo-perfect-liquid-foundation-variant-03.jpeg,FOUND,False,variant_image
16529,16945,https://wholesalebeautyhub.co.uk/wp-content/uploads/2025/12/IMG_0749.jpeg,variant-17349-hegai-esther-photo-perfect-liquid-foundation-variant-02.jpeg,FOUND,False,variant_image
16532,,https://wholesalebeautyhub.co.uk/wp-content/uploads/2025/12/A310063A-7648-428D-940E-40E0EAB83295.webp,product-16533-hegai-esther-velvet-matte-lipstick.webp,FOUND,False,product_featured
16532,,https://wholesalebeautyhub.co.uk/wp-content/uploads/2026/01/IMG_1006.jpeg,variant-17589-hegai-esther-velvet-matte-lipstick-variant.jpeg,FOUND,False,variant_image
16532,,https://wholesalebeautyhub.co.uk/wp-content/uploads/2026/01/IMG_1007.jpeg,variant-17590-hegai-esther-velvet-matte-lipstick-variant-02.jpeg,FOUND,False,variant_image
16532,,https://wholesalebeautyhub.co.uk/wp-content/uploads/2026/01/IMG_1008.jpeg,variant-17591-hegai-esther-velvet-matte-lipstick-variant-03.jpeg,FOUND,False,variant_image
16532,,https://wholesalebeautyhub.co.uk/wp-content/uploads/2026/01/IMG_1009.jpeg,variant-17592-hegai-esther-velvet-matte-lipstick-variant-04.jpeg,FOUND,False,variant_image
16532,,https://wholesalebeautyhub.co.uk/wp-content/uploads/2026/01/IMG_1010.jpeg,variant-17593-hegai-esther-velvet-matte-lipstick-variant-05.jpeg,FOUND,False,variant_image
16532,,https://wholesalebeautyhub.co.uk/wp-content/uploads/2026/01/IMG_1011.jpeg,variant-17594-hegai-esther-velvet-matte-lipstick-variant-06.jpeg,FOUND,False,variant_image
16532,,https://wholesalebeautyhub.co.uk/wp-content/uploads/2026/01/IMG_1012.jpeg,variant-17595-hegai-esther-velvet-matte-lipstick-variant-07.jpeg,FOUND,False,variant_image
16532,,https://wholesalebeautyhub.co.uk/wp-content/uploads/2026/01/IMG_1013.jpeg,variant-17596-hegai-esther-velvet-matte-lipstick-variant-08.jpeg,FOUND,False,variant_image
16532,,https://wholesalebeautyhub.co.uk/wp-content/uploads/2026/01/IMG_1014.jpeg,variant-17597-hegai-esther-velvet-matte-lipstick-variant-09.jpeg,FOUND,False,variant_image
16532,17580,https://wholesalebeautyhub.co.uk/wp-content/uploads/2026/01/IMG_1006.jpeg,variant-17589-hegai-esther-velvet-matte-lipstick-variant.jpeg,FOUND,False,variant_image
16532,17581,https://wholesalebeautyhub.co.uk/wp-content/uploads/2026/01/IMG_1007.jpeg,variant-17590-hegai-esther-velvet-matte-lipstick-variant-02.jpeg,FOUND,False,variant_image
16532,17582,https://wholesalebeautyhub.co.uk/wp-content/uploads/2026/01/IMG_1008.jpeg,variant-17591-hegai-esther-velvet-matte-lipstick-variant-03.jpeg,FOUND,False,variant_image
16532,17583,https://wholesalebeautyhub.co.uk/wp-content/uploads/2026/01/IMG_1009.jpeg,variant-17592-hegai-esther-velvet-matte-lipstick-variant-04.jpeg,FOUND,False,variant_image
16532,17584,https://wholesalebeautyhub.co.uk/wp-content/uploads/2026/01/IMG_1010.jpeg,variant-17593-hegai-esther-velvet-matte-lipstick-variant-05.jpeg,FOUND,False,variant_image
16532,17585,https://wholesalebeautyhub.co.uk/wp-content/uploads/2026/01/IMG_1011.jpeg,variant-17594-hegai-esther-velvet-matte-lipstick-variant-06.jpeg,FOUND,False,variant_image
16532,17586,https://wholesalebeautyhub.co.uk/wp-content/uploads/2026/01/IMG_1012.jpeg,variant-17595-hegai-esther-velvet-matte-lipstick-variant-07.jpeg,FOUND,False,variant_image
16532,17587,https://wholesalebeautyhub.co.uk/wp-content/uploads/2026/01/IMG_1013.jpeg,variant-17596-hegai-esther-velvet-matte-lipstick-variant-08.jpeg,FOUND,False,variant_image
16532,17588,https://wholesalebeautyhub.co.uk/wp-content/uploads/2026/01/IMG_1014.jpeg,variant-17597-hegai-esther-velvet-matte-lipstick-variant-09.jpeg,FOUND,False,variant_image
16543,,https://wholesalebeautyhub.co.uk/wp-content/uploads/2025/12/8810D37D-D770-43F1-9CBF-51F293FFCD96.jpeg,product-16544-hegai-esther-photo-perfect-concealer.webp,FOUND,False,product_featured
16543,,https://wholesalebeautyhub.co.uk/wp-content/uploads/2025/12/IMG_0761.jpeg,variant-17362-hegai-esther-photo-perfect-concealer-variant.jpeg,FOUND,False,variant_image
16543,,https://wholesalebeautyhub.co.uk/wp-content/uploads/2025/12/IMG_0762.jpeg,variant-17363-hegai-esther-photo-perfect-concealer-variant-02.jpeg,FOUND,False,variant_image
16543,,https://wholesalebeautyhub.co.uk/wp-content/uploads/2025/12/IMG_0763.jpeg,variant-17365-hegai-esther-photo-perfect-concealer-variant-03.jpeg,FOUND,False,variant_image
16543,,https://wholesalebeautyhub.co.uk/wp-content/uploads/2025/12/IMG_0764.jpeg,variant-17366-hegai-esther-photo-perfect-concealer-variant-04.jpeg,FOUND,False,variant_image
16543,,https://wholesalebeautyhub.co.uk/wp-content/uploads/2025/12/IMG_0765.jpeg,variant-17367-hegai-esther-photo-perfect-concealer-variant-05.jpeg,FOUND,False,variant_image
16543,,https://wholesalebeautyhub.co.uk/wp-content/uploads/2025/12/IMG_0766.jpeg,variant-17368-hegai-esther-photo-perfect-concealer-variant-06.jpeg,FOUND,False,variant_image
16543,,https://wholesalebeautyhub.co.uk/wp-content/uploads/2025/12/IMG_0767.jpeg,variant-17369-hegai-esther-photo-perfect-concealer-variant-07.jpeg,FOUND,False,variant_image
16543,,https://wholesalebeautyhub.co.uk/wp-content/uploads/2025/12/2AD54DCE-6D71-4F14-AB1B-00E2A7BEB3AC.jpeg,product_body-16545-hegai-esther-photo-perfect-concealer.webp,FOUND,False,product_body_content
16543,16546,https://wholesalebeautyhub.co.uk/wp-content/uploads/2025/12/IMG_0761.jpeg,variant-17362-hegai-esther-photo-perfect-concealer-variant.jpeg,FOUND,False,variant_image
16543,16547,https://wholesalebeautyhub.co.uk/wp-content/uploads/2025/12/IMG_0762.jpeg,variant-17363-hegai-esther-photo-perfect-concealer-variant-02.jpeg,FOUND,False,variant_image
16543,16548,https://wholesalebeautyhub.co.uk/wp-content/uploads/2025/12/IMG_0763.jpeg,variant-17365-hegai-esther-photo-perfect-concealer-variant-03.jpeg,FOUND,False,variant_image
16543,16549,https://wholesalebeautyhub.co.uk/wp-content/uploads/2025/12/IMG_0764.jpeg,variant-17366-hegai-esther-photo-perfect-concealer-variant-04.jpeg,FOUND,False,variant_image
16543,16550,https://wholesalebeautyhub.co.uk/wp-content/uploads/2025/12/IMG_0765.jpeg,variant-17367-hegai-esther-photo-perfect-concealer-variant-05.jpeg,FOUND,False,variant_image
16543,16551,https://wholesalebeautyhub.co.uk/wp-content/uploads/2025/12/IMG_0766.jpeg,variant-17368-hegai-esther-photo-perfect-concealer-variant-06.jpeg,FOUND,False,variant_image
16543,16552,https://wholesalebeautyhub.co.uk/wp-content/uploads/2025/12/IMG_0767.jpeg,variant-17369-hegai-esther-photo-perfect-concealer-variant-07.jpeg,FOUND,False,variant_image
16555,,https://wholesalebeautyhub.co.uk/wp-content/uploads/2025/12/1D6E9BCA-867E-474D-850D-9D4CDF507652_4_5005_c.jpeg,product-16556-hegai-esther-lip-definer.jpeg,FOUND,False,product_featured
16555,,https://wholesalebeautyhub.co.uk/wp-content/uploads/2025/12/IMG_9827.jpeg,variant-17082-hegai-esther-lip-definer-variant.jpeg,FOUND,False,variant_image
16555,,https://wholesalebeautyhub.co.uk/wp-content/uploads/2025/12/IMG_9828.jpeg,variant-17083-hegai-esther-lip-definer-variant-02.jpeg,FOUND,False,variant_image
16555,,https://wholesalebeautyhub.co.uk/wp-content/uploads/2025/12/IMG_9829.jpeg,variant-17084-hegai-esther-lip-definer-variant-03.jpeg,FOUND,False,variant_image
16555,,https://wholesalebeautyhub.co.uk/wp-content/uploads/2025/12/IMG_9830.jpeg,variant-17085-hegai-esther-lip-definer-variant-04.jpeg,FOUND,False,variant_image
16555,,https://wholesalebeautyhub.co.uk/wp-content/uploads/2025/12/IMG_9831.jpeg,variant-17086-hegai-esther-lip-definer-variant-05.jpeg,FOUND,False,variant_image
16555,,https://wholesalebeautyhub.co.uk/wp-content/uploads/2025/12/IMG_9832.jpeg,variant-17087-hegai-esther-lip-definer-variant-06.jpeg,FOUND,False,variant_image
16555,16757,https://wholesalebeautyhub.co.uk/wp-content/uploads/2025/12/IMG_9827.jpeg,variant-17082-hegai-esther-lip-definer-variant.jpeg,FOUND,False,variant_image
16555,16758,https://wholesalebeautyhub.co.uk/wp-content/uploads/2025/12/IMG_9828.jpeg,variant-17083-hegai-esther-lip-definer-variant-02.jpeg,FOUND,False,variant_image
16555,16759,https://wholesalebeautyhub.co.uk/wp-content/uploads/2025/12/IMG_9829.jpeg,variant-17084-hegai-esther-lip-definer-variant-03.jpeg,FOUND,False,variant_image
16555,16760,https://wholesalebeautyhub.co.uk/wp-content/uploads/2025/12/IMG_9830.jpeg,variant-17085-hegai-esther-lip-definer-variant-04.jpeg,FOUND,False,variant_image
16555,16761,https://wholesalebeautyhub.co.uk/wp-content/uploads/2025/12/IMG_9831.jpeg,variant-17086-hegai-esther-lip-definer-variant-05.jpeg,FOUND,False,variant_image
16555,16762,https://wholesalebeautyhub.co.uk/wp-content/uploads/2025/12/IMG_9832.jpeg,variant-17087-hegai-esther-lip-definer-variant-06.jpeg,FOUND,False,variant_image
16557,,https://wholesalebeautyhub.co.uk/wp-content/uploads/2025/12/EB2A4547-2C55-4043-83C1-4FD436AF7E69_4_5005_c.jpeg,product-16558-flash-drops-liquid-highlighter.jpeg,FOUND,False,product_featured
16557,,https://wholesalebeautyhub.co.uk/wp-content/uploads/2025/12/IMG_9833.jpeg,variant-17088-flash-drops-liquid-highlighter-variant.jpeg,FOUND,False,variant_image
16557,,https://wholesalebeautyhub.co.uk/wp-content/uploads/2025/12/IMG_9834.jpeg,variant-17089-flash-drops-liquid-highlighter-variant-02.jpeg,FOUND,False,variant_image
16557,,https://wholesalebeautyhub.co.uk/wp-content/uploads/2025/12/IMG_9835.jpeg,variant-17090-flash-drops-liquid-highlighter-variant-03.jpeg,FOUND,False,variant_image
16557,,https://wholesalebeautyhub.co.uk/wp-content/uploads/2025/12/IMG_9836.jpeg,variant-17091-flash-drops-liquid-highlighter-variant-04.jpeg,FOUND,False,variant_image
16557,,https://wholesalebeautyhub.co.uk/wp-content/uploads/2025/12/IMG_9837.jpeg,variant-17092-flash-drops-liquid-highlighter-variant-05.jpeg,FOUND,False,variant_image
16557,16559,https://wholesalebeautyhub.co.uk/wp-content/uploads/2025/12/IMG_9833.jpeg,variant-17088-flash-drops-liquid-highlighter-variant.jpeg,FOUND,False,variant_image
16557,16560,https://wholesalebeautyhub.co.uk/wp-content/uploads/2025/12/IMG_9834.jpeg,variant-17089-flash-drops-liquid-highlighter-variant-02.jpeg,FOUND,False,variant_image
16557,16561,https://wholesalebeautyhub.co.uk/wp-content/uploads/2025/12/IMG_9835.jpeg,variant-17090-flash-drops-liquid-highlighter-variant-03.jpeg,FOUND,False,variant_image
16557,16562,https://wholesalebeautyhub.co.uk/wp-content/uploads/2025/12/IMG_9836.jpeg,variant-17091-flash-drops-liquid-highlighter-variant-04.jpeg,FOUND,False,variant_image
16557,16563,https://wholesalebeautyhub.co.uk/wp-content/uploads/2025/12/IMG_9837.jpeg,variant-17092-flash-drops-liquid-highlighter-variant-05.jpeg,FOUND,False,variant_image
16820,,https://wholesalebeautyhub.co.uk/wp-content/uploads/2025/12/IMG_9507.webp,product-16819-eucerin-roughness-relief-smoothing-lotion.webp,FOUND,False,product_featured
16821,,https://wholesalebeautyhub.co.uk/wp-content/uploads/2025/12/IMG_9508.webp,product-16822-eucerin-eczema-relief-cream.webp,FOUND,False,product_featured
16825,,https://wholesalebeautyhub.co.uk/wp-content/uploads/2025/12/IMG_9510.webp,product-16826-eucerin-intensive-repair-lotion.webp,FOUND,False,product_featured
16966,,https://wholesalebeautyhub.co.uk/wp-content/uploads/2025/12/IMG_9622.webp,product-16968-25pskyn-uv-warrior-spf-50-broad-spectrum-sunscreen-150ml.webp,FOUND,False,product_featured
16969,,https://wholesalebeautyhub.co.uk/wp-content/uploads/2025/12/IMG_9626.webp,product-16970-yglam-cheeksy-cream-blush-palette.webp,FOUND,False,product_featured
16971,,https://wholesalebeautyhub.co.uk/wp-content/uploads/2025/12/IMG_9624.webp,product-16972-yglam-cheesksy-powder-blush-palette.webp,FOUND,False,product_featured
16971,,,product_body-16971-yglam-cheesksy-powder-blush-palette.webp,BROKEN,False,product_body_content
17476,,https://wholesalebeautyhub.co.uk/wp-content/uploads/2026/01/IMG_0900.jpeg,product-17477-vaseline-clinical-care-dry-hands-rescue.jpeg,FOUND,False,product_featured
17476,,https://wholesalebeautyhub.co.uk/wp-content/uploads/2026/01/IMG_0900.jpeg,product-17477-vaseline-clinical-care-dry-hands-rescue-02.jpeg,FOUND,False,product_featured
17478,,https://wholesalebeautyhub.co.uk/wp-content/uploads/2026/01/IMG_0903.jpeg,product-17479-vaseline-glazed-and-glisten-shimmering-oil.jpeg,FOUND,False,product_featured
17478,,https://wholesalebeautyhub.co.uk/wp-content/uploads/2026/01/IMG_0905.jpeg,variant-17486-vaseline-glazed-and-glisten-shimmering-oil-variant.jpeg,FOUND,False,variant_image
17478,,https://wholesalebeautyhub.co.uk/wp-content/uploads/2026/01/IMG_0903.jpeg,variant-17479-vaseline-glazed-and-glisten-shimmering-oil-variant-02.jpeg,FOUND,False,variant_image
17478,17484,https://wholesalebeautyhub.co.uk/wp-content/uploads/2026/01/IMG_0905.jpeg,variant-17486-vaseline-glazed-and-glisten-shimmering-oil-variant.jpeg,FOUND,False,variant_image
17478,17485,https://wholesalebeautyhub.co.uk/wp-content/uploads/2026/01/IMG_0903.jpeg,variant-17479-vaseline-glazed-and-glisten-shimmering-oil-variant-02.jpeg,FOUND,False,variant_image
17487,,https://wholesalebeautyhub.co.uk/wp-content/uploads/2026/01/IMG_0908.jpeg,product-17488-olay-super-serum-body-lotion.jpeg,FOUND,False,product_featured
17487,,https://wholesalebeautyhub.co.uk/wp-content/uploads/2026/01/IMG_0909.jpeg,product-17489-olay-super-serum-body-lotion-02.jpeg,FOUND,False,product_gallery
17487,,https://wholesalebeautyhub.co.uk/wp-content/uploads/2025/03/IMG_0908.jpeg,product_body-8622-olay-super-serum-body-lotion.jpeg,FOUND,False,product_body_content
17491,,https://wholesalebeautyhub.co.uk/wp-content/uploads/2026/01/aquaphor-lip-repair.avif,product-17544-aquaphor-immediate-relief-lip-repair-balm-2pack.webp,FOUND,True,product_featured
17491,,https://wholesalebeautyhub.co.uk/wp-content/uploads/2026/01/IMG_0910.webp,product_body-17492-aquaphor-immediate-relief-lip-repair-balm-2pack.webp,FOUND,False,product_body_content
17494,,https://wholesalebeautyhub.co.uk/wp-content/uploads/2026/01/IMG_1005.webp,product-17578-neutrogena-oil-free-acne-wash-pink-grapefruit-foaming-scrub.webp,FOUND,False,product_featured
17496,,https://wholesalebeautyhub.co.uk/wp-content/uploads/2026/01/IMG_0917.jpeg,product-17502-neutrogena-oil-free-acne-wash-pink-grapefruit-facial-cleanse.jpeg,FOUND,False,product_featured
17503,,https://wholesalebeautyhub.co.uk/wp-content/uploads/2026/01/IMG_0918.jpeg,product-17504-eos-shave-oil.jpeg,FOUND,False,product_featured
17503,,https://wholesalebeautyhub.co.uk/wp-content/uploads/2026/01/IMG_0918.jpeg,product-17504-eos-shave-oil-02.jpeg,FOUND,False,product_featured
17503,,https://wholesalebeautyhub.co.uk/wp-content/uploads/2026/01/IMG_0919.jpeg,product-17505-eos-shave-oil-03.jpeg,FOUND,False,product_gallery
17503,,https://wholesalebeautyhub.co.uk/wp-content/uploads/2026/01/IMG_0920.jpeg,product-17506-eos-shave-oil-04.jpeg,FOUND,False,product_gallery
17503,,https://wholesalebeautyhub.co.uk/wp-content/uploads/2026/01/IMG_0919.jpeg,variant-17505-eos-shave-oil-variant.jpeg,FOUND,False,variant_image
17503,,https://wholesalebeautyhub.co.uk/wp-content/uploads/2026/01/IMG_0920.jpeg,variant-17506-eos-shave-oil-variant-02.jpeg,FOUND,False,variant_image
17503,,https://wholesalebeautyhub.co.uk/wp-content/uploads/2026/01/IMG_0918.jpeg,variant-17504-eos-shave-oil-variant-03.jpeg,FOUND,False,variant_image
17503,17507,https://wholesalebeautyhub.co.uk/wp-content/uploads/2026/01/IMG_0919.jpeg,variant-17505-eos-shave-oil-variant.jpeg,FOUND,False,variant_image
17503,17508,https://wholesalebeautyhub.co.uk/wp-content/uploads/2026/01/IMG_0920.jpeg,variant-17506-eos-shave-oil-variant-02.jpeg,FOUND,False,variant_image
17503,17509,https://wholesalebeautyhub.co.uk/wp-content/uploads/2026/01/IMG_0918.jpeg,variant-17504-eos-shave-oil-variant-03.jpeg,FOUND,False,variant_image
17510,,https://wholesalebeautyhub.co.uk/wp-content/uploads/2026/01/IMG_0921.jpeg,product-17511-good-molecules-caffeine-energizing-hydrogel-eye-patches.jpeg,FOUND,False,product_featured
17601,,https://wholesalebeautyhub.co.uk/wp-content/uploads/2026/01/IMG_0916.jpeg,product-17499-neutrogena-oil-free-acne-wash-with-salicylic-acid-fragrance-.jpeg,FOUND,False,product_featured
17663,,https://wholesalebeautyhub.co.uk/wp-content/uploads/2026/01/IMG_1090.webp,product-17664-sun-bum-kids-spf-50-clear-sunscreen-stick.webp,FOUND,False,product_featured
17665,,https://wholesalebeautyhub.co.uk/wp-content/uploads/2026/01/WhatsApp-Image-2026-01-12-at-18.09.54.jpeg,product-17667-sun-bum-kids-spf-50-clear-sunscreen-lotion.jpeg,FOUND,False,product_featured
17860,,https://wholesalebeautyhub.co.uk/wp-content/uploads/2026/01/WhatsApp-Image-2026-01-19-at-11.12.32-1.jpeg,product-17863-tola-banks-beauty-brush-set.jpeg,FOUND,False,product_featured
17860,,https://wholesalebeautyhub.co.uk/wp-content/uploads/2026/01/WhatsApp-Image-2026-01-19-at-11.12.32-2.jpeg,product-17862-tola-banks-beauty-brush-set-02.jpeg,FOUND,False,product_gallery
17860,,https://wholesalebeautyhub.co.uk/wp-content/uploads/2026/01/WhatsApp-Image-2026-01-19-at-11.12.32-1.jpeg,product-17863-tola-banks-beauty-brush-set-03.jpeg,FOUND,False,product_featured
17860,,https://wholesalebeautyhub.co.uk/wp-content/uploads/2026/01/WhatsApp-Image-2026-01-19-at-11.12.32.jpeg,product-17864-tola-banks-beauty-brush-set-04.jpeg,FOUND,False,product_gallery
17860,,https://wholesalebeautyhub.co.uk/wp-content/uploads/2026/01/WhatsApp-Image-2026-01-19-at-11.12.31-1.jpeg,product-17865-tola-banks-beauty-brush-set-05.jpeg,FOUND,False,product_gallery
17860,,https://wholesalebeautyhub.co.uk/wp-content/uploads/2026/01/WhatsApp-Image-2026-01-19-at-11.12.31.jpeg,product-17866-tola-banks-beauty-brush-set-06.jpeg,FOUND,False,product_gallery
18359,,https://wholesalebeautyhub.co.uk/wp-content/uploads/2026/02/IMG_1667.webp,product-18360-skin1004-madagascar-centella-tone-brightening-ampoule.webp,FOUND,False,product_featured
18407,,https://wholesalebeautyhub.co.uk/wp-content/uploads/2026/02/olay-salicylic-acid-wash-3.webp,product-18411-olay-salicylic-acid-body-wash-530ml.webp,FOUND,False,product_featured
18407,,https://wholesalebeautyhub.co.uk/wp-content/uploads/2026/02/olay-salicylic-acid-.webp,product-18408-olay-salicylic-acid-body-wash-530ml-02.webp,FOUND,False,product_gallery
18407,,https://wholesalebeautyhub.co.uk/wp-content/uploads/2026/02/olay-salicylic-acid-2.webp,product-18409-olay-salicylic-acid-body-wash-530ml-03.webp,FOUND,False,product_gallery
18407,,https://wholesalebeautyhub.co.uk/wp-content/uploads/2026/02/olay-salicylic-acid-wash-3.webp,product-18411-olay-salicylic-acid-body-wash-530ml-04.webp,FOUND,False,product_featured
18407,,https://wholesalebeautyhub.co.uk/wp-content/uploads/2026/02/olay-salicylic-acid-2-1.webp,product-18410-olay-salicylic-acid-body-wash-530ml-05.webp,FOUND,False,product_gallery
18477,,https://wholesalebeautyhub.co.uk/wp-content/uploads/2026/02/IMG_1949.jpeg,product-18478-pan0xyl-blemish-aftercare-brightening-patches.jpeg,FOUND,False,product_featured
18477,,https://wholesalebeautyhub.co.uk/wp-content/uploads/2026/02/IMG_1949-1.jpeg,product-18479-pan0xyl-blemish-aftercare-brightening-patches-02.jpeg,FOUND,False,product_gallery
18477,,https://wholesalebeautyhub.co.uk/wp-content/uploads/2026/02/IMG_1950.jpeg,product-18480-pan0xyl-blemish-aftercare-brightening-patches-03.jpeg,FOUND,False,product_gallery
18477,,https://wholesalebeautyhub.co.uk/wp-content/uploads/2026/02/IMG_1951.jpeg,product-18481-pan0xyl-blemish-aftercare-brightening-patches-04.jpeg,FOUND,False,product_gallery
18482,,https://wholesalebeautyhub.co.uk/wp-content/uploads/2026/02/IMG_1952.jpeg,product-18483-panoxyl-overnight-spot-patches.jpeg,FOUND,False,product_featured
18488,,https://wholesalebeautyhub.co.uk/wp-content/uploads/2026/02/IMG_1957.jpeg,product-18490-cosrx-the-6-peptide-skin-booster.jpeg,FOUND,False,product_featured
18488,,https://wholesalebeautyhub.co.uk/wp-content/uploads/2026/02/IMG_1955.jpeg,product_body-18489-cosrx-the-6-peptide-skin-booster.jpeg,FOUND,False,product_body_content
18632,,https://wholesalebeautyhub.co.uk/wp-content/uploads/2026/02/Tiam-b5-toner.webp,product-18672-tiam-vita-b5-toner.webp,FOUND,False,product_featured
18636,,https://wholesalebeautyhub.co.uk/wp-content/uploads/2026/02/IMG_1901.webp,product-18634-tiam-alpha-5-mela-care-cream.webp,FOUND,False,product_featured
18638,,https://wholesalebeautyhub.co.uk/wp-content/uploads/2026/02/IMG_1902.jpeg,product-18639-tiam-snail-azulene-low-ph-cleanser.jpeg,FOUND,False,product_featured
18642,,https://wholesalebeautyhub.co.uk/wp-content/uploads/2026/02/IMG_1947.jpeg,product-18643-dr-althea-345-relief-cream.jpeg,FOUND,False,product_featured
18642,,https://wholesalebeautyhub.co.uk/wp-content/uploads/2026/02/IMG_1946.jpeg,product-18644-dr-althea-345-relief-cream-02.jpeg,FOUND,False,product_gallery
18642,,https://wholesalebeautyhub.co.uk/wp-content/uploads/2026/02/IMG_1947.jpeg,product-18643-dr-althea-345-relief-cream-03.jpeg,FOUND,False,product_featured
18645,,https://wholesalebeautyhub.co.uk/wp-content/uploads/2026/02/dr-althea-gentlevitamincserum.webp,product-18675-dr-althea-gentle-vitamin-c-serum.webp,FOUND,False,product_featured
18645,,https://wholesalebeautyhub.co.uk/wp-content/uploads/2026/02/dr-althea-gentlevitamincserum.webp,product-18675-dr-althea-gentle-vitamin-c-serum-02.webp,FOUND,False,product_featured
18645,,https://wholesalebeautyhub.co.uk/wp-content/uploads/2026/02/dr-althea-vit-c-20.webp,product-18676-dr-althea-gentle-vitamin-c-serum-03.webp,FOUND,False,product_gallery
18645,,https://wholesalebeautyhub.co.uk/wp-content/uploads/2026/02/dr-althea-vit-c.webp,product-18677-dr-althea-gentle-vitamin-c-serum-04.webp,FOUND,False,product_gallery
18649,,https://wholesalebeautyhub.co.uk/wp-content/uploads/2026/02/IMG_1853.jpeg,product-18650-25pskyn-trio-pskyn-cleanser-250ml.jpeg,FOUND,False,product_featured
18735,,https://wholesalebeautyhub.co.uk/wp-content/uploads/2026/02/IMG_2815.webp,product-18736-cerave-renewing-sa-cleanser.webp,FOUND,False,product_featured
18738,,https://wholesalebeautyhub.co.uk/wp-content/uploads/2026/02/IMG_2817.webp,product-18739-cerave-foaming-facial-cleanser.webp,FOUND,False,product_featured
18738,,https://wholesalebeautyhub.co.uk/wp-content/uploads/2026/02/IMG_2818.webp,product-18740-cerave-foaming-facial-cleanser-02.webp,FOUND,False,product_gallery
18738,,https://wholesalebeautyhub.co.uk/wp-content/uploads/2026/02/IMG_2819.jpeg,product-18741-cerave-foaming-facial-cleanser-03.jpeg,FOUND,False,product_gallery
18742,,https://wholesalebeautyhub.co.uk/wp-content/uploads/2026/02/IMG_2820.webp,product-18744-cerave-hydrating-facial-cleanser.webp,FOUND,False,product_featured
18742,,https://wholesalebeautyhub.co.uk/wp-content/uploads/2026/02/IMG_2820.webp,product-18744-cerave-hydrating-facial-cleanser-02.webp,FOUND,False,product_featured
18742,,https://wholesalebeautyhub.co.uk/wp-content/uploads/2026/02/IMG_2821.webp,product-18745-cerave-hydrating-facial-cleanser-03.webp,FOUND,False,product_gallery
18742,,https://wholesalebeautyhub.co.uk/wp-content/uploads/2026/02/IMG_2822.jpeg,product-18746-cerave-hydrating-facial-cleanser-04.jpeg,FOUND,False,product_gallery
18742,,https://wholesalebeautyhub.co.uk/wp-content/uploads/2026/02/IMG_2824.webp,product-18747-cerave-hydrating-facial-cleanser-05.webp,FOUND,False,product_gallery
18748,,https://wholesalebeautyhub.co.uk/wp-content/uploads/2026/02/IMG_2825.jpeg,product-18749-palmers-cocoa-butter-formula-tahitian-vanilla-body-lotion.jpeg,FOUND,False,product_featured
18748,,https://wholesalebeautyhub.co.uk/wp-content/uploads/2026/02/IMG_2825.jpeg,product-18749-palmers-cocoa-butter-formula-tahitian-vanilla-body-lotion-02.jpeg,FOUND,False,product_featured
18748,,https://wholesalebeautyhub.co.uk/wp-content/uploads/2026/02/IMG_2827.jpeg,product-18750-palmers-cocoa-butter-formula-tahitian-vanilla-body-lotion-03.jpeg,FOUND,False,product_gallery
18752,,https://wholesalebeautyhub.co.uk/wp-content/uploads/2026/02/IMG_2828.webp,product-18753-roc-derm-correxion-retinol-firming-serum-stick.webp,FOUND,False,product_featured
18752,,https://wholesalebeautyhub.co.uk/wp-content/uploads/2026/02/IMG_2828.webp,product-18753-roc-derm-correxion-retinol-firming-serum-stick-02.webp,FOUND,False,product_featured
18752,,https://wholesalebeautyhub.co.uk/wp-content/uploads/2026/02/IMG_2829.webp,product-18754-roc-derm-correxion-retinol-firming-serum-stick-03.webp,FOUND,False,product_gallery
18752,,https://wholesalebeautyhub.co.uk/wp-content/uploads/2026/02/IMG_2830.webp,product-18755-roc-derm-correxion-retinol-firming-serum-stick-04.webp,FOUND,False,product_gallery
18756,,https://wholesalebeautyhub.co.uk/wp-content/uploads/2026/02/IMG_2831.webp,product-18757-differin-0-1-adapalene-gel-treatment.webp,FOUND,False,product_featured
18756,,https://wholesalebeautyhub.co.uk/wp-content/uploads/2026/02/IMG_2831.webp,product-18757-differin-0-1-adapalene-gel-treatment-02.webp,FOUND,False,product_featured
18834,,https://wholesalebeautyhub.co.uk/wp-content/uploads/2026/02/IMG_3055.webp,product-18835-cerave-resurfacing-retinol-serum.webp,FOUND,False,product_featured
18834,,https://wholesalebeautyhub.co.uk/wp-content/uploads/2026/02/IMG_3055.webp,product-18835-cerave-resurfacing-retinol-serum-02.webp,FOUND,False,product_featured
18834,,https://wholesalebeautyhub.co.uk/wp-content/uploads/2026/02/IMG_3056.webp,product-18836-cerave-resurfacing-retinol-serum-03.webp,FOUND,False,product_gallery
18834,,https://wholesalebeautyhub.co.uk/wp-content/uploads/2026/02/IMG_3057.jpeg,product-18837-cerave-resurfacing-retinol-serum-04.jpeg,FOUND,False,product_gallery
18838,,https://wholesalebeautyhub.co.uk/wp-content/uploads/2026/02/WhatsApp-Image-2026-06-29-at-11.01.29.jpeg,product-23923-cerave-acne-control-cleanser-16fl.jpeg,FOUND,False,product_featured
18843,,https://wholesalebeautyhub.co.uk/wp-content/uploads/2026/02/IMG_3062.jpeg,product-18844-olay-super-serum-body-cream.jpeg,FOUND,False,product_featured
18893,,https://wholesalebeautyhub.co.uk/wp-content/uploads/2026/02/IMG_3127.jpeg,product-18896-hegai-esther-culture-mix-palette.jpeg,FOUND,False,product_featured
18893,,https://wholesalebeautyhub.co.uk/wp-content/uploads/2026/02/IMG_3125.jpeg,product-18894-hegai-esther-culture-mix-palette-02.jpeg,FOUND,False,product_gallery
18893,,https://wholesalebeautyhub.co.uk/wp-content/uploads/2026/02/IMG_3126.png,product-18895-hegai-esther-culture-mix-palette-03.png,FOUND,False,product_gallery
18893,,https://wholesalebeautyhub.co.uk/wp-content/uploads/2026/02/IMG_3127.jpeg,product-18896-hegai-esther-culture-mix-palette-04.jpeg,FOUND,False,product_featured
18897,,https://wholesalebeautyhub.co.uk/wp-content/uploads/2026/02/IMG_3130.jpeg,product-18901-hegai-esther-earthen-magic-palette.jpeg,FOUND,False,product_featured
18897,,https://wholesalebeautyhub.co.uk/wp-content/uploads/2026/02/IMG_3130.jpeg,product-18901-hegai-esther-earthen-magic-palette-02.jpeg,FOUND,False,product_featured
18897,,https://wholesalebeautyhub.co.uk/wp-content/uploads/2026/02/IMG_3128.jpeg,product-18899-hegai-esther-earthen-magic-palette-03.jpeg,FOUND,False,product_gallery
18897,,https://wholesalebeautyhub.co.uk/wp-content/uploads/2026/02/IMG_3129.jpeg,product-18900-hegai-esther-earthen-magic-palette-04.jpeg,FOUND,False,product_gallery
19224,,https://wholesalebeautyhub.co.uk/wp-content/uploads/2026/03/IMG_1942.jpeg,product-19225-isntree-hylauronic-acid-moist-cream.jpeg,FOUND,False,product_featured
19224,,https://wholesalebeautyhub.co.uk/wp-content/uploads/2026/03/IMG_1942.jpeg,product-19225-isntree-hylauronic-acid-moist-cream-02.jpeg,FOUND,False,product_featured
19572,,https://wholesalebeautyhub.co.uk/wp-content/uploads/2026/03/PSKYN-PIGMA-BLEND-CREAM.webp,product-19573-25pskyn-pigma-blend-cream.webp,FOUND,False,product_featured
19575,,https://wholesalebeautyhub.co.uk/wp-content/uploads/2026/03/KOJITRINOL-PADS.webp,product-19577-25pskyn-kojitrinol-pads.webp,FOUND,False,product_featured
19575,,https://wholesalebeautyhub.co.uk/wp-content/uploads/2026/03/KOJITRINOL-PADS-2.webp,product-19576-25pskyn-kojitrinol-pads-02.webp,FOUND,False,product_gallery
19575,,https://wholesalebeautyhub.co.uk/wp-content/uploads/2026/03/KOJITRINOL-PADS.webp,product-19577-25pskyn-kojitrinol-pads-03.webp,FOUND,False,product_featured
19579,,https://wholesalebeautyhub.co.uk/wp-content/uploads/2026/03/TRINITY-PADS.webp,product-19580-25pskyn-trinity-pads.webp,FOUND,False,product_featured
19653,,https://wholesalebeautyhub.co.uk/wp-content/uploads/2026/03/IMG_3778.jpeg,product-19654-olay-total-effects-revitalizing-foaming-face-cleanser.jpeg,FOUND,False,product_featured
19653,,https://wholesalebeautyhub.co.uk/wp-content/uploads/2026/03/IMG_3778.jpeg,product-19654-olay-total-effects-revitalizing-foaming-face-cleanser-02.jpeg,FOUND,False,product_featured
19653,,https://wholesalebeautyhub.co.uk/wp-content/uploads/2026/03/IMG_3779.jpeg,product-19655-olay-total-effects-revitalizing-foaming-face-cleanser-03.jpeg,FOUND,False,product_gallery
19656,,https://wholesalebeautyhub.co.uk/wp-content/uploads/2026/03/IMG_3780.webp,product-19657-olay-bump-erasing-exfoliating-body-wash.webp,FOUND,False,product_featured
19656,,https://wholesalebeautyhub.co.uk/wp-content/uploads/2026/03/IMG_3780.webp,product-19657-olay-bump-erasing-exfoliating-body-wash-02.webp,FOUND,False,product_featured
19658,,https://wholesalebeautyhub.co.uk/wp-content/uploads/2026/03/IMG_3784.webp,product-19659-annies-beauty-cheek-sensation-volume-2-blush-palette.webp,FOUND,False,product_featured
19658,,https://wholesalebeautyhub.co.uk/wp-content/uploads/2026/03/IMG_3784.webp,product-19659-annies-beauty-cheek-sensation-volume-2-blush-palette-02.webp,FOUND,False,product_featured
19658,,https://wholesalebeautyhub.co.uk/wp-content/uploads/2026/03/IMG_3783.webp,product-19660-annies-beauty-cheek-sensation-volume-2-blush-palette-03.webp,FOUND,False,product_gallery
19738,,https://wholesalebeautyhub.co.uk/wp-content/uploads/2026/03/IMG_3854.jpeg,product-19739-zaron-longwear-gel-eyeliner.jpeg,FOUND,False,product_featured
19754,,https://wholesalebeautyhub.co.uk/wp-content/uploads/2026/03/IMG_3861.jpeg,product-19755-mila-5-in-1-lashes.jpeg,FOUND,False,product_featured
19756,,https://wholesalebeautyhub.co.uk/wp-content/uploads/2026/03/IMG_3867.webp,product-19757-wynkk-5-in-1-lashes-match-me-up.webp,FOUND,False,product_featured
19858,,https://wholesalebeautyhub.co.uk/wp-content/uploads/2026/03/IMG_3922.jpeg,product-19859-la-roche-posay-toleriane-purifying-foaming-cleanser.jpeg,FOUND,False,product_featured
19860,,https://wholesalebeautyhub.co.uk/wp-content/uploads/2026/03/IMG_3923.jpeg,product-19862-palmers-tahitian-vanilla-moisture-drenching-body-oil.jpeg,FOUND,False,product_featured
19863,,https://wholesalebeautyhub.co.uk/wp-content/uploads/2026/03/IMG_3924.jpeg,product-19864-palmers-brazilian-coco-firming-bum-bust-body-oil.jpeg,FOUND,False,product_featured
20187,,https://wholesalebeautyhub.co.uk/wp-content/uploads/2026/04/IMG_4731.jpeg,product-20189-panoxyl-acne-banishing-body-spray.jpeg,FOUND,False,product_featured
20187,,https://wholesalebeautyhub.co.uk/wp-content/uploads/2026/04/IMG_4732.jpeg,product-20188-panoxyl-acne-banishing-body-spray-02.jpeg,FOUND,False,product_gallery
20187,,https://wholesalebeautyhub.co.uk/wp-content/uploads/2026/04/IMG_4731.jpeg,product-20189-panoxyl-acne-banishing-body-spray-03.jpeg,FOUND,False,product_featured
20187,,,product_body-20187-panoxyl-acne-banishing-body-spray.svg,BROKEN,False,product_body_content
20187,,,product_body-20187-panoxyl-acne-banishing-body-spray-02.svg,BROKEN,False,product_body_content
20187,,,product_body-20187-panoxyl-acne-banishing-body-spray-03.svg,BROKEN,False,product_body_content
20187,,,product_body-20187-panoxyl-acne-banishing-body-spray-04.svg,BROKEN,False,product_body_content
20525,,https://wholesalebeautyhub.co.uk/wp-content/uploads/2026/04/IMG_5522.jpeg,product-20526-beauty-by-ad-dew-drop-foundation.jpeg,FOUND,False,product_featured
20525,,https://wholesalebeautyhub.co.uk/wp-content/uploads/2026/04/IMG_5517.jpeg,variant-20527-beauty-by-ad-dew-drop-foundation-variant.jpeg,FOUND,False,variant_image
20525,,https://wholesalebeautyhub.co.uk/wp-content/uploads/2026/04/IMG_5518.jpeg,variant-20528-beauty-by-ad-dew-drop-foundation-variant-02.jpeg,FOUND,False,variant_image
20525,,https://wholesalebeautyhub.co.uk/wp-content/uploads/2026/04/IMG_5519.jpeg,variant-20529-beauty-by-ad-dew-drop-foundation-variant-03.jpeg,FOUND,False,variant_image
20525,,https://wholesalebeautyhub.co.uk/wp-content/uploads/2026/04/IMG_5520.jpeg,variant-20530-beauty-by-ad-dew-drop-foundation-variant-04.jpeg,FOUND,False,variant_image
20525,,https://wholesalebeautyhub.co.uk/wp-content/uploads/2026/04/IMG_5521.jpeg,variant-20531-beauty-by-ad-dew-drop-foundation-variant-05.jpeg,FOUND,False,variant_image
20525,20533,https://wholesalebeautyhub.co.uk/wp-content/uploads/2026/04/IMG_5517.jpeg,variant-20527-beauty-by-ad-dew-drop-foundation-variant.jpeg,FOUND,False,variant_image
20525,20534,https://wholesalebeautyhub.co.uk/wp-content/uploads/2026/04/IMG_5518.jpeg,variant-20528-beauty-by-ad-dew-drop-foundation-variant-02.jpeg,FOUND,False,variant_image
20525,20535,https://wholesalebeautyhub.co.uk/wp-content/uploads/2026/04/IMG_5519.jpeg,variant-20529-beauty-by-ad-dew-drop-foundation-variant-03.jpeg,FOUND,False,variant_image
20525,20536,https://wholesalebeautyhub.co.uk/wp-content/uploads/2026/04/IMG_5520.jpeg,variant-20530-beauty-by-ad-dew-drop-foundation-variant-04.jpeg,FOUND,False,variant_image
20525,20537,https://wholesalebeautyhub.co.uk/wp-content/uploads/2026/04/IMG_5521.jpeg,variant-20531-beauty-by-ad-dew-drop-foundation-variant-05.jpeg,FOUND,False,variant_image
20539,,https://wholesalebeautyhub.co.uk/wp-content/uploads/2026/04/IMG_5525.jpeg,product-20541-beauty-by-ad-lip-luxe-potion-lip-oil.jpeg,FOUND,False,product_featured
20539,,https://wholesalebeautyhub.co.uk/wp-content/uploads/2026/04/IMG_5523.jpeg,variant-20544-beauty-by-ad-lip-luxe-potion-lip-oil-variant.jpeg,FOUND,False,variant_image
20539,,https://wholesalebeautyhub.co.uk/wp-content/uploads/2026/04/IMG_5524.jpeg,variant-20545-beauty-by-ad-lip-luxe-potion-lip-oil-variant-02.jpeg,FOUND,False,variant_image
20539,20542,https://wholesalebeautyhub.co.uk/wp-content/uploads/2026/04/IMG_5523.jpeg,variant-20544-beauty-by-ad-lip-luxe-potion-lip-oil-variant.jpeg,FOUND,False,variant_image
20539,20543,https://wholesalebeautyhub.co.uk/wp-content/uploads/2026/04/IMG_5524.jpeg,variant-20545-beauty-by-ad-lip-luxe-potion-lip-oil-variant-02.jpeg,FOUND,False,variant_image
20546,,https://wholesalebeautyhub.co.uk/wp-content/uploads/2026/04/IMG_5526.jpeg,product-20547-beauty-by-ad-ethereal-essence-lipgloss.jpeg,FOUND,False,product_featured
20546,,https://wholesalebeautyhub.co.uk/wp-content/uploads/2026/04/IMG_5527.jpeg,variant-20553-beauty-by-ad-ethereal-essence-lipgloss-variant.jpeg,FOUND,False,variant_image
20546,,https://wholesalebeautyhub.co.uk/wp-content/uploads/2026/04/IMG_5528.jpeg,variant-20554-beauty-by-ad-ethereal-essence-lipgloss-variant-02.jpeg,FOUND,False,variant_image
20546,,https://wholesalebeautyhub.co.uk/wp-content/uploads/2026/04/IMG_5529.jpeg,variant-20555-beauty-by-ad-ethereal-essence-lipgloss-variant-03.jpeg,FOUND,False,variant_image
20546,,https://wholesalebeautyhub.co.uk/wp-content/uploads/2026/04/IMG_5530.jpeg,variant-20556-beauty-by-ad-ethereal-essence-lipgloss-variant-04.jpeg,FOUND,False,variant_image
20546,,https://wholesalebeautyhub.co.uk/wp-content/uploads/2026/04/IMG_5531.jpeg,variant-20557-beauty-by-ad-ethereal-essence-lipgloss-variant-05.jpeg,FOUND,False,variant_image
20546,20548,https://wholesalebeautyhub.co.uk/wp-content/uploads/2026/04/IMG_5527.jpeg,variant-20553-beauty-by-ad-ethereal-essence-lipgloss-variant.jpeg,FOUND,False,variant_image
20546,20549,https://wholesalebeautyhub.co.uk/wp-content/uploads/2026/04/IMG_5528.jpeg,variant-20554-beauty-by-ad-ethereal-essence-lipgloss-variant-02.jpeg,FOUND,False,variant_image
20546,20550,https://wholesalebeautyhub.co.uk/wp-content/uploads/2026/04/IMG_5529.jpeg,variant-20555-beauty-by-ad-ethereal-essence-lipgloss-variant-03.jpeg,FOUND,False,variant_image
20546,20551,https://wholesalebeautyhub.co.uk/wp-content/uploads/2026/04/IMG_5530.jpeg,variant-20556-beauty-by-ad-ethereal-essence-lipgloss-variant-04.jpeg,FOUND,False,variant_image
20546,20552,https://wholesalebeautyhub.co.uk/wp-content/uploads/2026/04/IMG_5531.jpeg,variant-20557-beauty-by-ad-ethereal-essence-lipgloss-variant-05.jpeg,FOUND,False,variant_image
20568,,https://wholesalebeautyhub.co.uk/wp-content/uploads/2026/04/IMG_5537.webp,product-20569-tehila-air-brush-primer.webp,FOUND,False,product_featured
20595,,https://wholesalebeautyhub.co.uk/wp-content/uploads/2026/04/WhatsApp-Image-2026-04-22-at-15.25.15-1.jpeg,product-20643-tola-banks-beauty-lipgloss.jpeg,FOUND,False,product_featured
20595,,https://wholesalebeautyhub.co.uk/wp-content/uploads/2026/04/WhatsApp-Image-2026-04-22-at-15.25.15-1.jpeg,product-20643-tola-banks-beauty-lipgloss-02.jpeg,FOUND,False,product_featured
20595,,https://wholesalebeautyhub.co.uk/wp-content/uploads/2026/04/WhatsApp-Image-2026-04-22-at-15.25.15.jpeg,product-20644-tola-banks-beauty-lipgloss-03.jpeg,FOUND,False,product_gallery
20595,,https://wholesalebeautyhub.co.uk/wp-content/uploads/2026/04/IMG_5540.webp,variant-20605-tola-banks-beauty-lipgloss-variant.webp,FOUND,False,variant_image
20595,,https://wholesalebeautyhub.co.uk/wp-content/uploads/2026/04/IMG_5541.webp,variant-20606-tola-banks-beauty-lipgloss-variant-02.webp,FOUND,False,variant_image
20595,,https://wholesalebeautyhub.co.uk/wp-content/uploads/2026/04/IMG_5542.webp,variant-20607-tola-banks-beauty-lipgloss-variant-03.webp,FOUND,False,variant_image
20595,,https://wholesalebeautyhub.co.uk/wp-content/uploads/2026/04/IMG_5543.webp,variant-20608-tola-banks-beauty-lipgloss-variant-04.webp,FOUND,False,variant_image
20595,,https://wholesalebeautyhub.co.uk/wp-content/uploads/2026/04/IMG_5544.webp,variant-20609-tola-banks-beauty-lipgloss-variant-05.webp,FOUND,False,variant_image
20595,,https://wholesalebeautyhub.co.uk/wp-content/uploads/2026/04/IMG_5546.webp,variant-20611-tola-banks-beauty-lipgloss-variant-06.webp,FOUND,False,variant_image
20595,,https://wholesalebeautyhub.co.uk/wp-content/uploads/2026/04/IMG_5547.webp,variant-20597-tola-banks-beauty-lipgloss-variant-07.webp,FOUND,False,variant_image
20595,20604,https://wholesalebeautyhub.co.uk/wp-content/uploads/2026/04/IMG_5547.webp,variant-20597-tola-banks-beauty-lipgloss-variant-07.webp,FOUND,False,variant_image
20595,20603,https://wholesalebeautyhub.co.uk/wp-content/uploads/2026/04/IMG_5546.webp,variant-20611-tola-banks-beauty-lipgloss-variant-06.webp,FOUND,False,variant_image
20595,20602,https://wholesalebeautyhub.co.uk/wp-content/uploads/2026/04/IMG_5544.webp,variant-20609-tola-banks-beauty-lipgloss-variant-05.webp,FOUND,False,variant_image
20595,20601,https://wholesalebeautyhub.co.uk/wp-content/uploads/2026/04/IMG_5543.webp,variant-20608-tola-banks-beauty-lipgloss-variant-04.webp,FOUND,False,variant_image
20595,20600,https://wholesalebeautyhub.co.uk/wp-content/uploads/2026/04/IMG_5542.webp,variant-20607-tola-banks-beauty-lipgloss-variant-03.webp,FOUND,False,variant_image
20595,20599,https://wholesalebeautyhub.co.uk/wp-content/uploads/2026/04/IMG_5541.webp,variant-20606-tola-banks-beauty-lipgloss-variant-02.webp,FOUND,False,variant_image
20595,20598,https://wholesalebeautyhub.co.uk/wp-content/uploads/2026/04/IMG_5540.webp,variant-20605-tola-banks-beauty-lipgloss-variant.webp,FOUND,False,variant_image
20616,,https://wholesalebeautyhub.co.uk/wp-content/uploads/2026/04/IMG_5548.jpeg,product-20617-blossom-makeup-moist-essence-moisturizer.jpeg,FOUND,False,product_featured
20622,,https://wholesalebeautyhub.co.uk/wp-content/uploads/2026/04/IMG_5549.jpeg,product-20624-uncover-green-tea-revitalizing-cleanser.jpeg,FOUND,False,product_featured
20625,,https://wholesalebeautyhub.co.uk/wp-content/uploads/2026/04/IMG_5550.webp,product-20626-uncover-mini-green-tea-revitalizing-cleanser.webp,FOUND,False,product_featured
20627,,https://wholesalebeautyhub.co.uk/wp-content/uploads/2026/04/IMG_5551.jpeg,product-20628-uncover-argan-hydrating-moisturizer.jpeg,FOUND,False,product_featured
20627,,https://wholesalebeautyhub.co.uk/wp-content/uploads/2026/04/IMG_5551-1.jpeg,product-20629-uncover-argan-hydrating-moisturizer-02.jpeg,FOUND,False,product_gallery
20627,,https://wholesalebeautyhub.co.uk/wp-content/uploads/2026/04/IMG_5552.jpeg,product-20630-uncover-argan-hydrating-moisturizer-03.jpeg,FOUND,False,product_gallery
20632,,https://wholesalebeautyhub.co.uk/wp-content/uploads/2026/04/IMG_5554.jpeg,product-20633-uncover-mini-argan-hydrating-moisturizer.jpeg,FOUND,False,product_featured
20634,,https://wholesalebeautyhub.co.uk/wp-content/uploads/2026/04/IMG_5555.jpeg,product-20636-uncover-mini-aloe-invincible-sunscreen.jpeg,FOUND,False,product_featured
20637,,https://wholesalebeautyhub.co.uk/wp-content/uploads/2026/04/IMG_5556.jpeg,product-20638-uncover-aloe-invincible-sunscreen.jpeg,FOUND,False,product_featured
20637,,https://wholesalebeautyhub.co.uk/wp-content/uploads/2026/04/IMG_5556-1.jpeg,product-20639-uncover-aloe-invincible-sunscreen-02.jpeg,FOUND,False,product_gallery
20637,,https://wholesalebeautyhub.co.uk/wp-content/uploads/2026/04/IMG_5557.jpeg,product-20640-uncover-aloe-invincible-sunscreen-03.jpeg,FOUND,False,product_gallery
20637,,https://wholesalebeautyhub.co.uk/wp-content/uploads/2026/04/IMG_5558.jpeg,product-20641-uncover-aloe-invincible-sunscreen-04.jpeg,FOUND,False,product_gallery
20647,,https://wholesalebeautyhub.co.uk/wp-content/uploads/2026/04/IMG_5561.webp,product-20648-single-tray-makeup-chair.webp,FOUND,False,product_featured
20770,,https://wholesalebeautyhub.co.uk/wp-content/uploads/2026/04/IMG_5940.webp,product-20868-classic-makeup-mattifying-face-primer.webp,FOUND,False,product_featured
20773,,https://wholesalebeautyhub.co.uk/wp-content/uploads/2026/04/IMG_5785.webp,product-20774-blossom-makeup-pretty-pout-lip-palette.webp,FOUND,False,product_featured
21659,,https://wholesalebeautyhub.co.uk/wp-content/uploads/2026/05/skin-by-zaron-body-oil.webp,product-21665-skin-by-zaron-glow-hydrating-body-oil.webp,FOUND,False,product_featured
21659,,https://wholesalebeautyhub.co.uk/wp-content/uploads/2026/05/skin-by-zaron-body-oil-2.webp,product-21664-skin-by-zaron-glow-hydrating-body-oil-02.webp,FOUND,False,product_gallery
21659,,https://wholesalebeautyhub.co.uk/wp-content/uploads/2026/05/skin-by-zaron-body-oil.webp,product-21665-skin-by-zaron-glow-hydrating-body-oil-03.webp,FOUND,False,product_featured
21820,,https://wholesalebeautyhub.co.uk/wp-content/uploads/2026/05/IMG_7194.jpeg,product-21821-eos-cr-me-de-pistachio-body-wash.jpeg,FOUND,False,product_featured
21822,,https://wholesalebeautyhub.co.uk/wp-content/uploads/2026/05/IMG_7196.webp,product-21823-alpha-skincare-essential-renewal-cream-10-glycolic-aha.webp,FOUND,False,product_featured
21824,,https://wholesalebeautyhub.co.uk/wp-content/uploads/2026/05/IMG_7197.webp,product-21825-alpha-skincare-intensive-renewal-serum-14-glycolic-aha.webp,FOUND,False,product_featured
21827,,https://wholesalebeautyhub.co.uk/wp-content/uploads/2026/05/IMG_7199.webp,product-21828-topicrem-mela-unifying-ultra-moisturizing-milk-500ml.webp,FOUND,False,product_featured
21830,,https://wholesalebeautyhub.co.uk/wp-content/uploads/2026/05/IMG_7200.webp,product-21831-naturium-urea-5-body-serum.webp,FOUND,False,product_featured
21854,,https://wholesalebeautyhub.co.uk/wp-content/uploads/2026/05/IMG_7201.webp,product-21855-anua-niacinamide-5-txa-brightening-pad.webp,FOUND,False,product_featured
21856,,https://wholesalebeautyhub.co.uk/wp-content/uploads/2026/05/IMG_7202.jpeg,product-21857-good-molecules-hydrating-gel-moisturizer-with-electrolytes.jpeg,FOUND,False,product_featured
21858,,https://wholesalebeautyhub.co.uk/wp-content/uploads/2026/05/IMG_7203.jpeg,product-21859-acwell-licorice-ph-balancing-cleansing-toner-300ml.jpeg,FOUND,False,product_featured
21860,,https://wholesalebeautyhub.co.uk/wp-content/uploads/2026/05/IMG_7209.jpeg,product-21869-topicrem-mela-unifying-ultra-moisturizing-milk-200ml.jpeg,FOUND,False,product_featured
21976,,https://wholesalebeautyhub.co.uk/wp-content/uploads/2026/05/IMG_7404.jpeg,product-21977-good-molecules-yuzu-blemish-gel-cream.jpeg,FOUND,False,product_featured
23464,,https://wholesalebeautyhub.co.uk/wp-content/uploads/2026/06/WhatsApp-Image-2026-06-09-at-11.42.39.jpeg,product-23467-la-roche-posay-cicaplast-balm-b5.jpeg,FOUND,False,product_featured
23464,,https://wholesalebeautyhub.co.uk/wp-content/uploads/2026/06/WhatsApp-Image-2026-06-09-at-11.42.39-1.jpeg,product-23465-la-roche-posay-cicaplast-balm-b5-02.jpeg,FOUND,False,product_gallery
23464,,https://wholesalebeautyhub.co.uk/wp-content/uploads/2026/06/WhatsApp-Image-2026-06-09-at-11.42.40.jpeg,product-23471-la-roche-posay-cicaplast-balm-b5-03.jpeg,FOUND,False,product_gallery
23464,,https://wholesalebeautyhub.co.uk/wp-content/uploads/2026/06/WhatsApp-Image-2026-06-09-at-11.42.40-3.jpeg,product-23470-la-roche-posay-cicaplast-balm-b5-04.jpeg,FOUND,False,product_gallery
23464,,https://wholesalebeautyhub.co.uk/wp-content/uploads/2026/06/WhatsApp-Image-2026-06-09-at-11.42.40-2.jpeg,product-23469-la-roche-posay-cicaplast-balm-b5-05.jpeg,FOUND,False,product_gallery
23464,,https://wholesalebeautyhub.co.uk/wp-content/uploads/2026/06/WhatsApp-Image-2026-06-09-at-11.42.40-1.jpeg,product-23468-la-roche-posay-cicaplast-balm-b5-06.jpeg,FOUND,False,product_gallery
23464,,https://wholesalebeautyhub.co.uk/wp-content/uploads/2026/06/WhatsApp-Image-2026-06-09-at-11.42.39.jpeg,product-23467-la-roche-posay-cicaplast-balm-b5-07.jpeg,FOUND,False,product_featured
23464,,https://wholesalebeautyhub.co.uk/wp-content/uploads/2026/06/WhatsApp-Image-2026-06-09-at-11.42.39-2.jpeg,product-23466-la-roche-posay-cicaplast-balm-b5-08.jpeg,FOUND,False,product_gallery
23521,,https://wholesalebeautyhub.co.uk/wp-content/uploads/2026/06/uncover-vitamin-c.jpg,product-23523-uncover-baobab-glow-c-serum.jpg,FOUND,False,product_featured
23521,,https://wholesalebeautyhub.co.uk/wp-content/uploads/2026/06/uncover-vit-c-serum.jpg,product-23524-uncover-baobab-glow-c-serum-02.jpg,FOUND,False,product_gallery
23521,,https://wholesalebeautyhub.co.uk/wp-content/uploads/2026/06/uncover-vitamin-c.jpg,product-23523-uncover-baobab-glow-c-serum-03.jpg,FOUND,False,product_featured
23868,,https://wholesalebeautyhub.co.uk/wp-content/uploads/2026/06/IMG_8805.webp,product-23869-anua-rice-70-glow-milky-toner-250ml.webp,FOUND,False,product_featured
23957,,https://wholesalebeautyhub.co.uk/wp-content/uploads/2025/08/WhatsApp-Image-2025-09-15-at-13.23.14.jpeg,product-14511-medix-5-5-glow-bright-combo-deal-copy.jpeg,FOUND,False,product_featured
24052,,https://wholesalebeautyhub.co.uk/wp-content/uploads/2026/07/IMG_8736.webp,product-24053-25pskyn-hydragenesis-moisturizer.webp,FOUND,False,product_featured
24654,,https://wholesalebeautyhub.co.uk/wp-content/uploads/2026/07/IMG_9193.jpeg,product-24655-acwell-licorice-ph-balancing-extreme-moisture-cream-55ml.jpeg,FOUND,False,product_featured
24654,,https://wholesalebeautyhub.co.uk/wp-content/uploads/2026/07/IMG_9194.jpeg,product-24656-acwell-licorice-ph-balancing-extreme-moisture-cream-55ml-02.jpeg,FOUND,False,product_gallery
24654,,https://wholesalebeautyhub.co.uk/wp-content/uploads/2026/07/IMG_9195.jpeg,product-24657-acwell-licorice-ph-balancing-extreme-moisture-cream-55ml-03.jpeg,FOUND,False,product_gallery
25089,,https://wholesalebeautyhub.co.uk/wp-content/uploads/2026/07/Fun-and-Colorful-Food-Ad-Hot-Dog-Combo-Instagram-Post.png,product-25090-medix-glow-bundle.png,FOUND,False,product_featured
25092,,https://wholesalebeautyhub.co.uk/wp-content/uploads/2026/07/White-Minimalist-Product-Instagram-Post-1.png,product-25098-eos-bundle-deal.png,FOUND,False,product_featured
25095,,https://wholesalebeautyhub.co.uk/wp-content/uploads/2026/07/Blue-and-White-Minimalist-New-Product-Skincare-Facebook-Post-1.png,product-25097-skin-by-zaron-body-glow-bundle.png,FOUND,False,product_featured
25099,,https://wholesalebeautyhub.co.uk/wp-content/uploads/2026/07/Blue-and-Yellow-Skincare-Sale-Instagram-Post.png,product-25100-olay-body-glow-bundle-deal.png,FOUND,False,product_featured
25109,,https://wholesalebeautyhub.co.uk/wp-content/uploads/2026/07/70.32❌-60.99✅.png,product-25110-25pskyn-grade-1-grade-2-acne-bundle.png,FOUND,False,product_featured
25111,,https://wholesalebeautyhub.co.uk/wp-content/uploads/2026/07/70.32❌-60.99✅-1.png,product-25112-25pskyn-grade-3-4-acne-bundle.png,FOUND,False,product_featured
25113,,https://wholesalebeautyhub.co.uk/wp-content/uploads/2026/07/70.32❌-60.99✅-2.png,product-25114-25pskyn-mixed-hyperpigmentation-bundle-deal.png,FOUND,False,product_featured
25115,,https://wholesalebeautyhub.co.uk/wp-content/uploads/2026/07/70.32❌-60.99✅-3.png,product-25116-25pskyn-superficial-hyperpigmetation-bundle-deal.png,FOUND,False,product_featured
25117,,https://wholesalebeautyhub.co.uk/wp-content/uploads/2026/07/70.32❌-60.99✅-4.png,product-25118-25pskyn-post-inflammatory-hyperpigmentation.png,FOUND,False,product_featured
25119,,https://wholesalebeautyhub.co.uk/wp-content/uploads/2026/07/IMG_9188.webp,product-25120-skin-by-zaron-face-body-sun-block.webp,FOUND,False,product_featured
25122,,https://wholesalebeautyhub.co.uk/wp-content/uploads/2026/07/IMG_9933.webp,product-25123-differin-epiduo-acne-gel.webp,FOUND,False,product_featured
25122,,https://wholesalebeautyhub.co.uk/wp-content/uploads/2026/07/IMG_9934.png,variant-25126-differin-epiduo-acne-gel-variant.png,FOUND,False,variant_image
25122,,https://wholesalebeautyhub.co.uk/wp-content/uploads/2026/07/IMG_9933.webp,variant-25123-differin-epiduo-acne-gel-variant-02.webp,FOUND,False,variant_image
25122,25124,https://wholesalebeautyhub.co.uk/wp-content/uploads/2026/07/IMG_9934.png,variant-25126-differin-epiduo-acne-gel-variant.png,FOUND,False,variant_image
25122,25125,https://wholesalebeautyhub.co.uk/wp-content/uploads/2026/07/IMG_9933.webp,variant-25123-differin-epiduo-acne-gel-variant-02.webp,FOUND,False,variant_image
25129,,https://wholesalebeautyhub.co.uk/wp-content/uploads/2026/07/IMG_9935.webp,product-25130-differin-dark-spot-correcting-serum.webp,FOUND,False,product_featured
25217,,https://wholesalebeautyhub.co.uk/wp-content/uploads/2026/07/IMG_0041.webp,product-25218-beauty-line-by-didi-lash-climax-mascara.webp,FOUND,False,product_featured
25219,,https://wholesalebeautyhub.co.uk/wp-content/uploads/2026/07/IMG_0042.jpeg,product-25220-sylvimak-twinkle-town-eyeshadow-palette.jpeg,FOUND,False,product_featured
25366,,https://wholesalebeautyhub.co.uk/wp-content/uploads/2026/07/IMG_0114.jpeg,product-25367-eos-body-lotion-beach-waves.jpeg,FOUND,False,product_featured
25371,,https://wholesalebeautyhub.co.uk/wp-content/uploads/2026/07/eos-toasted-marshmellow.avif,product-25416-eos-body-lotion-toasted-marshmallow.webp,FOUND,True,product_featured
25372,,https://wholesalebeautyhub.co.uk/wp-content/uploads/2026/07/IMG_0117.jpeg,product-25373-eos-cashmere-whipped-oil-butter-cr-me-de-pistachio.jpeg,FOUND,False,product_featured
25374,,https://wholesalebeautyhub.co.uk/wp-content/uploads/2026/07/IMG_0118.jpeg,product-25375-eos-cashmere-whipped-oil-butter-pink-champagne.jpeg,FOUND,False,product_featured
