entity_type,entity_id,title,old_url,new_path,redirect_type,notes
product,17,Vee Beauty Second Skin Foundation,https://wholesalebeautyhub.co.uk/shop/vee-beauty-second-skin-foundation/,/products/vee-beauty-second-skin-foundation,301,
product,18,Vee Beauty Total Coverage Foundation,https://wholesalebeautyhub.co.uk/shop/vee-beauty-total-coverage-foundation/,/products/vee-beauty-total-coverage-foundation,301,
product,22,Tehila Rosy Cheek Blush Palette,https://wholesalebeautyhub.co.uk/shop/tehila-rosy-cheek-blush-palatte/,/products/tehila-rosy-cheek-blush-palatte,301,
product,23,Tehila Blush/Highlighter Palatte,https://wholesalebeautyhub.co.uk/shop/tehila-blush-highlighter-palatte/,/products/tehila-blush-highlighter-palatte,301,
product,24,Tehila Single Compact Blush,https://wholesalebeautyhub.co.uk/shop/tehila-single-compact-blush/,/products/tehila-single-compact-blush,301,
product,25,Sylvimak Oil-Free Foundation,https://wholesalebeautyhub.co.uk/shop/sylvimak-oil-free-foundation/,/products/sylvimak-oil-free-foundation,301,
product,28,Tm Essential Bronzed By Tm,https://wholesalebeautyhub.co.uk/shop/tm-essential-bronzed-by-tm/,/products/tm-essential-bronzed-by-tm,301,
product,34,Beauty By Ad Lip Gloss,https://wholesalebeautyhub.co.uk/shop/beauty-by-ad-lip-gloss/,/products/beauty-by-ad-lip-gloss,301,
product,35,Beauty By Ad Lip Stain,https://wholesalebeautyhub.co.uk/shop/beauty-by-ad-lip-stain/,/products/beauty-by-ad-lip-stain,301,
product,49,Merak Cosmetics Setting Powder,https://wholesalebeautyhub.co.uk/shop/merak-cosmetics-setting-powder/,/products/merak-cosmetics-setting-powder,301,
product,50,Merak Cosmetics Pencil Liner,https://wholesalebeautyhub.co.uk/shop/merak-cosmetics-pencil-liner/,/products/merak-cosmetics-pencil-liner,301,
product,51,Yanga Beauty Blurfect Loose Powder,https://wholesalebeautyhub.co.uk/shop/yanga-beauty-blurfect-loose-powder/,/products/yanga-beauty-blurfect-loose-powder,301,
product,52,Yanga Beauty Smooth Match Concealer,https://wholesalebeautyhub.co.uk/shop/yanga-beauty-smooth-match-concealer/,/products/yanga-beauty-smooth-match-concealer,301,
product,53,Nuban Beauty Oil Control Setting Powder,https://wholesalebeautyhub.co.uk/shop/nuban-beauty-oil-control-setting-powder/,/products/nuban-beauty-oil-control-setting-powder,301,
product,55,Nuban Beauty D' Glow Loose Highlighter,https://wholesalebeautyhub.co.uk/shop/nuban-beauty-d-glow-loose-highlighter/,/products/nuban-beauty-d-glow-loose-highlighter,301,
product,60,Nuban Beauty In My Skin Concealer,https://wholesalebeautyhub.co.uk/shop/nuban-beauty-in-my-skin-concealer/,/products/nuban-beauty-in-my-skin-concealer,301,
product,62,Hegai & Esther Eyebrow Definer,https://wholesalebeautyhub.co.uk/shop/hegai-esther-eyebrow-definer/,/products/hegai-esther-eyebrow-definer,301,
product,66,Msmetics Glazed Dewy Balm,https://wholesalebeautyhub.co.uk/shop/msmetics-glazed-balm/,/products/msmetics-glazed-balm,301,
product,68,Msmetics Power Seal Sweat And Oil,https://wholesalebeautyhub.co.uk/shop/msmetics-power-seal-sweat-and-oil/,/products/msmetics-power-seal-sweat-and-oil,301,
product,69,Msmetics 14In1 Lash Set,https://wholesalebeautyhub.co.uk/shop/msmetics-14in1-lash-set/,/products/msmetics-14in1-lash-set,301,
product,70,Msmetics Diy Lashes,https://wholesalebeautyhub.co.uk/shop/msmetics-diy-lashes/,/products/msmetics-diy-lashes,301,
product,76,Sephora Microsmooth Multi-Tasking Baked Face Powder Foundation,https://wholesalebeautyhub.co.uk/shop/sephora-powder/,/products/sephora-powder,301,
product,82,Milani Powder,https://wholesalebeautyhub.co.uk/shop/milani-powder/,/products/milani-powder,301,
product,84,Sooo Pro Seal It Spray,https://wholesalebeautyhub.co.uk/shop/sooo-pro-seal-it-spray/,/products/sooo-pro-seal-it-spray,301,
product,85,Sooo Pro Highlighter,https://wholesalebeautyhub.co.uk/shop/sooo-pro-highlighter/,/products/sooo-pro-highlighter,301,
product,86,Sooo Pro Lipstain,https://wholesalebeautyhub.co.uk/shop/sooo-pro-lipstain/,/products/sooo-pro-lipstain,301,
product,87,Sooo Pro Lip Gloss,https://wholesalebeautyhub.co.uk/shop/sooo-pro-lip-gloss/,/products/sooo-pro-lip-gloss,301,
product,90,Omaricode Skin Mist 100Ml,https://wholesalebeautyhub.co.uk/shop/omaricode-skin-mist-100ml/,/products/omaricode-skin-mist-100ml,301,
product,92,Omaricode Lip Moisturizing Oil,https://wholesalebeautyhub.co.uk/shop/omaricode-lip-moisturizing-oil/,/products/omaricode-lip-moisturizing-oil,301,
product,106,Wynkkk Beauty 20 In 1 Lashes,https://wholesalebeautyhub.co.uk/shop/wynkkk-beauty-8-in-1-lashes/,/products/wynkkk-beauty-8-in-1-lashes,301,
product,108,Wynkkk Beauty 16 In 1 Lashes,https://wholesalebeautyhub.co.uk/shop/wynkkk-beauty-16-in-1/,/products/wynkkk-beauty-16-in-1,301,
product,109,Yglam Beauty Pigment,https://wholesalebeautyhub.co.uk/shop/yglam-beauty-pigment/,/products/yglam-beauty-pigment,301,
product,113,Classic Makeup Lip Gloss clear,https://wholesalebeautyhub.co.uk/shop/classic-makeup-lip-gloss-clear/,/products/classic-makeup-lip-gloss-clear,301,
product,117,Paula Beauty Purple Eye Pencil,https://wholesalebeautyhub.co.uk/shop/paula-beauty-water-proof-eye-liner/,/products/paula-beauty-water-proof-eye-liner,301,
product,118,Luzta Eye Shadow,https://wholesalebeautyhub.co.uk/shop/luzta-eye-shadow/,/products/luzta-eye-shadow,301,
product,120,Dammel Browmate Brow Tamer,https://wholesalebeautyhub.co.uk/shop/dammel-browmate-brow-tamer/,/products/dammel-browmate-brow-tamer,301,
product,124,Vee Beauty 9 In 1 Powder Palette,https://wholesalebeautyhub.co.uk/shop/vee-beauty-9-in-1-powder-palatte/,/products/vee-beauty-9-in-1-powder-palatte,301,
product,125,Vee Beauty 12 In 1 Powder Palette,https://wholesalebeautyhub.co.uk/shop/vee-beauty-12-in-1-powder-palatte/,/products/vee-beauty-12-in-1-powder-palatte,301,
product,127,Blossom Her Nude Story Palette,https://wholesalebeautyhub.co.uk/shop/blossom-her-nude-story-palatte/,/products/blossom-her-nude-story-palatte,301,
product,131,Tehila Black Magic Gel Liner,https://wholesalebeautyhub.co.uk/shop/tehila-black-magic-gel-liner/,/products/tehila-black-magic-gel-liner,301,
product,132,Sylvimak Irresistable Eyeshadow Pallatte,https://wholesalebeautyhub.co.uk/shop/sylvimak-irresistable-eyeshadow-pallatte/,/products/sylvimak-irresistable-eyeshadow-pallatte,301,
product,146,Beauty By Ad Setting Powder,https://wholesalebeautyhub.co.uk/shop/beauty-by-ad-setting-powder-tawny/,/products/beauty-by-ad-setting-powder-tawny,301,
product,153,Merak Cosmetics Angled Brush,https://wholesalebeautyhub.co.uk/shop/merak-cosmetics-angled-brush/,/products/merak-cosmetics-angled-brush,301,
product,154,Merak Cosmetics Flat Brush,https://wholesalebeautyhub.co.uk/shop/merak-cosmetics-flat-brush/,/products/merak-cosmetics-flat-brush,301,
product,155,Yanga Beauty Angled Flat Brush,https://wholesalebeautyhub.co.uk/shop/yanga-beauty-angled-flat-brush/,/products/yanga-beauty-angled-flat-brush,301,
product,156,Yanga Beauty Foundation Brush,https://wholesalebeautyhub.co.uk/shop/yanga-beauty-foundation-brush/,/products/yanga-beauty-foundation-brush,301,
product,159,Nuban Beauty Powder Brush,https://wholesalebeautyhub.co.uk/shop/nuban-beauty-nuban-powder-brush/,/products/nuban-beauty-nuban-powder-brush,301,
product,161,Hegai & Esther Flash Pan Highlighter Palette,https://wholesalebeautyhub.co.uk/shop/hegai-esther-flash-pan-highlighter-palatte/,/products/hegai-esther-flash-pan-highlighter-palatte,301,
product,162,Hegai & Esther Makeup Seal It,https://wholesalebeautyhub.co.uk/shop/hegai-esther-makeup-seal-it/,/products/hegai-esther-makeup-seal-it,301,
product,164,Msmetics Moisture Bomb 50Ml,https://wholesalebeautyhub.co.uk/shop/msmetics-moisture-bomb-50ml/,/products/msmetics-moisture-bomb-50ml,301,
product,165,Msmetics Moisture Potion 50Ml,https://wholesalebeautyhub.co.uk/shop/msmetics-moisture-potion-50ml/,/products/msmetics-moisture-potion-50ml,301,
product,166,Msmetics Aqua Grip Primer 15ML,https://wholesalebeautyhub.co.uk/shop/msmetics-aqua-grip-primer-50ml/,/products/msmetics-aqua-grip-primer-50ml,301,
product,178,Ferrarucci All Nighter Fixer Spray 200Ml,https://wholesalebeautyhub.co.uk/shop/ferrarucci-all-nighter-fixed-spray-200ml/,/products/ferrarucci-all-nighter-fixed-spray-200ml,301,
product,180,Sooo Pro Hydrating Mist Setting Spray 150Ml,https://wholesalebeautyhub.co.uk/shop/sooo-pro-hydrating-mist-setting-spray-150ml/,/products/sooo-pro-hydrating-mist-setting-spray-150ml,301,
product,182,Juba Cosmetics Setting Spray 150Ml,https://wholesalebeautyhub.co.uk/shop/juba-cosmetics-setting-spray-150ml/,/products/juba-cosmetics-setting-spray-150ml,301,
product,183,Omaricode Bedew Hydrating Serum 30Ml,https://wholesalebeautyhub.co.uk/shop/omaricode-bedew-hydrating-serum-30ml/,/products/omaricode-bedew-hydrating-serum-30ml,301,
product,184,Omaricode Hydrating Moisture Maximize 50Ml,https://wholesalebeautyhub.co.uk/shop/omaricode-hydrating-moisture-maximize-50ml/,/products/omaricode-hydrating-moisture-maximize-50ml,301,
product,186,O'Cosmetics Brush Bath,https://wholesalebeautyhub.co.uk/shop/ocosmetics-brush-bath/,/products/ocosmetics-brush-bath,301,
product,188,Rimmel Stay Matte Primer,https://wholesalebeautyhub.co.uk/shop/rimmel-stay-matte-primer/,/products/rimmel-stay-matte-primer,301,
product,189,Skin By Zaron Vitamin C Brightening Body Wash,https://wholesalebeautyhub.co.uk/shop/skin-by-zaron-vitamin-c-brightening-body-wash/,/products/skin-by-zaron-vitamin-c-brightening-body-wash,301,
product,192,Skin By Zaron Brightening Toner,https://wholesalebeautyhub.co.uk/shop/skin-by-zaron-brightening-toner/,/products/skin-by-zaron-brightening-toner,301,
product,193,Skin By Zaron Vitamin Brightening Lotion,https://wholesalebeautyhub.co.uk/shop/skin-by-zaron-vitamin-brightening-lotion/,/products/skin-by-zaron-vitamin-brightening-lotion,301,
product,194,Skin By Zaron Retinol Serum,https://wholesalebeautyhub.co.uk/shop/skin-by-zaron-retinol-serum/,/products/skin-by-zaron-retinol-serum,301,
product,195,Skin By Zaron Vitamin C Serum,https://wholesalebeautyhub.co.uk/shop/skin-by-zaron-vitamin-serum/,/products/skin-by-zaron-vitamin-serum,301,
product,196,Skin By Zaron Exfoliating &amp; Brightening Face Wash,https://wholesalebeautyhub.co.uk/shop/skin-by-zaron-exfoliating-brightening-face-wash/,/products/skin-by-zaron-exfoliating-brightening-face-wash,301,
product,197,Skin By Zaron Acne Control Glow Wash,https://wholesalebeautyhub.co.uk/shop/skin-by-zaron-acne-control-glow-wash/,/products/skin-by-zaron-acne-control-glow-wash,301,
product,200,Zaron Slain Regenerating Hydrating Serum,https://wholesalebeautyhub.co.uk/shop/zaron-slain-regenerating-hydrating-serum/,/products/zaron-slain-regenerating-hydrating-serum,301,
product,201,Zaron Lengthening Mascara,https://wholesalebeautyhub.co.uk/shop/zaron-lengthening-mascara/,/products/zaron-lengthening-mascara,301,
product,202,Zaron 4in1Mascara,https://wholesalebeautyhub.co.uk/shop/zaron-4in1mascara/,/products/zaron-4in1mascara,301,
product,203,Zaron Liquid Eyeliner,https://wholesalebeautyhub.co.uk/shop/zaron-liquid-eyeliner/,/products/zaron-liquid-eyeliner,301,
product,204,Zaron Sheer Powder Brush,https://wholesalebeautyhub.co.uk/shop/zaron-sheer-powder-brush/,/products/zaron-sheer-powder-brush,301,
product,213,Yn216 Led Light,https://wholesalebeautyhub.co.uk/shop/yn216-led-light/,/products/yn216-led-light,301,
product,214,Led 600 Pro with Tripod stand,https://wholesalebeautyhub.co.uk/shop/led-600-pro/,/products/led-600-pro,301,
product,218,Pvc Bag,https://wholesalebeautyhub.co.uk/shop/pvc-bag/,/products/pvc-bag,301,
product,223,Olay Shea Butter Body Wash 17Floz/ 502Ml,https://wholesalebeautyhub.co.uk/shop/olay-shea-butter-body-wash-17floz-502ml/,/products/olay-shea-butter-body-wash-17floz-502ml,301,
product,226,Olay Retinol Body Wash 20Floz/591Ml,https://wholesalebeautyhub.co.uk/shop/olay-retinol-body-wash-20floz-591ml/,/products/olay-retinol-body-wash-20floz-591ml,301,
product,231,Touch Kp Exfoliating Wash 8Floz/237Ml,https://wholesalebeautyhub.co.uk/shop/touch-kp-exfoliating-wash-8floz-237ml/,/products/touch-kp-exfoliating-wash-8floz-237ml,301,
product,232,Touch Kp Exfoliating Lotion,https://wholesalebeautyhub.co.uk/shop/touch-kp-exfoliating-lotion/,/products/touch-kp-exfoliating-lotion,301,
product,233,Touch Acne Treatment Gel,https://wholesalebeautyhub.co.uk/shop/touch-acne-treatment-gel/,/products/touch-acne-treatment-gel,301,
product,234,Touch Bright And Clear Cream 2 Oz /56.7,https://wholesalebeautyhub.co.uk/shop/touch-bright-and-clear-cream-2-oz-56-7/,/products/touch-bright-and-clear-cream-2-oz-56-7,301,
product,235,Touch Ingrown Hair Roll On,https://wholesalebeautyhub.co.uk/shop/touch-ingrown-hair-roll-on/,/products/touch-ingrown-hair-roll-on,301,
product,236,Dr Teals Vitamin C Lotion 18Fl Oz/532Ml,https://wholesalebeautyhub.co.uk/shop/dr-teals-vitamin-c-lotion-18fl-oz-532ml/,/products/dr-teals-vitamin-c-lotion-18fl-oz-532ml,301,
product,237,Dr Teals Vitamin C Body Wash 24Fl/710Ml,https://wholesalebeautyhub.co.uk/shop/dr-teals-vitamin-c-body-wash-24fl-710ml/,/products/dr-teals-vitamin-c-body-wash-24fl-710ml,301,
product,239,Dr Teals Citrus Sugar Scrub 19Oz/ 538Ml,https://wholesalebeautyhub.co.uk/shop/dr-teals-citrus-sugar-scrub-19oz-538ml/,/products/dr-teals-citrus-sugar-scrub-19oz-538ml,301,
product,240,Dr Teals Shea Butter & Almond oil Scrub 19Oz /538Ml,https://wholesalebeautyhub.co.uk/shop/dr-teals-elderberry-scrub-19oz-538ml/,/products/dr-teals-elderberry-scrub-19oz-538ml,301,
product,242,Dr Teals Bath &amp;Amp; Body Coconut Oil 8.7Fl,https://wholesalebeautyhub.co.uk/shop/dr-teals-bath-body-oil-8-7fl/,/products/dr-teals-bath-body-oil-8-7fl,301,
product,244,Amlactin Intensive Healing Lotion,https://wholesalebeautyhub.co.uk/shop/amlactin-intensive-healing-lotion-225g/,/products/amlactin-intensive-healing-lotion-225g,301,
product,246,Amlactin Daily Moisturizing (Improved Formula Scent Free),https://wholesalebeautyhub.co.uk/shop/amlactin-daily-moisturizing/,/products/amlactin-daily-moisturizing,301,
product,248,Medix 5.5 Vitamin C Cream 15Floz/144,https://wholesalebeautyhub.co.uk/shop/medix-5-5-vitamin-c-cream-15floz-144/,/products/medix-5-5-vitamin-c-cream-15floz-144,301,
product,250,Medix 5.5 Retinol Cream 15Floz/144M,https://wholesalebeautyhub.co.uk/shop/medix-5-5-retinol-cream-15floz-144ml/,/products/medix-5-5-retinol-cream-15floz-144ml,301,
product,251,Hatomugi Sunscreen 250Ml,https://wholesalebeautyhub.co.uk/shop/hatomugi-sunscreen-250ml/,/products/hatomugi-sunscreen-250ml,301,
product,252,Nivea Uv Water Gel Sunscreen 140G,https://wholesalebeautyhub.co.uk/shop/nivea-uv-water-gel-sunscreen-140g/,/products/nivea-uv-water-gel-sunscreen-140g,301,
product,253,Good Molecules Daily Brightening Serum 30Ml,https://wholesalebeautyhub.co.uk/shop/good-molecules-daily-brightening-serum-30ml/,/products/good-molecules-daily-brightening-serum-30ml,301,
product,254,Good Molecules Niacinamide Serum 30Ml,https://wholesalebeautyhub.co.uk/shop/good-molecules-niacinamide-serum-30ml/,/products/good-molecules-niacinamide-serum-30ml,301,
product,255,Good Molecules Overnight Treatment 30Ml,https://wholesalebeautyhub.co.uk/shop/good-molecules-overnight-treatment-30ml/,/products/good-molecules-overnight-treatment-30ml,301,
product,256,Good Molecules Gentle Retinol Cream 30Ml,https://wholesalebeautyhub.co.uk/shop/good-molecules-gentle-retinol-cream-30ml/,/products/good-molecules-gentle-retinol-cream-30ml,301,
product,257,Good Molecules Niacinamide Brightening Toner 120Ml,https://wholesalebeautyhub.co.uk/shop/good-molecules-niacinamide-brightening-toner-120ml/,/products/good-molecules-niacinamide-brightening-toner-120ml,301,
product,259,Good Molecules Discoloration Serum 30Ml,https://wholesalebeautyhub.co.uk/shop/good-molecules-discoloration-serum-30ml/,/products/good-molecules-discoloration-serum-30ml,301,
product,260,Cosrx Propolis Synergy Toner 150Ml,https://wholesalebeautyhub.co.uk/shop/cosrx-propolis-synergy-toner-150ml/,/products/cosrx-propolis-synergy-toner-150ml,301,
product,261,Cosrx Dual Essence,https://wholesalebeautyhub.co.uk/shop/cosrx-dual-essence/,/products/cosrx-dual-essence,301,
product,262,Cosrx Snail Mucin Essence 100Ml,https://wholesalebeautyhub.co.uk/shop/cosrx-snail-mucin-essence-100ml/,/products/cosrx-snail-mucin-essence-100ml,301,
product,263,Cosrx Snail 92 All In One Cream 100G,https://wholesalebeautyhub.co.uk/shop/cosrx-snail-92-all-in-one-cream-100g/,/products/cosrx-snail-92-all-in-one-cream-100g,301,
product,268,Cosrx Salicylic Gentle Cleanser 150Ml,https://wholesalebeautyhub.co.uk/shop/cosrx-salicylic-gentle-cleanser-150ml/,/products/cosrx-salicylic-gentle-cleanser-150ml,301,
product,269,Cosrx Low Ph Gel Cleanser 150Ml,https://wholesalebeautyhub.co.uk/shop/cosrx-low-ph-gel-cleanser-150ml/,/products/cosrx-low-ph-gel-cleanser-150ml,301,
product,271,Cosrx Oil-Free Moisturizer 100Ml,https://wholesalebeautyhub.co.uk/shop/cosrx-oil-free-moisturizer-100ml/,/products/cosrx-oil-free-moisturizer-100ml,301,
product,278,Skin Aqua Sunscreen 140G,https://wholesalebeautyhub.co.uk/shop/skin-aqua-sunscreen-140g/,/products/skin-aqua-sunscreen-140g,301,
product,280,Isntree Hyaluronic Watery Sun Gel 50Ml,https://wholesalebeautyhub.co.uk/shop/isntree-hyaluronic-watery-sun-gel-50ml/,/products/isntree-hyaluronic-watery-sun-gel-50ml,301,
product,281,Isntree Hyaluronic Acid Toner,https://wholesalebeautyhub.co.uk/shop/isntree-hyaluronic-acid-toner/,/products/isntree-hyaluronic-acid-toner,301,
product,284,Isntree Hyaluronic Sunstick,https://wholesalebeautyhub.co.uk/shop/isntree-hyaluronic-sunstick/,/products/isntree-hyaluronic-sunstick,301,
product,286,Axis-Y Spot The Difference Blemish Treatment,https://wholesalebeautyhub.co.uk/shop/axis-y-blemish-treatment/,/products/axis-y-blemish-treatment,301,
product,287,Axis-Y Dark Spot Correcting Serum,https://wholesalebeautyhub.co.uk/shop/axis-y-dark-spot-correcting-serum/,/products/axis-y-dark-spot-correcting-serum,301,
product,288,Missha Aqua Sunscreen 50Ml,https://wholesalebeautyhub.co.uk/shop/missha-aqua-sunscreen-50ml/,/products/missha-aqua-sunscreen-50ml,301,
product,290,Beauty Of Joseon Glow Serum 30Ml,https://wholesalebeautyhub.co.uk/shop/beauty-of-joseon-glow-serum-30ml/,/products/beauty-of-joseon-glow-serum-30ml,301,
product,291,Beauty Of Joseon Cleansing Oil 210Ml,https://wholesalebeautyhub.co.uk/shop/beauty-of-joseon-cleansing-oil-210ml/,/products/beauty-of-joseon-cleansing-oil-210ml,301,
product,292,Beauty Of Joseon Sunscreen 50Ml,https://wholesalebeautyhub.co.uk/shop/beauty-of-joseon-sunscreen-50ml/,/products/beauty-of-joseon-sunscreen-50ml,301,
product,293,Beauty Of Joseon Radiance Cleansing Balm 100Ml,https://wholesalebeautyhub.co.uk/shop/beauty-of-joseon-radiance-cleansing-balm-100ml/,/products/beauty-of-joseon-radiance-cleansing-balm-100ml,301,
product,294,Beauty Of Joseon Glow Deep Serum 30Ml,https://wholesalebeautyhub.co.uk/shop/beauty-of-joseon-glow-deep-serum-30ml/,/products/beauty-of-joseon-glow-deep-serum-30ml,301,
product,295,Blackgirl Sunscreen Spf 30,https://wholesalebeautyhub.co.uk/shop/blackgirl-sunscreen-spf-30/,/products/blackgirl-sunscreen-spf-30,301,
product,296,Blackgirl Sunscreen Make It Glow Spray,https://wholesalebeautyhub.co.uk/shop/blackgirl-sunscreen-make-it-glow-spray/,/products/blackgirl-sunscreen-make-it-glow-spray,301,
product,297,Blackgirl Sunscreen Kids,https://wholesalebeautyhub.co.uk/shop/blackgirl-sunscreen-kids/,/products/blackgirl-sunscreen-kids,301,
product,298,Blackgirl Sunscreen Kids Spray,https://wholesalebeautyhub.co.uk/shop/blackgirl-sunscreen-kids-spray/,/products/blackgirl-sunscreen-kids-spray,301,
product,303,Koji San Soap 100G 3In1,https://wholesalebeautyhub.co.uk/shop/koji-san-soap-100g-3in1/,/products/koji-san-soap-100g-3in1,301,
product,306,Koji San Soap 135G,https://wholesalebeautyhub.co.uk/shop/koji-san-soap-135g/,/products/koji-san-soap-135g,301,
product,307,Koji San 135G 2In1 Soap,https://wholesalebeautyhub.co.uk/shop/koji-san-135g-2in1-soap/,/products/koji-san-135g-2in1-soap,301,
product,315,Hadalabo Premium Gold 170Ml,https://wholesalebeautyhub.co.uk/shop/hadalabo-premium-gold-170ml/,/products/hadalabo-premium-gold-170ml,301,
product,318,E45 Cream,https://wholesalebeautyhub.co.uk/shop/e45-cream/,/products/e45-cream,301,
product,319,E45 Lotion,https://wholesalebeautyhub.co.uk/shop/e45-lotion/,/products/e45-lotion,301,
product,329,The Ordinary Alpha Arbutin 30Ml,https://wholesalebeautyhub.co.uk/shop/the-ordinary-alpha-arbutin-30ml/,/products/the-ordinary-alpha-arbutin-30ml,301,
product,331,The Ordinary Lactic Acid,https://wholesalebeautyhub.co.uk/shop/the-ordinary-glycolic-acid/,/products/the-ordinary-glycolic-acid,301,
product,332,The Ordinary Retinol Serum 30Ml,https://wholesalebeautyhub.co.uk/shop/the-ordinary-retinol-serum-30ml/,/products/the-ordinary-retinol-serum-30ml,301,
product,335,Neutrogena Body Oil (fragrance free),https://wholesalebeautyhub.co.uk/shop/neutrogena-body-oil/,/products/neutrogena-body-oil,301,
product,336,Yglam Beauty Blender,https://wholesalebeautyhub.co.uk/shop/yglam-beauty-blender/,/products/yglam-beauty-blender,301,
product,338,Yglam Eye Essential Brush,https://wholesalebeautyhub.co.uk/shop/yglam-eye-essential-brush/,/products/yglam-eye-essential-brush,301,
product,349,Beauty Line By Didi Brow Gasm Eye Brow Pencil,https://wholesalebeautyhub.co.uk/shop/beauty-line-by-didi-brow-gasm-eye-brow-pencil/,/products/beauty-line-by-didi-brow-gasm-eye-brow-pencil,301,
product,351,Beauty Line By Didi Inked Liquid Liner,https://wholesalebeautyhub.co.uk/shop/beauty-line-by-didi-inked-liquid-liner/,/products/beauty-line-by-didi-inked-liquid-liner,301,
product,352,Beauty Line By Didi Liquid Pen Eyeliner,https://wholesalebeautyhub.co.uk/shop/beauty-line-by-didi-liquid-pen-eyeliner/,/products/beauty-line-by-didi-liquid-pen-eyeliner,301,
product,354,Beauty Line By Didi Ultra Matte Brow Gel,https://wholesalebeautyhub.co.uk/shop/beauty-line-by-didi-ultra-matte-brow-gel/,/products/beauty-line-by-didi-ultra-matte-brow-gel,301,
product,355,Beauty Line By Didi Sharpner,https://wholesalebeautyhub.co.uk/shop/beauty-line-by-didi-sharpner/,/products/beauty-line-by-didi-sharpner,301,
product,356,Beauty Line By Didi Mascare Shield,https://wholesalebeautyhub.co.uk/shop/beauty-line-by-didi-mascare-shield/,/products/beauty-line-by-didi-mascare-shield,301,
product,357,Becharm Clown White,https://wholesalebeautyhub.co.uk/shop/becharm-clown-white/,/products/becharm-clown-white,301,
product,359,Mabrook Brow Pencil,https://wholesalebeautyhub.co.uk/shop/mabrook-brow-pencil/,/products/mabrook-brow-pencil,301,
product,360,Paula Beauty Gel Eye Liner,https://wholesalebeautyhub.co.uk/shop/paula-beauty-gel-eye-liner/,/products/paula-beauty-gel-eye-liner,301,
product,362,Luzta Eye Shadow Bougie Palette,https://wholesalebeautyhub.co.uk/shop/luzta-eye-shadow-bougie-palette/,/products/luzta-eye-shadow-bougie-palette,301,
product,365,Razor Blade,https://wholesalebeautyhub.co.uk/shop/razor-blade/,/products/razor-blade,301,
product,1424,Omaricode Matte O Clock Primer 30Ml,https://wholesalebeautyhub.co.uk/shop/omaricode-matte-o-clock-primer-30ml/,/products/omaricode-matte-o-clock-primer-30ml,301,
product,1683,Acwell 5.5 Licorice Ph Balancing Cleansing Toner,https://wholesalebeautyhub.co.uk/shop/acwell-5-5-licorice-ph-balancing-cleansing-toner/,/products/acwell-5-5-licorice-ph-balancing-cleansing-toner,301,
product,1684,Advanced Clinicals 1.75Oz Vitamin C Face Serum,https://wholesalebeautyhub.co.uk/shop/advanced-clinicals-1-75oz-vitamin-c-face-serum/,/products/advanced-clinicals-1-75oz-vitamin-c-face-serum,301,
product,1687,Advanced Clinicals 16Oz Vit C Brightening Body Cream,https://wholesalebeautyhub.co.uk/shop/advanced-clinicals-16oz-vit-c-brightening-body-cream/,/products/advanced-clinicals-16oz-vit-c-brightening-body-cream,301,
product,1688,Advanced Clinicals 2Oz Vitamin C Face Brightening Gel Cream,https://wholesalebeautyhub.co.uk/shop/advanced-clinicals-2oz-vitamin-c-face-brightening-gel-cream/,/products/advanced-clinicals-2oz-vitamin-c-face-brightening-gel-cream,301,
product,1689,Advanced Clinicals 3.8Oz.Vitamin C Body Oil,https://wholesalebeautyhub.co.uk/shop/advanced-clinicals-3-8oz-vitamin-c-body-oil/,/products/advanced-clinicals-3-8oz-vitamin-c-body-oil,301,
product,1690,Advanced Clinicals Colagen Lotion 16Oz/454G,https://wholesalebeautyhub.co.uk/shop/advanced-clinicals-colagen-lotion-16oz-454g/,/products/advanced-clinicals-colagen-lotion-16oz-454g,301,
product,1691,Amlactin Daily Moisturizing 225G Vit C&amp; 7% Lactic Acid,https://wholesalebeautyhub.co.uk/shop/amlactin-daily-moisturizing-225g-vit-c-7-lactic-acid/,/products/amlactin-daily-moisturizing-225g-vit-c-7-lactic-acid,301,
product,1694,Beauty Line By Didi Lip Gloss,https://wholesalebeautyhub.co.uk/shop/beauty-line-by-didi-lip-gloss-2/,/products/beauty-line-by-didi-lip-gloss-2,301,
product,1695,Beauty Line By Didi Lip Liner,https://wholesalebeautyhub.co.uk/shop/beauty-line-by-didi-lip-liner/,/products/beauty-line-by-didi-lip-liner,301,
product,1696,Beauty Line By Didi Velvet Matte Lip Stain,https://wholesalebeautyhub.co.uk/shop/beauty-line-by-didi-velvet-matte-lip-stain/,/products/beauty-line-by-didi-velvet-matte-lip-stain,301,
product,1697,Beautyby Ad Lippie,https://wholesalebeautyhub.co.uk/shop/beautyby-ad-lippie/,/products/beautyby-ad-lippie,301,
product,1698,Beautyby Ad Loose Setting Powder,https://wholesalebeautyhub.co.uk/shop/beautyby-ad-loose-setting-powder/,/products/beautyby-ad-loose-setting-powder,301,
product,1699,Becharm Ageless Powder Palette,https://wholesalebeautyhub.co.uk/shop/becharm-ageless-13in1-powder-palette/,/products/becharm-ageless-13in1-powder-palette,301,
product,1700,Becharm Ageless 18 In 1 Matte Lip Paint Dream,https://wholesalebeautyhub.co.uk/shop/becharm-ageless-18in1-matte-lip-paint/,/products/becharm-ageless-18in1-matte-lip-paint,301,
product,1702,Becharm Ageless Concealer Palette,https://wholesalebeautyhub.co.uk/shop/becharm-ageless-concealer-palette/,/products/becharm-ageless-concealer-palette,301,
product,1703,Boj Cosmetics Eye Brush Set,https://wholesalebeautyhub.co.uk/shop/boj-cosmetics-eye-brush-set/,/products/boj-cosmetics-eye-brush-set,301,
product,1704,Boj Cosmetics Eye Brush Set (eye blending brush) 4Pcs,https://wholesalebeautyhub.co.uk/shop/boj-cosmetics-eye-brush-set-4pcs/,/products/boj-cosmetics-eye-brush-set-4pcs,301,
product,1707,Candybeauty Line Pigment,https://wholesalebeautyhub.co.uk/shop/candybeauty-line-pigment/,/products/candybeauty-line-pigment,301,
product,1708,Candybeauty Line Pigment Glue,https://wholesalebeautyhub.co.uk/shop/candybeauty-line-pigment-glue/,/products/candybeauty-line-pigment-glue,301,
product,1709,Classic Super Hold Lash Glue,https://wholesalebeautyhub.co.uk/shop/classic-super-hold-lash-glue/,/products/classic-super-hold-lash-glue,301,
product,1711,Cpd Cream Blush Palette,https://wholesalebeautyhub.co.uk/shop/cpd-cream-blush-palette/,/products/cpd-cream-blush-palette,301,
product,1712,D'Alba First Spray Serum 100Ml,https://wholesalebeautyhub.co.uk/shop/dalba-first-spray-serum-100ml/,/products/dalba-first-spray-serum-100ml,301,
product,1713,Davies Brow Pencil 03 (Pack Of 12),https://wholesalebeautyhub.co.uk/shop/davies-brow-pencil-03-pack-of-12/,/products/davies-brow-pencil-03-pack-of-12,301,
product,1714,Davies Brow Pencil Colour 18 (Pack Of 12),https://wholesalebeautyhub.co.uk/shop/davies-brow-pencil-colour-18-pack-of-12/,/products/davies-brow-pencil-colour-18-pack-of-12,301,
product,1715,Elastalift 1.75Oz Vitamin C & Turmeric Face Cream,https://wholesalebeautyhub.co.uk/shop/elastalift-1-75oz-vitamin-c-turmeric-face-cream/,/products/elastalift-1-75oz-vitamin-c-turmeric-face-cream,301,
product,1718,Eos Body Lotion Jasmine Peach 16Fl/473Ml,https://wholesalebeautyhub.co.uk/shop/eos-body-lotion-jasmine-peach-16fl-473ml/,/products/eos-body-lotion-jasmine-peach-16fl-473ml,301,
product,1719,Eos Body Lotion Pomegranate Raspberry 16Fl/473Ml,https://wholesalebeautyhub.co.uk/shop/eos-body-lotion-pomegranate-raspberry-16fl-473ml/,/products/eos-body-lotion-pomegranate-raspberry-16fl-473ml,301,
product,1720,Eos Body Lotion Vanilla Cashmere,https://wholesalebeautyhub.co.uk/shop/eos-body-lotion-vanilla-16fl-473ml/,/products/eos-body-lotion-vanilla-16fl-473ml,301,
product,1721,Ezanic Azelaic Acid Gel W/W 15G,https://wholesalebeautyhub.co.uk/shop/ezanic-azelaic-acid-gel-20-w-w-15g/,/products/ezanic-azelaic-acid-gel-20-w-w-15g,301,
product,1723,Topicals Faded Brightening And Clearing Serum,https://wholesalebeautyhub.co.uk/shop/faded-topicals-brightening-and-clearing-serum-50ml/,/products/faded-topicals-brightening-and-clearing-serum-50ml,301,
product,1724,Flat Red Multipurpose Brush,https://wholesalebeautyhub.co.uk/shop/flat-red-multipurpose-brush/,/products/flat-red-multipurpose-brush,301,
product,1726,Gele Pin (Office Pin),https://wholesalebeautyhub.co.uk/shop/gele-pin-office-pin/,/products/gele-pin-office-pin,301,
product,1727,Good Molecules Discoloration Correcting Body Treatment120Ml,https://wholesalebeautyhub.co.uk/shop/good-molecules-discoloration-correcting-body-treatment120ml/,/products/good-molecules-discoloration-correcting-body-treatment120ml,301,
product,1728,Good Molecules Discoloration Serum 75Ml,https://wholesalebeautyhub.co.uk/shop/good-molecules-discoloration-serum-75ml/,/products/good-molecules-discoloration-serum-75ml,301,
product,1729,Good Molecules Hydrating Facial Cleansing Gel 200Ml,https://wholesalebeautyhub.co.uk/shop/good-molecules-hydrating-facial-cleansing-gel-200ml/,/products/good-molecules-hydrating-facial-cleansing-gel-200ml,301,
product,1730,Good Molecules Light Weight Daily Moisturizer 100Ml,https://wholesalebeautyhub.co.uk/shop/good-molecules-light-weight-daily-moisturizer-100ml/,/products/good-molecules-light-weight-daily-moisturizer-100ml,301,
product,1731,Good Molecules Yerba Mate Wake Up Eye Gel 15Ml,https://wholesalebeautyhub.co.uk/shop/good-molecules-yerba-mate-wake-up-eye-gel-15ml/,/products/good-molecules-yerba-mate-wake-up-eye-gel-15ml,301,
product,1732,Haruharu Wonder Black Rice Hyaluronic Anti Wrinkle Serum 50Ml,https://wholesalebeautyhub.co.uk/shop/haruharu-wonder-black-rice-hyaluronic-anti-wrinkle-serum-50ml/,/products/haruharu-wonder-black-rice-hyaluronic-anti-wrinkle-serum-50ml,301,
product,1734,Kiss Beauty Spray,https://wholesalebeautyhub.co.uk/shop/kiss-beauty-spray/,/products/kiss-beauty-spray,301,
product,1735,La Roche-Posay Anthelios Uvmune 400 Invisible Fluid Spf 50+ 50Ml,https://wholesalebeautyhub.co.uk/shop/la-roche-posay-anthelios-uvmune-400-spf-50-50ml/,/products/la-roche-posay-anthelios-uvmune-400-spf-50-50ml,301,
product,1736,Mabrook Black Pencil,https://wholesalebeautyhub.co.uk/shop/mabrook-black-pencil/,/products/mabrook-black-pencil,301,
product,1737,Mario Badescu Facial Spray Rosewater 236Ml,https://wholesalebeautyhub.co.uk/shop/mario-badescu-facial-spray-rosewater-236ml/,/products/mario-badescu-facial-spray-rosewater-236ml,301,
product,1738,Medix 15Oz.Glycolic &amp; Lactic Acid Body Wash,https://wholesalebeautyhub.co.uk/shop/medix-15oz-glycolic-lactic-acid-body-wash/,/products/medix-15oz-glycolic-lactic-acid-body-wash,301,
product,1739,Mehron Skin Prep,https://wholesalebeautyhub.co.uk/shop/mehron-skin-prep/,/products/mehron-skin-prep,301,
product,1745,Merak Blue Pencil,https://wholesalebeautyhub.co.uk/shop/merak-blue-pencil/,/products/merak-blue-pencil,301,
product,1746,Merak Green Pencil,https://wholesalebeautyhub.co.uk/shop/merak-green-pencil/,/products/merak-green-pencil,301,
product,1750,Msmetics Aqua Grip Primer 50Ml Matte,https://wholesalebeautyhub.co.uk/shop/msmetics-aqua-grip-primer-50ml-matte/,/products/msmetics-aqua-grip-primer-50ml-matte,301,
product,1753,Msmetics Sealowatte Spray Matte,https://wholesalebeautyhub.co.uk/shop/msmetics-sealowatte-spray-matte/,/products/msmetics-sealowatte-spray-matte,301,
product,1755,Naturium Bio Lipid Restoring Body Lotion 414Ml,https://wholesalebeautyhub.co.uk/shop/naturium-bio-lipid-restoring-body-lotion-414ml/,/products/naturium-bio-lipid-restoring-body-lotion-414ml,301,
product,1756,Naturium Glow Getter Multi Oil Body Butter 232Ml,https://wholesalebeautyhub.co.uk/shop/naturium-glow-getter-multi-oil-body-butter-232ml/,/products/naturium-glow-getter-multi-oil-body-butter-232ml,301,
product,1757,Naturium Glow Getter Multi Oil Body Wash 500Ml,https://wholesalebeautyhub.co.uk/shop/naturium-glow-getter-multi-oil-body-wash-500ml/,/products/naturium-glow-getter-multi-oil-body-wash-500ml,301,
product,1758,Naturium The Brightener Vitamin C Body Wash 500Ml,https://wholesalebeautyhub.co.uk/shop/naturium-the-brightener-vitamin-c-body-wash-500ml/,/products/naturium-the-brightener-vitamin-c-body-wash-500ml,301,
product,1759,Naturium The Perfector Salicylic Acid Body Wash 500Ml,https://wholesalebeautyhub.co.uk/shop/naturium-the-perfector-salicylic-acid-body-wash-500ml/,/products/naturium-the-perfector-salicylic-acid-body-wash-500ml,301,
product,1760,Naturium The Smoother Glycolic Acid Body Lotion 234Ml,https://wholesalebeautyhub.co.uk/shop/naturium-the-smoother-glycolic-acid-body-lotion-234ml/,/products/naturium-the-smoother-glycolic-acid-body-lotion-234ml,301,
product,1761,Naturium The Smoother Glycolic Acid Body Wash 500Ml,https://wholesalebeautyhub.co.uk/shop/naturium-the-smoother-glycolic-acid-body-wash-500ml/,/products/naturium-the-smoother-glycolic-acid-body-wash-500ml,301,
product,1762,Naturium Vit C Complex Face Cleanser 210,https://wholesalebeautyhub.co.uk/shop/naturium-vit-c-complex-cleanser-210/,/products/naturium-vit-c-complex-cleanser-210,301,
product,1763,Naturium Vit C Complex Face Serum,https://wholesalebeautyhub.co.uk/shop/naturium-vit-c-complex-face-serum-30ml/,/products/naturium-vit-c-complex-face-serum-30ml,301,
product,1770,Olay Niacinamide Body Lotion 17Floz/502Ml,https://wholesalebeautyhub.co.uk/shop/olay-naicinamide-body-lotion-17floz-502ml/,/products/olay-naicinamide-body-lotion-17floz-502ml,301,
product,1771,Olay Niacinamide Body Wash 20Floz/591Ml,https://wholesalebeautyhub.co.uk/shop/olay-naicinamide-body-wash-20floz-591ml/,/products/olay-naicinamide-body-wash-20floz-591ml,301,
product,1772,Olay Retinol Body Lotion 17Floz/502Ml,https://wholesalebeautyhub.co.uk/shop/olay-retinol-body-lotion-17floz-502ml/,/products/olay-retinol-body-lotion-17floz-502ml,301,
product,1774,Panoxyl Acne Foaming Wash 10% Benzoyl Peroxide,https://wholesalebeautyhub.co.uk/shop/panoxyl-acne-creamy-wash-10-benzoyl-peroxide/,/products/panoxyl-acne-creamy-wash-10-benzoyl-peroxide,301,
product,1775,Panoxyl Acne Creamy Wash 4% Benzoyl Peroxide,https://wholesalebeautyhub.co.uk/shop/panoxyl-acne-creamy-wash-4-benzoyl-peroxide/,/products/panoxyl-acne-creamy-wash-4-benzoyl-peroxide,301,
product,1776,Paula Beauty Black Pencil,https://wholesalebeautyhub.co.uk/shop/paula-beauty-black-pencil/,/products/paula-beauty-black-pencil,301,
product,1777,Paula Beauty Blue Pencil,https://wholesalebeautyhub.co.uk/shop/paula-beauty-blue-pencil/,/products/paula-beauty-blue-pencil,301,
product,1778,Paula Beauty Green Pencil,https://wholesalebeautyhub.co.uk/shop/paula-beauty-green-pencil/,/products/paula-beauty-green-pencil,301,
product,1780,Simple Replenishing Rich Moisturizer 125Ml,https://wholesalebeautyhub.co.uk/shop/simple-hydrating-light-moisturizer-125ml/,/products/simple-hydrating-light-moisturizer-125ml,301,
product,1793,The Ordinary Glycolic Acid Toner 240Ml,https://wholesalebeautyhub.co.uk/shop/the-ordinary-glycolic-acid-100ml/,/products/the-ordinary-glycolic-acid-100ml,301,
product,1794,The Ordinary Multi Peptide Eye Serum 15Ml,https://wholesalebeautyhub.co.uk/shop/the-ordinary-multi-peptide-eye-serum-15ml/,/products/the-ordinary-multi-peptide-eye-serum-15ml,301,
product,1795,The Ordinary Retinol Serum 0.5% 30Ml,https://wholesalebeautyhub.co.uk/shop/the-ordinary-retinol-serum-1-30ml/,/products/the-ordinary-retinol-serum-1-30ml,301,
product,1796,Tiam Snail Azulence Water Essence 180Ml,https://wholesalebeautyhub.co.uk/shop/tiam-snail-azulence-water-essence-180ml/,/products/tiam-snail-azulence-water-essence-180ml,301,
product,1797,Tiam Vita B3 Source 40Ml,https://wholesalebeautyhub.co.uk/shop/tiam-vita-b3-source-40ml/,/products/tiam-vita-b3-source-40ml,301,
product,1798,Triangle Powder Puff,https://wholesalebeautyhub.co.uk/shop/traingle-powder-puff/,/products/traingle-powder-puff,301,
product,1799,Vaseline Glutha Hya Dewy Radiance 200Ml,https://wholesalebeautyhub.co.uk/shop/vaseline-glutha-hya-dewy-radiance-300ml/,/products/vaseline-glutha-hya-dewy-radiance-300ml,301,
product,1800,Vaseline Glutha Hya Flawless Glow 200Ml,https://wholesalebeautyhub.co.uk/shop/vaseline-glutha-hya-flawless-glow-200ml/,/products/vaseline-glutha-hya-flawless-glow-200ml,301,
product,1801,Vee Beauty 6In1 Powder Palette,https://wholesalebeautyhub.co.uk/shop/vee-beauty-6in1-powder-palette/,/products/vee-beauty-6in1-powder-palette,301,
product,1803,Vee Beauty Girls Night Out 2 Blush Palette,https://wholesalebeautyhub.co.uk/shop/vee-beauty-girls-night-out-2-blush-palette/,/products/vee-beauty-girls-night-out-2-blush-palette,301,
product,1804,Vee Beauty Paint My World Lip  Palette(warm),https://wholesalebeautyhub.co.uk/shop/vee-beauty-lip-cheek-palette/,/products/vee-beauty-lip-cheek-palette,301,
product,1809,Yglam Brown Brush Set,https://wholesalebeautyhub.co.uk/shop/yglam-brown-brush-set/,/products/yglam-brown-brush-set,301,
product,1813,Zaron Luxurious Lip Gloss -,https://wholesalebeautyhub.co.uk/shop/zaron-luxurious-lip-gloss/,/products/zaron-luxurious-lip-gloss,301,
product,1814,Zaron Powder Brush,https://wholesalebeautyhub.co.uk/shop/zaron-powder-brush/,/products/zaron-powder-brush,301,
product,1819,Dr Teals Bath &Amp; Body Lavender Oil 8.7Fl,https://wholesalebeautyhub.co.uk/shop/dr-teals-bath-body-oil-8-7fl-copy-2/,/products/dr-teals-bath-body-oil-8-7fl-copy-2,301,
product,1820,Dr Teals Bath &Amp; Body Shea Butter And Almond Oil 8.7Fl,https://wholesalebeautyhub.co.uk/shop/dr-teals-bath-body-oil-8-7fl-copy-3/,/products/dr-teals-bath-body-oil-8-7fl-copy-3,301,
product,1821,Dr Teals Bath &Amp; Body Eucalyptus And Spearmint Oil 8.7Fl,https://wholesalebeautyhub.co.uk/shop/dr-teals-bath-body-oil-8-7fl-copy/,/products/dr-teals-bath-body-oil-8-7fl-copy,301,
product,2317,Alpha Skin Care Renewal Body Lotion 12% Glycolic Aha - 12FL oz,https://wholesalebeautyhub.co.uk/shop/alpha-skin-care-renewal-body-lotion-12-glycolic-aha-340g/,/products/alpha-skin-care-renewal-body-lotion-12-glycolic-aha-340g,301,
product,2318,Alpha Skin Care Moisturizing Body Wash Sea Mist - 340G,https://wholesalebeautyhub.co.uk/shop/alpha-skin-care-moisturizing-body-wash-sea-mist-340g/,/products/alpha-skin-care-moisturizing-body-wash-sea-mist-340g,301,
product,2319,Anua Heartleaf 77% Soothing Toner - 250Ml,https://wholesalebeautyhub.co.uk/shop/anua-heartleaf-77-soothing-toner-250ml/,/products/anua-heartleaf-77-soothing-toner-250ml,301,
product,2320,Anua Heartleaf 70 Intense Calming Cream - 50Ml,https://wholesalebeautyhub.co.uk/shop/anua-heartleaf-70-intense-calming-cream-50ml/,/products/anua-heartleaf-70-intense-calming-cream-50ml,301,
product,2321,Anua Niacinamide 10% X Txa 4% - 30Ml,https://wholesalebeautyhub.co.uk/shop/anua-niacinamide-10-x-txa-4-30ml/,/products/anua-niacinamide-10-x-txa-4-30ml,301,
product,2322,Aveeno Moisturizing Body Oil Mist (US Version),https://wholesalebeautyhub.co.uk/shop/avenno-moisturizing-bodu-oil-mist-us-version/,/products/avenno-moisturizing-bodu-oil-mist-us-version,301,
product,2323,Beauty Of Joseon Dynasty Face Cream Moisturizer,https://wholesalebeautyhub.co.uk/shop/beauty-of-joseon-dynasty-face-cream-moisturizer/,/products/beauty-of-joseon-dynasty-face-cream-moisturizer,301,
product,2325,Boj Cosmetics Luxe Eye Lashes 5 In 1 ( Vogue),https://wholesalebeautyhub.co.uk/shop/boj-cosmeticslux-eye-lashes-5-in-1-vogue/,/products/boj-cosmeticslux-eye-lashes-5-in-1-vogue,301,
product,2326,Boj Cosmeticslux Eye Lashes 5 In 1 ( Posh ) - Set 3,https://wholesalebeautyhub.co.uk/shop/boj-cosmeticslux-eye-lashes-5-in-1-posh-set-3/,/products/boj-cosmeticslux-eye-lashes-5-in-1-posh-set-3,301,
product,2327,Boj Cosmeticslux Eye Lashes 5 In 1 ( Posh ) - Set 2,https://wholesalebeautyhub.co.uk/shop/boj-cosmeticslux-eye-lashes-5-in-1-posh-set-2/,/products/boj-cosmeticslux-eye-lashes-5-in-1-posh-set-2,301,
product,2328,Boj Cosmetics Lux Eye Lashes 14 In 1 (Queen),https://wholesalebeautyhub.co.uk/shop/boj-cosmetics-lux-eye-lashes-14-in-1-queen/,/products/boj-cosmetics-lux-eye-lashes-14-in-1-queen,301,
product,2329,Boj Cosmetics Lux Eye Lashes 14 In 1 (Lady),https://wholesalebeautyhub.co.uk/shop/boj-cosmetics-lux-eye-lashes-14-in-1-lady/,/products/boj-cosmetics-lux-eye-lashes-14-in-1-lady,301,
product,2334,Dr Teals Foaming Bath Vit C Glow & Radiance 1000Ml,https://wholesalebeautyhub.co.uk/shop/dr-teals-foaming-bath-vit-c-1000ml/,/products/dr-teals-foaming-bath-vit-c-1000ml,301,
product,2335,"Dr Teals Body Wash Ceramides, Avocado Oil 710Ml",https://wholesalebeautyhub.co.uk/shop/dr-teals-body-wash-ceramides-avocado-oil-710ml/,/products/dr-teals-body-wash-ceramides-avocado-oil-710ml,301,
product,2336,Dr Teals Body Wash Prebiotic Lemon Balm 710Ml,https://wholesalebeautyhub.co.uk/shop/dr-teals-body-wash-prebiotic-lemon-balm-710ml/,/products/dr-teals-body-wash-prebiotic-lemon-balm-710ml,301,
product,2337,"Dr Teals Body Lotion Ceramides , Avocado Oil",https://wholesalebeautyhub.co.uk/shop/dr-teals-body-lotion-ceramides-avocado-oil/,/products/dr-teals-body-lotion-ceramides-avocado-oil,301,
product,2338,Embryolisse Lait Cream Moisturizer - 75 Ml,https://wholesalebeautyhub.co.uk/shop/embryolisse-lait-cream-moisturizer-75-ml/,/products/embryolisse-lait-cream-moisturizer-75-ml,301,
product,2339,Good Molecules Glycolic Exfoliating Toner - 120Ml,https://wholesalebeautyhub.co.uk/shop/good-molecules-glycolic-exfoliating-toner-120ml/,/products/good-molecules-glycolic-exfoliating-toner-120ml,301,
product,2340,Good Moleculs Super Peptides Serum - 30Ml,https://wholesalebeautyhub.co.uk/shop/good-moleculs-super-peptides-serum-30ml/,/products/good-moleculs-super-peptides-serum-30ml,301,
product,2341,Good Molecules Vitamin C Serum With Oryzanol - 30Ml,https://wholesalebeautyhub.co.uk/shop/good-molecules-vitamin-c-serum-with-oryzanol-30ml/,/products/good-molecules-vitamin-c-serum-with-oryzanol-30ml,301,
product,2343,Kojivit Ultra Gel 30G,https://wholesalebeautyhub.co.uk/shop/kojivit-ultra-gel-30g/,/products/kojivit-ultra-gel-30g,301,
product,2345,Merak Beauty Blender,https://wholesalebeautyhub.co.uk/shop/merak-beauty-blender/,/products/merak-beauty-blender,301,
product,2346,Merak Pro Ultimate Brush Set,https://wholesalebeautyhub.co.uk/shop/merak-pro-ulimate-brush-set/,/products/merak-pro-ulimate-brush-set,301,
product,2347,Msmetics Blot Sticks Oil Eraser,https://wholesalebeautyhub.co.uk/shop/msmetics-blot-sticks-oil-eraser/,/products/msmetics-blot-sticks-oil-eraser,301,
product,2348,Merak Face Sculpt & Glow 6 In 1 Pallete,https://wholesalebeautyhub.co.uk/shop/merak-face-sculpt-glow-6-in-1-pallete/,/products/merak-face-sculpt-glow-6-in-1-pallete,301,
product,2349,Naturium Kp Body Scrub &amp; Mask - 226 G,https://wholesalebeautyhub.co.uk/shop/naturium-kp-body-scrub-mask-226-g/,/products/naturium-kp-body-scrub-mask-226-g,301,
product,2350,Naturium The Glow Getter Body Oil - 100Ml,https://wholesalebeautyhub.co.uk/shop/naturium-the-glow-getter-body-oil-100ml/,/products/naturium-the-glow-getter-body-oil-100ml,301,
product,2352,Naturium Tranexamic Topical Acid 5% - 30Ml,https://wholesalebeautyhub.co.uk/shop/naturium-tranexamic-topical-acid-5-30ml/,/products/naturium-tranexamic-topical-acid-5-30ml,301,
product,2353,Naturium Uv Reflect Antioxidant Spf 50,https://wholesalebeautyhub.co.uk/shop/naturium-uv-reflect-antioxidant-spf-50/,/products/naturium-uv-reflect-antioxidant-spf-50,301,
product,2354,Naturium Bha Liquid Exfoliant 2%,https://wholesalebeautyhub.co.uk/shop/naturium-bha-liquid-exfoliant-2/,/products/naturium-bha-liquid-exfoliant-2,301,
product,2355,Naturium Multi Bright Tranexamic Acid Treatment  5% - 30Ml,https://wholesalebeautyhub.co.uk/shop/naturium-multi-tranexamic-acid-treatment-5-30ml/,/products/naturium-multi-tranexamic-acid-treatment-5-30ml,301,
product,2357,Nip + Fab Vitamin C Fix Serum 5%,https://wholesalebeautyhub.co.uk/shop/nip-fab-illuminate-vit-c-fix-serum-1/,/products/nip-fab-illuminate-vit-c-fix-serum-1,301,
product,2358,Panoxyl Balancing Repair Moisturizer With Naicinamide 85G,https://wholesalebeautyhub.co.uk/shop/panoxyl-balancing-repair-moisturizer-with-naicinamide-85g/,/products/panoxyl-balancing-repair-moisturizer-with-naicinamide-85g,301,
product,2359,Panoxyl Acne Treatment Bar 113G,https://wholesalebeautyhub.co.uk/shop/panoxyl-acne-treatment-bar-113g/,/products/panoxyl-acne-treatment-bar-113g,301,
product,2360,Panoxyl Adapalene Gel Usp 0.1% Acne Treatment,https://wholesalebeautyhub.co.uk/shop/panoxyl-adapalene-gel-usp-0-1-acne-treatment/,/products/panoxyl-adapalene-gel-usp-0-1-acne-treatment,301,
product,2361,Panoxyl Clarifying Exfoliant 2% Salicylic Acid,https://wholesalebeautyhub.co.uk/shop/panoxyl-clarifyingexfoliant-2-salicylic-acid-118g/,/products/panoxyl-clarifyingexfoliant-2-salicylic-acid-118g,301,
product,2362,Palmers Cocoa Butter Massage Lotion For Stretch Marks 250Ml,https://wholesalebeautyhub.co.uk/shop/palmers-cocoa-butter-massage-lotion-for-stretch-marks-250ml/,/products/palmers-cocoa-butter-massage-lotion-for-stretch-marks-250ml,301,
product,2363,I'M From Rice Toner 150Ml,https://wholesalebeautyhub.co.uk/shop/im-from-rice-toner-150ml/,/products/im-from-rice-toner-150ml,301,
product,2364,ELF Holy Hydration! Face Cream Moisturizer with Broad Spectrum SPF 30,https://wholesalebeautyhub.co.uk/shop/elf-skin-holy-hydration-face-cream-with-hyaluronic-acid-peptides-50g/,/products/elf-skin-holy-hydration-face-cream-with-hyaluronic-acid-peptides-50g,301,
product,2366,Zaron Lip Liner Cappuccino,https://wholesalebeautyhub.co.uk/shop/zaron-lip-liner-cappuccino/,/products/zaron-lip-liner-cappuccino,301,
product,2367,Absolute Lip Gloss Clear,https://wholesalebeautyhub.co.uk/shop/absolute-lip-gloss-clear/,/products/absolute-lip-gloss-clear,301,
product,2368,Bs-Mall Brush Set,https://wholesalebeautyhub.co.uk/shop/bs-mall-brush-set/,/products/bs-mall-brush-set,301,
product,2369,Led 660 Pro Sutefoto Light With Tripod Stand,https://wholesalebeautyhub.co.uk/shop/led-660-pro-sutefoto-light-with-tripod-stand/,/products/led-660-pro-sutefoto-light-with-tripod-stand,301,
product,2370,Panel Light L-3560,https://wholesalebeautyhub.co.uk/shop/panel-light-l-3560/,/products/panel-light-l-3560,301,
product,2371,Telescopic Makeup Chair Foldable,https://wholesalebeautyhub.co.uk/shop/telescopic-makeup-chair-foldable/,/products/telescopic-makeup-chair-foldable,301,
product,2372,Tripod Stand,https://wholesalebeautyhub.co.uk/shop/tripod-stand/,/products/tripod-stand,301,
product,2740,Laneige Lip Mask,https://wholesalebeautyhub.co.uk/shop/laneige-lip-mask/,/products/laneige-lip-mask,301,
product,2746,Yglam Blush Palette (Bloom),https://wholesalebeautyhub.co.uk/shop/yglam-blush-palette-bloom/,/products/yglam-blush-palette-bloom,301,
product,2751,Yglam Blush Palette (Rouge),https://wholesalebeautyhub.co.uk/shop/yglam-blush-palette-rouge/,/products/yglam-blush-palette-rouge,301,
product,3571,TONYMOLY- Wonder Ceramide Mochi Toner- 500ML,https://wholesalebeautyhub.co.uk/shop/tonymoly-wonder-ceramide-mochi-toner-500ml/,/products/tonymoly-wonder-ceramide-mochi-toner-500ml,301,
product,3608,FRUDIA - Pomegranate Honey 3in1 Lip Balm - 10ml,https://wholesalebeautyhub.co.uk/shop/frudia-pomegranate-honey-3in1-lip-balm-10ml/,/products/frudia-pomegranate-honey-3in1-lip-balm-10ml,301,
product,3619,ILLIYOON - Hyaluronic Moisture Cream- 100ml,https://wholesalebeautyhub.co.uk/shop/illiyoon-hyaluronic-moisture-cream-100ml/,/products/illiyoon-hyaluronic-moisture-cream-100ml,301,
product,3631,COSRX - AHA/BHA Clarifying Treatment Toner 150ml,https://wholesalebeautyhub.co.uk/shop/cosrx-aha-bha-clarifying-treatment-toner-150ml/,/products/cosrx-aha-bha-clarifying-treatment-toner-150ml,301,
product,3635,Vaseline Cocoa Radiant Oil Gel 200ml,https://wholesalebeautyhub.co.uk/shop/vaseline-cocoa-radiant-oil-gel-200ml/,/products/vaseline-cocoa-radiant-oil-gel-200ml,301,
product,3639,Olay Cleansing &amp; Nourishing Body Wash with Hyaluronic Acid &amp; Vitamin B3 Complex 20 fl oz,https://wholesalebeautyhub.co.uk/shop/olay-cleansing-nourishing-body-wash-with-hyaluronic-acid-vitamin-b3-complex-20-fl-oz/,/products/olay-cleansing-nourishing-body-wash-with-hyaluronic-acid-vitamin-b3-complex-20-fl-oz,301,
product,3648,Olay Collagen Peptide B3 Firming & Hydrating Body Lotion 502ml,https://wholesalebeautyhub.co.uk/shop/olay-collagen-peptide-b3-firming-hydrating-body-lotion-502ml/,/products/olay-collagen-peptide-b3-firming-hydrating-body-lotion-502ml,301,
product,3652,Olay elasticity boosting collagen peptide body wash,https://wholesalebeautyhub.co.uk/shop/olay-collagen-vitamin-b3-body-wash-cleansing-firming-530ml/,/products/olay-collagen-vitamin-b3-body-wash-cleansing-firming-530ml,301,
product,3661,Exfoliating Bath Glove Sponge,https://wholesalebeautyhub.co.uk/shop/exfoliating-bath-glove-sponge/,/products/exfoliating-bath-glove-sponge,301,
product,3663,Biore UV Aqua Rich Watery Essence SPF 50+/PA++++ (70g) Sunscreen,https://wholesalebeautyhub.co.uk/shop/biore-uv-aqua-rich-watery-essence-spf-50-pa-70g-sunscreen/,/products/biore-uv-aqua-rich-watery-essence-spf-50-pa-70g-sunscreen,301,
product,3666,Kose Suncut UV Perfect Gel SPF 50+ PA++++ (80g) Sunscreen,https://wholesalebeautyhub.co.uk/shop/kose-suncut-uv-perfect-gel-spf-50-pa-80g-sunscreen/,/products/kose-suncut-uv-perfect-gel-spf-50-pa-80g-sunscreen,301,
product,3689,Topicals Faded Brightening Cleansing Bar For Dark Spots + Discoloration net wt 3.5oz (2 bars),https://wholesalebeautyhub.co.uk/shop/faded-brightening-cleansing-bar-for-dark-spots-discoloration-net-wt-3-5oz-2-bars/,/products/faded-brightening-cleansing-bar-for-dark-spots-discoloration-net-wt-3-5oz-2-bars,301,
product,3693,Topicals Faded Under Eye Masks Brightening Eye Masks,https://wholesalebeautyhub.co.uk/shop/topicals-faded-under-eye-masks-brightening-eye-masks/,/products/topicals-faded-under-eye-masks-brightening-eye-masks,301,
product,3698,EOS -Lip Balm,https://wholesalebeautyhub.co.uk/shop/eos-lip-balm/,/products/eos-lip-balm,301,
product,3840,Naturium The Energizer Mandelic Acid Body Wash 500ml,https://wholesalebeautyhub.co.uk/shop/naturium-the-energizer-mandelic-acid-body-wash-500ml/,/products/naturium-the-energizer-mandelic-acid-body-wash-500ml,301,
product,3843,Naturium Mandelic Topical Acid 12% Face Serum 30ml,https://wholesalebeautyhub.co.uk/shop/naturium-mandelic-topical-acid-12-face-serum-30ml/,/products/naturium-mandelic-topical-acid-12-face-serum-30ml,301,
product,3845,Naturium Azelaic Topical Acid 10% Face Serum 30ml,https://wholesalebeautyhub.co.uk/shop/naturium-azelaic-topical-acid-10-face-serum-30ml/,/products/naturium-azelaic-topical-acid-10-face-serum-30ml,301,
product,3848,Anua Heartleaf Pore Control Cleansing Oil 200ml,https://wholesalebeautyhub.co.uk/shop/anua-heartleaf-pore-control-cleansing-oil-200ml/,/products/anua-heartleaf-pore-control-cleansing-oil-200ml,301,
product,3851,ANUA Heartleaf LHA Moisture Peeling Gel Gentle Face Cleanser (120ml),https://wholesalebeautyhub.co.uk/shop/anua-heartleaf-lha-moisture-peeling-gel-gentle-face-cleanser-120ml/,/products/anua-heartleaf-lha-moisture-peeling-gel-gentle-face-cleanser-120ml,301,
product,3853,ANUA BHA 2% Gentle Exfoliating Toner (150ml ),https://wholesalebeautyhub.co.uk/shop/anua-bha-2-gentle-exfoliating-toner-150ml/,/products/anua-bha-2-gentle-exfoliating-toner-150ml,301,
product,3856,Anua Peach 70 Niacinamide Serum 30ml / brightening hydrating face serum,https://wholesalebeautyhub.co.uk/shop/anua-peach-70-niacinamide-serum-30ml-brightening-hydrating-face-serum/,/products/anua-peach-70-niacinamide-serum-30ml-brightening-hydrating-face-serum,301,
product,3867,Eos Body Lotion Pink Champagne 16Fl/473Ml,https://wholesalebeautyhub.co.uk/shop/eos-body-lotion-pink-champagne-16fl-473ml/,/products/eos-body-lotion-pink-champagne-16fl-473ml,301,
product,3869,Eos Body Lotion Fresh +Cozy 16Fl/473Ml,https://wholesalebeautyhub.co.uk/shop/eos-body-lotion-fresh-cozy-16fl-473ml/,/products/eos-body-lotion-fresh-cozy-16fl-473ml,301,
product,3871,Topicals High Roller Ingrown Hair Serum Roll-on Tonic 50ML,https://wholesalebeautyhub.co.uk/shop/topicals-high-roller-ingrown-hair-serum-roll-on-tonic-50ml/,/products/topicals-high-roller-ingrown-hair-serum-roll-on-tonic-50ml,301,
product,3876,Advanced Clinicals 5-in-1 Multi Correction Anti Aging Eye Serum,https://wholesalebeautyhub.co.uk/shop/advanced-clinicals-5-in-1-multi-correction-anti-aging-eye-serum/,/products/advanced-clinicals-5-in-1-multi-correction-anti-aging-eye-serum,301,
product,3878,Advanced Clinicals Dark Spot Brightening Face Moisturizer Lotion,https://wholesalebeautyhub.co.uk/shop/advanced-clinicals-dark-spot-brightening-face-moisturizer-lotion/,/products/advanced-clinicals-dark-spot-brightening-face-moisturizer-lotion,301,
product,3885,Advanced Clinicals Vitamin C Glow Facial Mist Toner,https://wholesalebeautyhub.co.uk/shop/advanced-clinicals-vitamin-c-glow-facial-mist-toner/,/products/advanced-clinicals-vitamin-c-glow-facial-mist-toner,301,
product,3887,"Advanced Clinicals Vitamin C Face Toner W/Ferulic Acid & Rosewater, Antioxidant Facial Mist Spray 8 Fl Oz",https://wholesalebeautyhub.co.uk/shop/advanced-clinicals-vitamin-c-face-toner-w-ferulic-acid-rosewater-antioxidant-facial-mist-spray-8-fl-oz/,/products/advanced-clinicals-vitamin-c-face-toner-w-ferulic-acid-rosewater-antioxidant-facial-mist-spray-8-fl-oz,301,
product,4013,FaceFacts Ceramide Repairing Serum Cream 30ml,https://wholesalebeautyhub.co.uk/shop/face-facts-ceramide-repairing-serum-cream-30ml/,/products/face-facts-ceramide-repairing-serum-cream-30ml,301,
product,4015,FaceFacts Vitamin C Brightening Facial Serum 30ml,https://wholesalebeautyhub.co.uk/shop/face-facts-vitamin-c-brightening-facial-serum-30ml/,/products/face-facts-vitamin-c-brightening-facial-serum-30ml,301,
product,4020,FaceFacts Ceramide Hydrating Gentle Cleanser 140ml,https://wholesalebeautyhub.co.uk/shop/face-facts-ceramide-hydrating-gentle-cleanser/,/products/face-facts-ceramide-hydrating-gentle-cleanser,301,
product,4022,FaceFacts Collagen &amp; Q10 Replenishing Facial Serum,https://wholesalebeautyhub.co.uk/shop/face-facts-collagen-q10-replenishing-facial-serum/,/products/face-facts-collagen-q10-replenishing-facial-serum,301,
product,4025,Baby Dove Lotion Fragrance Free Moisture 200ml,https://wholesalebeautyhub.co.uk/shop/baby-dove-lotion-fragrance-free-moisture-200ml/,/products/baby-dove-lotion-fragrance-free-moisture-200ml,301,
product,4036,Dove Indulging Bath Wash 500ml,https://wholesalebeautyhub.co.uk/shop/dove-indulging-bath-wash-500ml/,/products/dove-indulging-bath-wash-500ml,301,
product,4038,Sooo Pro Extra Dimensions Highlighter compact,https://wholesalebeautyhub.co.uk/shop/sooo-pro-extra-dimensions-highlighter-compact/,/products/sooo-pro-extra-dimensions-highlighter-compact,301,
product,4673,Annies Beauty Meet The Brown Eyeshadow Palette,https://wholesalebeautyhub.co.uk/shop/annies-beauty-meet-the-brown-eyeshadow-palette/,/products/annies-beauty-meet-the-brown-eyeshadow-palette,301,
product,4680,Annies Beauty Party Girl Eyeshadow Palette,https://wholesalebeautyhub.co.uk/shop/annies-beauty-party-girl-eyeshadow-palette/,/products/annies-beauty-party-girl-eyeshadow-palette,301,
product,4681,Annies Beauty Cheek Orgasm Blush Palette Vol 1,https://wholesalebeautyhub.co.uk/shop/annies-beauty-cheek-orgasm-blush-palette/,/products/annies-beauty-cheek-orgasm-blush-palette,301,
product,4682,Tree Hut Foaming Gel Wash,https://wholesalebeautyhub.co.uk/shop/tree-hut-foaming-gel-wash/,/products/tree-hut-foaming-gel-wash,301,
product,4697,Tree Hut Whipped Body Butter,https://wholesalebeautyhub.co.uk/shop/tree-hut-whipped-body-butter/,/products/tree-hut-whipped-body-butter,301,
product,4702,"Aveeno Baby Daily Moisturizing Cream with Prebiotic Oat, with Coconut Oil & Shea Butter  15fl",https://wholesalebeautyhub.co.uk/shop/aveeno-baby-daily-moisturizing-cream-with-prebiotic-oat-with-coconut-oil-shea-butter-12fl/,/products/aveeno-baby-daily-moisturizing-cream-with-prebiotic-oat-with-coconut-oil-shea-butter-12fl,301,
product,4706,"Aveeno Baby Daily Care Gift Set with Oat Extract & Prebiotic Oat, Contains Daily Moisturizing Body Lotion & Gentle 2-in-1 Baby Bath Wash & Shampoo (Pack of 2)",https://wholesalebeautyhub.co.uk/shop/aveeno-baby-daily-care-gift-set-with-oat-extract-prebiotic-oat-contains-daily-moisturizing-body-lotion-gentle-2-in-1-baby-bath-wash-shampoo-pack-of-2/,/products/aveeno-baby-daily-care-gift-set-with-oat-extract-prebiotic-oat-contains-daily-moisturizing-body-lotion-gentle-2-in-1-baby-bath-wash-shampoo-pack-of-2,301,
product,4711,Timeless Skin Care Vitamin C Serum with Vitamin E &amp; Ferulic Acid - 20% Vitamin C Brightening Serum - 1 oz,https://wholesalebeautyhub.co.uk/shop/timeless-skin-care-vitamin-c-serum-with-vitamin-e-ferulic-acid-20-vitamin-c-brightening-serum-1-oz/,/products/timeless-skin-care-vitamin-c-serum-with-vitamin-e-ferulic-acid-20-vitamin-c-brightening-serum-1-oz,301,
product,5103,Vaseline Vitamin B3 Body oil 200ml,https://wholesalebeautyhub.co.uk/shop/vaseline-vitamin-b3-body-oil-200ml/,/products/vaseline-vitamin-b3-body-oil-200ml,301,
product,5110,Vaseline Healthy Plus Bar Soap Vit B3 Healthy Bright (3x75g),https://wholesalebeautyhub.co.uk/shop/vaseline-healthy-plus-bar-soap-vit-b3-healthy-bright-3x75g/,/products/vaseline-healthy-plus-bar-soap-vit-b3-healthy-bright-3x75g,301,
product,5112,ZAPZYT Acne Treatment Gel,https://wholesalebeautyhub.co.uk/shop/zapzyt-acne-treatment-gel/,/products/zapzyt-acne-treatment-gel,301,
product,5115,Missha Vita C Plus Brightening Toner 200ml,https://wholesalebeautyhub.co.uk/shop/missha-vita-c-plus-brightening-toner-200ml/,/products/missha-vita-c-plus-brightening-toner-200ml,301,
product,5119,Mary &amp; May Tranexamic Eye Cream (Special set - pack of 2),https://wholesalebeautyhub.co.uk/shop/mary-may-tranexamic-eye-cream-30g/,/products/mary-may-tranexamic-eye-cream-30g,301,
product,5355,Tola Banks Easy Blend Beauty Sponge ( Pack of 4),https://wholesalebeautyhub.co.uk/shop/tola-banks-easy-blend-beauty-sponge-pack-of-4/,/products/tola-banks-easy-blend-beauty-sponge-pack-of-4,301,
product,5362,Flawless Stay On Spray 150ml,https://wholesalebeautyhub.co.uk/shop/flawless-stay-on-spray-150ml/,/products/flawless-stay-on-spray-150ml,301,
product,5911,Good Molecules Brightening &amp; Dark Spots Bar 85g,https://wholesalebeautyhub.co.uk/shop/good-molecules-brightening-dark-spots-bar-85g/,/products/good-molecules-brightening-dark-spots-bar-85g,301,
product,5915,Nip + Fab Retinol Fix Overnight Cream 50ml,https://wholesalebeautyhub.co.uk/shop/nip-fab-retinol-fix-overnight-cream-50ml/,/products/nip-fab-retinol-fix-overnight-cream-50ml,301,
product,5918,Nip + Fab Vitamin C Fix Cleanser,https://wholesalebeautyhub.co.uk/shop/nip-fab-vitamin-c-fix-cleanser/,/products/nip-fab-vitamin-c-fix-cleanser,301,
product,5921,Tiam AC Fighting AHA BHA PHA TONER,https://wholesalebeautyhub.co.uk/shop/tiam-ac-fighting-aha-bha-pha-toner/,/products/tiam-ac-fighting-aha-bha-pha-toner,301,
product,5935,Naturium Barrier Bounce 50ml,https://wholesalebeautyhub.co.uk/shop/naturium-barrier-bounce-50ml/,/products/naturium-barrier-bounce-50ml,301,
product,5940,Naturium AHA Exfoliating Mask 10%,https://wholesalebeautyhub.co.uk/shop/naturium-aha-exfoliating-mask-10/,/products/naturium-aha-exfoliating-mask-10,301,
product,5945,Sylvimak Concealer,https://wholesalebeautyhub.co.uk/shop/sylvimak-concealer/,/products/sylvimak-concealer,301,
product,5989,Tree Hut vitamin c shea sugar scrub,https://wholesalebeautyhub.co.uk/shop/tree-hut-vitamin-c-shea-sugar-scrub/,/products/tree-hut-vitamin-c-shea-sugar-scrub,301,
product,6565,Olay Hyaluronic Acid Body Lotion,https://wholesalebeautyhub.co.uk/shop/olay-hyaluronic-acid-body-lotion/,/products/olay-hyaluronic-acid-body-lotion,301,
product,7309,Eos Body Lotion Coconut Waters  - 16 fl oz/473ml,https://wholesalebeautyhub.co.uk/shop/eos-coconut-waters-body-lotion-16-fl-oz-473ml/,/products/eos-coconut-waters-body-lotion-16-fl-oz-473ml,301,
product,7323,Dr Teals Shea Sugar Prebiotic Lemon Balm Scrub,https://wholesalebeautyhub.co.uk/shop/dr-teals-shea-sugar-prebiotic-lemon-balm-scrub/,/products/dr-teals-shea-sugar-prebiotic-lemon-balm-scrub,301,
product,7328,YGLAM Beauty Bronzer Pallete (BRONZEY),https://wholesalebeautyhub.co.uk/shop/yglam-beauty-bronzer-pallete-bronzey/,/products/yglam-beauty-bronzer-pallete-bronzey,301,
product,7515,SKINCARE ESSENTIALS COMBO DEAL -VALENTINE COMBO DEALS,https://wholesalebeautyhub.co.uk/shop/skincare-essentials-combo-deal-valentine-combo-deals/,/products/skincare-essentials-combo-deal-valentine-combo-deals,301,
product,7534,HYDARTION & BARRIER REPAIR COMBO- VALENTINE COMBO DEALS,https://wholesalebeautyhub.co.uk/shop/hydartion-barrier-repair-combo-valentine-combo-deals/,/products/hydartion-barrier-repair-combo-valentine-combo-deals,301,
product,7535,ACNE & BLEMISH FIGHTER SET - VALENTINE COMBO DEALS,https://wholesalebeautyhub.co.uk/shop/acne-blemish-fighter-set-valentine-combo-deals/,/products/acne-blemish-fighter-set-valentine-combo-deals,301,
product,7537,EXFOLIATING AND MOISTURIZING BODY COMBO- VALENTINE COMBO DEALS,https://wholesalebeautyhub.co.uk/shop/exfoliating-and-moisturizing-body-combo-valentine-combo-deals/,/products/exfoliating-and-moisturizing-body-combo-valentine-combo-deals,301,
product,7539,BODY GLOW & BRIGHTENING COMBO 3- VALENTINE COMBO DEALS,https://wholesalebeautyhub.co.uk/shop/body-glow-brightening-combo-3-valentine-combo-sales/,/products/body-glow-brightening-combo-3-valentine-combo-sales,301,
product,7542,BODY GLOW & BRIGHTENING COMBO 2- VALENTINE COMBO DEALS,https://wholesalebeautyhub.co.uk/shop/body-glow-brightening-combo-2-valentine-combo-deals/,/products/body-glow-brightening-combo-2-valentine-combo-deals,301,
product,7543,BODY GLOW & BRIGHTENING COMBO 1- BUNDLE DEAL,https://wholesalebeautyhub.co.uk/shop/body-glow-brightening-combo-1-valentine-combo-deals/,/products/body-glow-brightening-combo-1-valentine-combo-deals,301,
product,7544,GLOW & RADIANCE BUNDLE (For Hyperpigmentation & Brightening)- Valentine Combo Deal,https://wholesalebeautyhub.co.uk/shop/glow-radiance-bundle-for-hyperpigmentation-brightening-valentine-combo-deal/,/products/glow-radiance-bundle-for-hyperpigmentation-brightening-valentine-combo-deal,301,
product,7880,EOS Pink Champagne Body Wash,https://wholesalebeautyhub.co.uk/shop/eos-pink-champagne-body-wash/,/products/eos-pink-champagne-body-wash,301,
product,7885,NATURIUM Alpha Arbutin Serum 2%  30ML,https://wholesalebeautyhub.co.uk/shop/naturium-alpha-arbutin-serum-2-30ml/,/products/naturium-alpha-arbutin-serum-2-30ml,301,
product,7890,"Tiam Vita B3 Mist Toner, 6.76 fl oz (200 ml)",https://wholesalebeautyhub.co.uk/shop/tiam-vita-b3-mist-toner-6-76-fl-oz-200-ml/,/products/tiam-vita-b3-mist-toner-6-76-fl-oz-200-ml,301,
product,7895,Vee Beauty Eyeshadow Palette (NAKED),https://wholesalebeautyhub.co.uk/shop/vee-beauty-eyeshadow-palette-naked/,/products/vee-beauty-eyeshadow-palette-naked,301,
product,7899,Vee Beauty Eyeshadow Palette (NUDES),https://wholesalebeautyhub.co.uk/shop/vee-beauty-eyeshadow-palette-nudes/,/products/vee-beauty-eyeshadow-palette-nudes,301,
product,7902,EOS Fresh & Cozy Body Wash-,https://wholesalebeautyhub.co.uk/shop/eos-fresh-cozy-body-wash/,/products/eos-fresh-cozy-body-wash,301,
product,7911,EOS Coconut Waters Body Wash,https://wholesalebeautyhub.co.uk/shop/eos-coconut-waters-body-wash/,/products/eos-coconut-waters-body-wash,301,
product,7912,EOS Shea Better Hand Cream,https://wholesalebeautyhub.co.uk/shop/eos-hand-cream-vanilla-cashmere/,/products/eos-hand-cream-vanilla-cashmere,301,
product,7920,EOS Strawberry Dream Body Lotion,https://wholesalebeautyhub.co.uk/shop/eos-strawberry-dream-body-lotion/,/products/eos-strawberry-dream-body-lotion,301,
product,7924,Tree Hut - Shea Sugar Scrub - Vanilla 510g,https://wholesalebeautyhub.co.uk/shop/tree-hut-shea-sugar-scrub-vanilla-510g/,/products/tree-hut-shea-sugar-scrub-vanilla-510g,301,
product,8533,Elastalift Dark Circle Eye Cream (Collagen + peptide),https://wholesalebeautyhub.co.uk/shop/elastalift-dark-circle-eye-cream-collagen-peptide/,/products/elastalift-dark-circle-eye-cream-collagen-peptide,301,
product,8618,Vee Beauty Concealer Palette,https://wholesalebeautyhub.co.uk/shop/vee-beauty-concealer-palette/,/products/vee-beauty-concealer-palette,301,
product,8628,"Eucerin Baby Eczema Relief Cream Body Wash, Fragrance Free",https://wholesalebeautyhub.co.uk/shop/eucerin-baby-eczema-relief-cream-body-wash-fragrance-free/,/products/eucerin-baby-eczema-relief-cream-body-wash-fragrance-free,301,
product,8634,Olay Super Serum Body Wash,https://wholesalebeautyhub.co.uk/shop/olay-super-serum-body-wash-for-extra-dry-skin/,/products/olay-super-serum-body-wash-for-extra-dry-skin,301,
product,8647,La Roche-Posay Lipikar AP+ Triple Repair Moisturizing Cream,https://wholesalebeautyhub.co.uk/shop/la-roche-posay-lipikar-ap-triple-repair-moisturizing-cream/,/products/la-roche-posay-lipikar-ap-triple-repair-moisturizing-cream,301,
product,8648,EOS Vanilla Cashmere Body Wash,https://wholesalebeautyhub.co.uk/shop/eos-vanilla-cashmere-body-wash/,/products/eos-vanilla-cashmere-body-wash,301,
product,8653,EOS Vanilla Cashmere Body Oil,https://wholesalebeautyhub.co.uk/shop/eos-vanilla-cashmere-body-oil/,/products/eos-vanilla-cashmere-body-oil,301,
product,8659,EOS Vanilla Cashmere Whipped Oil Body Butter,https://wholesalebeautyhub.co.uk/shop/eos-vanilla-cashmere-whipped-oil-body-butter/,/products/eos-vanilla-cashmere-whipped-oil-body-butter,301,
product,8981,Kiss Beauty Makeup Fix Spray (Green Tea),https://wholesalebeautyhub.co.uk/shop/kiss-beauty-makeup-fix-spray-green-tea/,/products/kiss-beauty-makeup-fix-spray-green-tea,301,
product,9187,Olay Tone Brightening Vitamin C serum complex Body Wash,https://wholesalebeautyhub.co.uk/shop/olay-tone-brightening-vitamin-c-serum-complex-body-wash/,/products/olay-tone-brightening-vitamin-c-serum-complex-body-wash,301,
product,9678,BM PRO FULL FILTER FOUNDATION,https://wholesalebeautyhub.co.uk/shop/bm-pro-full-filter-foundation/,/products/bm-pro-full-filter-foundation,301,
product,10216,BM PRO FULL FILTER PRESSED POWDER,https://wholesalebeautyhub.co.uk/shop/bm-pro-full-filter-pressed-powder/,/products/bm-pro-full-filter-pressed-powder,301,
product,10415,Anua Azelaic Acid 10 Hyaluron,https://wholesalebeautyhub.co.uk/shop/anua-azelaic-acid-10-hyaluron/,/products/anua-azelaic-acid-10-hyaluron,301,
product,10419,Jumiso Brightening & Balancing Facial Serum,https://wholesalebeautyhub.co.uk/shop/jumiso-brightening-balancing-facial-serum/,/products/jumiso-brightening-balancing-facial-serum,301,
product,10476,Olay AHA/BHA Body Wash,https://wholesalebeautyhub.co.uk/shop/olay-aha-bha-body-wash/,/products/olay-aha-bha-body-wash,301,
product,10500,BM PRO 24HRS MATTIFYING MAKEUP PRIMER,https://wholesalebeautyhub.co.uk/shop/bm-pro-24hrs-mattifying-makeup-primer/,/products/bm-pro-24hrs-mattifying-makeup-primer,301,
product,10504,"BM PRO Gel Eyeliner (Black, Blue, Green, Wine)",https://wholesalebeautyhub.co.uk/shop/bm-pro-gel-eyeliner-black-blue-green-wine/,/products/bm-pro-gel-eyeliner-black-blue-green-wine,301,
product,10515,BM PRO Volumizing Mascara,https://wholesalebeautyhub.co.uk/shop/bm-pro-volumizing-mascara/,/products/bm-pro-volumizing-mascara,301,
product,10518,BM PRO Vavavoom Mascara,https://wholesalebeautyhub.co.uk/shop/bm-pro-vavavoom-mascara/,/products/bm-pro-vavavoom-mascara,301,
product,10522,BM PRO Brow Shader Pencil,https://wholesalebeautyhub.co.uk/shop/bm-pro-brow-shader-pencil/,/products/bm-pro-brow-shader-pencil,301,
product,10524,BM PRO Coal Black Eye Pencil,https://wholesalebeautyhub.co.uk/shop/bm-pro-coal-black-eye-pencil/,/products/bm-pro-coal-black-eye-pencil,301,
product,10532,BM PRO Matte Lipstick,https://wholesalebeautyhub.co.uk/shop/bm-pro-matte-lipstick/,/products/bm-pro-matte-lipstick,301,
product,10559,BM PRO CREME LIPGLOSS,https://wholesalebeautyhub.co.uk/shop/bm-pro-creme-lipgloss/,/products/bm-pro-creme-lipgloss,301,
product,10581,BM PRO Longlasting Lipgloss,https://wholesalebeautyhub.co.uk/shop/bm-pro-longlasting-lipgloss/,/products/bm-pro-longlasting-lipgloss,301,
product,10888,Medix Vitamin C + Niacinamide Body Wash,https://wholesalebeautyhub.co.uk/shop/medix-vitamin-c-niacinamide-body-wash/,/products/medix-vitamin-c-niacinamide-body-wash,301,
product,11341,NINELESS B-Boost 1% Kojic Acid Serum 30ml,https://wholesalebeautyhub.co.uk/shop/nineless-b-boost-1-kojic-acid-serum-30ml/,/products/nineless-b-boost-1-kojic-acid-serum-30ml,301,
product,11348,NINELESS A-Control 10% Azelaic Acid Serum 30ml,https://wholesalebeautyhub.co.uk/shop/nineless-a-control-10-azelaic-acid-serum-30ml/,/products/nineless-a-control-10-azelaic-acid-serum-30ml,301,
product,11897,Viccabel Deluxe pro 21 piece Makeup Brush Set,https://wholesalebeautyhub.co.uk/shop/viccabel-deluxe-pro-21-piece-makeup-brush-set/,/products/viccabel-deluxe-pro-21-piece-makeup-brush-set,301,
product,11901,Nineless MELA-PRO 5% Tranexamic Acid Serum 30ml,https://wholesalebeautyhub.co.uk/shop/nineless-mela-pro-5-tranexamic-acid-serum-30ml/,/products/nineless-mela-pro-5-tranexamic-acid-serum-30ml,301,
product,12980,Eos Body Lotion Crème de Pistachio,https://wholesalebeautyhub.co.uk/shop/eos-body-lotion-creme-de-pistachio/,/products/eos-body-lotion-creme-de-pistachio,301,
product,13301,Skin By Zaron Combo Deal,https://wholesalebeautyhub.co.uk/shop/skin-by-zaron-combo-deal/,/products/skin-by-zaron-combo-deal,301,
product,13314,Dark Spots & Hyperpigmentation Face Combo Deal- Bundle,https://wholesalebeautyhub.co.uk/shop/dark-spots-hyperpigmentation-face-combo-deal/,/products/dark-spots-hyperpigmentation-face-combo-deal,301,
product,13317,Medix 5.5 Glow Bright Combo Deal,https://wholesalebeautyhub.co.uk/shop/medix-5-5-glow-bright-combo-deal/,/products/medix-5-5-glow-bright-combo-deal,301,
product,13318,Acne &amp; Blemish Fighter combo deal,https://wholesalebeautyhub.co.uk/shop/acne-blemish-fighter-combo-deal/,/products/acne-blemish-fighter-combo-deal,301,
product,13319,Acne &amp; Blemish Fighter combo deal (2),https://wholesalebeautyhub.co.uk/shop/acne-blemish-fighter-combo-deal-2/,/products/acne-blemish-fighter-combo-deal-2,301,
product,13321,EOS Body Lotion Combo Deal,https://wholesalebeautyhub.co.uk/shop/eos-body-lotion-combo-deal/,/products/eos-body-lotion-combo-deal,301,
product,13323,Good Molecules Blemish & Discolouration Combo Deal- Bundle,https://wholesalebeautyhub.co.uk/shop/good-molecules-blemish-discoloration-combo-deal/,/products/good-molecules-blemish-discoloration-combo-deal,301,
product,13324,Hyperpigmentation & Brightening Combo Deal- Bundle,https://wholesalebeautyhub.co.uk/shop/hyperpigmentation-brightening-combo-deal/,/products/hyperpigmentation-brightening-combo-deal,301,
product,13326,Hyperpigmentation & Brightening Combo Deal - Bundle,https://wholesalebeautyhub.co.uk/shop/hyperpigmentation-brightening-combo-deal-2/,/products/hyperpigmentation-brightening-combo-deal-2,301,
product,13887,Olay Brightening Exfoliating Face Cleanser with Vitamin C,https://wholesalebeautyhub.co.uk/shop/olay-brightening-exfoliating-cleanser-with-vitamin-c/,/products/olay-brightening-exfoliating-cleanser-with-vitamin-c,301,
product,13895,Skin By Zaron Vitamin C Face Cream,https://wholesalebeautyhub.co.uk/shop/skin-by-zaron-vitamin-c-face-cream/,/products/skin-by-zaron-vitamin-c-face-cream,301,
product,13901,Skin By Zaron 2% Alpha-Arbutin serum,https://wholesalebeautyhub.co.uk/shop/skin-by-zaron-2-alpha-arbutin-serum/,/products/skin-by-zaron-2-alpha-arbutin-serum,301,
product,13903,Skin By Zaron 7% Glycolic Acid,https://wholesalebeautyhub.co.uk/shop/skin-by-zaron-7-glycolic-acid/,/products/skin-by-zaron-7-glycolic-acid,301,
product,13908,Skin By Zaron 2% Salicylic Acid Toner,https://wholesalebeautyhub.co.uk/shop/skin-by-zaron-2-salicylic-acid-toner/,/products/skin-by-zaron-2-salicylic-acid-toner,301,
product,13917,Annies Beauty Eyeshadow Palettes,https://wholesalebeautyhub.co.uk/shop/annies-beauty-eyeshadow-palettes/,/products/annies-beauty-eyeshadow-palettes,301,
product,14352,SKIN1004 Madagascar Centella Tone Brightening Boosting Toner,https://wholesalebeautyhub.co.uk/shop/skin1004-madagascar-centella-tone-brightening-boosting-toner/,/products/skin1004-madagascar-centella-tone-brightening-boosting-toner,301,
product,15129,Olay Dark Spot Correcting Body Lotion (AHA &VITAMIN C),https://wholesalebeautyhub.co.uk/shop/olay-dark-spot-correcting-body-lotion-aha-vitamin-c/,/products/olay-dark-spot-correcting-body-lotion-aha-vitamin-c,301,
product,15249,La Roche-Posay Effaclar Dual Acne Face Wash With 4% Benzoyl Peroxide,https://wholesalebeautyhub.co.uk/shop/la-roche-posay-effaclar-dual-acne-face-wash-with-4-benzoyl-peroxide/,/products/la-roche-posay-effaclar-dual-acne-face-wash-with-4-benzoyl-peroxide,301,
product,15253,La Roche-Posay Lipikar AP+ Gentle Foaming Moisturizing Wash,https://wholesalebeautyhub.co.uk/shop/la-roche-posay-lipikar-ap-gentle-foaming-moisturizing-wash/,/products/la-roche-posay-lipikar-ap-gentle-foaming-moisturizing-wash,301,
product,15466,25Pskyn Liqueur 1.69fl oz / 50ml,https://wholesalebeautyhub.co.uk/shop/25pskyn-liqueur-1-69fl-oz-50ml/,/products/25pskyn-liqueur-1-69fl-oz-50ml,301,
product,15467,EOS Cashmere Body Mist,https://wholesalebeautyhub.co.uk/shop/eos-body-mist/,/products/eos-body-mist,301,
product,15752,25pskyn Mandelactone 50ml,https://wholesalebeautyhub.co.uk/shop/25pskyn-mandelactone-50ml/,/products/25pskyn-mandelactone-50ml,301,
product,15865,Embryolisse Lait Cream Moisturizer - 30 Ml,https://wholesalebeautyhub.co.uk/shop/embryolisse-lait-cream-moisturizer-30-ml/,/products/embryolisse-lait-cream-moisturizer-30-ml,301,
product,16331,Bolden Dark spot fix,https://wholesalebeautyhub.co.uk/shop/bolden-dark-spot-fix-2/,/products/bolden-dark-spot-fix-2,301,
product,16438,Bolden Skin Clarifying Cleanser,https://wholesalebeautyhub.co.uk/shop/bolden-clarifying-cleanser/,/products/bolden-clarifying-cleanser,301,
product,16441,Bolden Brightening Moisturizer | SPF 30 with Vitamin C,https://wholesalebeautyhub.co.uk/shop/bolden-sunscreen-moisturizer-spf-30-with-vitamin-c/,/products/bolden-sunscreen-moisturizer-spf-30-with-vitamin-c,301,
product,16443,Bolden Skin Brightening Toner,https://wholesalebeautyhub.co.uk/shop/bolden-brightening-toner/,/products/bolden-brightening-toner,301,
product,16445,Sylvimak Smooth Affair Finishing Powder Palette,https://wholesalebeautyhub.co.uk/shop/sylvimak-smooth-affair-finishing-powder-palette/,/products/sylvimak-smooth-affair-finishing-powder-palette,301,
product,16460,Hegai & Esther photo perfect pressed powder,https://wholesalebeautyhub.co.uk/shop/hegai-esther-photo-perfect-pressed-powder/,/products/hegai-esther-photo-perfect-pressed-powder,301,
product,16464,Hegai & Esther lipgloss,https://wholesalebeautyhub.co.uk/shop/hegai-esther-lipgloss/,/products/hegai-esther-lipgloss,301,
product,16467,Hegai & Esther Artstick matte liquid lipstick,https://wholesalebeautyhub.co.uk/shop/artstick-matte-liquid-lipstick/,/products/artstick-matte-liquid-lipstick,301,
product,16482,EOS Cashmere Body Lotion (Holiday Collection),https://wholesalebeautyhub.co.uk/shop/eos-cashmere-body-lotion-holiday-collection/,/products/eos-cashmere-body-lotion-holiday-collection,301,
product,16519,Hegai & Esther powder foundation,https://wholesalebeautyhub.co.uk/shop/hegai-esther-powder-foundation/,/products/hegai-esther-powder-foundation,301,
product,16529,Hegai & Esther photo perfect liquid foundation,https://wholesalebeautyhub.co.uk/shop/hegai-esther-photo-perfect-liquid-foundation/,/products/hegai-esther-photo-perfect-liquid-foundation,301,
product,16532,Hegai & Esther Velvet Matte Lipstick,https://wholesalebeautyhub.co.uk/shop/velvet-matte-lipstick/,/products/velvet-matte-lipstick,301,
product,16543,Hegai & Esther Photo Perfect Concealer,https://wholesalebeautyhub.co.uk/shop/photo-perfect-concealer/,/products/photo-perfect-concealer,301,
product,16555,Hegai & Esther Lip Definer,https://wholesalebeautyhub.co.uk/shop/lip-definer/,/products/lip-definer,301,
product,16557,Flash Drops Liquid Highlighter,https://wholesalebeautyhub.co.uk/shop/flash-drops-liquid-highlighter/,/products/flash-drops-liquid-highlighter,301,
product,16820,Eucerin Roughness Relief smoothing Lotion,https://wholesalebeautyhub.co.uk/shop/eucerin-roughness-relief-lotion/,/products/eucerin-roughness-relief-lotion,301,
product,16821,Eucerin Eczema Relief Cream,https://wholesalebeautyhub.co.uk/shop/eucerin-eczema-relief-cream/,/products/eucerin-eczema-relief-cream,301,
product,16825,Eucerin Intensive Repair Lotion,https://wholesalebeautyhub.co.uk/shop/eucerin-advanced-repair-lotion/,/products/eucerin-advanced-repair-lotion,301,
product,16966,25pskyn UV Warrior SPF 50+ Broad Spectrum Sunscreen 150ml,https://wholesalebeautyhub.co.uk/shop/25-pskyn-uv-warrior-sunscreen/,/products/25-pskyn-uv-warrior-sunscreen,301,
product,16969,Yglam cheeksy cream blush palette,https://wholesalebeautyhub.co.uk/shop/yglam-cheeksy-cream-blush-palette/,/products/yglam-cheeksy-cream-blush-palette,301,
product,16971,Yglam cheesksy powder blush palette,https://wholesalebeautyhub.co.uk/shop/yglam-cheesksy-powder-blush-palette/,/products/yglam-cheesksy-powder-blush-palette,301,
product,17476,Vaseline Clinical Care Dry Hands Rescue,https://wholesalebeautyhub.co.uk/shop/vaseline-clinical-care-dry-hands-rescue/,/products/vaseline-clinical-care-dry-hands-rescue,301,
product,17478,Vaseline Glazed and Glisten Shimmering Oil,https://wholesalebeautyhub.co.uk/shop/vaseline-glazed-and-glisten-shimmering-oil/,/products/vaseline-glazed-and-glisten-shimmering-oil,301,
product,17487,Olay Super Serum Body Lotion,https://wholesalebeautyhub.co.uk/shop/olay-super-serum-body-lotion/,/products/olay-super-serum-body-lotion,301,
product,17491,Aquaphor Immediate Relief Lip Repair Balm 2pack,https://wholesalebeautyhub.co.uk/shop/aquaphor-lip-repair-2pack/,/products/aquaphor-lip-repair-2pack,301,
product,17494,Neutrogena Oil Free Acne Wash Pink Grapefruit Foaming Scrub,https://wholesalebeautyhub.co.uk/shop/neutrogena-oil-free-acne-wash-pink-grapefruit-foaming-scrub/,/products/neutrogena-oil-free-acne-wash-pink-grapefruit-foaming-scrub,301,
product,17496,Neutrogena Oil Free Acne Wash Pink Grapefruit Facial Cleanser,https://wholesalebeautyhub.co.uk/shop/neutrogena-oil-free-acne-wash-fragrance-free/,/products/neutrogena-oil-free-acne-wash-fragrance-free,301,
product,17503,Eos Shave Oil,https://wholesalebeautyhub.co.uk/shop/eos-shave-oil/,/products/eos-shave-oil,301,
product,17510,Good Molecules Caffeine Energizing Hydrogel Eye Patches,https://wholesalebeautyhub.co.uk/shop/good-molecules-caffeine-energizing-hydrogel-eye-patches/,/products/good-molecules-caffeine-energizing-hydrogel-eye-patches,301,
product,17601,Neutrogena Oil Free Acne Wash With Salicylic acid Fragrance Free,https://wholesalebeautyhub.co.uk/shop/oil-free-acne-wash-with-salicylic-acid-fragrance-free/,/products/oil-free-acne-wash-with-salicylic-acid-fragrance-free,301,
product,17663,Sun bum kids SPF 50 Clear Sunscreen Stick,https://wholesalebeautyhub.co.uk/shop/sun-bum-kids-spf-50-clear-sunscreen-stick/,/products/sun-bum-kids-spf-50-clear-sunscreen-stick,301,
product,17665,Sun bum Kids SPF 50 Clear Sunscreen Lotion,https://wholesalebeautyhub.co.uk/shop/sun-bum-kids-spf-50-clear-sunscreen-lotion/,/products/sun-bum-kids-spf-50-clear-sunscreen-lotion,301,
product,17860,Tola Banks Beauty Brush Set,https://wholesalebeautyhub.co.uk/shop/tola-banks-beauty-brush-set/,/products/tola-banks-beauty-brush-set,301,
product,18359,Skin1004 Madagascar Centella Tone Brightening Ampoule,https://wholesalebeautyhub.co.uk/shop/skin1004-madagascar-centella-tone-brightening-ampoule/,/products/skin1004-madagascar-centella-tone-brightening-ampoule,301,
product,18407,Olay Salicylic Acid Body Wash (530ml),https://wholesalebeautyhub.co.uk/shop/olay-salicylic-acid-body-wash-530ml/,/products/olay-salicylic-acid-body-wash-530ml,301,
product,18477,Pan0xyl Blemish Aftercare Brightening Patches,https://wholesalebeautyhub.co.uk/shop/pan0xyl-blemish-aftercare-brightening-patches/,/products/pan0xyl-blemish-aftercare-brightening-patches,301,
product,18482,Panoxyl overnight spot patches,https://wholesalebeautyhub.co.uk/shop/panoxyl-overnight-spot-patches/,/products/panoxyl-overnight-spot-patches,301,
product,18488,Cosrx The 6 Peptide Skin Booster,https://wholesalebeautyhub.co.uk/shop/cosrx-the-6-peptide-skin-booster/,/products/cosrx-the-6-peptide-skin-booster,301,
product,18632,Tiam Vita B5 Toner,https://wholesalebeautyhub.co.uk/shop/tiam-vita-b5-toner/,/products/tiam-vita-b5-toner,301,
product,18636,Tiam Alpha-5 Mela Care Cream,https://wholesalebeautyhub.co.uk/shop/tiam-alpha-5-mela-care-cream/,/products/tiam-alpha-5-mela-care-cream,301,
product,18638,Tiam Snail & Azulene Low Ph Cleanser,https://wholesalebeautyhub.co.uk/shop/tiam-snail-azulene-low-ph-cleanser/,/products/tiam-snail-azulene-low-ph-cleanser,301,
product,18642,Dr Althea 345 Relief Cream,https://wholesalebeautyhub.co.uk/shop/dr-althea-345-relief-cream/,/products/dr-althea-345-relief-cream,301,
product,18645,Dr Althea Gentle Vitamin C Serum,https://wholesalebeautyhub.co.uk/shop/dr-althea-gentle-vitamin-c-serum/,/products/dr-althea-gentle-vitamin-c-serum,301,
product,18649,25pskyn Trio Pskyn Cleanser 250ml,https://wholesalebeautyhub.co.uk/shop/25-pskyn-trio-pskyn-cleanser/,/products/25-pskyn-trio-pskyn-cleanser,301,
product,18735,Cerave Renewing SA Cleanser,https://wholesalebeautyhub.co.uk/shop/cerave-renewing-sa-cleanser/,/products/cerave-renewing-sa-cleanser,301,
product,18738,Cerave Foaming Facial cleanser,https://wholesalebeautyhub.co.uk/shop/cerave-foaming-facial-cleanser/,/products/cerave-foaming-facial-cleanser,301,
product,18742,Cerave Hydrating Facial Cleanser,https://wholesalebeautyhub.co.uk/shop/cerave-hydrating-facial-cleanser/,/products/cerave-hydrating-facial-cleanser,301,
product,18748,Palmers Cocoa Butter Formula Tahitian Vanilla Body Lotion.,https://wholesalebeautyhub.co.uk/shop/palmers-cocoa-butter-formula-tahitian-vanilla-body-lotion/,/products/palmers-cocoa-butter-formula-tahitian-vanilla-body-lotion,301,
product,18752,ROC Derm Correxion Retinol Firming Serum Stick,https://wholesalebeautyhub.co.uk/shop/roc-derm-correxion-retinol-firming-serum-stick/,/products/roc-derm-correxion-retinol-firming-serum-stick,301,
product,18756,Differin 0.1% Adapalene Gel Treatment,https://wholesalebeautyhub.co.uk/shop/differin-0-1-adapalene-gel-treatment-15g/,/products/differin-0-1-adapalene-gel-treatment-15g,301,
product,18834,Cerave Resurfacing Retinol Serum,https://wholesalebeautyhub.co.uk/shop/cerave-resurfacing-retinol-serum/,/products/cerave-resurfacing-retinol-serum,301,
product,18838,Cerave Acne Control Cleanser 16fL,https://wholesalebeautyhub.co.uk/shop/cerave-acne-foaming-cream-cleanser/,/products/cerave-acne-foaming-cream-cleanser,301,
product,18843,Olay Super Serum Body Cream,https://wholesalebeautyhub.co.uk/shop/olay-super-serum-body-cream/,/products/olay-super-serum-body-cream,301,
product,18893,Hegai & Esther culture mix palette,https://wholesalebeautyhub.co.uk/shop/hegai-esther-culture-mix-palette/,/products/hegai-esther-culture-mix-palette,301,
product,18897,Hegai & Esther Earthen Magic Palette,https://wholesalebeautyhub.co.uk/shop/hegai-esther-earthen-magic-palette/,/products/hegai-esther-earthen-magic-palette,301,
product,19224,Isntree Hylauronic Acid Moist Cream,https://wholesalebeautyhub.co.uk/shop/isntree-hylauronic-acid-moist-cream/,/products/isntree-hylauronic-acid-moist-cream,301,
product,19572,25Pskyn Pigma Blend Cream,https://wholesalebeautyhub.co.uk/shop/25pskyn-pigma-blend-cream/,/products/25pskyn-pigma-blend-cream,301,
product,19575,25Pskyn Kojitrinol Pads,https://wholesalebeautyhub.co.uk/shop/25pskyn-kojitrinol-pads/,/products/25pskyn-kojitrinol-pads,301,
product,19579,25Pskyn Trinity Pads,https://wholesalebeautyhub.co.uk/shop/25pskyn-trinity-pads/,/products/25pskyn-trinity-pads,301,
product,19653,Olay Total Effects Revitalizing Foaming Face Cleanser,https://wholesalebeautyhub.co.uk/shop/olay-total-effects-revitalizing-foaming-face-cleanser/,/products/olay-total-effects-revitalizing-foaming-face-cleanser,301,
product,19656,Olay Bump Erasing Exfoliating Body Wash,https://wholesalebeautyhub.co.uk/shop/olay-bump-erasing-exfoliating-body-wash/,/products/olay-bump-erasing-exfoliating-body-wash,301,
product,19658,Annies beauty Cheek Sensation Volume 2 Blush palette,https://wholesalebeautyhub.co.uk/shop/annies-beauty-cheek-sensation-volume-2-blush-palette/,/products/annies-beauty-cheek-sensation-volume-2-blush-palette,301,
product,19738,Zaron Longwear Gel Eyeliner,https://wholesalebeautyhub.co.uk/shop/zaron-longwear-gel-eyeliner/,/products/zaron-longwear-gel-eyeliner,301,
product,19754,Mila 5 in 1 lashes,https://wholesalebeautyhub.co.uk/shop/mila-5-in-1-lashes/,/products/mila-5-in-1-lashes,301,
product,19756,Wynkk 5 in 1 lashes Match me up,https://wholesalebeautyhub.co.uk/shop/wynkk-5-in-1-lashes-match-me-up/,/products/wynkk-5-in-1-lashes-match-me-up,301,
product,19858,La roche Posay Toleriane Purifying Foaming Cleanser,https://wholesalebeautyhub.co.uk/shop/la-roche-posay-toleriane-purifying-foaming-cleanser/,/products/la-roche-posay-toleriane-purifying-foaming-cleanser,301,
product,19860,Palmers Tahitian Vanilla Moisture Drenching Body Oil,https://wholesalebeautyhub.co.uk/shop/palmers-tahitian-vanilla-moisture-drenching-body-oil/,/products/palmers-tahitian-vanilla-moisture-drenching-body-oil,301,
product,19863,"Palmers Brazilian Coco Firming Bum, Bust & Body Oil.",https://wholesalebeautyhub.co.uk/shop/palmers-brazilian-coco-firming-bum-bust-body-oil/,/products/palmers-brazilian-coco-firming-bum-bust-body-oil,301,
product,20187,Panoxyl Acne Banishing Body Spray,https://wholesalebeautyhub.co.uk/shop/panoxyl-acne-banishing-body-spray/,/products/panoxyl-acne-banishing-body-spray,301,
product,20525,Beauty By Ad Dew Drop Foundation,https://wholesalebeautyhub.co.uk/shop/beauty-by-ad-dew-drop-foundation/,/products/beauty-by-ad-dew-drop-foundation,301,
product,20539,Beauty By Ad Lip Luxe Potion Lip Oil,https://wholesalebeautyhub.co.uk/shop/beauty-by-ad-lip-luxe-potion-lip-oil/,/products/beauty-by-ad-lip-luxe-potion-lip-oil,301,
product,20546,Beauty By Ad Ethereal Essence Lipgloss,https://wholesalebeautyhub.co.uk/shop/beauty-by-ad-ethereal-essence-lipgloss/,/products/beauty-by-ad-ethereal-essence-lipgloss,301,
product,20568,Tehila Air Brush Primer,https://wholesalebeautyhub.co.uk/shop/tehila-air-brush-primer/,/products/tehila-air-brush-primer,301,
product,20595,Tola Banks  Beauty Lipgloss,https://wholesalebeautyhub.co.uk/shop/tolabanks-beauty-lipgloss/,/products/tolabanks-beauty-lipgloss,301,
product,20616,Blossom makeup moist essence moisturizer,https://wholesalebeautyhub.co.uk/shop/blossom-makeup-moist-essence-moisturizer/,/products/blossom-makeup-moist-essence-moisturizer,301,
product,20622,Uncover Green Tea Revitalizing Cleanser,https://wholesalebeautyhub.co.uk/shop/uncover-green-tea-revitalizing-cleanser/,/products/uncover-green-tea-revitalizing-cleanser,301,
product,20625,Uncover Mini Green Tea Revitalizing cleanser,https://wholesalebeautyhub.co.uk/shop/uncover-mini-green-tea-revitalizing-cleanser/,/products/uncover-mini-green-tea-revitalizing-cleanser,301,
product,20627,Uncover Argan Hydrating Moisturizer,https://wholesalebeautyhub.co.uk/shop/uncover-argan-hydrating-moisturizer/,/products/uncover-argan-hydrating-moisturizer,301,
product,20632,Uncover Mini Argan Hydrating Moisturizer,https://wholesalebeautyhub.co.uk/shop/uncover-mini-argan-hydrating-cleanser/,/products/uncover-mini-argan-hydrating-cleanser,301,
product,20634,Uncover Mini Aloe Invincible Sunscreen,https://wholesalebeautyhub.co.uk/shop/uncover-mini-aloe-invincible-sunscreen/,/products/uncover-mini-aloe-invincible-sunscreen,301,
product,20637,Uncover Aloe Invincible Sunscreen,https://wholesalebeautyhub.co.uk/shop/uncover-aloe-invincible-sunscreen/,/products/uncover-aloe-invincible-sunscreen,301,
product,20647,Single Tray makeup chair,https://wholesalebeautyhub.co.uk/shop/single-tray-makeup-chair/,/products/single-tray-makeup-chair,301,
product,20770,Classic Makeup Mattifying Face Primer,https://wholesalebeautyhub.co.uk/shop/classic-makeup-mattifying-face-primer/,/products/classic-makeup-mattifying-face-primer,301,
product,20773,Blossom Makeup Pretty Pout Lip Palette,https://wholesalebeautyhub.co.uk/shop/blossom-makeup-pretty-pout-lip-palette/,/products/blossom-makeup-pretty-pout-lip-palette,301,
product,21659,Skin by Zaron Glow & Hydrating Body Oil,https://wholesalebeautyhub.co.uk/shop/skin-by-zaron-glow-hydrating-body-oil/,/products/skin-by-zaron-glow-hydrating-body-oil,301,
product,21820,Eos Crème De Pistachio Body Wash,https://wholesalebeautyhub.co.uk/shop/eos-creme-de-pistachio-body-wash/,/products/eos-creme-de-pistachio-body-wash,301,
product,21822,Alpha Skincare Essential Renewal Cream 10% Glycolic AHA,https://wholesalebeautyhub.co.uk/shop/alpha-skincare-essential-renewal-cream-10-glycolic-aha/,/products/alpha-skincare-essential-renewal-cream-10-glycolic-aha,301,
product,21824,Alpha Skincare Intensive Renewal Serum 14% Glycolic AHA,https://wholesalebeautyhub.co.uk/shop/alpha-skincare-intensive-renewal-serum-14-glycolic-aha/,/products/alpha-skincare-intensive-renewal-serum-14-glycolic-aha,301,
product,21827,Topicrem Mela Unifying Ultra-Moisturizing Milk 500ml,https://wholesalebeautyhub.co.uk/shop/tropicrem-mela-unifying-ultra-moisturizing-milk-500ml/,/products/tropicrem-mela-unifying-ultra-moisturizing-milk-500ml,301,
product,21830,Naturium Urea 5% Body Serum,https://wholesalebeautyhub.co.uk/shop/naturium-urea-5-body-serum/,/products/naturium-urea-5-body-serum,301,
product,21854,Anua Niacinamide 5% TXA Brightening Pad,https://wholesalebeautyhub.co.uk/shop/anua-niacinamide-5-txa-brightening-pad/,/products/anua-niacinamide-5-txa-brightening-pad,301,
product,21856,Good Molecules Hydrating Gel Moisturizer With Electrolytes,https://wholesalebeautyhub.co.uk/shop/good-molecules-hydrating-gel-moisturizer-with-electrolytes/,/products/good-molecules-hydrating-gel-moisturizer-with-electrolytes,301,
product,21858,Acwell Licorice PH Balancing Cleansing Toner 300ML,https://wholesalebeautyhub.co.uk/shop/acwell-licorice-ph-balancing-cleansing-toner-300ml/,/products/acwell-licorice-ph-balancing-cleansing-toner-300ml,301,
product,21860,Topicrem Mela Unifying Ultra-Moisturizing Milk 200ml,https://wholesalebeautyhub.co.uk/shop/topicrem-mela-unifying-ultra-moisturizing-milk-200ml/,/products/topicrem-mela-unifying-ultra-moisturizing-milk-200ml,301,
product,21976,Good molecules yuzu blemish gel cream,https://wholesalebeautyhub.co.uk/shop/good-molecules-yuzu-blemish-gel-cream/,/products/good-molecules-yuzu-blemish-gel-cream,301,
product,23464,La Roche-Posay Cicaplast Balm B5+,https://wholesalebeautyhub.co.uk/shop/la-roche-posay-cicaplast-balm-b5/,/products/la-roche-posay-cicaplast-balm-b5,301,
product,23521,Uncover Baobab Glow-C Serum,https://wholesalebeautyhub.co.uk/shop/uncover-baobab-glow-c-serum/,/products/uncover-baobab-glow-c-serum,301,
product,23868,Anua Rice 70+ Glow Milky Toner 250ml,https://wholesalebeautyhub.co.uk/shop/anua-rice-70-glow-milky-toner-250ml/,/products/anua-rice-70-glow-milky-toner-250ml,301,
product,24052,25Pskyn Hydragenesis Moisturizer,https://wholesalebeautyhub.co.uk/shop/25-pskyn-hydragenesis-moisturizer/,/products/25-pskyn-hydragenesis-moisturizer,301,
product,24654,ACWELL Licorice pH Balancing Extreme Moisture Cream 55ml,https://wholesalebeautyhub.co.uk/shop/acwell-licorice-ph-balancing-extreme-moisture-cream-55ml/,/products/acwell-licorice-ph-balancing-extreme-moisture-cream-55ml,301,
product,25095,Skin by Zaron body glow bundle,https://wholesalebeautyhub.co.uk/shop/skin-by-zaron-body-glow-bundle/,/products/skin-by-zaron-body-glow-bundle,301,
product,25099,Olay Body Glow Bundle Deal,https://wholesalebeautyhub.co.uk/shop/olay-body-glow-bundle-deal/,/products/olay-body-glow-bundle-deal,301,
product,25119,Skin By Zaron Face & Body Sun Block,https://wholesalebeautyhub.co.uk/shop/skin-by-zaron-face-body-sun-block/,/products/skin-by-zaron-face-body-sun-block,301,
product,25122,Differin Epiduo Acne Gel,https://wholesalebeautyhub.co.uk/shop/differin-epiduo-acne-gel/,/products/differin-epiduo-acne-gel,301,
product,25129,Differin Dark Spot Correcting Serum,https://wholesalebeautyhub.co.uk/shop/differin-dark-spot-correcting-serum/,/products/differin-dark-spot-correcting-serum,301,
product,25366,Eos Body Lotion Beach Waves,https://wholesalebeautyhub.co.uk/shop/eos-body-lotion-beach-waves/,/products/eos-body-lotion-beach-waves,301,
product,25371,Eos Body Lotion Toasted Marshmallow,https://wholesalebeautyhub.co.uk/shop/eos-body-lotion-toasted-marshmallow-2/,/products/eos-body-lotion-toasted-marshmallow-2,301,
product,25372,Eos Cashmere Whipped Oil Butter Crème de pistachio,https://wholesalebeautyhub.co.uk/shop/eos-cashmere-whipped-oil-butter-creme-de-pistachio/,/products/eos-cashmere-whipped-oil-butter-creme-de-pistachio,301,
product,25374,Eos Cashmere Whipped Oil Butter Pink Champagne,https://wholesalebeautyhub.co.uk/shop/eos-cashmere-whipped-oil-butter-pink-champagne/,/products/eos-cashmere-whipped-oil-butter-pink-champagne,301,
product_cat,15,Uncategorized,https://wholesalebeautyhub.co.uk/product-category/uncategorized/,/collections/uncategorized,301,
product_cat,16,Eyes,https://wholesalebeautyhub.co.uk/product-category/eyes/,/collections/eyes,301,
product_cat,17,Face,https://wholesalebeautyhub.co.uk/product-category/face/,/collections/face,301,
product_cat,18,Lips,https://wholesalebeautyhub.co.uk/product-category/lips/,/collections/lips,301,
product_cat,19,Eyeliner,https://wholesalebeautyhub.co.uk/product-category/eyeliner/,/collections/eyeliner,301,
product_cat,20,Eye Pencil,https://wholesalebeautyhub.co.uk/product-category/eye-pencil/,/collections/eye-pencil,301,
product_cat,21,Eyebrow Products,https://wholesalebeautyhub.co.uk/product-category/eyebrow-products/,/collections/eyebrow-products,301,
product_cat,22,Eyelash Extensions &amp; Glue,https://wholesalebeautyhub.co.uk/product-category/eyelash-extensions-glue/,/collections/eyelash-extensions-glue,301,
product_cat,23,Eyeshadow,https://wholesalebeautyhub.co.uk/product-category/eyeshadow/,/collections/eyeshadow,301,
product_cat,24,Mascara,https://wholesalebeautyhub.co.uk/product-category/mascara/,/collections/mascara,301,
product_cat,25,"Pigment, Glitter &amp; Base",https://wholesalebeautyhub.co.uk/product-category/pigment-glitter-base/,/collections/pigment-glitter-base,301,
product_cat,26,Foundation,https://wholesalebeautyhub.co.uk/product-category/foundation/,/collections/foundation,301,
product_cat,27,Concealer,https://wholesalebeautyhub.co.uk/product-category/concealer/,/collections/concealer,301,
product_cat,28,Blushes,https://wholesalebeautyhub.co.uk/product-category/blushes/,/collections/blushes,301,
product_cat,29,Bronzers &amp; Highlighters,https://wholesalebeautyhub.co.uk/product-category/bronzers-highlighters/,/collections/bronzers-highlighters,301,
product_cat,30,Highlight &amp; Contour,https://wholesalebeautyhub.co.uk/product-category/highlight-contour/,/collections/highlight-contour,301,
product_cat,31,Illuminators,https://wholesalebeautyhub.co.uk/product-category/illuminators/,/collections/illuminators,301,
product_cat,32,Lip Gloss,https://wholesalebeautyhub.co.uk/product-category/lip-gloss/,/collections/lip-gloss,301,
product_cat,33,Lip Pallet,https://wholesalebeautyhub.co.uk/product-category/lip-pallet/,/collections/lip-pallet,301,
product_cat,34,Lip Pencil,https://wholesalebeautyhub.co.uk/product-category/lip-pencil/,/collections/lip-pencil,301,
product_cat,35,Lipbalm,https://wholesalebeautyhub.co.uk/product-category/lip-balm/,/collections/lip-balm,301,
product_cat,36,Lipstain,https://wholesalebeautyhub.co.uk/product-category/lip-stain/,/collections/lip-stain,301,
product_cat,37,Lipstick,https://wholesalebeautyhub.co.uk/product-category/lipstick/,/collections/lipstick,301,
product_cat,161,Makeup,https://wholesalebeautyhub.co.uk/product-category/makeup/,/collections/makeup,301,
product_cat,162,Skin Care,https://wholesalebeautyhub.co.uk/product-category/skin-care/,/collections/skin-care,301,
product_cat,163,Bath &amp; Body Care,https://wholesalebeautyhub.co.uk/product-category/bath-body-care/,/collections/bath-body-care,301,
product_cat,164,Serums &amp; Treatment,https://wholesalebeautyhub.co.uk/product-category/serums-treatment/,/collections/serums-treatment,301,
product_cat,165,Moisturizers &amp; Cream,https://wholesalebeautyhub.co.uk/product-category/moisturizers/,/collections/moisturizers,301,
product_cat,166,Face Cleansers &amp; Wash,https://wholesalebeautyhub.co.uk/product-category/face-cleansers-wash/,/collections/face-cleansers-wash,301,
product_cat,167,"Face Toners, Mist &amp; Essence",https://wholesalebeautyhub.co.uk/product-category/face-toners-mist-essence/,/collections/face-toners-mist-essence,301,
product_cat,168,"Exfoliators, Peels &amp; Scrubs",https://wholesalebeautyhub.co.uk/product-category/exfoliators-peels-scrubs/,/collections/exfoliators-peels-scrubs,301,
product_cat,169,Sunscreen,https://wholesalebeautyhub.co.uk/product-category/sunscreen/,/collections/sunscreen,301,
product_cat,170,Body Moisturizers,https://wholesalebeautyhub.co.uk/product-category/body-moisturizers/,/collections/body-moisturizers,301,
product_cat,171,Body Scrubs,https://wholesalebeautyhub.co.uk/product-category/body-scrubs/,/collections/body-scrubs,301,
product_cat,172,Body Wash,https://wholesalebeautyhub.co.uk/product-category/body-wash/,/collections/body-wash,301,
brand,173,Amlactin,https://wholesalebeautyhub.co.uk/brand/amlactin/,/collections/amlactin,301,
brand,174,Anastasia,https://wholesalebeautyhub.co.uk/brand/anastasia/,/collections/anastasia,301,
brand,175,Artist Couture,https://wholesalebeautyhub.co.uk/brand/artist-couture/,/collections/artist-couture,301,
brand,176,Axis-y,https://wholesalebeautyhub.co.uk/brand/axis-y/,/collections/axis-y,301,
brand,177,Beauty Bakeries,https://wholesalebeautyhub.co.uk/brand/beauty-bakeries/,/collections/beauty-bakeries,301,
brand,178,Beauty by AD,https://wholesalebeautyhub.co.uk/brand/beauty-by-ad/,/collections/beauty-by-ad,301,
brand,179,Beauty Line by Didi,https://wholesalebeautyhub.co.uk/brand/beauty-line-by-didi/,/collections/beauty-line-by-didi,301,
brand,180,Beauty of Joseon,https://wholesalebeautyhub.co.uk/brand/beauty-of-joseon/,/collections/beauty-of-joseon,301,
brand,181,Becharm,https://wholesalebeautyhub.co.uk/brand/becharm/,/collections/becharm,301,
brand,182,Bio Aqua,https://wholesalebeautyhub.co.uk/brand/bio-aqua/,/collections/bio-aqua,301,
brand,183,Blackgirl,https://wholesalebeautyhub.co.uk/brand/blackgirl/,/collections/blackgirl,301,
brand,184,Blossom,https://wholesalebeautyhub.co.uk/brand/blossom/,/collections/blossom,301,
brand,185,Cerave,https://wholesalebeautyhub.co.uk/brand/cerave/,/collections/cerave,301,
brand,186,Charlotte Tilbury,https://wholesalebeautyhub.co.uk/brand/charlotte-tilbury/,/collections/charlotte-tilbury,301,
brand,187,Classic Makeup,https://wholesalebeautyhub.co.uk/brand/classic-makeup/,/collections/classic-makeup,301,
brand,188,Cosrx,https://wholesalebeautyhub.co.uk/brand/cosrx/,/collections/cosrx,301,
brand,189,Dammel,https://wholesalebeautyhub.co.uk/brand/dammel/,/collections/dammel,301,
brand,190,Dr Jart,https://wholesalebeautyhub.co.uk/brand/dr-jart/,/collections/dr-jart,301,
brand,191,Dr Rashel,https://wholesalebeautyhub.co.uk/brand/dr-rashel/,/collections/dr-rashel,301,
brand,192,Dr Teal's,https://wholesalebeautyhub.co.uk/brand/dr-teals/,/collections/dr-teals,301,
brand,193,E45,https://wholesalebeautyhub.co.uk/brand/e45/,/collections/e45,301,
brand,194,Estee Lauder,https://wholesalebeautyhub.co.uk/brand/estee-lauder/,/collections/estee-lauder,301,
brand,195,Eucerin,https://wholesalebeautyhub.co.uk/brand/eucerin/,/collections/eucerin,301,
brand,196,Fenty Beauty,https://wholesalebeautyhub.co.uk/brand/fenty-beauty/,/collections/fenty-beauty,301,
brand,197,Ferrarucci,https://wholesalebeautyhub.co.uk/brand/ferrarucci/,/collections/ferrarucci,301,
brand,198,Flawless Ivy,https://wholesalebeautyhub.co.uk/brand/flawless-ivy/,/collections/flawless-ivy,301,
brand,199,Good Molecules,https://wholesalebeautyhub.co.uk/brand/good-molecules/,/collections/good-molecules,301,
brand,200,Hadalabo,https://wholesalebeautyhub.co.uk/brand/hadalabo/,/collections/hadalabo,301,
brand,201,Hatomugi,https://wholesalebeautyhub.co.uk/brand/hatomugi/,/collections/hatomugi,301,
brand,202,Hegai &amp; Esther,https://wholesalebeautyhub.co.uk/brand/hegai-esther/,/collections/hegai-esther,301,
brand,204,Huda Beauty,https://wholesalebeautyhub.co.uk/brand/huda-beauty/,/collections/huda-beauty,301,
brand,205,INOB,https://wholesalebeautyhub.co.uk/brand/inob/,/collections/inob,301,
brand,206,Isntree,https://wholesalebeautyhub.co.uk/brand/isntree/,/collections/isntree,301,
brand,207,Juba Cosmetics,https://wholesalebeautyhub.co.uk/brand/juba-cosmetics/,/collections/juba-cosmetics,301,
brand,208,Kevyn Aucoin,https://wholesalebeautyhub.co.uk/brand/kevyn-aucoin/,/collections/kevyn-aucoin,301,
brand,209,Koji San,https://wholesalebeautyhub.co.uk/brand/koji-san/,/collections/koji-san,301,
brand,210,Koji White,https://wholesalebeautyhub.co.uk/brand/koji-white/,/collections/koji-white,301,
brand,211,L'oreal,https://wholesalebeautyhub.co.uk/brand/loreal/,/collections/loreal,301,
brand,212,L.A Girl,https://wholesalebeautyhub.co.uk/brand/l-a-girl/,/collections/l-a-girl,301,
brand,213,Laura Mercier,https://wholesalebeautyhub.co.uk/brand/laura-mercier/,/collections/laura-mercier,301,
brand,214,Luzta,https://wholesalebeautyhub.co.uk/brand/luzta/,/collections/luzta,301,
brand,215,Mabrook,https://wholesalebeautyhub.co.uk/brand/mabrook/,/collections/mabrook,301,
brand,216,Mac,https://wholesalebeautyhub.co.uk/brand/mac/,/collections/mac,301,
brand,217,Makeup Forever,https://wholesalebeautyhub.co.uk/brand/makeup-forever/,/collections/makeup-forever,301,
brand,218,Maybelline,https://wholesalebeautyhub.co.uk/brand/maybelline/,/collections/maybelline,301,
brand,219,Medi Peel,https://wholesalebeautyhub.co.uk/brand/medi-peel/,/collections/medi-peel,301,
brand,220,Medix 5.5,https://wholesalebeautyhub.co.uk/brand/medix-5-5/,/collections/medix-5-5,301,
brand,222,Milani,https://wholesalebeautyhub.co.uk/brand/milani/,/collections/milani,301,
brand,223,Missha,https://wholesalebeautyhub.co.uk/brand/missha/,/collections/missha,301,
brand,224,Morphe,https://wholesalebeautyhub.co.uk/brand/morphe/,/collections/morphe,301,
brand,225,Msmetics,https://wholesalebeautyhub.co.uk/brand/msmetics/,/collections/msmetics,301,
brand,226,Neutrogena,https://wholesalebeautyhub.co.uk/brand/neutrogena/,/collections/neutrogena,301,
brand,227,Nivea,https://wholesalebeautyhub.co.uk/brand/nivea/,/collections/nivea,301,
brand,229,NYX,https://wholesalebeautyhub.co.uk/brand/nyx/,/collections/nyx,301,
brand,230,O'Cosmetics,https://wholesalebeautyhub.co.uk/brand/ocosmetics/,/collections/ocosmetics,301,
brand,231,Olay,https://wholesalebeautyhub.co.uk/brand/olay/,/collections/olay,301,
brand,232,Omaricode,https://wholesalebeautyhub.co.uk/brand/omaricode/,/collections/omaricode,301,
brand,233,Paula Beauty,https://wholesalebeautyhub.co.uk/brand/paula-beauty/,/collections/paula-beauty,301,
brand,234,Ponds,https://wholesalebeautyhub.co.uk/brand/ponds/,/collections/ponds,301,
brand,235,Rlg Cosmetics,https://wholesalebeautyhub.co.uk/brand/rlg-cosmetics/,/collections/rlg-cosmetics,301,
brand,236,Rimmel,https://wholesalebeautyhub.co.uk/brand/rimmel/,/collections/rimmel,301,
brand,237,Sephora,https://wholesalebeautyhub.co.uk/brand/sephora/,/collections/sephora,301,
brand,238,Skin Aqua,https://wholesalebeautyhub.co.uk/brand/skin-aqua/,/collections/skin-aqua,301,
brand,239,Skindinavia,https://wholesalebeautyhub.co.uk/brand/skindinavia/,/collections/skindinavia,301,
brand,240,Some by Mi,https://wholesalebeautyhub.co.uk/brand/some-by-mi/,/collections/some-by-mi,301,
brand,241,Sooo Pro,https://wholesalebeautyhub.co.uk/brand/sooo-pro/,/collections/sooo-pro,301,
brand,242,St Ives,https://wholesalebeautyhub.co.uk/brand/st-ives/,/collections/st-ives,301,
brand,243,Sylvimak,https://wholesalebeautyhub.co.uk/brand/sylvimak/,/collections/sylvimak,301,
brand,244,Tarte,https://wholesalebeautyhub.co.uk/brand/tarte/,/collections/tarte,301,
brand,246,The Ordinary,https://wholesalebeautyhub.co.uk/brand/the-ordinary/,/collections/the-ordinary,301,
brand,247,Timeless,https://wholesalebeautyhub.co.uk/brand/timeless/,/collections/timeless,301,
brand,248,TM Essentials,https://wholesalebeautyhub.co.uk/brand/tm-essential/,/collections/tm-essential,301,
brand,249,Touch,https://wholesalebeautyhub.co.uk/brand/touch/,/collections/touch,301,
brand,250,Too Faced,https://wholesalebeautyhub.co.uk/brand/too-faced/,/collections/too-faced,301,
brand,251,Urban Decay,https://wholesalebeautyhub.co.uk/brand/urban-decay/,/collections/urban-decay,301,
brand,252,Vee Beauty,https://wholesalebeautyhub.co.uk/brand/vee-beauty/,/collections/vee-beauty,301,
brand,253,Viccabel,https://wholesalebeautyhub.co.uk/brand/viccabel/,/collections/viccabel,301,
brand,254,Wynkk Beauty,https://wholesalebeautyhub.co.uk/brand/wynkk-beauty/,/collections/wynkk-beauty,301,
brand,255,Yanga Beauty,https://wholesalebeautyhub.co.uk/brand/yanga-beauty/,/collections/yanga-beauty,301,
brand,257,Zaron,https://wholesalebeautyhub.co.uk/brand/zaron/,/collections/zaron,301,
product_cat,258,Tools &amp; Accessories,https://wholesalebeautyhub.co.uk/product-category/tools-accessories/,/collections/tools-accessories,301,
product_cat,327,Powder,https://wholesalebeautyhub.co.uk/product-category/powder/,/collections/powder,301,
product_cat,328,Setting &amp; Finishing Spray,https://wholesalebeautyhub.co.uk/product-category/setting-finishing-spray/,/collections/setting-finishing-spray,301,
product_cat,613,Primers,https://wholesalebeautyhub.co.uk/product-category/primers/,/collections/primers,301,
brand,614,Lanell,https://wholesalebeautyhub.co.uk/brand/lanell/,/collections/lanell,301,
brand,615,Tiger,https://wholesalebeautyhub.co.uk/brand/tiger/,/collections/tiger,301,
product_cat,623,Mask,https://wholesalebeautyhub.co.uk/product-category/face-mask/,/collections/face-mask,301,
product_cat,624,Face Oil,https://wholesalebeautyhub.co.uk/product-category/face-oil/,/collections/face-oil,301,
product_cat,625,Body Lotion,https://wholesalebeautyhub.co.uk/product-category/body-lotion/,/collections/body-lotion,301,
product_cat,626,Body Oil,https://wholesalebeautyhub.co.uk/product-category/body-oil/,/collections/body-oil,301,
product_cat,627,Roll On,https://wholesalebeautyhub.co.uk/product-category/roll-on/,/collections/roll-on,301,
product_cat,628,Cotton Pad,https://wholesalebeautyhub.co.uk/product-category/cotton-pad/,/collections/cotton-pad,301,
product_cat,629,Brushes &amp; Beauty Blenders,https://wholesalebeautyhub.co.uk/product-category/brushes-beauty-blenders/,/collections/brushes-beauty-blenders,301,
brand,630,Juvia's Place,https://wholesalebeautyhub.co.uk/brand/juvias-place/,/collections/juvias-place,301,
brand,631,Ruba Beauty,https://wholesalebeautyhub.co.uk/brand/ruba-beauty/,/collections/ruba-beauty,301,
brand,639,Acwell,https://wholesalebeautyhub.co.uk/brand/acwell/,/collections/acwell,301,
brand,640,Advanced Clinicals,https://wholesalebeautyhub.co.uk/brand/advanced-clinicals/,/collections/advanced-clinicals,301,
brand,641,Aveeno,https://wholesalebeautyhub.co.uk/brand/aveeno/,/collections/aveeno,301,
brand,642,Balance,https://wholesalebeautyhub.co.uk/brand/balance/,/collections/balance,301,
brand,643,BOJ Cosmetics,https://wholesalebeautyhub.co.uk/brand/boj-cosmetics/,/collections/boj-cosmetics,301,
brand,644,Browmatic,https://wholesalebeautyhub.co.uk/brand/browmatic/,/collections/browmatic,301,
brand,645,Candybeauty,https://wholesalebeautyhub.co.uk/brand/candybeauty/,/collections/candybeauty,301,
brand,648,Cpd,https://wholesalebeautyhub.co.uk/brand/cpd/,/collections/cpd,301,
brand,649,D'Alba,https://wholesalebeautyhub.co.uk/brand/dalba/,/collections/dalba,301,
brand,650,Davies,https://wholesalebeautyhub.co.uk/brand/davies/,/collections/davies,301,
brand,651,Elastalift,https://wholesalebeautyhub.co.uk/brand/elastalift/,/collections/elastalift,301,
brand,652,Eos,https://wholesalebeautyhub.co.uk/brand/eos/,/collections/eos,301,
brand,653,Ezanic,https://wholesalebeautyhub.co.uk/brand/ezanic/,/collections/ezanic,301,
brand,654,Faded,https://wholesalebeautyhub.co.uk/brand/faded/,/collections/faded,301,
brand,656,Frudia,https://wholesalebeautyhub.co.uk/brand/frudia/,/collections/frudia,301,
brand,658,Haruharu,https://wholesalebeautyhub.co.uk/brand/haruharu/,/collections/haruharu,301,
brand,659,Heimish,https://wholesalebeautyhub.co.uk/brand/heimish/,/collections/heimish,301,
brand,660,Kiss Beauty,https://wholesalebeautyhub.co.uk/brand/kiss-beauty/,/collections/kiss-beauty,301,
brand,661,Mario Badescu,https://wholesalebeautyhub.co.uk/brand/mario-badescu/,/collections/mario-badescu,301,
brand,663,Mehron,https://wholesalebeautyhub.co.uk/brand/mehron/,/collections/mehron,301,
brand,664,Menarini,https://wholesalebeautyhub.co.uk/brand/menarini/,/collections/menarini,301,
brand,665,Merak,https://wholesalebeautyhub.co.uk/brand/merak/,/collections/merak,301,
brand,666,Naturium,https://wholesalebeautyhub.co.uk/brand/naturium/,/collections/naturium,301,
brand,667,Nuban,https://wholesalebeautyhub.co.uk/brand/nuban/,/collections/nuban,301,
brand,668,Panoxyl,https://wholesalebeautyhub.co.uk/brand/panoxyl/,/collections/panoxyl,301,
brand,669,Simple,https://wholesalebeautyhub.co.uk/brand/simple/,/collections/simple,301,
brand,670,Tehila,https://wholesalebeautyhub.co.uk/brand/tehila/,/collections/tehila,301,
brand,671,Tiam,https://wholesalebeautyhub.co.uk/brand/tiam/,/collections/tiam,301,
brand,672,Vaseline,https://wholesalebeautyhub.co.uk/brand/vaseline/,/collections/vaseline,301,
brand,673,Viange,https://wholesalebeautyhub.co.uk/brand/viange/,/collections/viange,301,
brand,674,Yglam,https://wholesalebeautyhub.co.uk/brand/yglam/,/collections/yglam,301,
brand,675,Topicals,https://wholesalebeautyhub.co.uk/brand/topicals/,/collections/topicals,301,
brand,680,La Roche-Posay,https://wholesalebeautyhub.co.uk/brand/la-roche-posay/,/collections/la-roche-posay,301,
product_cat,682,Beauty Tools,https://wholesalebeautyhub.co.uk/product-category/beauty-tools/,/collections/beauty-tools,301,
brand,687,Ben Nye,https://wholesalebeautyhub.co.uk/brand/ben-nye/,/collections/ben-nye,301,
brand,688,Alpha Skin Care,https://wholesalebeautyhub.co.uk/brand/alpha-skin-care/,/collections/alpha-skin-care,301,
brand,689,Anua,https://wholesalebeautyhub.co.uk/brand/anua/,/collections/anua,301,
brand,690,Kojivit,https://wholesalebeautyhub.co.uk/brand/kojivit/,/collections/kojivit,301,
brand,691,Nip + Fab,https://wholesalebeautyhub.co.uk/brand/nip-fab/,/collections/nip-fab,301,
brand,692,Palmer's,https://wholesalebeautyhub.co.uk/brand/palmers/,/collections/palmers,301,
brand,693,I’m From,https://wholesalebeautyhub.co.uk/brand/im-from/,/collections/im-from,301,
brand,694,Elf,https://wholesalebeautyhub.co.uk/brand/elf/,/collections/elf,301,
brand,695,Absolute,https://wholesalebeautyhub.co.uk/brand/absolute/,/collections/absolute,301,
brand,696,Laneige,https://wholesalebeautyhub.co.uk/brand/laneige/,/collections/laneige,301,
brand,698,B-Small,https://wholesalebeautyhub.co.uk/brand/b-small/,/collections/b-small,301,
product_tag,699,Brush set,https://wholesalebeautyhub.co.uk/product-tag/brush-set/,/collections/all,301,No Shopify tag-archive equivalent; falls back to all-products. Consider a matching collection.
product_tag,700,makeup,https://wholesalebeautyhub.co.uk/product-tag/makeup/,/collections/all,301,No Shopify tag-archive equivalent; falls back to all-products. Consider a matching collection.
product_tag,701,face,https://wholesalebeautyhub.co.uk/product-tag/face/,/collections/all,301,No Shopify tag-archive equivalent; falls back to all-products. Consider a matching collection.
brand,702,Accessories _make_up,https://wholesalebeautyhub.co.uk/brand/unnamed/,/collections/unnamed,301,
product_tag,703,led light,https://wholesalebeautyhub.co.uk/product-tag/led-light/,/collections/all,301,No Shopify tag-archive equivalent; falls back to all-products. Consider a matching collection.
brand,704,Tony Moly,https://wholesalebeautyhub.co.uk/brand/tony-moly/,/collections/tony-moly,301,
product_tag,705,toner,https://wholesalebeautyhub.co.uk/product-tag/toner/,/collections/all,301,No Shopify tag-archive equivalent; falls back to all-products. Consider a matching collection.
product_tag,706,hydration,https://wholesalebeautyhub.co.uk/product-tag/hydration/,/collections/all,301,No Shopify tag-archive equivalent; falls back to all-products. Consider a matching collection.
product_tag,707,ceramide,https://wholesalebeautyhub.co.uk/product-tag/ceramide/,/collections/all,301,No Shopify tag-archive equivalent; falls back to all-products. Consider a matching collection.
product_tag,708,lips,https://wholesalebeautyhub.co.uk/product-tag/lips/,/collections/all,301,No Shopify tag-archive equivalent; falls back to all-products. Consider a matching collection.
product_tag,709,lip balm,https://wholesalebeautyhub.co.uk/product-tag/lip-balm/,/collections/all,301,No Shopify tag-archive equivalent; falls back to all-products. Consider a matching collection.
product_tag,710,moisturizing lip balm,https://wholesalebeautyhub.co.uk/product-tag/moisturizing-lip-balm/,/collections/all,301,No Shopify tag-archive equivalent; falls back to all-products. Consider a matching collection.
product_cat,711,Hand cream,https://wholesalebeautyhub.co.uk/product-category/hand-cream/,/collections/hand-cream,301,
product_tag,712,hand cream,https://wholesalebeautyhub.co.uk/product-tag/hand-cream/,/collections/all,301,No Shopify tag-archive equivalent; falls back to all-products. Consider a matching collection.
product_tag,713,moisturizer,https://wholesalebeautyhub.co.uk/product-tag/moisturizer/,/collections/all,301,No Shopify tag-archive equivalent; falls back to all-products. Consider a matching collection.
brand,714,illiyoon,https://wholesalebeautyhub.co.uk/brand/illiyoon/,/collections/illiyoon,301,
product_tag,716,hyaluronic,https://wholesalebeautyhub.co.uk/product-tag/hyaluronic/,/collections/all,301,No Shopify tag-archive equivalent; falls back to all-products. Consider a matching collection.
product_cat,717,acne treatment,https://wholesalebeautyhub.co.uk/product-category/acne-patch-pimples/,/collections/acne-patch-pimples,301,
product_tag,718,acne treatment,https://wholesalebeautyhub.co.uk/product-tag/acne-treatment/,/collections/all,301,No Shopify tag-archive equivalent; falls back to all-products. Consider a matching collection.
product_tag,719,pimples patch,https://wholesalebeautyhub.co.uk/product-tag/pimples-patch/,/collections/all,301,No Shopify tag-archive equivalent; falls back to all-products. Consider a matching collection.
product_tag,720,FIRMING,https://wholesalebeautyhub.co.uk/product-tag/firming/,/collections/all,301,No Shopify tag-archive equivalent; falls back to all-products. Consider a matching collection.
product_tag,721,HYDRATING,https://wholesalebeautyhub.co.uk/product-tag/hydrating/,/collections/all,301,No Shopify tag-archive equivalent; falls back to all-products. Consider a matching collection.
product_tag,722,CLEANSING,https://wholesalebeautyhub.co.uk/product-tag/cleansing/,/collections/all,301,No Shopify tag-archive equivalent; falls back to all-products. Consider a matching collection.
product_tag,723,EXFOLIATING,https://wholesalebeautyhub.co.uk/product-tag/exfoliating/,/collections/all,301,No Shopify tag-archive equivalent; falls back to all-products. Consider a matching collection.
product_tag,724,MOISTURISING,https://wholesalebeautyhub.co.uk/product-tag/moisturising/,/collections/all,301,No Shopify tag-archive equivalent; falls back to all-products. Consider a matching collection.
product_tag,725,EVEN TONE,https://wholesalebeautyhub.co.uk/product-tag/even-tone/,/collections/all,301,No Shopify tag-archive equivalent; falls back to all-products. Consider a matching collection.
product_tag,726,BRIGHTENING,https://wholesalebeautyhub.co.uk/product-tag/brightening/,/collections/all,301,No Shopify tag-archive equivalent; falls back to all-products. Consider a matching collection.
product_tag,727,MOISTURIZING,https://wholesalebeautyhub.co.uk/product-tag/moisturizing/,/collections/all,301,No Shopify tag-archive equivalent; falls back to all-products. Consider a matching collection.
product_tag,728,skin repair,https://wholesalebeautyhub.co.uk/product-tag/skin-repair/,/collections/all,301,No Shopify tag-archive equivalent; falls back to all-products. Consider a matching collection.
product_tag,729,shea butter,https://wholesalebeautyhub.co.uk/product-tag/shea-butter/,/collections/all,301,No Shopify tag-archive equivalent; falls back to all-products. Consider a matching collection.
product_cat,730,sponge,https://wholesalebeautyhub.co.uk/product-category/sponge/,/collections/sponge,301,
product_tag,731,sponge,https://wholesalebeautyhub.co.uk/product-tag/sponge/,/collections/all,301,No Shopify tag-archive equivalent; falls back to all-products. Consider a matching collection.
brand,732,Biore,https://wholesalebeautyhub.co.uk/brand/biore/,/collections/biore,301,
product_tag,733,sunscreen,https://wholesalebeautyhub.co.uk/product-tag/sunscreen/,/collections/all,301,No Shopify tag-archive equivalent; falls back to all-products. Consider a matching collection.
brand,734,Glove sponge,https://wholesalebeautyhub.co.uk/brand/glove-sponge/,/collections/glove-sponge,301,
brand,735,Kose Suncut,https://wholesalebeautyhub.co.uk/brand/kose-suncut/,/collections/kose-suncut,301,
product_tag,736,spf50,https://wholesalebeautyhub.co.uk/product-tag/spf50/,/collections/all,301,No Shopify tag-archive equivalent; falls back to all-products. Consider a matching collection.
product_tag,739,under eye,https://wholesalebeautyhub.co.uk/product-tag/under-eye/,/collections/all,301,No Shopify tag-archive equivalent; falls back to all-products. Consider a matching collection.
product_tag,740,hyperpigmentation,https://wholesalebeautyhub.co.uk/product-tag/hyperpigmentation/,/collections/all,301,No Shopify tag-archive equivalent; falls back to all-products. Consider a matching collection.
product_tag,741,dark spots,https://wholesalebeautyhub.co.uk/product-tag/dark-spots/,/collections/all,301,No Shopify tag-archive equivalent; falls back to all-products. Consider a matching collection.
product_cat,742,Glow serum,https://wholesalebeautyhub.co.uk/product-category/glow-serum/,/collections/glow-serum,301,
product_cat,743,Dark spots &amp; Discoloration serums,https://wholesalebeautyhub.co.uk/product-category/dark-spots-discoloration-serums/,/collections/dark-spots-discoloration-serums,301,
product_cat,744,Eye cream,https://wholesalebeautyhub.co.uk/product-category/eye-cream/,/collections/eye-cream,301,
product_tag,745,anti aging,https://wholesalebeautyhub.co.uk/product-tag/anti-aging/,/collections/all,301,No Shopify tag-archive equivalent; falls back to all-products. Consider a matching collection.
product_cat,746,Glow spray,https://wholesalebeautyhub.co.uk/product-category/glow-spray/,/collections/glow-spray,301,
product_tag,747,Glow spray,https://wholesalebeautyhub.co.uk/product-tag/glow-spray/,/collections/all,301,No Shopify tag-archive equivalent; falls back to all-products. Consider a matching collection.
product_tag,748,facial mist,https://wholesalebeautyhub.co.uk/product-tag/facial-mist/,/collections/all,301,No Shopify tag-archive equivalent; falls back to all-products. Consider a matching collection.
product_tag,753,Setting powder,https://wholesalebeautyhub.co.uk/product-tag/setting-powder/,/collections/all,301,No Shopify tag-archive equivalent; falls back to all-products. Consider a matching collection.
product_tag,757,Lashes,https://wholesalebeautyhub.co.uk/product-tag/lashes/,/collections/all,301,No Shopify tag-archive equivalent; falls back to all-products. Consider a matching collection.
brand,763,Facefacts,https://wholesalebeautyhub.co.uk/brand/facefacts/,/collections/facefacts,301,
product_cat,764,Baby wash &amp; lotion,https://wholesalebeautyhub.co.uk/product-category/baby-wash-lotion/,/collections/baby-wash-lotion,301,
brand,765,Dove,https://wholesalebeautyhub.co.uk/brand/dove/,/collections/dove,301,
product_tag,769,Face Highlighter,https://wholesalebeautyhub.co.uk/product-tag/face-highlighter/,/collections/all,301,No Shopify tag-archive equivalent; falls back to all-products. Consider a matching collection.
brand,777,Annies Beauty,https://wholesalebeautyhub.co.uk/brand/annies-beauty/,/collections/annies-beauty,301,
brand,778,Tree Hut,https://wholesalebeautyhub.co.uk/brand/tree-hut/,/collections/tree-hut,301,
product_cat,782,Body Body,https://wholesalebeautyhub.co.uk/product-category/body-body/,/collections/body-body,301,
product_cat,783,Body Butter,https://wholesalebeautyhub.co.uk/product-category/body-butter/,/collections/body-butter,301,
brand,784,Zapzyt,https://wholesalebeautyhub.co.uk/brand/zapzyt/,/collections/zapzyt,301,
brand,785,Mary &amp; May,https://wholesalebeautyhub.co.uk/brand/mary-may/,/collections/mary-may,301,
brand,787,Tola Banks,https://wholesalebeautyhub.co.uk/brand/tola-banks/,/collections/tola-banks,301,
brand,788,Flawless Ivy cosmetics,https://wholesalebeautyhub.co.uk/brand/flawless-ivy-cosmetics/,/collections/flawless-ivy-cosmetics,301,
product_tag,789,Vit c Face cleanser,https://wholesalebeautyhub.co.uk/product-tag/vit-c-face-cleanser/,/collections/all,301,No Shopify tag-archive equivalent; falls back to all-products. Consider a matching collection.
product_tag,790,brightening face wash,https://wholesalebeautyhub.co.uk/product-tag/brightening-face-wash/,/collections/all,301,No Shopify tag-archive equivalent; falls back to all-products. Consider a matching collection.
product_tag,797,Barrier repair,https://wholesalebeautyhub.co.uk/product-tag/barrier-repair/,/collections/all,301,No Shopify tag-archive equivalent; falls back to all-products. Consider a matching collection.
product_cat,806,VALENTINE COMBO DEALS,https://wholesalebeautyhub.co.uk/product-category/valentine-combo-deals/,/collections/valentine-combo-deals,301,
product_cat,807,HYPERPIGMENTATION,https://wholesalebeautyhub.co.uk/product-category/hyperpigmentation/,/collections/hyperpigmentation,301,
product_cat,808,BRIGHTENING,https://wholesalebeautyhub.co.uk/product-category/brightening/,/collections/brightening,301,
brand,809,VALENTINE COMBO DEALS,https://wholesalebeautyhub.co.uk/brand/valentine-combo-deals/,/collections/valentine-combo-deals,301,
product_tag,810,VALENTINE COMBO DEALS,https://wholesalebeautyhub.co.uk/product-tag/valentine-combo-deals/,/collections/all,301,No Shopify tag-archive equivalent; falls back to all-products. Consider a matching collection.
product_tag,811,BLEMISH TREATMENT,https://wholesalebeautyhub.co.uk/product-tag/blemish-treatment/,/collections/all,301,No Shopify tag-archive equivalent; falls back to all-products. Consider a matching collection.
product_tag,812,VALEN,https://wholesalebeautyhub.co.uk/product-tag/valen/,/collections/all,301,No Shopify tag-archive equivalent; falls back to all-products. Consider a matching collection.
product_tag,813,exfolia,https://wholesalebeautyhub.co.uk/product-tag/exfolia/,/collections/all,301,No Shopify tag-archive equivalent; falls back to all-products. Consider a matching collection.
product_tag,814,BODY GLOW,https://wholesalebeautyhub.co.uk/product-tag/body-glow/,/collections/all,301,No Shopify tag-archive equivalent; falls back to all-products. Consider a matching collection.
product_tag,815,valentine glow,https://wholesalebeautyhub.co.uk/product-tag/valentine-glow/,/collections/all,301,No Shopify tag-archive equivalent; falls back to all-products. Consider a matching collection.
product_tag,816,Eye cream,https://wholesalebeautyhub.co.uk/product-tag/eye-cream/,/collections/all,301,No Shopify tag-archive equivalent; falls back to all-products. Consider a matching collection.
product_tag,817,Moisturizering,https://wholesalebeautyhub.co.uk/product-tag/moisturizering/,/collections/all,301,No Shopify tag-archive equivalent; falls back to all-products. Consider a matching collection.
product_tag,818,body oil,https://wholesalebeautyhub.co.uk/product-tag/body-oil/,/collections/all,301,No Shopify tag-archive equivalent; falls back to all-products. Consider a matching collection.
product_tag,819,Vitamin c,https://wholesalebeautyhub.co.uk/product-tag/vitamin-c/,/collections/all,301,No Shopify tag-archive equivalent; falls back to all-products. Consider a matching collection.
product_tag,820,body wash,https://wholesalebeautyhub.co.uk/product-tag/body-wash/,/collections/all,301,No Shopify tag-archive equivalent; falls back to all-products. Consider a matching collection.
brand,822,PRO MAKEUP AND BEAUTY,https://wholesalebeautyhub.co.uk/brand/pro-makeup-and-beauty/,/collections/pro-makeup-and-beauty,301,
brand,823,BM PRO,https://wholesalebeautyhub.co.uk/brand/bm-pro/,/collections/bm-pro,301,
product_tag,836,Foundation,https://wholesalebeautyhub.co.uk/product-tag/foundation/,/collections/all,301,No Shopify tag-archive equivalent; falls back to all-products. Consider a matching collection.
product_tag,844,Powder,https://wholesalebeautyhub.co.uk/product-tag/powder/,/collections/all,301,No Shopify tag-archive equivalent; falls back to all-products. Consider a matching collection.
brand,845,Jumiso,https://wholesalebeautyhub.co.uk/brand/jumiso/,/collections/jumiso,301,
product_tag,846,face serum,https://wholesalebeautyhub.co.uk/product-tag/face-serum/,/collections/all,301,No Shopify tag-archive equivalent; falls back to all-products. Consider a matching collection.
product_tag,847,PRIMER,https://wholesalebeautyhub.co.uk/product-tag/primer/,/collections/all,301,No Shopify tag-archive equivalent; falls back to all-products. Consider a matching collection.
product_tag,853,MASCARA,https://wholesalebeautyhub.co.uk/product-tag/mascara/,/collections/all,301,No Shopify tag-archive equivalent; falls back to all-products. Consider a matching collection.
product_tag,854,MASACARA,https://wholesalebeautyhub.co.uk/product-tag/masacara/,/collections/all,301,No Shopify tag-archive equivalent; falls back to all-products. Consider a matching collection.
product_tag,855,BROW PENCIL,https://wholesalebeautyhub.co.uk/product-tag/brow-pencil/,/collections/all,301,No Shopify tag-archive equivalent; falls back to all-products. Consider a matching collection.
product_tag,856,BLACK EYE PENCIL,https://wholesalebeautyhub.co.uk/product-tag/black-eye-pencil/,/collections/all,301,No Shopify tag-archive equivalent; falls back to all-products. Consider a matching collection.
product_tag,857,EYE PENCIL,https://wholesalebeautyhub.co.uk/product-tag/eye-pencil/,/collections/all,301,No Shopify tag-archive equivalent; falls back to all-products. Consider a matching collection.
product_tag,874,Lipstick,https://wholesalebeautyhub.co.uk/product-tag/lipstick/,/collections/all,301,No Shopify tag-archive equivalent; falls back to all-products. Consider a matching collection.
product_tag,875,lipstain,https://wholesalebeautyhub.co.uk/product-tag/lipstain/,/collections/all,301,No Shopify tag-archive equivalent; falls back to all-products. Consider a matching collection.
product_tag,876,matte velvet lipstick,https://wholesalebeautyhub.co.uk/product-tag/matte-velvet-lipstick/,/collections/all,301,No Shopify tag-archive equivalent; falls back to all-products. Consider a matching collection.
product_tag,896,Lipgloss,https://wholesalebeautyhub.co.uk/product-tag/lipgloss/,/collections/all,301,No Shopify tag-archive equivalent; falls back to all-products. Consider a matching collection.
product_tag,923,lipglos,https://wholesalebeautyhub.co.uk/product-tag/lipglos/,/collections/all,301,No Shopify tag-archive equivalent; falls back to all-products. Consider a matching collection.
product_tag,924,Azelaic acid,https://wholesalebeautyhub.co.uk/product-tag/azelaic-acid/,/collections/all,301,No Shopify tag-archive equivalent; falls back to all-products. Consider a matching collection.
brand,928,NINELESS,https://wholesalebeautyhub.co.uk/brand/nineless/,/collections/nineless,301,
brand,929,Merak Cosmetics,https://wholesalebeautyhub.co.uk/brand/merak-cosmetics/,/collections/merak-cosmetics,301,
brand,930,Nuban Beauty,https://wholesalebeautyhub.co.uk/brand/nuban-beauty/,/collections/nuban-beauty,301,
brand,932,Triangle,https://wholesalebeautyhub.co.uk/brand/triangle/,/collections/triangle,301,
product_cat,933,TRADEFAIR COMBO DEAL,https://wholesalebeautyhub.co.uk/product-category/tradefair-combo-deal/,/collections/tradefair-combo-deal,301,
brand,934,TRADEFAIR COMBO DEALS,https://wholesalebeautyhub.co.uk/brand/tradefair-combo-deals/,/collections/tradefair-combo-deals,301,
product_tag,935,TRADEFAIR COMBO DEAL,https://wholesalebeautyhub.co.uk/product-tag/tradefair-combo-deal/,/collections/all,301,No Shopify tag-archive equivalent; falls back to all-products. Consider a matching collection.
brand,941,SKIN1004,https://wholesalebeautyhub.co.uk/brand/skin1004/,/collections/skin1004,301,
product_cat,943,Body Mist,https://wholesalebeautyhub.co.uk/product-category/body-mist/,/collections/body-mist,301,
brand,944,Embryolisse,https://wholesalebeautyhub.co.uk/brand/embryolisse/,/collections/embryolisse,301,
product_cat,945,Combo Deals,https://wholesalebeautyhub.co.uk/product-category/combo-deals/,/collections/combo-deals,301,
brand,946,25 Pskyn,https://wholesalebeautyhub.co.uk/brand/25-pskyn/,/collections/25-pskyn,301,
brand,951,Bolden,https://wholesalebeautyhub.co.uk/brand/bolden/,/collections/bolden,301,
product_tag,975,EOS,https://wholesalebeautyhub.co.uk/product-tag/eos/,/collections/all,301,No Shopify tag-archive equivalent; falls back to all-products. Consider a matching collection.
product_tag,976,BODY LOTION,https://wholesalebeautyhub.co.uk/product-tag/body-lotion/,/collections/all,301,No Shopify tag-archive equivalent; falls back to all-products. Consider a matching collection.
product_tag,1024,dark spot,https://wholesalebeautyhub.co.uk/product-tag/dark-spot/,/collections/all,301,No Shopify tag-archive equivalent; falls back to all-products. Consider a matching collection.
product_tag,1025,eczema,https://wholesalebeautyhub.co.uk/product-tag/eczema/,/collections/all,301,No Shopify tag-archive equivalent; falls back to all-products. Consider a matching collection.
product_tag,1026,Dry skin,https://wholesalebeautyhub.co.uk/product-tag/dry-skin/,/collections/all,301,No Shopify tag-archive equivalent; falls back to all-products. Consider a matching collection.
brand,1030,Aquaphor,https://wholesalebeautyhub.co.uk/brand/aquaphor/,/collections/aquaphor,301,
product_tag,1037,shimmering oil,https://wholesalebeautyhub.co.uk/product-tag/shimmering-oil/,/collections/all,301,No Shopify tag-archive equivalent; falls back to all-products. Consider a matching collection.
product_tag,1038,eye patches,https://wholesalebeautyhub.co.uk/product-tag/eye-patches/,/collections/all,301,No Shopify tag-archive equivalent; falls back to all-products. Consider a matching collection.
product_tag,1039,eye mask,https://wholesalebeautyhub.co.uk/product-tag/eye-mask/,/collections/all,301,No Shopify tag-archive equivalent; falls back to all-products. Consider a matching collection.
product_tag,1040,Acne wash,https://wholesalebeautyhub.co.uk/product-tag/acne-wash/,/collections/all,301,No Shopify tag-archive equivalent; falls back to all-products. Consider a matching collection.
product_tag,1041,shave oil,https://wholesalebeautyhub.co.uk/product-tag/shave-oil/,/collections/all,301,No Shopify tag-archive equivalent; falls back to all-products. Consider a matching collection.
brand,1042,Sun bum,https://wholesalebeautyhub.co.uk/brand/sun-bum/,/collections/sun-bum,301,
product_tag,1043,kids sunscreen,https://wholesalebeautyhub.co.uk/product-tag/kids-sunscreen/,/collections/all,301,No Shopify tag-archive equivalent; falls back to all-products. Consider a matching collection.
brand,1055,Dr Althea,https://wholesalebeautyhub.co.uk/brand/dr-althea/,/collections/dr-althea,301,
product_tag,1056,face wash,https://wholesalebeautyhub.co.uk/product-tag/face-wash/,/collections/all,301,No Shopify tag-archive equivalent; falls back to all-products. Consider a matching collection.
product_tag,1057,Face Cleanser,https://wholesalebeautyhub.co.uk/product-tag/face-cleanser/,/collections/all,301,No Shopify tag-archive equivalent; falls back to all-products. Consider a matching collection.
product_tag,1058,Snail mucin,https://wholesalebeautyhub.co.uk/product-tag/snail-mucin/,/collections/all,301,No Shopify tag-archive equivalent; falls back to all-products. Consider a matching collection.
product_tag,1059,acne marks,https://wholesalebeautyhub.co.uk/product-tag/acne-marks/,/collections/all,301,No Shopify tag-archive equivalent; falls back to all-products. Consider a matching collection.
product_tag,1060,dull skin,https://wholesalebeautyhub.co.uk/product-tag/dull-skin/,/collections/all,301,No Shopify tag-archive equivalent; falls back to all-products. Consider a matching collection.
product_tag,1061,uneven skin tone,https://wholesalebeautyhub.co.uk/product-tag/uneven-skin-tone/,/collections/all,301,No Shopify tag-archive equivalent; falls back to all-products. Consider a matching collection.
product_tag,1062,relief cream,https://wholesalebeautyhub.co.uk/product-tag/relief-cream/,/collections/all,301,No Shopify tag-archive equivalent; falls back to all-products. Consider a matching collection.
product_tag,1063,post acne cream,https://wholesalebeautyhub.co.uk/product-tag/post-acne-cream/,/collections/all,301,No Shopify tag-archive equivalent; falls back to all-products. Consider a matching collection.
product_tag,1064,pigmentation,https://wholesalebeautyhub.co.uk/product-tag/pigmentation/,/collections/all,301,No Shopify tag-archive equivalent; falls back to all-products. Consider a matching collection.
product_tag,1065,blemish prone skin,https://wholesalebeautyhub.co.uk/product-tag/blemish-prone-skin/,/collections/all,301,No Shopify tag-archive equivalent; falls back to all-products. Consider a matching collection.
product_tag,1066,oily skin,https://wholesalebeautyhub.co.uk/product-tag/oily-skin/,/collections/all,301,No Shopify tag-archive equivalent; falls back to all-products. Consider a matching collection.
brand,1067,ROC,https://wholesalebeautyhub.co.uk/brand/roc/,/collections/roc,301,
product_tag,1068,acne face wash,https://wholesalebeautyhub.co.uk/product-tag/acne-face-wash/,/collections/all,301,No Shopify tag-archive equivalent; falls back to all-products. Consider a matching collection.
product_tag,1069,acne face cleanser,https://wholesalebeautyhub.co.uk/product-tag/acne-face-cleanser/,/collections/all,301,No Shopify tag-archive equivalent; falls back to all-products. Consider a matching collection.
product_tag,1070,acne prone skin,https://wholesalebeautyhub.co.uk/product-tag/acne-prone-skin/,/collections/all,301,No Shopify tag-archive equivalent; falls back to all-products. Consider a matching collection.
product_tag,1071,salicylic acid wash,https://wholesalebeautyhub.co.uk/product-tag/salicylic-acid-wash/,/collections/all,301,No Shopify tag-archive equivalent; falls back to all-products. Consider a matching collection.
brand,1072,Differin,https://wholesalebeautyhub.co.uk/brand/differin/,/collections/differin,301,
product_tag,1073,daily face wash,https://wholesalebeautyhub.co.uk/product-tag/daily-face-wash/,/collections/all,301,No Shopify tag-archive equivalent; falls back to all-products. Consider a matching collection.
product_tag,1074,body loton,https://wholesalebeautyhub.co.uk/product-tag/body-loton/,/collections/all,301,No Shopify tag-archive equivalent; falls back to all-products. Consider a matching collection.
product_tag,1075,vanilla body lotion,https://wholesalebeautyhub.co.uk/product-tag/vanilla-body-lotion/,/collections/all,301,No Shopify tag-archive equivalent; falls back to all-products. Consider a matching collection.
product_tag,1076,adapalene gel,https://wholesalebeautyhub.co.uk/product-tag/adapalene-gel/,/collections/all,301,No Shopify tag-archive equivalent; falls back to all-products. Consider a matching collection.
product_tag,1077,retinoid,https://wholesalebeautyhub.co.uk/product-tag/retinoid/,/collections/all,301,No Shopify tag-archive equivalent; falls back to all-products. Consider a matching collection.
product_tag,1078,retinol cream,https://wholesalebeautyhub.co.uk/product-tag/retinol-cream/,/collections/all,301,No Shopify tag-archive equivalent; falls back to all-products. Consider a matching collection.
product_cat,1100,Lip oil,https://wholesalebeautyhub.co.uk/product-category/lip-oil/,/collections/lip-oil,301,
brand,1118,Uncover,https://wholesalebeautyhub.co.uk/brand/uncover/,/collections/uncover,301,
brand,1119,Skin by Zaron,https://wholesalebeautyhub.co.uk/brand/skin-by-zaron/,/collections/skin-by-zaron,301,
product_tag,1120,brightening body oil,https://wholesalebeautyhub.co.uk/product-tag/brightening-body-oil/,/collections/all,301,No Shopify tag-archive equivalent; falls back to all-products. Consider a matching collection.
brand,1121,Tropicrem,https://wholesalebeautyhub.co.uk/brand/tropicrem/,/collections/tropicrem,301,
product_tag,1122,EOS body wash,https://wholesalebeautyhub.co.uk/product-tag/eos-body-wash/,/collections/all,301,No Shopify tag-archive equivalent; falls back to all-products. Consider a matching collection.
product_tag,1123,naturium,https://wholesalebeautyhub.co.uk/product-tag/naturium/,/collections/all,301,No Shopify tag-archive equivalent; falls back to all-products. Consider a matching collection.
brand,1124,Topicream,https://wholesalebeautyhub.co.uk/brand/topicream/,/collections/topicream,301,
brand,1125,Paula’s choice,https://wholesalebeautyhub.co.uk/brand/paulas-choice/,/collections/paulas-choice,301,
brand,1126,Topicrem,https://wholesalebeautyhub.co.uk/brand/topicrem/,/collections/topicrem,301,
product_tag,1133,milky toner,https://wholesalebeautyhub.co.uk/product-tag/milky-toner/,/collections/all,301,No Shopify tag-archive equivalent; falls back to all-products. Consider a matching collection.
page,3,Privacy Policy,https://wholesalebeautyhub.co.uk/privacy-policy/,/pages/privacy-policy,301,
page,8,Shopping Cart,https://wholesalebeautyhub.co.uk/woocommerce_cart/,/pages/woocommerce_cart,301,
page,9,Checkout,https://wholesalebeautyhub.co.uk/checkout/,/pages/checkout,301,
page,10,My account,https://wholesalebeautyhub.co.uk/my-account/,/pages/my-account,301,
page,11,Refund and Returns Policy,https://wholesalebeautyhub.co.uk/refund_returns/,/pages/refund_returns,301,
page,377,Brands,https://wholesalebeautyhub.co.uk/brands/,/pages/brands,301,
page,794,About,https://wholesalebeautyhub.co.uk/about/,/pages/about,301,
page,895,Contact,https://wholesalebeautyhub.co.uk/contact/,/pages/contact,301,
page,935,Terms and Condition,https://wholesalebeautyhub.co.uk/wholesalebeautyhub-2/,/pages/wholesalebeautyhub-2,301,
page,2448,Shipping Policy,https://wholesalebeautyhub.co.uk/shipping-policy/,/pages/shipping-policy,301,
page,2449,Cookie Policy,https://wholesalebeautyhub.co.uk/cookie-policy/,/pages/cookie-policy,301,
page,3465,Reviews,https://wholesalebeautyhub.co.uk/reviews/,/pages/reviews,301,
page,3802,Wishlist,https://wholesalebeautyhub.co.uk/wishlist/,/pages/wishlist,301,
page,18248,Receipt,https://wholesalebeautyhub.co.uk/receipt/,/pages/receipt,301,
page,18249,Receipt,https://wholesalebeautyhub.co.uk/receipt-2/,/pages/receipt-2,301,
page,18319,Dashboard,https://wholesalebeautyhub.co.uk/customer-dashboard/,/pages/customer-dashboard,301,
page,18321,Shop,https://wholesalebeautyhub.co.uk/shop-2/,/pages/shop-2,301,
page,18977,Buy Again,https://wholesalebeautyhub.co.uk/bya-buy-again/,/pages/bya-buy-again,301,
blog_post,1,Hello world!,https://wholesalebeautyhub.co.uk/hello-world/,/blogs/news/hello-world,301,
blog_post,19346,Welcome to the Wholesale Beauty Hub Blog,https://wholesalebeautyhub.co.uk/beauty-tips-uk/,/blogs/news/beauty-tips-uk,301,
homepage,629,Homepage,https://wholesalebeautyhub.co.uk/,/,301,
shop_archive,7,Shop,https://wholesalebeautyhub.co.uk/shop/,/collections/all,301,
blog_index,19339,WBH Beauty Blog,https://wholesalebeautyhub.co.uk/wbh-beauty-blog/,/blogs/news,301,
